date,h,variant,sig,p
2013-01-04,1,base,-1,0.412
2013-01-07,1,base,-1,0.412
2013-01-08,1,base,1,0.611
2013-01-09,1,base,1,0.611
2013-01-10,1,base,1,0.611
2013-01-14,1,base,-1,0.412
2013-01-17,1,base,1,0.611
2013-01-18,1,base,1,0.611
2013-01-21,1,base,1,0.611
2013-01-24,1,base,-1,0.412
2013-01-25,1,base,1,0.587
2013-02-05,1,base,-1,0.412
2013-02-21,1,base,-1,0.412
2013-02-22,1,base,-1,0.412
2013-02-26,1,base,-1,0.412
2013-03-06,1,base,1,0.611
2013-03-07,1,base,1,0.611
2013-03-08,1,base,1,0.611
2013-03-18,1,base,1,0.611
2013-03-19,1,base,1,0.611
2013-04-08,1,base,-1,0.412
2013-04-15,1,base,-1,0.412
2013-04-16,1,base,-1,0.412
2013-04-18,1,base,-1,0.412
2013-04-23,1,base,-1,0.412
2013-04-25,1,base,-1,0.412
2013-04-26,1,base,1,0.611
2013-04-29,1,base,1,0.611
2013-05-07,1,base,1,0.611
2013-05-08,1,base,1,0.611
2013-05-09,1,base,1,0.611
2013-05-10,1,base,1,0.611
2013-05-13,1,base,1,0.611
2013-05-14,1,base,1,0.611
2013-05-15,1,base,1,0.611
2013-05-16,1,base,1,0.611
2013-05-17,1,base,1,0.611
2013-05-20,1,base,1,0.611
2013-05-22,1,base,1,0.611
2013-05-23,1,base,1,0.611
2013-05-24,1,base,1,0.611
2013-05-27,1,base,1,0.611
2013-05-28,1,base,1,0.611
2013-05-30,1,base,-1,0.412
2013-06-03,1,base,-1,0.412
2013-06-06,1,base,1,0.611
2013-06-07,1,base,1,0.611
2013-06-10,1,base,1,0.611
2013-06-13,1,base,-1,0.412
2013-06-20,1,base,-1,0.412
2013-06-21,1,base,-1,0.412
2013-06-25,1,base,-1,0.412
2013-07-01,1,base,-1,0.412
2013-07-03,1,base,-1,0.412
2013-07-08,1,base,-1,0.412
2013-07-15,1,base,-1,0.412
2013-07-16,1,base,-1,0.412
2013-07-17,1,base,-1,0.412
2013-07-18,1,base,-1,0.412
2013-07-19,1,base,-1,0.412
2013-07-25,1,base,-1,0.412
2013-08-06,1,base,-1,0.412
2013-08-07,1,base,-1,0.412
2013-08-08,1,base,-1,0.412
2013-08-14,1,base,-1,0.412
2013-08-15,1,base,-1,0.412
2013-08-16,1,base,-1,0.412
2013-08-22,1,base,-1,0.412
2013-08-27,1,base,-1,0.412
2013-08-28,1,base,-1,0.412
2013-09-02,1,base,-1,0.412
2013-09-04,1,base,-1,0.412
2013-09-06,1,base,1,0.611
2013-09-09,1,base,1,0.611
2013-09-11,1,base,1,0.611
2013-09-12,1,base,-1,0.412
2013-09-13,1,base,-1,0.412
2013-09-17,1,base,-1,0.412
2013-09-25,1,base,-1,0.412
2013-09-30,1,base,-1,0.412
2013-10-02,1,base,1,0.611
2013-10-04,1,base,-1,0.412
2013-10-07,1,base,-1,0.412
2013-10-09,1,base,-1,0.412
2013-10-14,1,base,1,0.611
2013-10-15,1,base,1,0.611
2013-10-16,1,base,1,0.611
2013-10-17,1,base,1,0.611
2013-10-18,1,base,1,0.611
2013-10-21,1,base,1,0.611
2013-10-22,1,base,1,0.611
2013-10-24,1,base,-1,0.412
2013-10-25,1,base,-1,0.412
2013-10-29,1,base,-1,0.412
2013-10-31,1,base,-1,0.412
2013-11-04,1,base,-1,0.412
2013-11-06,1,base,1,0.611
2013-11-07,1,base,1,0.611
2013-11-08,1,base,1,0.611
2013-11-11,1,base,1,0.611
2013-11-12,1,base,1,0.611
2013-11-13,1,base,1,0.611
2013-11-20,1,base,-1,0.412
2013-11-21,1,base,-1,0.412
2013-12-03,1,base,-1,0.412
2013-12-04,1,base,-1,0.412
2013-12-05,1,base,1,0.611
2013-12-06,1,base,1,0.611
2013-12-09,1,base,1,0.611
2013-12-10,1,base,1,0.611
2013-12-11,1,base,1,0.611
2013-12-12,1,base,-1,0.412
2013-12-16,1,base,-1,0.412
2013-12-20,1,base,-1,0.412
2014-01-02,1,base,-1,0.423
2014-01-03,1,base,1,0.648
2014-01-06,1,base,1,0.648
2014-01-07,1,base,1,0.648
2014-01-08,1,base,1,0.648
2014-01-09,1,base,1,0.648
2014-01-10,1,base,1,0.648
2014-01-13,1,base,1,0.648
2014-01-14,1,base,1,0.648
2014-01-15,1,base,1,0.648
2014-01-21,1,base,1,0.648
2014-01-23,1,base,-1,0.453
2014-01-27,1,base,-1,0.453
2014-02-25,1,base,-1,0.423
2014-02-26,1,base,-1,0.423
2014-02-27,1,base,-1,0.423
2014-03-03,1,base,-1,0.423
2014-03-04,1,base,-1,0.423
2014-03-05,1,base,-1,0.423
2014-03-06,1,base,-1,0.423
2014-03-07,1,base,1,0.648
2014-03-10,1,base,1,0.648
2014-03-11,1,base,1,0.648
2014-03-12,1,base,-1,0.453
2014-03-13,1,base,-1,0.423
2014-03-14,1,base,-1,0.453
2014-03-20,1,base,-1,0.453
2014-03-31,1,base,-1,0.423
2014-04-01,1,base,-1,0.423
2014-04-02,1,base,-1,0.423
2014-04-03,1,base,-1,0.423
2014-04-07,1,base,-1,0.423
2014-04-08,1,base,-1,0.423
2014-04-09,1,base,-1,0.423
2014-04-10,1,base,-1,0.423
2014-04-11,1,base,-1,0.423
2014-04-14,1,base,-1,0.423
2014-04-15,1,base,-1,0.423
2014-04-16,1,base,-1,0.423
2014-04-17,1,base,-1,0.423
2014-04-25,1,base,-1,0.453
2014-05-07,1,base,-1,0.453
2014-05-28,1,base,-1,0.423
2014-05-29,1,base,-1,0.423
2014-05-30,1,base,1,0.648
2014-06-03,1,base,1,0.648
2014-06-04,1,base,1,0.648
2014-06-05,1,base,1,0.648
2014-06-06,1,base,1,0.648
2014-06-09,1,base,1,0.648
2014-06-10,1,base,1,0.648
2014-06-11,1,base,1,0.648
2014-06-12,1,base,-1,0.423
2014-06-13,1,base,-1,0.423
2014-06-16,1,base,-1,0.423
2014-06-17,1,base,-1,0.423
2014-06-18,1,base,-1,0.423
2014-06-19,1,base,-1,0.423
2014-06-20,1,base,-1,0.423
2014-07-01,1,base,-1,0.423
2014-07-02,1,base,-1,0.423
2014-07-03,1,base,-1,0.423
2014-07-04,1,base,1,0.648
2014-07-07,1,base,1,0.648
2014-07-08,1,base,1,0.648
2014-07-09,1,base,-1,0.423
2014-07-10,1,base,-1,0.423
2014-07-11,1,base,-1,0.423
2014-07-14,1,base,-1,0.423
2014-07-15,1,base,-1,0.423
2014-08-08,1,base,-1,0.453
2014-08-21,1,base,-1,0.453
2014-08-26,1,base,-1,0.423
2014-08-27,1,base,-1,0.423
2014-08-28,1,base,-1,0.423
2014-08-29,1,base,-1,0.423
2014-09-01,1,base,-1,0.423
2014-09-02,1,base,-1,0.423
2014-09-03,1,base,-1,0.423
2014-09-04,1,base,-1,0.423
2014-09-11,1,base,-1,0.453
2014-09-18,1,base,-1,0.453
2014-09-22,1,base,-1,0.453
2014-10-01,1,base,-1,0.453
2014-10-02,1,base,-1,0.453
2014-10-03,1,base,-1,0.453
2014-10-13,1,base,-1,0.453
2014-10-17,1,base,1,0.648
2014-10-21,1,base,-1,0.453
2014-10-31,1,base,-1,0.423
2014-11-03,1,base,-1,0.423
2014-11-04,1,base,-1,0.423
2014-11-05,1,base,-1,0.423
2014-11-13,1,base,-1,0.423
2014-11-14,1,base,-1,0.423
2014-11-17,1,base,-1,0.423
2014-11-19,1,base,-1,0.423
2014-11-20,1,base,-1,0.423
2014-11-21,1,base,-1,0.423
2014-11-24,1,base,-1,0.423
2014-11-26,1,base,-1,0.423
2014-11-27,1,base,-1,0.423
2014-11-28,1,base,-1,0.423
2014-12-01,1,base,-1,0.423
2014-12-03,1,base,-1,0.423
2014-12-04,1,base,1,0.648
2014-12-05,1,base,1,0.648
2014-12-08,1,base,1,0.648
2014-12-09,1,base,1,0.648
2014-12-10,1,base,-1,0.453
2014-12-11,1,base,-1,0.453
2014-12-16,1,base,-1,0.453
2014-12-22,1,base,-1,0.423
2014-12-23,1,base,-1,0.423
2014-12-24,1,base,-1,0.423
2015-01-06,1,base,1,0.654
2015-01-12,1,base,1,0.654
2015-01-13,1,base,1,0.654
2015-01-16,1,base,-1,0.414
2015-01-19,1,base,1,0.654
2015-01-20,1,base,1,0.654
2015-01-21,1,base,-1,0.414
2015-02-02,1,base,1,0.654
2015-02-03,1,base,1,0.654
2015-02-09,1,base,1,0.654
2015-02-10,1,base,1,0.654
2015-02-12,1,base,-1,0.414
2015-02-13,1,base,-1,0.414
2015-03-02,1,base,1,0.654
2015-03-03,1,base,1,0.654
2015-03-09,1,base,1,0.654
2015-03-10,1,base,1,0.654
2015-03-16,1,base,1,0.654
2015-03-17,1,base,1,0.654
2015-03-18,1,base,-1,0.414
2015-03-24,1,base,1,0.654
2015-03-30,1,base,1,0.654
2015-03-31,1,base,1,0.654
2015-04-13,1,base,1,0.654
2015-04-14,1,base,1,0.654
2015-04-15,1,base,-1,0.414
2015-04-20,1,base,1,0.654
2015-04-21,1,base,1,0.654
2015-05-04,1,base,1,0.654
2015-05-05,1,base,1,0.654
2015-05-11,1,base,1,0.654
2015-05-12,1,base,1,0.654
2015-05-18,1,base,1,0.654
2015-05-19,1,base,-1,0.414
2015-05-20,1,base,-1,0.414
2015-05-21,1,base,-1,0.427
2015-05-26,1,base,1,0.654
2015-06-01,1,base,1,0.654
2015-06-02,1,base,1,0.654
2015-06-04,1,base,-1,0.427
2015-06-05,1,base,-1,0.427
2015-06-08,1,base,-1,0.427
2015-06-09,1,base,1,0.654
2015-06-10,1,base,-1,0.414
2015-06-11,1,base,-1,0.414
2015-06-12,1,base,-1,0.414
2015-06-15,1,base,-1,0.414
2015-06-16,1,base,1,0.654
2015-06-29,1,base,-1,0.427
2015-07-06,1,base,-1,0.427
2015-07-07,1,base,1,0.654
2015-07-08,1,base,-1,0.414
2015-07-09,1,base,-1,0.414
2015-07-13,1,base,-1,0.414
2015-07-14,1,base,-1,0.414
2015-07-15,1,base,-1,0.414
2015-07-22,1,base,-1,0.427
2015-07-23,1,base,-1,0.427
2015-07-27,1,base,-1,0.427
2015-08-03,1,base,-1,0.427
2015-08-07,1,base,-1,0.427
2015-08-10,1,base,-1,0.427
2015-08-17,1,base,1,0.654
2015-08-18,1,base,1,0.654
2015-08-19,1,base,-1,0.414
2015-08-21,1,base,-1,0.427
2015-08-24,1,base,-1,0.427
2015-08-26,1,base,-1,0.427
2015-09-01,1,base,-1,0.427
2015-09-02,1,base,-1,0.427
2015-09-11,1,base,-1,0.414
2015-09-14,1,base,-1,0.414
2015-09-15,1,base,-1,0.414
2015-09-16,1,base,-1,0.414
2015-09-18,1,base,-1,0.427
2015-09-21,1,base,-1,0.427
2015-09-23,1,base,-1,0.427
2015-09-30,1,base,-1,0.427
2015-10-27,1,base,-1,0.427
2015-10-28,1,base,-1,0.427
2015-11-03,1,base,1,0.654
2015-11-10,1,base,1,0.654
2015-11-11,1,base,-1,0.414
2015-11-16,1,base,1,0.654
2015-11-17,1,base,1,0.654
2015-11-23,1,base,1,0.654
2015-11-24,1,base,1,0.654
2015-11-30,1,base,-1,0.427
2015-12-01,1,base,1,0.654
2015-12-07,1,base,1,0.654
2015-12-10,1,base,-1,0.414
2015-12-11,1,base,-1,0.414
2015-12-14,1,base,1,0.654
2015-12-15,1,base,1,0.654
2015-12-18,1,base,-1,0.427
2015-12-21,1,base,1,0.654
2015-12-28,1,base,1,0.654
2015-12-29,1,base,1,0.654
2016-01-08,1,base,1,0.647
2016-01-11,1,base,1,0.647
2016-01-12,1,base,1,0.647
2016-01-13,1,base,1,0.647
2016-01-19,1,base,1,0.683
2016-01-22,1,base,1,0.683
2016-01-25,1,base,1,0.683
2016-01-27,1,base,1,0.683
2016-03-08,1,base,1,0.647
2016-03-18,1,base,1,0.647
2016-03-30,1,base,1,0.683
2016-04-13,1,base,1,0.683
2016-04-19,1,base,1,0.683
2016-04-21,1,base,1,0.683
2016-05-17,1,base,1,0.683
2016-06-29,1,base,1,0.683
2016-06-30,1,base,1,0.647
2016-07-07,1,base,1,0.683
2016-07-15,1,base,1,0.647
2016-07-18,1,base,1,0.647
2016-08-18,1,base,1,0.683
2016-09-05,1,base,1,0.683
2016-09-19,1,base,1,0.683
2016-10-14,1,base,1,0.683
2016-10-24,1,base,1,0.683
2016-11-01,1,base,1,0.683
2016-11-10,1,base,1,0.683
2016-11-11,1,base,1,0.647
2016-11-14,1,base,1,0.647
2016-11-15,1,base,1,0.647
2016-11-16,1,base,1,0.647
2016-11-17,1,base,1,0.647
2016-11-22,1,base,1,0.683
2016-12-30,1,base,1,0.683
2017-01-03,1,base,-1,0.456
2017-01-04,1,base,-1,0.456
2017-01-05,1,base,1,0.686
2017-01-06,1,base,-1,0.456
2017-01-09,1,base,-1,0.456
2017-01-11,1,base,1,0.704
2017-01-18,1,base,1,0.686
2017-01-23,1,base,1,0.704
2017-02-02,1,base,1,0.704
2017-02-03,1,base,1,0.704
2017-02-06,1,base,1,0.686
2017-02-09,1,base,1,0.704
2017-02-10,1,base,1,0.704
2017-02-13,1,base,1,0.704
2017-02-14,1,base,1,0.704
2017-02-15,1,base,1,0.686
2017-02-16,1,base,1,0.704
2017-02-18,1,base,-1,0.456
2017-02-20,1,base,-1,0.456
2017-02-21,1,base,-1,0.456
2017-02-22,1,base,1,0.686
2017-02-23,1,base,-1,0.456
2017-02-24,1,base,-1,0.456
2017-03-01,1,base,-1,0.456
2017-03-02,1,base,-1,0.456
2017-03-03,1,base,-1,0.456
2017-03-06,1,base,-1,0.456
2017-03-07,1,base,-1,0.456
2017-03-08,1,base,-1,0.456
2017-03-09,1,base,-1,0.456
2017-03-10,1,base,-1,0.456
2017-03-13,1,base,1,0.686
2017-03-14,1,base,-1,0.456
2017-03-15,1,base,-1,0.456
2017-03-16,1,base,1,0.686
2017-03-17,1,base,-1,0.456
2017-03-20,1,base,-1,0.456
2017-03-21,1,base,-1,0.456
2017-03-22,1,base,-1,0.456
2017-03-24,1,base,-1,0.456
2017-03-27,1,base,-1,0.456
2017-03-28,1,base,-1,0.456
2017-03-29,1,base,-1,0.456
2017-03-30,1,base,-1,0.456
2017-03-31,1,base,-1,0.456
2017-04-05,1,base,1,0.704
2017-04-06,1,base,-1,0.456
2017-04-11,1,base,-1,0.456
2017-04-12,1,base,1,0.686
2017-04-13,1,base,-1,0.456
2017-04-14,1,base,-1,0.456
2017-04-17,1,base,-1,0.456
2017-04-18,1,base,-1,0.456
2017-04-19,1,base,-1,0.456
2017-04-20,1,base,1,0.686
2017-04-21,1,base,-1,0.456
2017-04-24,1,base,-1,0.456
2017-04-25,1,base,1,0.686
2017-04-26,1,base,-1,0.456
2017-04-27,1,base,-1,0.456
2017-04-28,1,base,-1,0.456
2017-05-02,1,base,1,0.704
2017-05-03,1,base,-1,0.456
2017-05-04,1,base,-1,0.456
2017-05-05,1,base,-1,0.456
2017-05-08,1,base,-1,0.456
2017-05-09,1,base,1,0.686
2017-05-10,1,base,-1,0.456
2017-05-11,1,base,-1,0.456
2017-05-16,1,base,-1,0.456
2017-05-17,1,base,-1,0.456
2017-05-18,1,base,-1,0.456
2017-05-19,1,base,-1,0.456
2017-05-22,1,base,1,0.686
2017-05-23,1,base,-1,0.456
2017-05-24,1,base,-1,0.456
2017-05-25,1,base,-1,0.456
2017-05-26,1,base,-1,0.456
2017-05-31,1,base,-1,0.456
2017-06-01,1,base,-1,0.456
2017-06-02,1,base,1,0.704
2017-06-03,1,base,-1,0.456
2017-06-05,1,base,-1,0.456
2017-06-06,1,base,-1,0.456
2017-06-07,1,base,-1,0.456
2017-06-08,1,base,-1,0.456
2017-06-09,1,base,-1,0.456
2017-06-12,1,base,-1,0.456
2017-06-13,1,base,-1,0.456
2017-06-14,1,base,-1,0.456
2017-06-15,1,base,-1,0.456
2017-06-16,1,base,-1,0.456
2017-06-19,1,base,1,0.686
2017-06-20,1,base,-1,0.456
2017-06-21,1,base,-1,0.456
2017-06-22,1,base,-1,0.456
2017-06-23,1,base,-1,0.456
2017-07-03,1,base,-1,0.456
2017-07-04,1,base,-1,0.456
2017-07-05,1,base,-1,0.456
2017-07-06,1,base,-1,0.456
2017-07-07,1,base,-1,0.456
2017-07-10,1,base,-1,0.456
2017-07-11,1,base,1,0.686
2017-07-12,1,base,-1,0.456
2017-07-13,1,base,1,0.686
2017-07-14,1,base,-1,0.456
2017-07-17,1,base,-1,0.456
2017-07-18,1,base,-1,0.456
2017-07-19,1,base,-1,0.456
2017-07-20,1,base,-1,0.456
2017-07-21,1,base,-1,0.456
2017-07-24,1,base,-1,0.456
2017-07-25,1,base,-1,0.456
2017-07-26,1,base,-1,0.456
2017-07-27,1,base,-1,0.456
2017-07-28,1,base,-1,0.456
2017-07-31,1,base,1,0.686
2017-08-01,1,base,-1,0.456
2017-08-02,1,base,-1,0.456
2017-08-03,1,base,-1,0.456
2017-08-04,1,base,-1,0.456
2017-08-07,1,base,1,0.704
2017-08-08,1,base,1,0.704
2017-08-14,1,base,1,0.686
2017-08-15,1,base,-1,0.456
2017-08-16,1,base,1,0.686
2017-08-17,1,base,-1,0.456
2017-08-18,1,base,-1,0.456
2017-08-21,1,base,-1,0.456
2017-08-22,1,base,1,0.686
2017-08-23,1,base,1,0.686
2017-08-24,1,base,-1,0.456
2017-08-25,1,base,1,0.686
2017-08-28,1,base,-1,0.456
2017-08-29,1,base,-1,0.456
2017-08-30,1,base,1,0.686
2017-08-31,1,base,-1,0.456
2017-09-01,1,base,-1,0.456
2017-09-04,1,base,-1,0.456
2017-09-05,1,base,-1,0.456
2017-09-06,1,base,-1,0.456
2017-09-07,1,base,-1,0.456
2017-09-08,1,base,1,0.704
2017-09-11,1,base,1,0.686
2017-09-12,1,base,1,0.704
2017-09-14,1,base,-1,0.456
2017-09-18,1,base,1,0.686
2017-09-19,1,base,1,0.704
2017-09-22,1,base,-1,0.456
2017-09-25,1,base,-1,0.456
2017-09-26,1,base,-1,0.456
2017-09-27,1,base,-1,0.456
2017-09-28,1,base,-1,0.456
2017-09-29,1,base,-1,0.456
2017-09-30,1,base,-1,0.456
2017-10-02,1,base,-1,0.456
2017-10-03,1,base,1,0.686
2017-10-05,1,base,-1,0.456
2017-10-06,1,base,-1,0.456
2017-10-11,1,base,-1,0.456
2017-10-12,1,base,-1,0.456
2017-10-13,1,base,-1,0.456
2017-10-16,1,base,-1,0.456
2017-10-17,1,base,1,0.704
2017-10-18,1,base,-1,0.456
2017-10-19,1,base,-1,0.456
2017-10-20,1,base,1,0.686
2017-10-23,1,base,-1,0.456
2017-10-24,1,base,-1,0.456
2017-10-25,1,base,-1,0.456
2017-10-26,1,base,-1,0.456
2017-10-27,1,base,-1,0.456
2017-10-30,1,base,-1,0.456
2017-10-31,1,base,-1,0.456
2017-11-01,1,base,1,0.686
2017-11-02,1,base,-1,0.456
2017-11-03,1,base,-1,0.456
2017-11-06,1,base,-1,0.456
2017-11-07,1,base,1,0.686
2017-11-08,1,base,-1,0.456
2017-11-09,1,base,-1,0.456
2017-11-10,1,base,-1,0.456
2017-11-13,1,base,-1,0.456
2017-11-14,1,base,-1,0.456
2017-11-15,1,base,-1,0.456
2017-11-16,1,base,-1,0.456
2017-11-17,1,base,-1,0.456
2017-11-20,1,base,-1,0.456
2017-11-21,1,base,1,0.686
2017-11-22,1,base,-1,0.456
2017-11-23,1,base,-1,0.456
2017-11-29,1,base,-1,0.456
2017-12-01,1,base,-1,0.456
2017-12-04,1,base,-1,0.456
2017-12-05,1,base,-1,0.456
2017-12-06,1,base,-1,0.456
2017-12-07,1,base,-1,0.456
2017-12-12,1,base,-1,0.456
2017-12-13,1,base,1,0.686
2017-12-14,1,base,-1,0.456
2017-12-15,1,base,-1,0.456
2017-12-18,1,base,-1,0.456
2017-12-19,1,base,-1,0.456
2017-12-20,1,base,-1,0.456
2017-12-21,1,base,-1,0.456
2017-12-22,1,base,-1,0.456
2017-12-25,1,base,-1,0.456
2017-12-26,1,base,-1,0.456
2017-12-27,1,base,-1,0.456
2017-12-28,1,base,1,0.686
2017-12-29,1,base,-1,0.456
2018-01-02,1,base,1,0.689
2018-01-03,1,base,1,0.636
2018-01-04,1,base,1,0.636
2018-01-05,1,base,1,0.636
2018-01-08,1,base,1,0.636
2018-01-09,1,base,1,0.636
2018-01-10,1,base,1,0.636
2018-01-11,1,base,1,0.636
2018-01-12,1,base,1,0.689
2018-01-15,1,base,1,0.636
2018-01-16,1,base,1,0.689
2018-01-17,1,base,1,0.636
2018-01-18,1,base,1,0.636
2018-01-19,1,base,1,0.636
2018-01-22,1,base,1,0.636
2018-01-23,1,base,1,0.689
2018-01-24,1,base,1,0.636
2018-01-25,1,base,1,0.636
2018-01-26,1,base,1,0.689
2018-01-31,1,base,1,0.689
2018-02-06,1,base,-1,0.413
2018-02-09,1,base,-1,0.413
2018-02-22,1,base,-1,0.413
2018-02-23,1,base,1,0.689
2018-03-02,1,base,-1,0.413
2018-03-05,1,base,-1,0.413
2018-03-09,1,base,1,0.689
2018-03-23,1,base,-1,0.413
2018-03-28,1,base,-1,0.413
2018-04-10,1,base,1,0.689
2018-04-16,1,base,-1,0.413
2018-04-20,1,base,1,0.636
2018-04-23,1,base,1,0.636
2018-04-24,1,base,1,0.689
2018-04-25,1,base,1,0.636
2018-04-30,1,base,1,0.689
2018-05-03,1,base,-1,0.413
2018-05-08,1,base,1,0.689
2018-05-10,1,base,1,0.689
2018-05-23,1,base,-1,0.413
2018-05-30,1,base,-1,0.413
2018-05-31,1,base,1,0.689
2018-06-05,1,base,1,0.636
2018-06-06,1,base,1,0.636
2018-06-08,1,base,-1,0.413
2018-06-19,1,base,-1,0.413
2018-06-21,1,base,-1,0.413
2018-06-27,1,base,-1,0.413
2018-06-29,1,base,1,0.689
2018-07-02,1,base,1,0.689
2018-07-03,1,base,-1,0.413
2018-07-09,1,base,1,0.689
2018-07-24,1,base,1,0.689
2018-07-25,1,base,1,0.689
2018-08-02,1,base,-1,0.413
2018-08-07,1,base,1,0.689
2018-08-09,1,base,1,0.689
2018-08-13,1,base,-1,0.413
2018-08-15,1,base,-1,0.413
2018-08-20,1,base,1,0.689
2018-08-27,1,base,1,0.689
2018-09-04,1,base,1,0.689
2018-09-05,1,base,-1,0.413
2018-09-13,1,base,1,0.689
2018-09-21,1,base,1,0.689
2018-09-25,1,base,-1,0.413
2018-09-26,1,base,1,0.689
2018-10-01,1,base,1,0.636
2018-10-02,1,base,1,0.636
2018-10-03,1,base,1,0.636
2018-10-04,1,base,1,0.636
2018-10-05,1,base,1,0.636
2018-10-08,1,base,1,0.636
2018-10-09,1,base,1,0.636
2018-10-11,1,base,1,0.636
2018-10-12,1,base,1,0.689
2018-10-15,1,base,1,0.636
2018-10-16,1,base,1,0.636
2018-10-17,1,base,1,0.636
2018-10-18,1,base,1,0.636
2018-10-19,1,base,1,0.636
2018-10-22,1,base,1,0.689
2018-10-23,1,base,-1,0.413
2018-11-01,1,base,1,0.689
2018-11-02,1,base,1,0.689
2018-11-05,1,base,-1,0.413
2018-11-09,1,base,-1,0.413
2018-11-15,1,base,1,0.689
2018-11-20,1,base,-1,0.413
2018-11-26,1,base,1,0.689
2018-11-28,1,base,1,0.689
2018-11-30,1,base,1,0.636
2018-12-04,1,base,1,0.636
2018-12-05,1,base,1,0.636
2018-12-06,1,base,1,0.636
2018-12-07,1,base,1,0.636
2018-12-12,1,base,1,0.689
2018-12-13,1,base,1,0.689
2018-12-14,1,base,-1,0.413
2019-01-04,1,base,1,0.624
2019-01-09,1,base,1,0.74
2019-01-11,1,base,1,0.68
2019-01-15,1,base,1,0.624
2019-01-18,1,base,1,0.624
2019-01-21,1,base,1,0.68
2019-02-11,1,base,1,0.68
2019-02-12,1,base,1,0.68
2019-02-13,1,base,1,0.74
2019-02-15,1,base,1,0.68
2019-02-18,1,base,1,0.74
2019-02-20,1,base,1,0.74
2019-02-25,1,base,1,0.68
2019-03-11,1,base,1,0.624
2019-03-18,1,base,1,0.74
2019-03-29,1,base,1,0.74
2019-04-03,1,base,1,0.74
2019-04-08,1,base,1,0.68
2019-04-16,1,base,1,0.74
2019-04-18,1,base,1,0.68
2019-04-19,1,base,1,0.68
2019-04-22,1,base,1,0.68
2019-04-29,1,base,1,0.624
2019-05-02,1,base,1,0.74
2019-05-10,1,base,1,0.74
2019-05-13,1,base,1,0.624
2019-06-18,1,base,1,0.74
2019-06-20,1,base,1,0.624
2019-06-21,1,base,1,0.68
2019-06-27,1,base,1,0.74
2019-07-02,1,base,1,0.624
2019-08-07,1,base,1,0.68
2019-08-16,1,base,1,0.74
2019-08-19,1,base,1,0.74
2019-09-04,1,base,1,0.624
2019-09-11,1,base,1,0.74
2019-10-16,1,base,1,0.68
2019-10-24,1,base,1,0.74
2019-10-28,1,base,1,0.74
2019-10-31,1,base,1,0.624
2019-11-18,1,base,1,0.74
2019-11-19,1,base,1,0.624
2019-11-25,1,base,1,0.74
2019-12-17,1,base,1,0.624
2019-12-27,1,base,1,0.74
2020-01-02,1,base,1,0.738
2020-03-02,1,base,1,0.644
2020-03-04,1,base,1,0.644
2020-03-20,1,base,1,0.65
2020-03-23,1,base,1,0.644
2020-03-24,1,base,1,0.65
2020-03-25,1,base,1,0.65
2020-03-27,1,base,1,0.644
2020-04-08,1,base,1,0.644
2020-04-14,1,base,1,0.644
2020-04-17,1,base,1,0.65
2020-04-23,1,base,1,0.644
2020-04-27,1,base,1,0.65
2020-04-28,1,base,1,0.65
2020-04-29,1,base,1,0.644
2020-04-30,1,base,1,0.644
2020-05-07,1,base,1,0.644
2020-05-12,1,base,1,0.644
2020-05-15,1,base,1,0.644
2020-05-18,1,base,1,0.644
2020-05-20,1,base,1,0.644
2020-05-21,1,base,1,0.644
2020-05-25,1,base,1,0.644
2020-05-26,1,base,1,0.65
2020-05-27,1,base,1,0.644
2020-05-28,1,base,1,0.644
2020-05-29,1,base,1,0.644
2020-06-04,1,base,1,0.644
2020-06-08,1,base,1,0.644
2020-06-10,1,base,1,0.644
2020-06-19,1,base,1,0.644
2020-06-22,1,base,1,0.644
2020-06-23,1,base,1,0.65
2020-06-24,1,base,1,0.644
2020-06-30,1,base,1,0.644
2020-07-09,1,base,1,0.644
2020-07-13,1,base,1,0.644
2020-07-15,1,base,1,0.644
2020-07-20,1,base,1,0.644
2020-07-21,1,base,1,0.65
2020-07-23,1,base,1,0.65
2020-07-27,1,base,1,0.644
2020-08-03,1,base,1,0.644
2020-08-13,1,base,1,0.644
2020-08-14,1,base,1,0.644
2020-08-18,1,base,1,0.644
2020-08-19,1,base,1,0.644
2020-08-21,1,base,1,0.65
2020-08-24,1,base,1,0.65
2020-08-25,1,base,1,0.644
2020-08-26,1,base,1,0.644
2020-08-31,1,base,1,0.644
2020-09-01,1,base,1,0.644
2020-09-02,1,base,1,0.644
2020-09-03,1,base,1,0.644
2020-09-08,1,base,1,0.644
2020-09-10,1,base,1,0.644
2020-09-11,1,base,1,0.644
2020-09-14,1,base,1,0.644
2020-09-16,1,base,1,0.644
2020-09-18,1,base,1,0.644
2020-09-21,1,base,1,0.644
2020-09-22,1,base,1,0.644
2020-09-23,1,base,1,0.644
2020-09-25,1,base,1,0.644
2020-09-28,1,base,1,0.65
2020-09-29,1,base,1,0.644
2020-10-08,1,base,1,0.644
2020-10-14,1,base,1,0.644
2020-10-19,1,base,1,0.644
2020-10-21,1,base,1,0.644
2020-10-23,1,base,1,0.644
2020-10-26,1,base,1,0.644
2020-10-27,1,base,1,0.644
2020-11-02,1,base,1,0.738
2020-11-04,1,base,1,0.644
2020-11-06,1,base,1,0.644
2020-11-11,1,base,1,0.644
2020-11-12,1,base,1,0.644
2020-11-17,1,base,1,0.644
2020-11-24,1,base,1,0.644
2020-11-25,1,base,1,0.644
2020-11-26,1,base,1,0.644
2020-11-27,1,base,1,0.644
2020-12-02,1,base,1,0.644
2020-12-03,1,base,1,0.644
2020-12-04,1,base,1,0.644
2020-12-09,1,base,1,0.644
2020-12-10,1,base,1,0.644
2020-12-14,1,base,1,0.644
2020-12-15,1,base,1,0.644
2020-12-17,1,base,1,0.65
2020-12-18,1,base,1,0.644
2020-12-21,1,base,1,0.644
2020-12-23,1,base,1,0.65
2020-12-24,1,base,1,0.644
2020-12-25,1,base,1,0.644
2020-12-28,1,base,1,0.644
2020-12-29,1,base,1,0.65
2020-12-30,1,base,1,0.65
2021-01-04,1,base,1,0.665
2021-01-08,1,base,1,0.665
2021-02-02,1,base,1,0.665
2021-02-17,1,base,1,0.665
2021-02-23,1,base,1,0.665
2021-03-11,1,base,1,0.665
2021-03-26,1,base,1,0.665
2021-03-30,1,base,1,0.665
2021-04-06,1,base,1,0.665
2021-04-08,1,base,1,0.665
2021-04-23,1,base,1,0.744
2021-05-25,1,base,1,0.665
2021-05-26,1,base,1,0.665
2021-06-01,1,base,1,0.665
2021-06-23,1,base,1,0.665
2021-06-25,1,base,1,0.665
2021-07-13,1,base,1,0.665
2021-08-04,1,base,1,0.665
2021-08-24,1,base,1,0.665
2021-08-31,1,base,1,0.665
2021-09-10,1,base,1,0.665
2021-10-15,1,base,1,0.665
2021-11-16,1,base,1,0.744
2021-12-07,1,base,1,0.744
2021-12-09,1,base,1,0.744
2021-12-21,1,base,1,0.744
2022-01-07,1,base,1,0.74
2022-01-10,1,base,1,0.74
2022-01-12,1,base,1,0.74
2022-01-17,1,base,-1,0.433
2022-01-20,1,base,1,0.74
2022-02-09,1,base,1,0.646
2022-02-16,1,base,1,0.646
2022-03-10,1,base,1,0.646
2022-03-17,1,base,1,0.646
2022-03-23,1,base,1,0.646
2022-03-30,1,base,1,0.646
2022-03-31,1,base,-1,0.433
2022-04-28,1,base,1,0.646
2022-04-29,1,base,1,0.646
2022-05-13,1,base,1,0.646
2022-05-17,1,base,1,0.646
2022-05-20,1,base,1,0.646
2022-05-27,1,base,1,0.646
2022-05-30,1,base,1,0.646
2022-05-31,1,base,1,0.646
2022-06-08,1,base,1,0.646
2022-06-21,1,base,1,0.646
2022-06-24,1,base,1,0.646
2022-06-27,1,base,1,0.646
2022-07-18,1,base,1,0.646
2022-07-27,1,base,-1,0.433
2022-07-29,1,base,-1,0.433
2022-08-01,1,base,-1,0.433
2022-08-05,1,base,-1,0.433
2022-08-08,1,base,-1,0.433
2022-08-09,1,base,-1,0.433
2022-08-11,1,base,1,0.646
2022-08-12,1,base,-1,0.433
2022-08-15,1,base,-1,0.433
2022-08-16,1,base,-1,0.433
2022-08-17,1,base,-1,0.433
2022-08-19,1,base,-1,0.433
2022-08-25,1,base,1,0.646
2022-09-12,1,base,1,0.646
2022-09-20,1,base,1,0.646
2022-10-05,1,base,1,0.646
2022-10-14,1,base,1,0.646
2022-10-18,1,base,1,0.646
2022-11-01,1,base,1,0.646
2022-11-07,1,base,1,0.646
2022-11-08,1,base,-1,0.433
2022-11-09,1,base,-1,0.433
2022-11-11,1,base,1,0.646
2022-11-14,1,base,1,0.646
2022-11-15,1,base,1,0.646
2022-11-16,1,base,-1,0.433
2022-11-17,1,base,-1,0.433
2022-11-18,1,base,-1,0.433
2022-11-22,1,base,-1,0.433
2022-11-23,1,base,-1,0.433
2022-11-24,1,base,-1,0.433
2022-11-25,1,base,-1,0.433
2022-11-29,1,base,1,0.646
2022-11-30,1,base,1,0.646
2022-12-01,1,base,-1,0.433
2022-12-02,1,base,-1,0.433
2022-12-09,1,base,1,0.646
2022-12-22,1,base,1,0.646
2023-01-04,1,base,1,0.627
2023-01-05,1,base,1,0.627
2023-01-09,1,base,1,0.627
2023-01-13,1,base,1,0.627
2023-01-31,1,base,1,0.619
2023-02-01,1,base,1,0.627
2023-02-02,1,base,-1,0.378
2023-02-03,1,base,-1,0.378
2023-02-06,1,base,-1,0.378
2023-02-07,1,base,-1,0.378
2023-02-10,1,base,-1,0.378
2023-02-13,1,base,-1,0.378
2023-02-15,1,base,-1,0.378
2023-02-21,1,base,-1,0.378
2023-02-23,1,base,-1,0.378
2023-02-24,1,base,-1,0.378
2023-03-01,1,base,1,0.627
2023-03-06,1,base,-1,0.378
2023-03-13,1,base,1,0.627
2023-03-15,1,base,1,0.627
2023-03-17,1,base,1,0.627
2023-03-21,1,base,1,0.627
2023-03-22,1,base,1,0.627
2023-03-23,1,base,1,0.627
2023-03-28,1,base,1,0.627
2023-03-29,1,base,1,0.627
2023-04-17,1,base,1,0.742
2023-04-18,1,base,-1,0.378
2023-04-19,1,base,-1,0.378
2023-04-20,1,base,-1,0.378
2023-04-21,1,base,-1,0.378
2023-05-04,1,base,1,0.742
2023-05-08,1,base,1,0.742
2023-05-15,1,base,1,0.742
2023-05-18,1,base,1,0.627
2023-05-22,1,base,1,0.627
2023-05-23,1,base,1,0.619
2023-05-24,1,base,1,0.619
2023-05-25,1,base,1,0.619
2023-05-26,1,base,1,0.619
2023-05-29,1,base,-1,0.378
2023-05-30,1,base,-1,0.378
2023-05-31,1,base,-1,0.378
2023-06-01,1,base,-1,0.378
2023-06-02,1,base,1,0.742
2023-06-05,1,base,-1,0.378
2023-06-06,1,base,-1,0.378
2023-06-07,1,base,-1,0.378
2023-06-08,1,base,-1,0.378
2023-06-09,1,base,-1,0.378
2023-06-12,1,base,-1,0.378
2023-06-13,1,base,-1,0.378
2023-06-14,1,base,-1,0.378
2023-06-15,1,base,1,0.742
2023-06-16,1,base,1,0.742
2023-06-19,1,base,-1,0.378
2023-06-20,1,base,-1,0.378
2023-06-21,1,base,-1,0.378
2023-06-26,1,base,-1,0.378
2023-06-28,1,base,-1,0.378
2023-06-29,1,base,-1,0.378
2023-06-30,1,base,-1,0.378
2023-07-03,1,base,1,0.627
2023-07-04,1,base,-1,0.378
2023-07-05,1,base,-1,0.378
2023-07-06,1,base,-1,0.378
2023-07-07,1,base,-1,0.378
2023-07-10,1,base,-1,0.378
2023-07-11,1,base,1,0.627
2023-07-12,1,base,1,0.627
2023-07-13,1,base,1,0.627
2023-07-14,1,base,-1,0.378
2023-07-17,1,base,-1,0.378
2023-07-18,1,base,-1,0.378
2023-07-19,1,base,-1,0.378
2023-07-20,1,base,-1,0.378
2023-07-21,1,base,-1,0.378
2023-07-24,1,base,-1,0.378
2023-07-25,1,base,1,0.627
2023-07-26,1,base,-1,0.378
2023-07-27,1,base,1,0.627
2023-07-31,1,base,-1,0.378
2023-08-22,1,base,1,0.627
2023-08-24,1,base,1,0.627
2023-08-29,1,base,1,0.627
2023-09-04,1,base,1,0.627
2023-10-11,1,base,1,0.627
2023-10-12,1,base,1,0.627
2023-11-03,1,base,1,0.627
2023-11-06,1,base,1,0.627
2023-11-15,1,base,1,0.627
2023-11-17,1,base,1,0.619
2023-11-20,1,base,1,0.627
2023-11-21,1,base,1,0.619
2023-11-22,1,base,-1,0.378
2023-11-24,1,base,-1,0.378
2023-11-27,1,base,-1,0.378
2023-11-28,1,base,-1,0.378
2023-11-29,1,base,-1,0.378
2023-11-30,1,base,-1,0.378
2023-12-01,1,base,-1,0.378
2023-12-04,1,base,-1,0.378
2023-12-05,1,base,-1,0.378
2023-12-06,1,base,-1,0.378
2023-12-07,1,base,-1,0.378
2023-12-08,1,base,-1,0.378
2023-12-11,1,base,-1,0.378
2023-12-12,1,base,1,0.742
2023-12-13,1,base,-1,0.378
2023-12-14,1,base,1,0.742
2023-12-15,1,base,1,0.742
2023-12-18,1,base,-1,0.378
2023-12-19,1,base,-1,0.378
2023-12-20,1,base,-1,0.378
2023-12-21,1,base,-1,0.378
2023-12-22,1,base,-1,0.378
2023-12-25,1,base,-1,0.378
2023-12-27,1,base,1,0.742
2023-12-28,1,base,1,0.742
2024-01-23,1,base,-1,0.452
2024-01-24,1,base,-1,0.452
2024-01-25,1,base,-1,0.452
2024-02-16,1,base,1,0.649
2024-02-21,1,base,1,0.649
2024-02-22,1,base,1,0.649
2024-02-27,1,base,1,0.649
2024-03-06,1,base,1,0.649
2024-03-11,1,base,1,0.649
2024-03-12,1,base,1,0.649
2024-03-21,1,base,1,0.649
2024-03-26,1,base,1,0.725
2024-03-28,1,base,1,0.725
2024-03-29,1,base,1,0.725
2024-04-01,1,base,1,0.725
2024-04-02,1,base,1,0.725
2024-04-22,1,base,-1,0.452
2024-04-23,1,base,-1,0.452
2024-04-24,1,base,-1,0.452
2024-04-26,1,base,1,0.725
2024-05-02,1,base,1,0.725
2024-05-03,1,base,1,0.725
2024-05-16,1,base,1,0.649
2024-05-17,1,base,1,0.649
2024-05-27,1,base,1,0.725
2024-06-03,1,base,1,0.649
2024-06-19,1,base,1,0.649
2024-07-03,1,base,1,0.725
2024-07-11,1,base,1,0.649
2024-07-12,1,base,1,0.649
2024-07-22,1,base,-1,0.452
2024-07-29,1,base,1,0.725
2024-07-31,1,base,1,0.725
2024-08-07,1,base,-1,0.452
2024-08-09,1,base,-1,0.452
2024-08-22,1,base,1,0.725
2024-08-26,1,base,1,0.725
2024-08-30,1,base,1,0.725
2024-09-19,1,base,1,0.725
2024-09-20,1,base,1,0.725
2024-09-24,1,base,-1,0.452
2024-09-26,1,base,-1,0.452
2024-09-27,1,base,-1,0.452
2024-09-30,1,base,-1,0.452
2024-10-01,1,base,-1,0.452
2024-10-04,1,base,-1,0.452
2024-10-07,1,base,1,0.649
2024-10-11,1,base,1,0.649
2024-10-18,1,base,1,0.649
2024-10-23,1,base,1,0.725
2024-11-01,1,base,1,0.725
2024-11-05,1,base,1,0.725
2024-11-07,1,base,1,0.725
2024-11-27,1,base,1,0.725
2024-12-03,1,base,1,0.725
2024-12-06,1,base,1,0.725
2024-12-09,1,base,1,0.725
2024-12-24,1,base,-1,0.452
2024-12-25,1,base,1,0.725
2024-12-26,1,base,1,0.725
2025-01-09,1,base,1,0.652
2025-01-13,1,base,1,0.652
2025-01-14,1,base,1,0.759
2025-01-16,1,base,1,0.637
2025-01-20,1,base,1,0.637
2025-01-21,1,base,1,0.637
2025-02-10,1,base,1,0.759
2025-02-12,1,base,1,0.759
2025-02-14,1,base,1,0.637
2025-02-18,1,base,1,0.643
2025-02-21,1,base,1,0.759
2025-03-11,1,base,1,0.652
2025-03-14,1,base,1,0.759
2025-03-18,1,base,1,0.637
2025-03-24,1,base,1,0.759
2025-03-31,1,base,1,0.652
2025-04-09,1,base,1,0.652
2025-04-18,1,base,1,0.759
2025-04-21,1,base,1,0.759
2025-04-23,1,base,1,0.637
2025-05-02,1,base,1,0.637
2025-05-05,1,base,1,0.637
2025-05-12,1,base,1,0.637
2025-05-14,1,base,1,0.643
2025-05-20,1,base,1,0.643
2025-05-29,1,base,1,0.643
2025-06-03,1,base,1,0.643
2025-06-05,1,base,1,0.643
2025-06-09,1,base,1,0.637
2025-06-20,1,base,1,0.637
2025-06-24,1,base,1,0.643
2025-06-25,1,base,1,0.637
2025-07-08,1,base,1,0.759
2025-07-15,1,base,1,0.759
2025-07-18,1,base,1,0.637
2025-07-22,1,base,1,0.652
2025-07-23,1,base,1,0.643
2025-08-04,1,base,1,0.643
2025-08-13,1,base,1,0.643
2025-08-20,1,base,1,0.652
2025-08-25,1,base,1,0.643
2025-09-01,1,base,1,0.643
2025-09-02,1,base,1,0.652
2025-09-05,1,base,1,0.637
2025-09-09,1,base,1,0.637
2025-09-10,1,base,1,0.759
2025-09-12,1,base,1,0.643
2025-09-17,1,base,1,0.643
2025-09-24,1,base,1,0.643
2025-09-26,1,base,1,0.652
2025-10-02,1,base,1,0.637
2025-10-14,1,base,1,0.652
2025-10-15,1,base,1,0.643
2025-10-20,1,base,1,0.643
2025-10-27,1,base,1,0.637
2025-11-03,1,base,1,0.643
2025-11-06,1,base,1,0.637
2025-11-10,1,base,1,0.759
2025-12-12,1,base,1,0.759
2025-12-17,1,base,1,0.759
2026-01-09,1,base,1,0.675
2026-01-30,1,base,1,0.675
2026-02-02,1,base,1,0.675
2026-02-06,1,base,1,0.675
2026-02-09,1,base,1,0.654
2026-02-23,1,base,1,0.654
2026-03-03,1,base,1,0.675
2026-03-04,1,base,1,0.675
2026-03-09,1,base,1,0.675
2026-03-13,1,base,1,0.675
2026-03-20,1,base,1,0.675
2026-03-23,1,base,1,0.675
2026-03-27,1,base,1,0.675
2026-03-30,1,base,1,0.675
2026-03-31,1,base,1,0.675
2026-04-01,1,base,1,0.654
2026-04-08,1,base,1,0.654
2026-04-30,1,base,1,0.675
2026-05-18,1,base,1,0.675
2026-05-19,1,base,1,0.675
2026-06-05,1,base,1,0.675
2026-06-08,1,base,1,0.675
2026-06-11,1,base,1,0.675
2026-06-12,1,base,1,0.654
2026-06-24,1,base,1,0.675
2026-07-03,1,base,1,0.654
2026-07-06,1,base,1,0.654
2026-07-07,1,base,1,0.675
2026-07-08,1,base,1,0.654
2026-07-15,1,base,1,0.654
2026-07-16,1,base,1,0.654
2026-07-17,1,base,1,0.675
2026-07-20,1,base,1,0.654
2026-07-23,1,base,1,0.654
2026-07-27,1,base,1,0.654
2026-07-28,1,base,1,0.675
2026-07-29,1,base,1,0.654
2026-07-30,1,base,1,0.675
2026-08-07,1,base,1,0.675
2026-08-10,1,base,1,0.654
2026-08-19,1,base,1,0.675
2026-08-21,1,base,1,0.654
2026-09-21,1,base,1,0.654
2026-09-22,1,base,1,0.654
2013-01-08,3,base,-1,0.358
2013-01-09,3,base,-1,0.358
2013-01-10,3,base,-1,0.358
2013-01-22,3,base,1,0.69
2013-01-23,3,base,1,0.69
2013-01-25,3,base,-1,0.358
2013-01-31,3,base,1,0.69
2013-02-01,3,base,1,0.69
2013-02-04,3,base,1,0.69
2013-02-05,3,base,1,0.69
2013-02-06,3,base,1,0.69
2013-02-18,3,base,1,0.69
2013-02-19,3,base,1,0.69
2013-02-20,3,base,1,0.69
2013-02-25,3,base,-1,0.358
2013-02-26,3,base,-1,0.358
2013-02-27,3,base,-1,0.358
2013-03-01,3,base,-1,0.358
2013-03-04,3,base,-1,0.358
2013-03-05,3,base,-1,0.358
2013-03-15,3,base,-1,0.358
2013-03-18,3,base,-1,0.358
2013-03-19,3,base,-1,0.358
2013-03-20,3,base,-1,0.358
2013-03-21,3,base,-1,0.358
2013-03-22,3,base,-1,0.358
2013-03-25,3,base,-1,0.358
2013-03-26,3,base,-1,0.358
2013-04-08,3,base,1,0.69
2013-04-09,3,base,1,0.69
2013-04-10,3,base,1,0.69
2013-04-11,3,base,1,0.69
2013-04-12,3,base,1,0.69
2013-04-15,3,base,1,0.69
2013-04-16,3,base,1,0.69
2013-04-18,3,base,-1,0.358
2013-05-28,3,base,-1,0.358
2013-05-29,3,base,-1,0.358
2013-05-30,3,base,-1,0.358
2013-05-31,3,base,-1,0.358
2013-06-03,3,base,-1,0.358
2013-06-04,3,base,-1,0.358
2013-06-05,3,base,-1,0.358
2013-06-06,3,base,-1,0.358
2013-06-07,3,base,-1,0.358
2013-06-10,3,base,-1,0.358
2013-06-11,3,base,-1,0.358
2013-06-13,3,base,-1,0.358
2013-06-14,3,base,-1,0.358
2013-06-17,3,base,-1,0.358
2013-06-18,3,base,-1,0.358
2013-06-19,3,base,-1,0.358
2013-06-20,3,base,-1,0.358
2013-06-21,3,base,-1,0.358
2013-06-24,3,base,-1,0.358
2013-06-25,3,base,-1,0.358
2013-06-26,3,base,-1,0.358
2013-06-27,3,base,-1,0.358
2013-07-03,3,base,-1,0.433
2013-07-04,3,base,-1,0.433
2013-07-05,3,base,-1,0.433
2013-07-08,3,base,-1,0.433
2013-07-09,3,base,-1,0.433
2013-07-10,3,base,-1,0.433
2013-07-11,3,base,1,0.69
2013-07-12,3,base,1,0.69
2013-07-15,3,base,1,0.69
2013-07-16,3,base,1,0.69
2013-07-17,3,base,-1,0.433
2013-07-18,3,base,-1,0.433
2013-07-19,3,base,-1,0.433
2013-07-22,3,base,-1,0.433
2013-07-23,3,base,-1,0.433
2013-07-24,3,base,-1,0.433
2013-07-25,3,base,-1,0.433
2013-08-08,3,base,-1,0.358
2013-08-09,3,base,-1,0.358
2013-08-12,3,base,-1,0.358
2013-09-10,3,base,1,0.69
2013-09-11,3,base,1,0.69
2013-11-08,3,base,-1,0.358
2013-11-11,3,base,-1,0.358
2013-11-12,3,base,1,0.69
2013-11-13,3,base,1,0.69
2013-11-14,3,base,1,0.69
2013-11-15,3,base,-1,0.358
2013-11-18,3,base,-1,0.358
2013-11-19,3,base,-1,0.358
2013-11-20,3,base,-1,0.358
2013-11-21,3,base,-1,0.358
2013-11-22,3,base,-1,0.358
2013-11-25,3,base,-1,0.358
2013-11-26,3,base,-1,0.358
2013-11-27,3,base,-1,0.358
2013-12-18,3,base,-1,0.358
2014-01-03,3,base,1,0.633
2014-01-06,3,base,1,0.633
2014-01-07,3,base,1,0.633
2014-01-08,3,base,1,0.633
2014-01-09,3,base,1,0.633
2014-01-10,3,base,1,0.633
2014-01-13,3,base,1,0.633
2014-01-14,3,base,1,0.633
2014-01-15,3,base,1,0.633
2014-01-16,3,base,1,0.633
2014-01-17,3,base,1,0.633
2014-01-20,3,base,1,0.633
2014-01-21,3,base,1,0.633
2014-01-27,3,base,1,0.677
2014-02-07,3,base,-1,0.411
2014-02-10,3,base,-1,0.411
2014-02-11,3,base,-1,0.411
2014-02-12,3,base,-1,0.411
2014-02-13,3,base,-1,0.411
2014-02-14,3,base,-1,0.411
2014-02-17,3,base,-1,0.411
2014-02-18,3,base,-1,0.411
2014-02-19,3,base,-1,0.411
2014-03-06,3,base,1,0.633
2014-03-07,3,base,1,0.633
2014-03-10,3,base,1,0.633
2014-03-11,3,base,1,0.633
2014-03-12,3,base,-1,0.411
2014-03-13,3,base,-1,0.411
2014-03-14,3,base,-1,0.411
2014-03-17,3,base,-1,0.411
2014-03-18,3,base,-1,0.411
2014-03-19,3,base,-1,0.411
2014-04-07,3,base,-1,0.411
2014-04-08,3,base,-1,0.411
2014-04-09,3,base,-1,0.411
2014-04-10,3,base,-1,0.411
2014-04-11,3,base,-1,0.411
2014-04-14,3,base,-1,0.411
2014-04-15,3,base,-1,0.411
2014-04-16,3,base,1,0.677
2014-04-25,3,base,1,0.677
2014-04-28,3,base,1,0.677
2014-04-29,3,base,1,0.633
2014-04-30,3,base,1,0.633
2014-05-02,3,base,1,0.633
2014-05-09,3,base,-1,0.411
2014-05-12,3,base,-1,0.411
2014-05-13,3,base,-1,0.411
2014-05-14,3,base,-1,0.411
2014-05-15,3,base,-1,0.411
2014-05-16,3,base,-1,0.411
2014-05-19,3,base,-1,0.411
2014-05-20,3,base,-1,0.411
2014-05-21,3,base,-1,0.411
2014-05-30,3,base,1,0.633
2014-06-03,3,base,1,0.633
2014-06-04,3,base,1,0.633
2014-06-05,3,base,1,0.633
2014-06-06,3,base,1,0.633
2014-06-09,3,base,1,0.633
2014-06-10,3,base,1,0.633
2014-06-11,3,base,1,0.633
2014-06-12,3,base,-1,0.411
2014-06-13,3,base,-1,0.411
2014-06-16,3,base,-1,0.411
2014-06-17,3,base,-1,0.411
2014-06-18,3,base,-1,0.411
2014-07-03,3,base,1,0.633
2014-07-04,3,base,1,0.633
2014-07-07,3,base,1,0.633
2014-07-08,3,base,1,0.633
2014-07-09,3,base,-1,0.411
2014-07-10,3,base,-1,0.411
2014-07-11,3,base,-1,0.411
2014-07-14,3,base,-1,0.411
2014-07-15,3,base,-1,0.411
2014-07-16,3,base,1,0.633
2014-08-08,3,base,-1,0.411
2014-08-11,3,base,1,0.677
2014-08-12,3,base,1,0.677
2014-08-13,3,base,-1,0.411
2014-08-14,3,base,-1,0.411
2014-08-15,3,base,-1,0.411
2014-08-18,3,base,-1,0.411
2014-08-19,3,base,1,0.677
2014-08-20,3,base,1,0.677
2014-08-21,3,base,1,0.677
2014-08-22,3,base,1,0.677
2014-09-05,3,base,-1,0.411
2014-09-09,3,base,-1,0.411
2014-09-10,3,base,-1,0.411
2014-09-11,3,base,-1,0.411
2014-09-12,3,base,-1,0.411
2014-09-15,3,base,-1,0.411
2014-09-16,3,base,-1,0.411
2014-09-17,3,base,-1,0.411
2014-10-01,3,base,1,0.633
2014-10-03,3,base,-1,0.411
2014-10-06,3,base,-1,0.411
2014-10-07,3,base,-1,0.411
2014-10-08,3,base,-1,0.411
2014-10-09,3,base,-1,0.411
2014-10-13,3,base,1,0.677
2014-10-14,3,base,1,0.677
2014-10-15,3,base,1,0.677
2014-10-16,3,base,1,0.677
2014-10-17,3,base,1,0.677
2014-10-20,3,base,1,0.677
2014-10-21,3,base,1,0.677
2014-10-22,3,base,1,0.677
2014-10-27,3,base,1,0.677
2014-10-28,3,base,1,0.677
2014-10-29,3,base,1,0.677
2014-10-30,3,base,1,0.677
2014-10-31,3,base,1,0.677
2014-11-07,3,base,-1,0.411
2014-11-10,3,base,-1,0.411
2014-11-11,3,base,-1,0.411
2014-11-12,3,base,-1,0.411
2014-11-13,3,base,-1,0.411
2014-11-14,3,base,-1,0.411
2014-11-17,3,base,-1,0.411
2014-11-18,3,base,-1,0.411
2014-11-19,3,base,1,0.677
2014-11-20,3,base,1,0.677
2014-11-21,3,base,1,0.677
2014-11-24,3,base,1,0.677
2014-12-03,3,base,1,0.633
2014-12-04,3,base,1,0.633
2014-12-05,3,base,1,0.633
2014-12-08,3,base,1,0.633
2014-12-09,3,base,1,0.633
2014-12-10,3,base,-1,0.411
2014-12-11,3,base,-1,0.411
2014-12-12,3,base,-1,0.411
2014-12-15,3,base,-1,0.411
2014-12-16,3,base,-1,0.411
2014-12-17,3,base,-1,0.411
2015-01-08,3,base,1,0.624
2015-01-09,3,base,1,0.624
2015-01-12,3,base,1,0.624
2015-01-13,3,base,1,0.624
2015-01-14,3,base,1,0.624
2015-01-15,3,base,-1,0.44
2015-01-16,3,base,1,0.624
2015-01-19,3,base,1,0.624
2015-01-20,3,base,1,0.624
2015-01-21,3,base,1,0.624
2015-01-22,3,base,1,0.624
2015-01-23,3,base,1,0.683
2015-02-06,3,base,-1,0.44
2015-02-09,3,base,-1,0.44
2015-02-10,3,base,-1,0.44
2015-02-11,3,base,-1,0.44
2015-02-12,3,base,1,0.683
2015-02-13,3,base,1,0.683
2015-02-24,3,base,1,0.683
2015-02-25,3,base,1,0.683
2015-03-03,3,base,1,0.624
2015-03-06,3,base,-1,0.44
2015-03-09,3,base,-1,0.44
2015-03-10,3,base,-1,0.44
2015-03-11,3,base,-1,0.44
2015-03-12,3,base,-1,0.44
2015-03-13,3,base,-1,0.44
2015-03-16,3,base,-1,0.44
2015-03-17,3,base,-1,0.44
2015-03-18,3,base,-1,0.44
2015-03-20,3,base,1,0.624
2015-03-23,3,base,1,0.624
2015-03-24,3,base,1,0.624
2015-03-25,3,base,1,0.624
2015-03-26,3,base,1,0.624
2015-04-07,3,base,-1,0.44
2015-04-08,3,base,-1,0.44
2015-04-09,3,base,-1,0.44
2015-04-10,3,base,-1,0.44
2015-04-13,3,base,-1,0.44
2015-04-14,3,base,-1,0.44
2015-04-15,3,base,-1,0.44
2015-04-24,3,base,1,0.624
2015-04-27,3,base,1,0.624
2015-04-28,3,base,1,0.624
2015-04-29,3,base,1,0.624
2015-04-30,3,base,1,0.624
2015-05-08,3,base,1,0.683
2015-05-11,3,base,1,0.683
2015-05-12,3,base,1,0.683
2015-05-13,3,base,1,0.683
2015-05-14,3,base,1,0.683
2015-05-15,3,base,1,0.683
2015-05-18,3,base,1,0.683
2015-05-19,3,base,1,0.683
2015-05-20,3,base,-1,0.44
2015-06-02,3,base,1,0.624
2015-06-03,3,base,1,0.624
2015-06-04,3,base,1,0.624
2015-06-05,3,base,1,0.683
2015-06-08,3,base,1,0.683
2015-06-09,3,base,1,0.683
2015-06-10,3,base,1,0.683
2015-06-11,3,base,1,0.683
2015-06-12,3,base,1,0.683
2015-06-15,3,base,1,0.683
2015-06-16,3,base,1,0.683
2015-06-17,3,base,-1,0.44
2015-07-03,3,base,-1,0.44
2015-07-06,3,base,-1,0.44
2015-07-07,3,base,-1,0.44
2015-07-08,3,base,-1,0.44
2015-07-09,3,base,1,0.683
2015-07-13,3,base,1,0.683
2015-07-14,3,base,1,0.683
2015-07-15,3,base,1,0.683
2015-07-16,3,base,1,0.683
2015-07-21,3,base,1,0.683
2015-07-22,3,base,1,0.683
2015-07-23,3,base,1,0.683
2015-07-24,3,base,1,0.683
2015-07-27,3,base,1,0.683
2015-07-28,3,base,1,0.683
2015-07-29,3,base,1,0.683
2015-07-30,3,base,1,0.683
2015-07-31,3,base,1,0.683
2015-08-03,3,base,1,0.683
2015-08-04,3,base,1,0.683
2015-08-05,3,base,1,0.683
2015-08-06,3,base,1,0.683
2015-08-07,3,base,1,0.683
2015-08-10,3,base,1,0.683
2015-08-11,3,base,1,0.683
2015-08-12,3,base,1,0.683
2015-08-13,3,base,-1,0.44
2015-08-14,3,base,-1,0.44
2015-08-17,3,base,-1,0.44
2015-08-18,3,base,-1,0.44
2015-08-19,3,base,1,0.683
2015-08-20,3,base,1,0.683
2015-08-21,3,base,1,0.683
2015-08-24,3,base,1,0.683
2015-08-25,3,base,1,0.683
2015-08-26,3,base,1,0.683
2015-08-27,3,base,1,0.683
2015-08-28,3,base,1,0.683
2015-08-31,3,base,1,0.683
2015-09-04,3,base,-1,0.44
2015-09-07,3,base,-1,0.44
2015-09-08,3,base,-1,0.44
2015-09-09,3,base,-1,0.44
2015-09-10,3,base,-1,0.44
2015-09-11,3,base,-1,0.44
2015-09-14,3,base,-1,0.44
2015-09-15,3,base,-1,0.44
2015-09-16,3,base,-1,0.44
2015-10-12,3,base,1,0.624
2015-10-13,3,base,1,0.624
2015-10-14,3,base,-1,0.44
2015-10-15,3,base,-1,0.44
2015-10-16,3,base,-1,0.44
2015-10-19,3,base,-1,0.44
2015-10-20,3,base,-1,0.44
2015-10-21,3,base,-1,0.44
2015-11-06,3,base,1,0.624
2015-11-09,3,base,1,0.624
2015-11-10,3,base,1,0.624
2015-11-11,3,base,-1,0.44
2015-11-12,3,base,-1,0.44
2015-11-13,3,base,-1,0.44
2015-11-16,3,base,-1,0.44
2015-11-17,3,base,-1,0.44
2015-11-18,3,base,-1,0.44
2015-12-04,3,base,1,0.624
2015-12-07,3,base,-1,0.44
2015-12-08,3,base,-1,0.44
2015-12-09,3,base,-1,0.44
2015-12-10,3,base,-1,0.44
2015-12-11,3,base,-1,0.44
2015-12-14,3,base,1,0.683
2015-12-15,3,base,1,0.683
2015-12-16,3,base,-1,0.44
2015-12-17,3,base,1,0.683
2016-01-06,3,base,1,0.705
2016-01-07,3,base,1,0.705
2016-01-08,3,base,1,0.705
2016-01-11,3,base,1,0.662
2016-01-12,3,base,1,0.662
2016-01-13,3,base,1,0.662
2016-01-14,3,base,1,0.662
2016-01-15,3,base,1,0.705
2016-01-18,3,base,1,0.662
2016-01-20,3,base,1,0.705
2016-01-30,3,base,1,0.662
2016-02-01,3,base,1,0.662
2016-02-02,3,base,1,0.662
2016-02-03,3,base,1,0.662
2016-02-16,3,base,1,0.705
2016-03-08,3,base,1,0.705
2016-03-15,3,base,1,0.705
2016-03-17,3,base,1,0.705
2016-03-18,3,base,1,0.705
2016-03-22,3,base,-1,0.363
2016-04-01,3,base,-1,0.363
2016-04-15,3,base,-1,0.363
2016-04-18,3,base,-1,0.363
2016-04-19,3,base,-1,0.363
2016-04-20,3,base,1,0.705
2016-04-22,3,base,-1,0.363
2016-04-25,3,base,-1,0.363
2016-04-26,3,base,1,0.662
2016-05-03,3,base,1,0.662
2016-05-12,3,base,1,0.662
2016-05-13,3,base,1,0.705
2016-05-16,3,base,1,0.662
2016-05-17,3,base,1,0.662
2016-05-18,3,base,1,0.662
2016-05-23,3,base,1,0.705
2016-05-27,3,base,-1,0.363
2016-06-03,3,base,-1,0.363
2016-06-04,3,base,-1,0.363
2016-06-06,3,base,-1,0.363
2016-06-13,3,base,1,0.705
2016-06-24,3,base,1,0.705
2016-06-30,3,base,1,0.705
2016-07-14,3,base,-1,0.363
2016-07-18,3,base,-1,0.363
2016-07-20,3,base,-1,0.363
2016-07-22,3,base,-1,0.363
2016-07-28,3,base,-1,0.363
2016-07-29,3,base,-1,0.363
2016-08-01,3,base,-1,0.363
2016-08-02,3,base,-1,0.363
2016-08-03,3,base,-1,0.363
2016-08-04,3,base,-1,0.363
2016-08-09,3,base,-1,0.363
2016-08-11,3,base,-1,0.363
2016-08-17,3,base,-1,0.363
2016-08-18,3,base,-1,0.363
2016-08-23,3,base,-1,0.363
2016-08-25,3,base,-1,0.363
2016-08-26,3,base,-1,0.363
2016-08-30,3,base,-1,0.363
2016-08-31,3,base,-1,0.363
2016-09-01,3,base,-1,0.363
2016-09-05,3,base,-1,0.363
2016-09-06,3,base,-1,0.363
2016-09-07,3,base,1,0.705
2016-09-08,3,base,-1,0.363
2016-09-09,3,base,-1,0.363
2016-09-14,3,base,1,0.705
2016-09-23,3,base,-1,0.363
2016-09-26,3,base,-1,0.363
2016-10-04,3,base,-1,0.363
2016-10-05,3,base,-1,0.363
2016-10-14,3,base,1,0.662
2016-10-17,3,base,1,0.662
2016-10-18,3,base,1,0.662
2016-10-19,3,base,1,0.662
2016-10-24,3,base,-1,0.363
2016-10-26,3,base,-1,0.363
2016-11-03,3,base,1,0.662
2016-11-04,3,base,1,0.662
2016-11-07,3,base,1,0.662
2016-11-08,3,base,1,0.662
2016-11-09,3,base,1,0.705
2016-11-11,3,base,1,0.705
2016-11-24,3,base,-1,0.363
2016-11-25,3,base,-1,0.363
2016-11-28,3,base,-1,0.363
2016-11-29,3,base,-1,0.363
2016-11-30,3,base,1,0.705
2016-12-01,3,base,-1,0.363
2016-12-12,3,base,-1,0.363
2016-12-13,3,base,-1,0.363
2016-12-15,3,base,-1,0.363
2016-12-19,3,base,-1,0.363
2016-12-22,3,base,-1,0.363
2016-12-29,3,base,-1,0.363
2016-12-30,3,base,-1,0.363
2017-01-04,3,base,-1,0.386
2017-01-05,3,base,1,0.656
2017-01-06,3,base,1,0.656
2017-01-09,3,base,1,0.656
2017-01-10,3,base,-1,0.386
2017-01-11,3,base,1,0.656
2017-01-12,3,base,1,0.656
2017-01-13,3,base,1,0.656
2017-01-16,3,base,-1,0.386
2017-01-17,3,base,-1,0.386
2017-01-18,3,base,1,0.656
2017-01-19,3,base,1,0.656
2017-01-20,3,base,1,0.656
2017-01-23,3,base,-1,0.454
2017-01-24,3,base,-1,0.454
2017-02-02,3,base,-1,0.454
2017-02-03,3,base,-1,0.454
2017-02-06,3,base,-1,0.454
2017-02-07,3,base,-1,0.454
2017-02-08,3,base,-1,0.454
2017-02-09,3,base,-1,0.454
2017-02-10,3,base,-1,0.454
2017-02-13,3,base,-1,0.454
2017-02-14,3,base,-1,0.454
2017-02-15,3,base,-1,0.454
2017-02-16,3,base,-1,0.454
2017-02-17,3,base,-1,0.386
2017-02-18,3,base,-1,0.386
2017-02-20,3,base,-1,0.386
2017-02-21,3,base,-1,0.386
2017-02-22,3,base,-1,0.386
2017-02-23,3,base,-1,0.386
2017-02-24,3,base,-1,0.386
2017-03-01,3,base,-1,0.386
2017-03-02,3,base,-1,0.386
2017-03-03,3,base,-1,0.386
2017-03-06,3,base,-1,0.386
2017-03-07,3,base,-1,0.386
2017-03-08,3,base,-1,0.386
2017-03-09,3,base,-1,0.386
2017-03-10,3,base,-1,0.386
2017-03-13,3,base,-1,0.386
2017-03-14,3,base,-1,0.386
2017-03-15,3,base,-1,0.386
2017-03-16,3,base,1,0.656
2017-03-17,3,base,1,0.656
2017-03-20,3,base,-1,0.386
2017-03-21,3,base,1,0.656
2017-03-22,3,base,1,0.656
2017-03-23,3,base,-1,0.454
2017-03-24,3,base,-1,0.386
2017-03-27,3,base,-1,0.386
2017-03-28,3,base,1,0.656
2017-03-29,3,base,-1,0.386
2017-03-30,3,base,-1,0.386
2017-03-31,3,base,1,0.656
2017-04-05,3,base,-1,0.454
2017-04-06,3,base,-1,0.386
2017-04-07,3,base,-1,0.454
2017-04-10,3,base,-1,0.386
2017-04-25,3,base,-1,0.386
2017-04-26,3,base,1,0.656
2017-04-27,3,base,-1,0.386
2017-04-28,3,base,1,0.656
2017-05-02,3,base,1,0.656
2017-05-03,3,base,-1,0.386
2017-05-04,3,base,-1,0.386
2017-05-05,3,base,-1,0.386
2017-05-08,3,base,-1,0.386
2017-05-09,3,base,1,0.656
2017-05-10,3,base,-1,0.386
2017-05-11,3,base,1,0.656
2017-05-12,3,base,1,0.656
2017-05-15,3,base,-1,0.386
2017-05-16,3,base,-1,0.454
2017-05-17,3,base,-1,0.386
2017-05-22,3,base,-1,0.386
2017-05-23,3,base,-1,0.386
2017-05-24,3,base,-1,0.386
2017-05-25,3,base,-1,0.454
2017-05-26,3,base,-1,0.386
2017-05-31,3,base,-1,0.454
2017-06-01,3,base,-1,0.386
2017-06-02,3,base,-1,0.386
2017-06-03,3,base,-1,0.386
2017-06-05,3,base,-1,0.454
2017-06-06,3,base,-1,0.386
2017-06-07,3,base,-1,0.454
2017-06-08,3,base,-1,0.386
2017-06-09,3,base,-1,0.454
2017-06-12,3,base,1,0.612
2017-06-13,3,base,1,0.612
2017-06-14,3,base,1,0.656
2017-06-15,3,base,1,0.612
2017-06-16,3,base,1,0.656
2017-06-19,3,base,1,0.612
2017-06-20,3,base,1,0.612
2017-06-21,3,base,-1,0.454
2017-06-22,3,base,-1,0.454
2017-06-23,3,base,1,0.612
2017-06-26,3,base,-1,0.454
2017-06-27,3,base,-1,0.454
2017-06-28,3,base,-1,0.454
2017-06-29,3,base,-1,0.386
2017-06-30,3,base,-1,0.386
2017-07-03,3,base,1,0.612
2017-07-04,3,base,1,0.612
2017-07-05,3,base,1,0.612
2017-07-06,3,base,1,0.612
2017-07-07,3,base,1,0.612
2017-07-10,3,base,1,0.612
2017-07-11,3,base,-1,0.454
2017-07-12,3,base,-1,0.454
2017-07-13,3,base,-1,0.454
2017-07-14,3,base,-1,0.386
2017-07-17,3,base,-1,0.386
2017-07-18,3,base,-1,0.386
2017-07-19,3,base,-1,0.454
2017-07-20,3,base,-1,0.386
2017-07-21,3,base,-1,0.386
2017-07-24,3,base,1,0.612
2017-07-25,3,base,1,0.612
2017-07-26,3,base,1,0.656
2017-07-27,3,base,1,0.656
2017-07-28,3,base,1,0.612
2017-07-31,3,base,1,0.612
2017-08-01,3,base,1,0.656
2017-08-02,3,base,1,0.656
2017-08-03,3,base,1,0.656
2017-08-04,3,base,1,0.656
2017-08-07,3,base,-1,0.454
2017-08-08,3,base,-1,0.454
2017-08-09,3,base,1,0.612
2017-08-10,3,base,1,0.656
2017-08-11,3,base,1,0.656
2017-08-14,3,base,1,0.612
2017-08-15,3,base,1,0.612
2017-08-16,3,base,1,0.612
2017-08-17,3,base,1,0.612
2017-08-18,3,base,1,0.612
2017-08-21,3,base,1,0.612
2017-08-22,3,base,1,0.612
2017-08-23,3,base,1,0.656
2017-08-24,3,base,1,0.656
2017-08-25,3,base,1,0.656
2017-08-28,3,base,-1,0.386
2017-08-29,3,base,1,0.612
2017-08-30,3,base,1,0.656
2017-08-31,3,base,1,0.656
2017-09-01,3,base,-1,0.386
2017-09-04,3,base,-1,0.386
2017-09-05,3,base,1,0.656
2017-09-06,3,base,1,0.656
2017-09-07,3,base,1,0.656
2017-09-08,3,base,1,0.656
2017-09-11,3,base,-1,0.454
2017-09-12,3,base,-1,0.454
2017-09-13,3,base,-1,0.454
2017-09-14,3,base,-1,0.386
2017-09-15,3,base,-1,0.454
2017-09-18,3,base,-1,0.454
2017-09-19,3,base,-1,0.454
2017-09-20,3,base,-1,0.386
2017-09-21,3,base,1,0.612
2017-09-22,3,base,1,0.612
2017-09-25,3,base,1,0.612
2017-09-26,3,base,1,0.612
2017-09-27,3,base,1,0.612
2017-09-28,3,base,1,0.612
2017-09-29,3,base,1,0.612
2017-09-30,3,base,1,0.612
2017-10-02,3,base,1,0.612
2017-10-03,3,base,1,0.612
2017-10-05,3,base,1,0.612
2017-10-06,3,base,1,0.612
2017-10-11,3,base,1,0.656
2017-10-12,3,base,-1,0.386
2017-10-13,3,base,-1,0.386
2017-10-16,3,base,1,0.656
2017-10-17,3,base,-1,0.386
2017-10-18,3,base,1,0.656
2017-10-19,3,base,-1,0.386
2017-10-20,3,base,-1,0.454
2017-10-23,3,base,-1,0.386
2017-10-24,3,base,-1,0.386
2017-10-25,3,base,-1,0.386
2017-10-26,3,base,-1,0.386
2017-10-27,3,base,-1,0.454
2017-10-30,3,base,-1,0.454
2017-10-31,3,base,-1,0.386
2017-11-01,3,base,-1,0.454
2017-11-02,3,base,-1,0.386
2017-11-03,3,base,-1,0.386
2017-11-06,3,base,-1,0.386
2017-11-07,3,base,-1,0.386
2017-11-08,3,base,-1,0.386
2017-11-09,3,base,-1,0.454
2017-11-10,3,base,-1,0.386
2017-11-13,3,base,-1,0.386
2017-11-14,3,base,-1,0.386
2017-11-15,3,base,-1,0.386
2017-11-16,3,base,-1,0.386
2017-11-17,3,base,-1,0.386
2017-11-20,3,base,-1,0.386
2017-11-21,3,base,1,0.656
2017-11-22,3,base,1,0.656
2017-11-23,3,base,-1,0.386
2017-11-24,3,base,-1,0.386
2017-11-27,3,base,1,0.656
2017-11-28,3,base,1,0.656
2017-11-29,3,base,-1,0.386
2017-11-30,3,base,1,0.656
2017-12-01,3,base,1,0.612
2017-12-04,3,base,1,0.612
2017-12-05,3,base,1,0.612
2017-12-06,3,base,1,0.612
2017-12-07,3,base,1,0.612
2017-12-08,3,base,1,0.612
2017-12-11,3,base,1,0.612
2017-12-12,3,base,1,0.612
2017-12-13,3,base,1,0.612
2017-12-14,3,base,1,0.612
2017-12-15,3,base,1,0.612
2017-12-18,3,base,1,0.612
2017-12-19,3,base,1,0.612
2017-12-20,3,base,1,0.612
2017-12-21,3,base,1,0.612
2017-12-22,3,base,1,0.612
2017-12-25,3,base,1,0.612
2017-12-26,3,base,1,0.612
2017-12-27,3,base,1,0.612
2017-12-28,3,base,-1,0.386
2017-12-29,3,base,-1,0.386
2018-02-06,3,base,1,0.693
2018-02-07,3,base,1,0.693
2018-02-27,3,base,1,0.73
2018-03-12,3,base,1,0.73
2018-03-13,3,base,1,0.73
2018-03-14,3,base,1,0.73
2018-03-16,3,base,1,0.693
2018-03-22,3,base,1,0.693
2018-03-23,3,base,1,0.693
2018-04-10,3,base,1,0.693
2018-04-17,3,base,1,0.693
2018-04-18,3,base,-1,0.412
2018-04-19,3,base,-1,0.412
2018-04-20,3,base,1,0.693
2018-04-24,3,base,1,0.73
2018-04-27,3,base,1,0.73
2018-04-30,3,base,-1,0.412
2018-05-02,3,base,-1,0.412
2018-05-03,3,base,1,0.73
2018-05-04,3,base,1,0.73
2018-05-07,3,base,-1,0.412
2018-05-08,3,base,-1,0.412
2018-05-30,3,base,1,0.693
2018-06-14,3,base,-1,0.412
2018-06-19,3,base,-1,0.412
2018-06-20,3,base,-1,0.412
2018-06-21,3,base,-1,0.412
2018-06-22,3,base,-1,0.412
2018-06-25,3,base,-1,0.412
2018-07-03,3,base,1,0.73
2018-07-04,3,base,1,0.73
2018-07-05,3,base,1,0.73
2018-07-06,3,base,1,0.73
2018-07-09,3,base,1,0.73
2018-07-10,3,base,1,0.73
2018-07-11,3,base,1,0.73
2018-07-12,3,base,1,0.73
2018-07-13,3,base,1,0.73
2018-07-16,3,base,-1,0.412
2018-07-17,3,base,-1,0.412
2018-08-10,3,base,-1,0.412
2018-08-13,3,base,-1,0.412
2018-08-14,3,base,-1,0.412
2018-08-15,3,base,-1,0.412
2018-08-16,3,base,-1,0.412
2018-08-17,3,base,-1,0.412
2018-08-20,3,base,-1,0.412
2018-08-21,3,base,-1,0.412
2018-08-22,3,base,-1,0.412
2018-08-23,3,base,-1,0.412
2018-08-24,3,base,-1,0.412
2018-09-07,3,base,-1,0.412
2018-09-10,3,base,-1,0.412
2018-09-11,3,base,-1,0.412
2018-09-12,3,base,-1,0.412
2018-09-13,3,base,-1,0.412
2018-09-14,3,base,-1,0.412
2018-09-17,3,base,-1,0.412
2018-09-18,3,base,-1,0.412
2018-09-19,3,base,-1,0.412
2018-09-20,3,base,-1,0.412
2018-10-02,3,base,-1,0.412
2018-10-03,3,base,-1,0.412
2018-10-04,3,base,-1,0.412
2018-10-05,3,base,-1,0.412
2018-10-08,3,base,-1,0.412
2018-10-09,3,base,-1,0.412
2018-10-11,3,base,1,0.693
2018-10-12,3,base,1,0.693
2018-10-15,3,base,1,0.693
2018-10-16,3,base,1,0.693
2018-10-17,3,base,1,0.693
2018-10-18,3,base,1,0.693
2018-10-19,3,base,1,0.693
2018-11-28,3,base,1,0.693
2018-11-29,3,base,1,0.693
2018-11-30,3,base,1,0.693
2018-12-03,3,base,1,0.693
2018-12-04,3,base,1,0.693
2018-12-06,3,base,1,0.693
2019-05-13,3,base,-1,0.346
2019-05-17,3,base,1,0.72
2019-05-20,3,base,1,0.72
2019-05-22,3,base,1,0.72
2019-05-23,3,base,1,0.72
2019-05-27,3,base,1,0.72
2019-05-28,3,base,1,0.72
2019-06-06,3,base,1,0.72
2019-06-11,3,base,1,0.72
2019-06-12,3,base,1,0.72
2019-08-22,3,base,1,0.72
2020-01-03,3,base,-1,0.474
2020-01-06,3,base,-1,0.474
2020-01-07,3,base,-1,0.474
2020-01-08,3,base,-1,0.474
2020-01-10,3,base,-1,0.474
2020-01-14,3,base,-1,0.474
2020-01-15,3,base,-1,0.474
2020-01-16,3,base,-1,0.474
2020-01-17,3,base,-1,0.474
2020-01-20,3,base,-1,0.474
2020-01-31,3,base,-1,0.474
2020-02-07,3,base,-1,0.474
2020-02-10,3,base,-1,0.474
2020-02-13,3,base,-1,0.474
2020-02-14,3,base,-1,0.474
2020-02-17,3,base,-1,0.474
2020-02-18,3,base,1,0.72
2020-02-19,3,base,1,0.72
2020-02-20,3,base,1,0.72
2020-02-21,3,base,1,0.72
2020-04-10,3,base,1,0.642
2020-04-13,3,base,1,0.642
2020-04-17,3,base,1,0.642
2020-04-27,3,base,1,0.642
2020-04-28,3,base,1,0.642
2020-05-05,3,base,1,0.642
2020-05-06,3,base,1,0.642
2020-05-08,3,base,1,0.642
2020-06-01,3,base,1,0.642
2020-06-02,3,base,1,0.642
2020-06-03,3,base,1,0.642
2020-06-05,3,base,1,0.642
2020-06-09,3,base,1,0.642
2020-06-16,3,base,1,0.642
2020-07-03,3,base,1,0.642
2020-07-06,3,base,1,0.642
2020-10-07,3,base,1,0.642
2020-10-12,3,base,1,0.642
2020-10-13,3,base,1,0.642
2020-11-05,3,base,1,0.642
2020-11-09,3,base,1,0.642
2020-11-10,3,base,1,0.642
2020-11-16,3,base,1,0.642
2021-01-04,3,base,1,0.711
2021-01-08,3,base,1,0.711
2021-01-12,3,base,1,0.711
2021-01-14,3,base,1,0.711
2021-01-18,3,base,1,0.711
2021-01-19,3,base,1,0.711
2021-01-20,3,base,1,0.711
2021-01-22,3,base,-1,0.475
2021-01-25,3,base,1,0.711
2021-01-26,3,base,1,0.745
2021-01-27,3,base,1,0.745
2021-01-28,3,base,1,0.745
2021-01-29,3,base,1,0.745
2021-02-01,3,base,1,0.711
2021-02-02,3,base,1,0.711
2021-02-03,3,base,-1,0.475
2021-02-04,3,base,-1,0.475
2021-02-05,3,base,-1,0.475
2021-02-18,3,base,-1,0.475
2021-02-19,3,base,-1,0.475
2021-02-22,3,base,-1,0.475
2021-02-23,3,base,1,0.711
2021-02-24,3,base,1,0.745
2021-02-26,3,base,1,0.745
2021-03-03,3,base,1,0.711
2021-03-10,3,base,-1,0.475
2021-03-11,3,base,1,0.711
2021-03-12,3,base,-1,0.475
2021-03-15,3,base,-1,0.475
2021-03-16,3,base,-1,0.475
2021-03-17,3,base,-1,0.475
2021-03-22,3,base,-1,0.475
2021-03-23,3,base,-1,0.475
2021-03-29,3,base,-1,0.475
2021-03-30,3,base,1,0.652
2021-03-31,3,base,-1,0.475
2021-04-01,3,base,1,0.652
2021-04-06,3,base,1,0.652
2021-04-07,3,base,-1,0.475
2021-04-22,3,base,1,0.745
2021-05-03,3,base,1,0.745
2021-05-04,3,base,1,0.745
2021-05-05,3,base,1,0.745
2021-05-10,3,base,-1,0.475
2021-05-14,3,base,1,0.711
2021-05-20,3,base,-1,0.475
2021-05-21,3,base,-1,0.475
2021-05-24,3,base,-1,0.475
2021-05-27,3,base,-1,0.475
2021-05-28,3,base,-1,0.475
2021-05-31,3,base,-1,0.475
2021-06-01,3,base,1,0.652
2021-06-02,3,base,-1,0.475
2021-06-03,3,base,-1,0.475
2021-06-04,3,base,-1,0.475
2021-06-10,3,base,-1,0.475
2021-06-11,3,base,-1,0.475
2021-06-15,3,base,-1,0.475
2021-06-16,3,base,-1,0.475
2021-06-17,3,base,-1,0.475
2021-06-18,3,base,1,0.652
2021-06-21,3,base,1,0.745
2021-06-22,3,base,1,0.745
2021-06-24,3,base,-1,0.475
2021-06-25,3,base,1,0.652
2021-06-28,3,base,-1,0.475
2021-06-29,3,base,-1,0.475
2021-06-30,3,base,-1,0.475
2021-07-09,3,base,1,0.745
2021-07-12,3,base,-1,0.475
2021-07-14,3,base,-1,0.475
2021-07-15,3,base,-1,0.475
2021-07-16,3,base,-1,0.475
2021-07-23,3,base,-1,0.475
2021-08-03,3,base,-1,0.475
2021-08-04,3,base,1,0.652
2021-08-05,3,base,-1,0.475
2021-08-24,3,base,1,0.652
2021-08-25,3,base,-1,0.475
2021-08-26,3,base,-1,0.475
2021-08-27,3,base,-1,0.475
2021-08-30,3,base,-1,0.475
2021-09-01,3,base,-1,0.475
2021-09-03,3,base,-1,0.475
2021-09-07,3,base,-1,0.475
2021-09-13,3,base,-1,0.475
2021-09-14,3,base,-1,0.475
2021-09-16,3,base,1,0.745
2021-09-22,3,base,1,0.745
2021-09-24,3,base,-1,0.475
2021-09-27,3,base,-1,0.475
2021-10-08,3,base,-1,0.475
2021-10-18,3,base,-1,0.475
2021-10-20,3,base,1,0.652
2021-10-21,3,base,-1,0.475
2021-10-22,3,base,-1,0.475
2021-10-25,3,base,-1,0.475
2021-10-26,3,base,-1,0.475
2021-10-27,3,base,-1,0.475
2021-10-28,3,base,-1,0.475
2021-10-29,3,base,-1,0.475
2021-11-11,3,base,1,0.652
2021-11-16,3,base,1,0.652
2021-11-22,3,base,-1,0.475
2021-11-23,3,base,1,0.745
2021-11-24,3,base,1,0.745
2021-11-25,3,base,1,0.745
2021-11-26,3,base,1,0.745
2021-12-01,3,base,-1,0.475
2021-12-02,3,base,-1,0.475
2021-12-03,3,base,-1,0.475
2021-12-06,3,base,-1,0.475
2021-12-07,3,base,1,0.711
2021-12-08,3,base,-1,0.475
2021-12-09,3,base,1,0.652
2021-12-10,3,base,-1,0.475
2021-12-16,3,base,-1,0.475
2021-12-17,3,base,-1,0.475
2021-12-21,3,base,1,0.711
2021-12-22,3,base,-1,0.475
2021-12-23,3,base,-1,0.475
2021-12-24,3,base,-1,0.475
2021-12-27,3,base,-1,0.475
2021-12-28,3,base,-1,0.475
2021-12-29,3,base,-1,0.475
2021-12-30,3,base,-1,0.475
2022-01-06,3,base,1,0.766
2022-01-07,3,base,1,0.766
2022-01-11,3,base,-1,0.399
2022-01-14,3,base,-1,0.399
2022-01-18,3,base,1,0.665
2022-01-19,3,base,1,0.665
2022-01-20,3,base,1,0.766
2022-01-24,3,base,-1,0.399
2022-01-26,3,base,-1,0.399
2022-02-09,3,base,1,0.766
2022-02-11,3,base,-1,0.399
2022-02-15,3,base,-1,0.399
2022-02-16,3,base,1,0.676
2022-02-18,3,base,-1,0.399
2022-02-23,3,base,1,0.766
2022-03-01,3,base,-1,0.399
2022-03-02,3,base,-1,0.399
2022-03-03,3,base,1,0.766
2022-03-10,3,base,1,0.766
2022-03-16,3,base,1,0.676
2022-03-17,3,base,1,0.676
2022-03-22,3,base,1,0.766
2022-03-23,3,base,1,0.766
2022-04-14,3,base,1,0.676
2022-04-15,3,base,1,0.676
2022-04-18,3,base,1,0.676
2022-04-28,3,base,1,0.766
2022-04-29,3,base,1,0.766
2022-05-10,3,base,-1,0.399
2022-05-11,3,base,1,0.676
2022-05-13,3,base,1,0.676
2022-05-17,3,base,1,0.676
2022-05-20,3,base,1,0.766
2022-05-25,3,base,-1,0.399
2022-05-27,3,base,1,0.766
2022-05-30,3,base,1,0.766
2022-05-31,3,base,1,0.766
2022-06-06,3,base,1,0.766
2022-06-08,3,base,1,0.766
2022-06-10,3,base,1,0.665
2022-06-13,3,base,1,0.665
2022-06-14,3,base,-1,0.399
2022-06-15,3,base,1,0.766
2022-06-17,3,base,1,0.766
2022-06-21,3,base,1,0.766
2022-06-23,3,base,1,0.766
2022-06-24,3,base,1,0.676
2022-06-27,3,base,1,0.766
2022-06-28,3,base,1,0.766
2022-07-13,3,base,-1,0.399
2022-07-18,3,base,1,0.766
2022-07-19,3,base,-1,0.399
2022-07-20,3,base,1,0.766
2022-07-26,3,base,1,0.766
2022-07-27,3,base,-1,0.399
2022-08-03,3,base,-1,0.399
2022-08-04,3,base,1,0.676
2022-08-10,3,base,1,0.665
2022-08-11,3,base,1,0.766
2022-08-18,3,base,1,0.665
2022-08-22,3,base,1,0.665
2022-08-23,3,base,1,0.665
2022-08-25,3,base,1,0.676
2022-08-26,3,base,1,0.676
2022-09-12,3,base,1,0.676
2022-09-13,3,base,-1,0.399
2022-09-20,3,base,1,0.676
2022-09-27,3,base,-1,0.399
2022-10-05,3,base,1,0.676
2022-10-12,3,base,-1,0.399
2022-10-14,3,base,1,0.766
2022-10-18,3,base,1,0.766
2022-10-26,3,base,1,0.766
2022-10-27,3,base,1,0.766
2022-11-01,3,base,1,0.766
2022-11-02,3,base,1,0.766
2022-11-04,3,base,1,0.766
2022-11-07,3,base,1,0.766
2022-11-09,3,base,-1,0.399
2022-11-11,3,base,1,0.766
2022-11-14,3,base,1,0.766
2022-11-15,3,base,1,0.766
2022-11-16,3,base,-1,0.399
2022-11-21,3,base,1,0.665
2022-11-23,3,base,1,0.766
2022-11-24,3,base,1,0.766
2022-11-28,3,base,1,0.665
2022-11-29,3,base,1,0.766
2022-11-30,3,base,1,0.766
2022-12-01,3,base,1,0.766
2022-12-02,3,base,1,0.665
2022-12-05,3,base,1,0.766
2022-12-06,3,base,1,0.665
2022-12-07,3,base,1,0.665
2022-12-08,3,base,1,0.766
2022-12-09,3,base,1,0.766
2022-12-12,3,base,1,0.665
2022-12-13,3,base,1,0.766
2022-12-28,3,base,1,0.676
2023-01-03,3,base,1,0.752
2023-01-04,3,base,1,0.752
2023-01-05,3,base,1,0.752
2023-01-13,3,base,1,0.752
2023-03-01,3,base,1,0.752
2023-03-13,3,base,1,0.752
2023-03-15,3,base,1,0.752
2023-03-17,3,base,1,0.752
2023-03-21,3,base,1,0.752
2023-03-22,3,base,1,0.752
2023-03-23,3,base,1,0.752
2023-03-28,3,base,1,0.752
2023-03-29,3,base,1,0.752
2023-05-04,3,base,1,0.752
2023-05-08,3,base,1,0.752
2023-05-10,3,base,1,0.646
2023-05-11,3,base,1,0.646
2023-05-12,3,base,1,0.646
2023-05-16,3,base,1,0.646
2023-05-17,3,base,1,0.646
2023-08-02,3,base,1,0.646
2023-08-11,3,base,1,0.646
2023-08-14,3,base,1,0.646
2023-08-15,3,base,1,0.646
2023-08-16,3,base,1,0.646
2023-08-17,3,base,1,0.646
2023-08-18,3,base,1,0.646
2023-08-23,3,base,1,0.646
2023-08-25,3,base,1,0.646
2023-08-28,3,base,1,0.646
2023-09-22,3,base,1,0.752
2023-10-02,3,base,1,0.752
2023-10-06,3,base,1,0.752
2023-10-17,3,base,1,0.646
2023-10-18,3,base,1,0.646
2023-10-19,3,base,1,0.646
2023-10-20,3,base,1,0.646
2023-10-27,3,base,1,0.752
2024-01-11,3,base,1,0.636
2024-01-18,3,base,1,0.701
2024-01-23,3,base,1,0.701
2024-01-24,3,base,1,0.701
2024-01-25,3,base,1,0.701
2024-01-29,3,base,1,0.701
2024-02-16,3,base,1,0.636
2024-02-20,3,base,1,0.701
2024-02-21,3,base,1,0.701
2024-02-22,3,base,1,0.701
2024-03-21,3,base,1,0.701
2024-03-26,3,base,1,0.701
2024-03-28,3,base,1,0.636
2024-03-29,3,base,1,0.701
2024-04-02,3,base,1,0.701
2024-04-09,3,base,1,0.701
2024-04-10,3,base,1,0.636
2024-04-12,3,base,1,0.687
2024-04-17,3,base,1,0.687
2024-04-19,3,base,1,0.687
2024-04-23,3,base,1,0.701
2024-04-24,3,base,1,0.701
2024-04-26,3,base,1,0.701
2024-04-29,3,base,1,0.687
2024-04-30,3,base,1,0.687
2024-05-02,3,base,1,0.636
2024-05-06,3,base,1,0.687
2024-05-07,3,base,1,0.687
2024-05-08,3,base,1,0.687
2024-05-09,3,base,1,0.701
2024-05-10,3,base,1,0.701
2024-05-13,3,base,1,0.701
2024-05-16,3,base,1,0.701
2024-05-17,3,base,1,0.701
2024-06-13,3,base,1,0.701
2024-07-03,3,base,1,0.701
2024-07-23,3,base,1,0.687
2024-07-29,3,base,1,0.701
2024-07-31,3,base,1,0.701
2024-08-01,3,base,1,0.687
2024-08-07,3,base,1,0.701
2024-08-09,3,base,1,0.701
2024-08-12,3,base,1,0.687
2024-08-14,3,base,1,0.687
2024-08-15,3,base,1,0.687
2024-08-19,3,base,1,0.701
2024-08-22,3,base,1,0.701
2024-08-30,3,base,1,0.636
2024-09-13,3,base,1,0.636
2024-10-01,3,base,1,0.636
2024-10-18,3,base,1,0.701
2024-10-23,3,base,1,0.636
2024-11-18,3,base,1,0.701
2024-12-02,3,base,1,0.701
2024-12-03,3,base,1,0.701
2024-12-06,3,base,1,0.701
2024-12-09,3,base,1,0.636
2024-12-12,3,base,1,0.636
2024-12-18,3,base,1,0.701
2024-12-23,3,base,1,0.701
2024-12-24,3,base,1,0.701
2024-12-25,3,base,1,0.636
2024-12-26,3,base,1,0.636
2025-01-16,3,base,1,0.713
2025-01-20,3,base,1,0.713
2025-01-21,3,base,1,0.713
2025-02-04,3,base,1,0.704
2025-02-06,3,base,1,0.713
2025-02-07,3,base,1,0.713
2025-02-10,3,base,1,0.713
2025-02-21,3,base,1,0.713
2025-02-26,3,base,1,0.704
2025-03-05,3,base,1,0.704
2025-03-14,3,base,1,0.704
2025-03-18,3,base,1,0.713
2025-03-24,3,base,1,0.713
2025-04-08,3,base,1,0.713
2025-04-10,3,base,1,0.713
2025-04-11,3,base,1,0.704
2025-04-15,3,base,1,0.728
2025-04-17,3,base,1,0.704
2025-05-02,3,base,1,0.713
2025-05-15,3,base,1,0.728
2025-05-16,3,base,1,0.728
2025-05-19,3,base,1,0.728
2025-05-29,3,base,1,0.704
2025-06-03,3,base,1,0.713
2025-06-05,3,base,1,0.713
2025-06-09,3,base,1,0.713
2025-07-08,3,base,1,0.704
2025-07-15,3,base,1,0.713
2025-07-18,3,base,1,0.713
2025-07-23,3,base,1,0.713
2025-08-04,3,base,1,0.713
2025-08-13,3,base,1,0.713
2025-08-14,3,base,1,0.728
2025-08-15,3,base,1,0.728
2025-08-18,3,base,1,0.728
2025-08-19,3,base,1,0.728
2025-08-22,3,base,1,0.713
2025-08-25,3,base,1,0.713
2025-09-01,3,base,1,0.704
2025-09-05,3,base,1,0.713
2025-09-09,3,base,1,0.713
2025-09-10,3,base,1,0.713
2025-09-24,3,base,1,0.704
2025-10-15,3,base,1,0.704
2025-10-20,3,base,1,0.713
2025-12-17,3,base,1,0.704
2026-01-02,3,base,1,0.71
2026-01-27,3,base,1,0.71
2026-02-09,3,base,1,0.71
2026-03-06,3,base,1,0.633
2026-03-10,3,base,1,0.71
2026-03-16,3,base,1,0.71
2026-03-18,3,base,1,0.71
2026-03-24,3,base,1,0.71
2026-03-25,3,base,1,0.633
2026-04-01,3,base,1,0.71
2026-04-08,3,base,1,0.71
2026-05-05,3,base,-1,0.489
2026-05-21,3,base,-1,0.489
2026-05-22,3,base,1,0.71
2026-05-27,3,base,-1,0.489
2026-06-09,3,base,-1,0.489
2026-06-11,3,base,-1,0.489
2026-06-12,3,base,1,0.71
2026-06-15,3,base,-1,0.489
2026-06-16,3,base,-1,0.489
2026-06-17,3,base,-1,0.489
2026-06-18,3,base,-1,0.489
2026-06-22,3,base,-1,0.489
2026-06-25,3,base,-1,0.489
2026-06-29,3,base,1,0.633
2026-06-30,3,base,-1,0.489
2026-07-01,3,base,-1,0.489
2026-07-02,3,base,1,0.633
2026-07-03,3,base,1,0.633
2026-07-06,3,base,1,0.633
2026-07-08,3,base,1,0.71
2026-07-15,3,base,1,0.71
2026-07-16,3,base,1,0.633
2026-07-20,3,base,1,0.71
2026-07-23,3,base,1,0.71
2026-07-27,3,base,1,0.71
2026-07-29,3,base,1,0.633
2026-08-10,3,base,1,0.71
2026-08-11,3,base,-1,0.489
2026-08-12,3,base,-1,0.489
2026-08-13,3,base,-1,0.489
2026-08-17,3,base,1,0.71
2026-08-20,3,base,1,0.71
2026-08-21,3,base,1,0.71
2026-08-25,3,base,-1,0.489
2026-08-26,3,base,-1,0.489
2026-08-27,3,base,-1,0.489
2026-08-28,3,base,-1,0.489
2026-09-04,3,base,1,0.71
2026-09-07,3,base,-1,0.489
2026-09-09,3,base,-1,0.489
2026-09-16,3,base,-1,0.489
2026-09-17,3,base,-1,0.489
2026-09-18,3,base,1,0.71
2013-01-03,5,base,-1,0.37
2013-01-04,5,base,-1,0.37
2013-01-07,5,base,1,0.69
2013-01-08,5,base,1,0.69
2013-01-09,5,base,1,0.69
2013-01-10,5,base,1,0.69
2013-01-11,5,base,1,0.69
2013-01-14,5,base,1,0.69
2013-01-15,5,base,1,0.69
2013-01-16,5,base,1,0.69
2013-01-17,5,base,-1,0.37
2013-01-18,5,base,-1,0.37
2013-01-21,5,base,-1,0.37
2013-01-22,5,base,-1,0.37
2013-01-23,5,base,-1,0.37
2013-01-24,5,base,-1,0.37
2013-01-25,5,base,-1,0.37
2013-01-28,5,base,-1,0.37
2013-01-29,5,base,-1,0.37
2013-01-30,5,base,-1,0.37
2013-01-31,5,base,-1,0.37
2013-02-01,5,base,-1,0.37
2013-02-04,5,base,-1,0.37
2013-02-05,5,base,-1,0.37
2013-02-06,5,base,-1,0.37
2013-02-18,5,base,1,0.69
2013-02-19,5,base,1,0.69
2013-02-20,5,base,1,0.69
2013-02-21,5,base,1,0.69
2013-02-22,5,base,1,0.69
2013-02-23,5,base,-1,0.37
2013-02-25,5,base,-1,0.37
2013-02-27,5,base,-1,0.37
2013-03-01,5,base,-1,0.37
2013-03-04,5,base,-1,0.37
2013-03-05,5,base,-1,0.37
2013-03-06,5,base,-1,0.37
2013-03-07,5,base,-1,0.37
2013-03-08,5,base,1,0.69
2013-03-11,5,base,1,0.69
2013-03-12,5,base,1,0.69
2013-03-13,5,base,-1,0.37
2013-03-14,5,base,-1,0.37
2013-03-15,5,base,-1,0.37
2013-03-18,5,base,-1,0.37
2013-03-19,5,base,-1,0.37
2013-03-20,5,base,-1,0.37
2013-03-21,5,base,-1,0.37
2013-03-22,5,base,-1,0.37
2013-03-25,5,base,-1,0.37
2013-03-26,5,base,-1,0.37
2013-03-27,5,base,-1,0.37
2013-03-28,5,base,-1,0.37
2013-03-29,5,base,-1,0.37
2013-04-01,5,base,-1,0.37
2013-04-02,5,base,-1,0.37
2013-04-03,5,base,-1,0.37
2013-04-08,5,base,-1,0.37
2013-04-09,5,base,-1,0.37
2013-04-10,5,base,-1,0.37
2013-04-11,5,base,-1,0.37
2013-04-12,5,base,-1,0.37
2013-04-15,5,base,-1,0.37
2013-04-17,5,base,-1,0.37
2013-04-18,5,base,-1,0.37
2013-04-22,5,base,1,0.69
2013-04-23,5,base,1,0.69
2013-04-24,5,base,1,0.69
2013-04-25,5,base,1,0.69
2013-04-26,5,base,1,0.69
2013-04-29,5,base,1,0.69
2013-04-30,5,base,1,0.69
2013-05-02,5,base,1,0.69
2013-05-03,5,base,1,0.69
2013-05-06,5,base,1,0.69
2013-05-07,5,base,1,0.69
2013-05-08,5,base,-1,0.37
2013-05-09,5,base,-1,0.37
2013-05-10,5,base,-1,0.37
2013-05-13,5,base,-1,0.37
2013-05-14,5,base,-1,0.37
2013-05-15,5,base,-1,0.37
2013-05-16,5,base,-1,0.37
2013-05-17,5,base,-1,0.37
2013-05-20,5,base,-1,0.37
2013-05-21,5,base,-1,0.37
2013-05-22,5,base,-1,0.37
2013-05-23,5,base,-1,0.37
2013-05-24,5,base,-1,0.37
2013-05-27,5,base,-1,0.37
2013-05-28,5,base,-1,0.37
2013-05-29,5,base,-1,0.37
2013-05-30,5,base,-1,0.37
2013-05-31,5,base,-1,0.37
2013-06-03,5,base,-1,0.37
2013-06-04,5,base,-1,0.37
2013-06-05,5,base,-1,0.37
2013-06-06,5,base,1,0.69
2013-06-07,5,base,-1,0.37
2013-06-10,5,base,-1,0.37
2013-06-11,5,base,-1,0.37
2013-06-13,5,base,1,0.69
2013-06-14,5,base,-1,0.37
2013-06-17,5,base,-1,0.37
2013-06-18,5,base,-1,0.37
2013-06-19,5,base,-1,0.37
2013-06-20,5,base,-1,0.37
2013-06-25,5,base,1,0.69
2013-06-26,5,base,1,0.69
2013-06-27,5,base,1,0.69
2013-06-28,5,base,1,0.69
2013-07-01,5,base,1,0.69
2013-07-02,5,base,-1,0.37
2013-07-03,5,base,-1,0.37
2013-07-04,5,base,-1,0.37
2013-07-05,5,base,-1,0.37
2013-07-08,5,base,-1,0.37
2013-07-09,5,base,-1,0.37
2013-07-10,5,base,-1,0.37
2013-07-11,5,base,-1,0.37
2013-07-12,5,base,-1,0.37
2013-07-15,5,base,-1,0.37
2013-07-16,5,base,-1,0.37
2013-07-17,5,base,-1,0.37
2013-07-18,5,base,-1,0.37
2013-07-19,5,base,-1,0.37
2013-07-22,5,base,-1,0.37
2013-07-23,5,base,-1,0.37
2013-07-24,5,base,-1,0.37
2013-07-25,5,base,-1,0.37
2013-07-26,5,base,-1,0.37
2013-07-29,5,base,-1,0.37
2013-07-30,5,base,-1,0.37
2013-07-31,5,base,-1,0.37
2013-08-01,5,base,-1,0.37
2013-08-02,5,base,-1,0.37
2013-08-05,5,base,-1,0.37
2013-08-06,5,base,-1,0.37
2013-08-07,5,base,-1,0.37
2013-08-08,5,base,-1,0.37
2013-08-09,5,base,-1,0.37
2013-08-12,5,base,-1,0.37
2013-08-13,5,base,-1,0.37
2013-08-14,5,base,-1,0.37
2013-08-15,5,base,-1,0.37
2013-08-16,5,base,-1,0.37
2013-08-19,5,base,-1,0.37
2013-08-20,5,base,-1,0.37
2013-08-22,5,base,-1,0.37
2013-08-23,5,base,-1,0.37
2013-08-26,5,base,-1,0.37
2013-08-27,5,base,-1,0.37
2013-08-28,5,base,-1,0.37
2013-08-29,5,base,-1,0.37
2013-08-30,5,base,-1,0.37
2013-09-02,5,base,-1,0.37
2013-09-03,5,base,-1,0.37
2013-09-04,5,base,-1,0.37
2013-09-05,5,base,-1,0.37
2013-09-06,5,base,-1,0.37
2013-09-09,5,base,1,0.69
2013-09-10,5,base,1,0.69
2013-09-11,5,base,1,0.69
2013-09-12,5,base,1,0.69
2013-09-13,5,base,-1,0.37
2013-09-14,5,base,-1,0.37
2013-09-16,5,base,-1,0.37
2013-09-17,5,base,-1,0.37
2013-09-18,5,base,-1,0.37
2013-09-23,5,base,-1,0.37
2013-09-24,5,base,-1,0.37
2013-09-25,5,base,-1,0.37
2013-09-26,5,base,-1,0.37
2013-09-27,5,base,-1,0.37
2013-09-30,5,base,-1,0.37
2013-10-01,5,base,-1,0.37
2013-10-02,5,base,-1,0.37
2013-10-03,5,base,-1,0.37
2013-10-07,5,base,1,0.69
2013-10-08,5,base,1,0.69
2013-10-09,5,base,1,0.69
2013-10-11,5,base,1,0.69
2013-10-14,5,base,1,0.69
2013-10-15,5,base,-1,0.37
2013-10-16,5,base,1,0.69
2013-10-17,5,base,-1,0.37
2013-10-18,5,base,-1,0.37
2013-10-21,5,base,-1,0.37
2013-10-22,5,base,-1,0.37
2013-10-23,5,base,-1,0.37
2013-10-24,5,base,-1,0.37
2013-10-25,5,base,-1,0.37
2013-10-28,5,base,-1,0.37
2013-10-29,5,base,-1,0.37
2013-10-30,5,base,-1,0.37
2013-10-31,5,base,-1,0.37
2013-11-01,5,base,-1,0.37
2013-11-04,5,base,-1,0.37
2013-11-05,5,base,-1,0.37
2013-11-06,5,base,-1,0.37
2013-11-07,5,base,-1,0.37
2013-11-08,5,base,-1,0.37
2013-11-11,5,base,-1,0.37
2013-11-12,5,base,-1,0.37
2013-11-13,5,base,-1,0.37
2013-11-14,5,base,-1,0.37
2013-11-15,5,base,-1,0.37
2013-11-18,5,base,-1,0.37
2013-11-19,5,base,-1,0.37
2013-11-20,5,base,-1,0.37
2013-11-21,5,base,-1,0.37
2013-11-22,5,base,-1,0.37
2013-11-25,5,base,-1,0.37
2013-11-26,5,base,-1,0.37
2013-11-27,5,base,-1,0.37
2013-11-28,5,base,-1,0.37
2013-11-29,5,base,-1,0.37
2013-12-02,5,base,-1,0.37
2013-12-03,5,base,-1,0.37
2013-12-04,5,base,-1,0.37
2013-12-05,5,base,-1,0.37
2013-12-06,5,base,-1,0.37
2013-12-09,5,base,-1,0.37
2013-12-10,5,base,-1,0.37
2013-12-11,5,base,-1,0.37
2013-12-12,5,base,-1,0.37
2013-12-13,5,base,-1,0.37
2013-12-16,5,base,-1,0.37
2013-12-17,5,base,-1,0.37
2013-12-18,5,base,-1,0.37
2013-12-19,5,base,-1,0.37
2013-12-20,5,base,-1,0.37
2013-12-23,5,base,-1,0.37
2013-12-24,5,base,-1,0.37
2013-12-25,5,base,-1,0.37
2013-12-26,5,base,-1,0.37
2013-12-27,5,base,-1,0.37
2013-12-30,5,base,-1,0.37
2013-12-31,5,base,-1,0.37
2014-01-02,5,base,-1,0.413
2014-01-03,5,base,1,0.711
2014-01-06,5,base,1,0.711
2014-01-07,5,base,1,0.711
2014-01-08,5,base,1,0.711
2014-01-09,5,base,1,0.711
2014-01-10,5,base,1,0.711
2014-01-13,5,base,1,0.711
2014-01-14,5,base,1,0.711
2014-01-15,5,base,1,0.711
2014-01-21,5,base,1,0.711
2014-02-07,5,base,-1,0.413
2014-02-10,5,base,-1,0.413
2014-02-11,5,base,-1,0.413
2014-02-12,5,base,-1,0.413
2014-02-13,5,base,-1,0.413
2014-02-14,5,base,-1,0.413
2014-02-17,5,base,-1,0.413
2014-02-20,5,base,1,0.676
2014-02-21,5,base,1,0.676
2014-02-24,5,base,1,0.676
2014-02-25,5,base,1,0.676
2014-02-26,5,base,1,0.676
2014-02-27,5,base,1,0.676
2014-03-07,5,base,1,0.711
2014-03-10,5,base,1,0.711
2014-03-11,5,base,1,0.711
2014-03-24,5,base,1,0.676
2014-03-25,5,base,1,0.676
2014-03-26,5,base,1,0.676
2014-03-31,5,base,-1,0.413
2014-04-01,5,base,-1,0.413
2014-04-02,5,base,-1,0.413
2014-04-03,5,base,-1,0.413
2014-04-07,5,base,-1,0.413
2014-04-30,5,base,1,0.676
2014-05-02,5,base,1,0.676
2014-05-05,5,base,-1,0.413
2014-05-06,5,base,-1,0.413
2014-05-07,5,base,-1,0.413
2014-05-08,5,base,-1,0.413
2014-05-09,5,base,-1,0.413
2014-05-12,5,base,-1,0.413
2014-05-13,5,base,-1,0.413
2014-05-14,5,base,-1,0.413
2014-05-15,5,base,-1,0.413
2014-05-16,5,base,-1,0.413
2014-05-19,5,base,-1,0.413
2014-05-20,5,base,-1,0.413
2014-05-21,5,base,-1,0.413
2014-05-22,5,base,1,0.676
2014-05-23,5,base,1,0.676
2014-05-26,5,base,1,0.676
2014-05-30,5,base,1,0.711
2014-06-03,5,base,1,0.711
2014-06-04,5,base,1,0.711
2014-06-05,5,base,1,0.711
2014-06-06,5,base,1,0.711
2014-06-09,5,base,1,0.711
2014-06-10,5,base,1,0.711
2014-06-11,5,base,1,0.711
2014-06-30,5,base,-1,0.413
2014-07-01,5,base,-1,0.413
2014-07-02,5,base,-1,0.413
2014-07-03,5,base,-1,0.413
2014-07-04,5,base,1,0.711
2014-07-07,5,base,1,0.711
2014-07-08,5,base,1,0.711
2014-07-09,5,base,-1,0.413
2014-07-10,5,base,-1,0.413
2014-07-11,5,base,-1,0.413
2014-07-14,5,base,-1,0.413
2014-07-15,5,base,-1,0.413
2014-07-16,5,base,-1,0.413
2014-07-31,5,base,1,0.676
2014-08-01,5,base,1,0.676
2014-08-04,5,base,-1,0.413
2014-08-05,5,base,-1,0.413
2014-08-06,5,base,-1,0.413
2014-08-07,5,base,-1,0.413
2014-08-08,5,base,-1,0.413
2014-08-11,5,base,-1,0.413
2014-08-12,5,base,-1,0.413
2014-08-13,5,base,-1,0.413
2014-08-14,5,base,-1,0.413
2014-08-15,5,base,-1,0.413
2014-08-18,5,base,-1,0.413
2014-08-19,5,base,-1,0.413
2014-08-20,5,base,-1,0.413
2014-08-21,5,base,1,0.676
2014-08-22,5,base,1,0.676
2014-08-25,5,base,1,0.676
2014-08-26,5,base,1,0.676
2014-08-27,5,base,1,0.676
2014-08-28,5,base,1,0.676
2014-08-29,5,base,1,0.676
2014-09-01,5,base,-1,0.413
2014-09-02,5,base,-1,0.413
2014-09-04,5,base,-1,0.413
2014-09-05,5,base,-1,0.413
2014-09-09,5,base,-1,0.413
2014-09-10,5,base,-1,0.413
2014-09-11,5,base,-1,0.413
2014-09-17,5,base,-1,0.413
2014-09-18,5,base,1,0.676
2014-09-19,5,base,1,0.676
2014-09-22,5,base,1,0.676
2014-09-23,5,base,1,0.676
2014-09-24,5,base,1,0.676
2014-09-25,5,base,1,0.676
2014-09-26,5,base,1,0.676
2014-09-29,5,base,-1,0.413
2014-09-30,5,base,-1,0.413
2014-10-01,5,base,-1,0.413
2014-10-02,5,base,-1,0.413
2014-10-03,5,base,-1,0.413
2014-10-06,5,base,-1,0.413
2014-10-07,5,base,-1,0.413
2014-10-08,5,base,-1,0.413
2014-10-16,5,base,1,0.676
2014-10-17,5,base,1,0.711
2014-10-20,5,base,1,0.676
2014-10-21,5,base,1,0.676
2014-10-22,5,base,1,0.676
2014-10-23,5,base,1,0.676
2014-10-24,5,base,1,0.676
2014-10-27,5,base,1,0.676
2014-10-28,5,base,1,0.676
2014-10-29,5,base,1,0.676
2014-10-30,5,base,1,0.676
2014-10-31,5,base,1,0.676
2014-11-03,5,base,-1,0.413
2014-11-04,5,base,-1,0.413
2014-11-05,5,base,-1,0.413
2014-11-14,5,base,-1,0.413
2014-12-01,5,base,-1,0.413
2014-12-04,5,base,1,0.711
2014-12-05,5,base,1,0.711
2014-12-08,5,base,1,0.711
2014-12-09,5,base,1,0.711
2014-12-18,5,base,1,0.676
2014-12-19,5,base,1,0.676
2014-12-22,5,base,1,0.676
2014-12-23,5,base,1,0.676
2014-12-24,5,base,1,0.676
2014-12-25,5,base,1,0.676
2014-12-26,5,base,1,0.676
2014-12-27,5,base,1,0.676
2014-12-29,5,base,1,0.676
2014-12-30,5,base,1,0.676
2015-01-05,5,base,-1,0.437
2015-01-07,5,base,-1,0.437
2015-01-08,5,base,-1,0.437
2015-01-09,5,base,1,0.713
2015-01-12,5,base,1,0.713
2015-01-13,5,base,1,0.713
2015-01-14,5,base,1,0.713
2015-01-15,5,base,-1,0.437
2015-01-16,5,base,1,0.713
2015-01-19,5,base,1,0.713
2015-01-20,5,base,1,0.713
2015-01-21,5,base,1,0.713
2015-01-22,5,base,1,0.713
2015-01-23,5,base,-1,0.437
2015-01-26,5,base,-1,0.437
2015-01-27,5,base,-1,0.437
2015-01-28,5,base,-1,0.437
2015-02-05,5,base,-1,0.437
2015-02-06,5,base,-1,0.437
2015-02-09,5,base,-1,0.437
2015-02-10,5,base,-1,0.437
2015-02-11,5,base,-1,0.437
2015-02-12,5,base,-1,0.437
2015-02-13,5,base,-1,0.437
2015-02-24,5,base,-1,0.437
2015-02-25,5,base,-1,0.437
2015-02-26,5,base,-1,0.437
2015-03-02,5,base,-1,0.437
2015-03-03,5,base,1,0.713
2015-03-04,5,base,1,0.659
2015-03-05,5,base,1,0.659
2015-03-06,5,base,1,0.659
2015-03-10,5,base,1,0.659
2015-03-11,5,base,1,0.659
2015-03-13,5,base,-1,0.437
2015-03-18,5,base,1,0.659
2015-03-23,5,base,1,0.713
2015-03-24,5,base,1,0.713
2015-03-26,5,base,1,0.659
2015-03-31,5,base,1,0.659
2015-04-01,5,base,1,0.659
2015-04-08,5,base,-1,0.437
2015-04-09,5,base,-1,0.437
2015-04-10,5,base,-1,0.437
2015-04-13,5,base,-1,0.437
2015-04-14,5,base,-1,0.437
2015-04-15,5,base,-1,0.437
2015-04-16,5,base,-1,0.437
2015-04-17,5,base,-1,0.437
2015-04-22,5,base,1,0.659
2015-04-24,5,base,1,0.713
2015-04-27,5,base,1,0.713
2015-04-28,5,base,1,0.713
2015-04-29,5,base,1,0.713
2015-04-30,5,base,1,0.713
2015-05-04,5,base,-1,0.437
2015-05-05,5,base,-1,0.437
2015-05-06,5,base,-1,0.437
2015-05-07,5,base,-1,0.437
2015-05-08,5,base,-1,0.437
2015-05-11,5,base,-1,0.437
2015-05-12,5,base,-1,0.437
2015-05-13,5,base,-1,0.437
2015-05-14,5,base,-1,0.437
2015-05-15,5,base,-1,0.437
2015-05-18,5,base,-1,0.437
2015-05-19,5,base,-1,0.437
2015-05-20,5,base,-1,0.437
2015-05-21,5,base,-1,0.437
2015-05-22,5,base,-1,0.437
2015-05-25,5,base,-1,0.437
2015-06-02,5,base,1,0.713
2015-06-03,5,base,1,0.713
2015-06-04,5,base,1,0.713
2015-06-05,5,base,1,0.659
2015-06-08,5,base,1,0.659
2015-07-08,5,base,1,0.659
2015-07-09,5,base,1,0.713
2015-07-13,5,base,1,0.713
2015-07-14,5,base,1,0.713
2015-07-15,5,base,1,0.713
2015-08-21,5,base,1,0.659
2015-08-24,5,base,1,0.713
2015-08-25,5,base,1,0.713
2015-08-26,5,base,1,0.713
2015-08-27,5,base,1,0.713
2015-08-28,5,base,1,0.713
2015-08-31,5,base,1,0.713
2015-09-04,5,base,1,0.659
2015-09-07,5,base,1,0.659
2015-09-08,5,base,1,0.659
2015-09-10,5,base,1,0.659
2015-09-11,5,base,1,0.659
2015-09-14,5,base,1,0.659
2015-09-15,5,base,-1,0.437
2015-09-16,5,base,1,0.659
2015-09-17,5,base,1,0.659
2015-09-18,5,base,1,0.659
2015-09-21,5,base,1,0.659
2015-09-22,5,base,1,0.659
2015-09-23,5,base,1,0.659
2015-09-24,5,base,1,0.659
2015-09-25,5,base,1,0.659
2015-09-30,5,base,1,0.659
2015-10-02,5,base,-1,0.437
2015-10-05,5,base,-1,0.437
2015-10-06,5,base,-1,0.437
2015-10-07,5,base,-1,0.437
2015-10-08,5,base,-1,0.437
2015-10-12,5,base,-1,0.437
2015-10-13,5,base,1,0.713
2015-10-14,5,base,-1,0.437
2015-10-15,5,base,-1,0.437
2015-10-16,5,base,-1,0.437
2015-10-19,5,base,-1,0.437
2015-10-20,5,base,-1,0.437
2015-10-21,5,base,-1,0.437
2015-10-22,5,base,-1,0.437
2015-10-23,5,base,-1,0.437
2015-10-26,5,base,-1,0.437
2015-10-27,5,base,-1,0.437
2015-10-28,5,base,-1,0.437
2015-10-29,5,base,-1,0.437
2015-10-30,5,base,-1,0.437
2015-11-02,5,base,1,0.659
2015-11-04,5,base,-1,0.437
2015-11-05,5,base,-1,0.437
2015-11-06,5,base,1,0.713
2015-11-09,5,base,1,0.713
2015-11-10,5,base,1,0.713
2015-11-11,5,base,1,0.659
2015-11-16,5,base,1,0.659
2015-11-27,5,base,1,0.659
2015-11-30,5,base,1,0.659
2015-12-01,5,base,1,0.659
2015-12-02,5,base,1,0.659
2015-12-04,5,base,1,0.713
2015-12-08,5,base,1,0.659
2015-12-09,5,base,1,0.659
2015-12-15,5,base,1,0.659
2015-12-31,5,base,1,0.659
2016-01-07,5,base,1,0.75
2016-01-08,5,base,1,0.75
2016-01-11,5,base,1,0.75
2016-01-12,5,base,1,0.75
2016-01-13,5,base,1,0.75
2016-01-14,5,base,-1,0.441
2016-01-15,5,base,-1,0.441
2016-01-18,5,base,-1,0.441
2016-01-19,5,base,-1,0.441
2016-01-20,5,base,1,0.75
2016-01-21,5,base,-1,0.441
2016-01-25,5,base,-1,0.441
2016-01-27,5,base,-1,0.441
2016-01-28,5,base,-1,0.441
2016-01-29,5,base,-1,0.441
2016-01-30,5,base,-1,0.441
2016-02-01,5,base,-1,0.441
2016-02-02,5,base,-1,0.441
2016-02-16,5,base,-1,0.441
2016-02-17,5,base,-1,0.441
2016-02-18,5,base,-1,0.441
2016-02-19,5,base,-1,0.441
2016-02-22,5,base,-1,0.441
2016-02-23,5,base,-1,0.441
2016-03-01,5,base,-1,0.441
2016-03-02,5,base,-1,0.441
2016-03-03,5,base,-1,0.446
2016-03-04,5,base,-1,0.446
2016-03-07,5,base,-1,0.446
2016-03-08,5,base,-1,0.441
2016-03-09,5,base,1,0.75
2016-03-10,5,base,1,0.75
2016-03-11,5,base,1,0.75
2016-03-14,5,base,1,0.647
2016-03-17,5,base,-1,0.446
2016-03-18,5,base,-1,0.446
2016-03-21,5,base,-1,0.446
2016-03-22,5,base,-1,0.446
2016-03-23,5,base,-1,0.446
2016-03-24,5,base,-1,0.446
2016-03-25,5,base,-1,0.446
2016-03-28,5,base,-1,0.446
2016-03-29,5,base,-1,0.446
2016-03-30,5,base,-1,0.446
2016-03-31,5,base,-1,0.446
2016-04-01,5,base,-1,0.446
2016-04-06,5,base,-1,0.446
2016-04-07,5,base,-1,0.446
2016-04-08,5,base,-1,0.446
2016-04-11,5,base,-1,0.446
2016-04-12,5,base,-1,0.446
2016-04-13,5,base,-1,0.446
2016-04-14,5,base,-1,0.446
2016-04-18,5,base,1,0.647
2016-04-21,5,base,-1,0.446
2016-04-22,5,base,-1,0.446
2016-04-25,5,base,-1,0.446
2016-04-26,5,base,-1,0.446
2016-04-27,5,base,-1,0.446
2016-04-28,5,base,-1,0.446
2016-04-29,5,base,-1,0.446
2016-05-03,5,base,-1,0.446
2016-05-04,5,base,-1,0.446
2016-05-05,5,base,-1,0.446
2016-05-06,5,base,-1,0.446
2016-05-09,5,base,-1,0.446
2016-05-10,5,base,-1,0.446
2016-05-11,5,base,-1,0.446
2016-05-12,5,base,-1,0.446
2016-05-19,5,base,-1,0.446
2016-05-20,5,base,-1,0.446
2016-05-23,5,base,-1,0.446
2016-05-24,5,base,-1,0.446
2016-05-25,5,base,-1,0.446
2016-05-26,5,base,1,0.647
2016-05-27,5,base,-1,0.446
2016-05-30,5,base,-1,0.446
2016-05-31,5,base,-1,0.446
2016-06-01,5,base,-1,0.446
2016-06-02,5,base,-1,0.446
2016-06-03,5,base,1,0.647
2016-06-04,5,base,1,0.647
2016-06-06,5,base,-1,0.446
2016-06-07,5,base,-1,0.446
2016-06-08,5,base,-1,0.446
2016-06-14,5,base,1,0.75
2016-06-15,5,base,1,0.75
2016-06-27,5,base,1,0.75
2016-06-28,5,base,1,0.75
2016-06-29,5,base,1,0.75
2016-06-30,5,base,-1,0.446
2016-07-01,5,base,-1,0.446
2016-07-04,5,base,-1,0.446
2016-07-05,5,base,-1,0.446
2016-07-06,5,base,-1,0.446
2016-07-07,5,base,-1,0.446
2016-07-11,5,base,-1,0.446
2016-07-12,5,base,-1,0.446
2016-07-13,5,base,-1,0.446
2016-07-14,5,base,-1,0.446
2016-07-21,5,base,-1,0.446
2016-07-22,5,base,-1,0.446
2016-07-25,5,base,-1,0.446
2016-07-26,5,base,-1,0.446
2016-07-27,5,base,1,0.647
2016-07-28,5,base,-1,0.446
2016-07-29,5,base,-1,0.446
2016-08-01,5,base,-1,0.446
2016-08-02,5,base,1,0.647
2016-08-03,5,base,-1,0.446
2016-08-04,5,base,-1,0.446
2016-08-05,5,base,-1,0.446
2016-08-08,5,base,-1,0.446
2016-08-09,5,base,1,0.647
2016-08-10,5,base,-1,0.446
2016-08-11,5,base,-1,0.446
2016-08-12,5,base,1,0.647
2016-08-15,5,base,1,0.647
2016-08-18,5,base,1,0.647
2016-08-19,5,base,-1,0.446
2016-08-22,5,base,-1,0.446
2016-08-23,5,base,-1,0.446
2016-08-24,5,base,1,0.647
2016-08-25,5,base,-1,0.446
2016-08-26,5,base,1,0.647
2016-08-29,5,base,-1,0.446
2016-08-30,5,base,1,0.647
2016-08-31,5,base,-1,0.446
2016-09-01,5,base,-1,0.446
2016-09-02,5,base,-1,0.446
2016-09-05,5,base,-1,0.446
2016-09-06,5,base,-1,0.446
2016-09-07,5,base,-1,0.446
2016-09-08,5,base,-1,0.446
2016-09-09,5,base,-1,0.446
2016-09-13,5,base,-1,0.446
2016-09-20,5,base,1,0.647
2016-09-22,5,base,-1,0.446
2016-09-23,5,base,-1,0.446
2016-09-26,5,base,1,0.647
2016-09-29,5,base,-1,0.446
2016-09-30,5,base,-1,0.446
2016-10-03,5,base,1,0.647
2016-10-04,5,base,-1,0.446
2016-10-05,5,base,1,0.647
2016-10-06,5,base,1,0.647
2016-10-07,5,base,1,0.647
2016-10-11,5,base,-1,0.446
2016-10-12,5,base,-1,0.446
2016-10-13,5,base,-1,0.446
2016-10-20,5,base,-1,0.446
2016-10-21,5,base,-1,0.446
2016-10-24,5,base,1,0.647
2016-10-25,5,base,-1,0.446
2016-10-26,5,base,1,0.647
2016-10-27,5,base,-1,0.446
2016-10-28,5,base,1,0.647
2016-10-31,5,base,-1,0.446
2016-11-01,5,base,-1,0.446
2016-11-09,5,base,1,0.75
2016-11-10,5,base,-1,0.446
2016-11-17,5,base,-1,0.446
2016-11-18,5,base,-1,0.446
2016-11-21,5,base,-1,0.446
2016-11-22,5,base,-1,0.446
2016-11-23,5,base,-1,0.446
2016-11-24,5,base,1,0.647
2016-11-25,5,base,1,0.647
2016-11-28,5,base,-1,0.446
2016-11-29,5,base,-1,0.446
2016-11-30,5,base,-1,0.446
2016-12-01,5,base,1,0.647
2016-12-02,5,base,-1,0.446
2016-12-05,5,base,-1,0.446
2016-12-06,5,base,-1,0.446
2016-12-07,5,base,-1,0.446
2016-12-08,5,base,-1,0.446
2016-12-09,5,base,1,0.647
2016-12-12,5,base,-1,0.446
2016-12-13,5,base,1,0.647
2016-12-14,5,base,-1,0.446
2016-12-15,5,base,-1,0.446
2016-12-22,5,base,-1,0.446
2016-12-23,5,base,-1,0.446
2016-12-26,5,base,1,0.647
2016-12-27,5,base,1,0.647
2016-12-28,5,base,-1,0.446
2016-12-29,5,base,-1,0.446
2016-12-30,5,base,-1,0.446
2017-01-05,5,base,-1,0.359
2017-01-09,5,base,-1,0.359
2017-01-12,5,base,-1,0.359
2017-01-16,5,base,-1,0.359
2017-01-17,5,base,-1,0.359
2017-01-23,5,base,-1,0.359
2017-02-02,5,base,-1,0.359
2017-02-03,5,base,-1,0.359
2017-02-06,5,base,-1,0.359
2017-02-08,5,base,-1,0.359
2017-02-09,5,base,-1,0.359
2017-02-10,5,base,-1,0.359
2017-02-14,5,base,-1,0.359
2017-02-15,5,base,-1,0.359
2017-02-16,5,base,-1,0.359
2017-02-20,5,base,-1,0.359
2017-02-23,5,base,-1,0.359
2017-03-01,5,base,-1,0.359
2017-03-02,5,base,-1,0.359
2017-03-08,5,base,-1,0.359
2017-03-09,5,base,-1,0.359
2017-03-10,5,base,-1,0.359
2017-03-16,5,base,-1,0.359
2017-03-17,5,base,-1,0.359
2017-03-21,5,base,-1,0.359
2017-03-22,5,base,-1,0.359
2017-03-27,5,base,-1,0.359
2017-03-28,5,base,-1,0.359
2017-03-29,5,base,-1,0.359
2017-03-31,5,base,-1,0.359
2017-04-05,5,base,-1,0.359
2017-04-06,5,base,-1,0.359
2017-04-07,5,base,-1,0.359
2017-04-11,5,base,-1,0.359
2017-04-25,5,base,-1,0.359
2017-05-05,5,base,-1,0.359
2017-05-08,5,base,-1,0.359
2017-05-09,5,base,-1,0.359
2017-05-15,5,base,-1,0.359
2017-05-16,5,base,-1,0.359
2017-05-17,5,base,-1,0.359
2017-05-31,5,base,-1,0.359
2017-06-05,5,base,-1,0.359
2017-06-07,5,base,-1,0.359
2017-06-09,5,base,-1,0.359
2017-06-14,5,base,-1,0.359
2017-06-16,5,base,-1,0.359
2017-06-19,5,base,-1,0.359
2017-06-20,5,base,-1,0.359
2017-06-21,5,base,-1,0.359
2017-06-26,5,base,-1,0.359
2017-06-28,5,base,-1,0.359
2017-06-29,5,base,-1,0.359
2017-06-30,5,base,-1,0.359
2017-07-04,5,base,-1,0.359
2017-07-05,5,base,-1,0.359
2017-07-11,5,base,-1,0.359
2017-07-13,5,base,-1,0.359
2017-07-19,5,base,-1,0.359
2017-07-26,5,base,-1,0.359
2017-07-27,5,base,-1,0.359
2017-07-28,5,base,-1,0.359
2017-07-31,5,base,-1,0.359
2017-08-01,5,base,-1,0.359
2017-08-07,5,base,-1,0.359
2017-08-08,5,base,-1,0.359
2017-08-09,5,base,-1,0.359
2017-08-10,5,base,-1,0.359
2017-08-11,5,base,1,0.692
2017-08-15,5,base,-1,0.359
2017-08-16,5,base,-1,0.359
2017-08-17,5,base,-1,0.359
2017-08-23,5,base,-1,0.359
2017-08-24,5,base,-1,0.359
2017-08-30,5,base,-1,0.359
2017-09-06,5,base,-1,0.359
2017-09-07,5,base,-1,0.359
2017-09-08,5,base,-1,0.359
2017-09-11,5,base,-1,0.359
2017-09-12,5,base,-1,0.359
2017-09-13,5,base,-1,0.359
2017-09-14,5,base,-1,0.359
2017-09-15,5,base,-1,0.359
2017-09-18,5,base,-1,0.359
2017-09-19,5,base,-1,0.359
2017-09-20,5,base,-1,0.359
2017-09-21,5,base,-1,0.359
2017-09-22,5,base,-1,0.359
2017-09-25,5,base,-1,0.359
2017-09-26,5,base,-1,0.359
2017-09-28,5,base,-1,0.359
2017-09-29,5,base,-1,0.359
2017-10-02,5,base,-1,0.359
2017-10-11,5,base,-1,0.359
2017-10-17,5,base,-1,0.359
2017-10-18,5,base,-1,0.359
2017-10-23,5,base,-1,0.359
2017-10-27,5,base,-1,0.359
2017-10-30,5,base,-1,0.359
2017-10-31,5,base,-1,0.359
2017-11-03,5,base,-1,0.359
2017-11-06,5,base,-1,0.359
2017-11-09,5,base,-1,0.359
2017-11-10,5,base,-1,0.359
2017-11-13,5,base,-1,0.359
2017-11-14,5,base,-1,0.359
2017-11-15,5,base,-1,0.359
2017-11-20,5,base,-1,0.359
2017-11-21,5,base,-1,0.359
2017-11-22,5,base,-1,0.359
2017-11-23,5,base,-1,0.359
2017-11-27,5,base,-1,0.359
2017-11-29,5,base,-1,0.359
2017-11-30,5,base,-1,0.359
2017-12-01,5,base,-1,0.359
2017-12-04,5,base,-1,0.359
2017-12-05,5,base,-1,0.359
2017-12-07,5,base,-1,0.359
2017-12-19,5,base,-1,0.359
2017-12-26,5,base,-1,0.359
2017-12-28,5,base,-1,0.359
2017-12-29,5,base,-1,0.359
2018-01-02,5,base,-1,0.43
2018-01-03,5,base,-1,0.43
2018-01-04,5,base,-1,0.43
2018-01-05,5,base,-1,0.43
2018-01-08,5,base,-1,0.43
2018-01-09,5,base,-1,0.43
2018-01-10,5,base,-1,0.43
2018-01-11,5,base,-1,0.43
2018-01-12,5,base,-1,0.43
2018-01-15,5,base,-1,0.43
2018-01-16,5,base,-1,0.43
2018-01-17,5,base,-1,0.43
2018-01-18,5,base,-1,0.43
2018-01-19,5,base,-1,0.43
2018-01-22,5,base,-1,0.43
2018-01-23,5,base,-1,0.43
2018-01-24,5,base,-1,0.43
2018-01-25,5,base,-1,0.43
2018-01-26,5,base,-1,0.43
2018-01-29,5,base,-1,0.43
2018-01-30,5,base,-1,0.43
2018-01-31,5,base,-1,0.43
2018-02-01,5,base,-1,0.43
2018-02-02,5,base,-1,0.43
2018-02-09,5,base,1,0.714
2018-02-27,5,base,1,0.779
2018-03-12,5,base,1,0.779
2018-03-13,5,base,1,0.779
2018-04-19,5,base,1,0.714
2018-04-20,5,base,1,0.714
2018-05-03,5,base,1,0.779
2018-05-04,5,base,1,0.779
2018-05-07,5,base,-1,0.43
2018-05-08,5,base,-1,0.43
2018-05-09,5,base,-1,0.43
2018-05-10,5,base,-1,0.43
2018-05-11,5,base,-1,0.43
2018-05-14,5,base,-1,0.43
2018-05-15,5,base,-1,0.43
2018-05-16,5,base,-1,0.43
2018-05-17,5,base,-1,0.43
2018-05-18,5,base,-1,0.43
2018-05-21,5,base,-1,0.43
2018-05-22,5,base,-1,0.43
2018-05-23,5,base,-1,0.43
2018-05-24,5,base,-1,0.43
2018-05-25,5,base,-1,0.43
2018-05-28,5,base,1,0.639
2018-05-29,5,base,-1,0.43
2018-05-31,5,base,1,0.714
2018-06-01,5,base,1,0.714
2018-06-04,5,base,-1,0.43
2018-06-05,5,base,-1,0.43
2018-06-06,5,base,-1,0.43
2018-06-07,5,base,-1,0.43
2018-06-08,5,base,-1,0.43
2018-06-11,5,base,-1,0.43
2018-06-12,5,base,-1,0.43
2018-06-13,5,base,-1,0.43
2018-06-14,5,base,-1,0.43
2018-06-15,5,base,-1,0.43
2018-06-19,5,base,-1,0.43
2018-06-20,5,base,-1,0.43
2018-06-21,5,base,-1,0.43
2018-06-22,5,base,-1,0.43
2018-06-25,5,base,-1,0.43
2018-07-03,5,base,1,0.779
2018-07-06,5,base,1,0.779
2018-07-09,5,base,1,0.779
2018-07-10,5,base,1,0.779
2018-07-11,5,base,1,0.779
2018-07-12,5,base,1,0.779
2018-07-13,5,base,1,0.779
2018-07-16,5,base,-1,0.43
2018-07-17,5,base,-1,0.43
2018-07-18,5,base,-1,0.43
2018-07-19,5,base,-1,0.43
2018-07-20,5,base,-1,0.43
2018-07-23,5,base,-1,0.43
2018-07-24,5,base,-1,0.43
2018-07-25,5,base,1,0.639
2018-07-26,5,base,-1,0.43
2018-07-27,5,base,-1,0.43
2018-07-30,5,base,-1,0.43
2018-07-31,5,base,-1,0.43
2018-08-01,5,base,1,0.639
2018-08-02,5,base,-1,0.43
2018-08-03,5,base,-1,0.43
2018-08-06,5,base,-1,0.43
2018-08-07,5,base,1,0.639
2018-08-08,5,base,-1,0.43
2018-08-09,5,base,-1,0.43
2018-08-10,5,base,-1,0.43
2018-08-13,5,base,-1,0.43
2018-08-14,5,base,-1,0.43
2018-08-15,5,base,-1,0.43
2018-08-16,5,base,-1,0.43
2018-08-17,5,base,-1,0.43
2018-08-20,5,base,-1,0.43
2018-08-21,5,base,-1,0.43
2018-08-22,5,base,-1,0.43
2018-08-23,5,base,-1,0.43
2018-08-24,5,base,-1,0.43
2018-08-27,5,base,-1,0.43
2018-08-28,5,base,-1,0.43
2018-08-29,5,base,-1,0.43
2018-08-30,5,base,-1,0.43
2018-08-31,5,base,-1,0.43
2018-09-03,5,base,-1,0.43
2018-09-04,5,base,-1,0.43
2018-09-05,5,base,-1,0.43
2018-09-06,5,base,-1,0.43
2018-09-07,5,base,-1,0.43
2018-09-10,5,base,-1,0.43
2018-09-11,5,base,-1,0.43
2018-09-12,5,base,-1,0.43
2018-09-13,5,base,-1,0.43
2018-09-14,5,base,-1,0.43
2018-09-17,5,base,-1,0.43
2018-09-18,5,base,-1,0.43
2018-09-19,5,base,-1,0.43
2018-09-20,5,base,-1,0.43
2018-09-21,5,base,-1,0.43
2018-09-25,5,base,-1,0.43
2018-09-26,5,base,-1,0.43
2018-09-27,5,base,-1,0.43
2018-09-28,5,base,-1,0.43
2018-10-01,5,base,1,0.639
2018-10-02,5,base,-1,0.43
2018-10-03,5,base,-1,0.43
2018-10-04,5,base,-1,0.43
2018-10-05,5,base,-1,0.43
2018-10-08,5,base,-1,0.43
2018-10-09,5,base,1,0.714
2018-10-11,5,base,1,0.714
2018-10-12,5,base,1,0.714
2018-10-15,5,base,1,0.714
2018-10-16,5,base,1,0.714
2018-10-17,5,base,1,0.714
2018-10-18,5,base,1,0.714
2018-10-19,5,base,1,0.714
2018-11-30,5,base,1,0.714
2018-12-03,5,base,1,0.714
2018-12-04,5,base,1,0.714
2018-12-05,5,base,1,0.714
2018-12-06,5,base,1,0.714
2018-12-07,5,base,1,0.714
2019-01-25,5,base,1,0.676
2019-01-28,5,base,1,0.676
2019-01-29,5,base,1,0.676
2019-01-30,5,base,1,0.676
2019-02-11,5,base,1,0.676
2019-02-21,5,base,-1,0.437
2019-02-22,5,base,-1,0.437
2019-03-04,5,base,-1,0.437
2019-03-12,5,base,-1,0.437
2019-03-14,5,base,-1,0.437
2019-03-15,5,base,-1,0.437
2019-03-18,5,base,-1,0.437
2019-03-20,5,base,-1,0.437
2019-03-21,5,base,-1,0.437
2019-03-22,5,base,-1,0.437
2019-03-29,5,base,-1,0.437
2019-04-01,5,base,-1,0.437
2019-04-03,5,base,-1,0.437
2019-04-09,5,base,-1,0.437
2019-04-10,5,base,-1,0.437
2019-04-11,5,base,-1,0.437
2019-04-12,5,base,-1,0.437
2019-04-16,5,base,-1,0.437
2019-04-17,5,base,-1,0.437
2019-04-18,5,base,-1,0.437
2019-04-19,5,base,-1,0.437
2019-04-22,5,base,-1,0.437
2019-04-23,5,base,-1,0.437
2019-04-24,5,base,-1,0.437
2019-04-26,5,base,-1,0.437
2019-04-29,5,base,-1,0.437
2019-04-30,5,base,-1,0.437
2019-05-03,5,base,-1,0.437
2019-05-06,5,base,-1,0.437
2019-05-17,5,base,1,0.777
2019-05-20,5,base,1,0.777
2019-05-22,5,base,1,0.777
2019-05-23,5,base,1,0.777
2019-05-27,5,base,1,0.777
2019-05-28,5,base,1,0.777
2019-06-06,5,base,1,0.777
2019-06-11,5,base,1,0.777
2019-06-12,5,base,1,0.777
2019-06-20,5,base,-1,0.437
2019-07-03,5,base,-1,0.437
2019-07-05,5,base,-1,0.437
2019-07-08,5,base,-1,0.437
2019-07-09,5,base,-1,0.437
2019-07-10,5,base,-1,0.437
2019-07-11,5,base,-1,0.437
2019-07-15,5,base,-1,0.437
2019-07-17,5,base,-1,0.437
2019-07-19,5,base,-1,0.437
2019-07-23,5,base,-1,0.437
2019-07-24,5,base,-1,0.437
2019-07-25,5,base,-1,0.437
2019-07-30,5,base,-1,0.437
2019-07-31,5,base,-1,0.437
2019-08-22,5,base,1,0.777
2019-09-12,5,base,-1,0.437
2019-09-16,5,base,-1,0.437
2019-09-18,5,base,-1,0.437
2019-09-19,5,base,-1,0.437
2019-10-16,5,base,-1,0.437
2019-10-17,5,base,-1,0.437
2019-10-18,5,base,-1,0.437
2019-10-22,5,base,-1,0.437
2019-10-23,5,base,-1,0.437
2019-10-24,5,base,-1,0.437
2019-10-25,5,base,-1,0.437
2019-10-29,5,base,-1,0.437
2019-10-30,5,base,-1,0.437
2019-10-31,5,base,-1,0.437
2019-11-01,5,base,-1,0.437
2019-11-04,5,base,-1,0.437
2019-11-05,5,base,-1,0.437
2019-11-06,5,base,-1,0.437
2019-11-07,5,base,-1,0.437
2019-11-08,5,base,-1,0.437
2019-11-11,5,base,-1,0.437
2019-11-12,5,base,-1,0.437
2019-11-13,5,base,-1,0.437
2019-11-14,5,base,-1,0.437
2019-11-15,5,base,-1,0.437
2019-11-18,5,base,-1,0.437
2019-11-19,5,base,-1,0.437
2019-11-20,5,base,-1,0.437
2019-11-21,5,base,-1,0.437
2019-11-26,5,base,-1,0.437
2019-11-27,5,base,-1,0.437
2019-11-29,5,base,-1,0.437
2019-12-02,5,base,-1,0.437
2019-12-06,5,base,-1,0.437
2019-12-13,5,base,-1,0.437
2019-12-16,5,base,-1,0.437
2019-12-17,5,base,-1,0.437
2019-12-18,5,base,-1,0.437
2019-12-19,5,base,-1,0.437
2019-12-20,5,base,-1,0.437
2019-12-23,5,base,-1,0.437
2019-12-25,5,base,-1,0.437
2019-12-27,5,base,-1,0.437
2019-12-30,5,base,-1,0.437
2020-01-02,5,base,-1,0.458
2020-01-03,5,base,-1,0.458
2020-01-06,5,base,-1,0.458
2020-01-07,5,base,-1,0.458
2020-01-08,5,base,-1,0.458
2020-01-09,5,base,-1,0.458
2020-01-10,5,base,-1,0.458
2020-01-13,5,base,-1,0.458
2020-01-15,5,base,-1,0.458
2020-01-16,5,base,-1,0.458
2020-01-17,5,base,-1,0.458
2020-02-13,5,base,-1,0.458
2020-02-18,5,base,1,0.775
2020-02-19,5,base,1,0.775
2020-02-20,5,base,1,0.775
2020-02-21,5,base,1,0.775
2021-01-04,5,base,1,0.766
2021-01-05,5,base,1,0.766
2021-01-06,5,base,1,0.766
2021-01-07,5,base,1,0.766
2021-01-08,5,base,1,0.766
2021-01-11,5,base,1,0.766
2021-01-12,5,base,1,0.766
2021-01-13,5,base,1,0.766
2021-01-14,5,base,1,0.766
2021-01-15,5,base,1,0.766
2021-01-18,5,base,1,0.766
2021-01-19,5,base,1,0.766
2021-01-20,5,base,1,0.766
2021-01-21,5,base,1,0.766
2021-01-22,5,base,1,0.766
2021-01-25,5,base,1,0.766
2021-01-26,5,base,-1,0.474
2021-01-27,5,base,-1,0.474
2021-01-28,5,base,-1,0.474
2021-01-29,5,base,-1,0.474
2021-02-01,5,base,-1,0.474
2021-02-02,5,base,-1,0.474
2021-02-03,5,base,-1,0.474
2021-02-04,5,base,-1,0.474
2021-02-05,5,base,-1,0.474
2021-02-18,5,base,-1,0.474
2021-02-19,5,base,-1,0.474
2021-02-22,5,base,-1,0.474
2021-02-23,5,base,-1,0.474
2021-02-24,5,base,-1,0.474
2021-02-25,5,base,-1,0.474
2021-02-26,5,base,-1,0.474
2021-03-02,5,base,-1,0.474
2021-03-03,5,base,-1,0.474
2021-03-04,5,base,-1,0.474
2021-03-05,5,base,-1,0.474
2021-03-08,5,base,-1,0.474
2021-03-09,5,base,-1,0.474
2021-03-10,5,base,-1,0.474
2021-03-11,5,base,-1,0.474
2021-03-12,5,base,-1,0.474
2021-03-15,5,base,-1,0.474
2021-03-16,5,base,-1,0.474
2021-03-17,5,base,-1,0.474
2021-03-18,5,base,-1,0.474
2021-03-19,5,base,-1,0.474
2021-03-22,5,base,-1,0.474
2021-03-23,5,base,-1,0.474
2021-03-24,5,base,-1,0.474
2021-03-25,5,base,-1,0.474
2021-03-26,5,base,-1,0.474
2021-03-29,5,base,1,0.766
2021-03-30,5,base,1,0.766
2021-03-31,5,base,1,0.766
2021-04-13,5,base,-1,0.441
2021-04-14,5,base,-1,0.441
2021-05-03,5,base,1,0.766
2021-05-05,5,base,1,0.766
2021-05-06,5,base,1,0.766
2021-05-11,5,base,-1,0.474
2021-05-12,5,base,-1,0.474
2021-05-13,5,base,-1,0.474
2021-05-25,5,base,-1,0.441
2021-05-27,5,base,-1,0.441
2021-05-28,5,base,-1,0.441
2021-06-21,5,base,1,0.766
2021-07-02,5,base,-1,0.441
2021-07-12,5,base,-1,0.441
2021-07-13,5,base,-1,0.441
2021-08-03,5,base,1,0.766
2021-09-17,5,base,1,0.766
2021-09-22,5,base,1,0.766
2021-09-23,5,base,1,0.766
2021-09-24,5,base,1,0.766
2021-09-28,5,base,1,0.766
2021-09-29,5,base,1,0.766
2021-09-30,5,base,1,0.766
2021-10-05,5,base,1,0.766
2021-10-06,5,base,1,0.766
2021-10-21,5,base,-1,0.441
2021-10-22,5,base,-1,0.441
2021-10-25,5,base,-1,0.441
2021-10-26,5,base,-1,0.441
2021-10-27,5,base,-1,0.441
2021-10-29,5,base,-1,0.441
2022-01-06,5,base,1,0.701
2022-01-07,5,base,1,0.701
2022-01-11,5,base,1,0.701
2022-01-14,5,base,1,0.701
2022-01-17,5,base,1,0.701
2022-01-18,5,base,1,0.701
2022-01-19,5,base,1,0.701
2022-01-20,5,base,1,0.701
2022-01-21,5,base,1,0.701
2022-01-24,5,base,1,0.701
2022-01-25,5,base,1,0.701
2022-01-26,5,base,1,0.701
2022-02-09,5,base,1,0.81
2022-02-10,5,base,1,0.81
2022-02-11,5,base,1,0.81
2022-02-14,5,base,1,0.81
2022-02-15,5,base,1,0.81
2022-02-16,5,base,1,0.81
2022-02-17,5,base,1,0.81
2022-02-18,5,base,1,0.81
2022-02-21,5,base,1,0.81
2022-02-24,5,base,1,0.81
2022-02-25,5,base,1,0.81
2022-03-01,5,base,1,0.81
2022-03-02,5,base,1,0.81
2022-03-03,5,base,1,0.81
2022-03-04,5,base,1,0.81
2022-03-08,5,base,1,0.81
2022-03-09,5,base,1,0.81
2022-03-10,5,base,1,0.81
2022-03-11,5,base,1,0.81
2022-03-14,5,base,1,0.81
2022-03-15,5,base,1,0.81
2022-03-16,5,base,1,0.81
2022-03-17,5,base,1,0.81
2022-03-18,5,base,1,0.81
2022-03-25,5,base,1,0.81
2022-03-28,5,base,1,0.81
2022-03-29,5,base,1,0.81
2022-03-30,5,base,1,0.81
2022-03-31,5,base,1,0.81
2022-04-08,5,base,1,0.81
2022-04-11,5,base,1,0.81
2022-04-12,5,base,1,0.81
2022-04-13,5,base,1,0.81
2022-04-18,5,base,1,0.701
2022-04-19,5,base,1,0.701
2022-04-20,5,base,1,0.701
2022-04-21,5,base,1,0.701
2022-04-22,5,base,1,0.81
2022-04-25,5,base,1,0.81
2022-04-26,5,base,1,0.81
2022-04-28,5,base,1,0.81
2022-04-29,5,base,1,0.81
2022-05-03,5,base,1,0.81
2022-05-04,5,base,1,0.81
2022-05-05,5,base,1,0.81
2022-05-11,5,base,1,0.81
2022-05-12,5,base,1,0.81
2022-05-13,5,base,1,0.81
2022-05-16,5,base,1,0.81
2022-05-17,5,base,1,0.81
2022-05-20,5,base,1,0.81
2022-06-22,5,base,1,0.81
2022-06-23,5,base,1,0.81
2022-06-24,5,base,1,0.81
2022-07-04,5,base,1,0.81
2022-07-05,5,base,1,0.81
2022-07-06,5,base,1,0.81
2022-07-07,5,base,1,0.81
2022-07-08,5,base,1,0.81
2022-07-11,5,base,1,0.81
2022-07-13,5,base,1,0.81
2022-08-10,5,base,1,0.701
2022-08-11,5,base,1,0.701
2022-08-12,5,base,1,0.701
2022-08-15,5,base,1,0.701
2022-08-16,5,base,1,0.701
2022-08-17,5,base,1,0.701
2022-08-18,5,base,1,0.701
2022-08-19,5,base,1,0.701
2022-08-22,5,base,1,0.701
2022-08-23,5,base,1,0.701
2022-08-24,5,base,1,0.701
2022-08-25,5,base,1,0.701
2022-08-26,5,base,1,0.701
2022-08-30,5,base,1,0.81
2022-09-08,5,base,1,0.81
2022-09-12,5,base,1,0.81
2022-09-13,5,base,1,0.81
2022-09-15,5,base,1,0.81
2022-09-16,5,base,1,0.81
2022-09-28,5,base,1,0.81
2022-09-29,5,base,1,0.81
2022-09-30,5,base,1,0.81
2022-10-03,5,base,1,0.81
2022-10-04,5,base,1,0.81
2022-10-12,5,base,1,0.81
2022-10-13,5,base,1,0.81
2022-10-14,5,base,1,0.81
2022-10-17,5,base,1,0.81
2022-10-18,5,base,1,0.81
2022-10-19,5,base,1,0.81
2022-10-21,5,base,1,0.81
2022-10-24,5,base,1,0.81
2022-10-26,5,base,1,0.81
2022-12-13,5,base,1,0.701
2022-12-14,5,base,1,0.701
2022-12-15,5,base,1,0.701
2023-02-10,5,base,-1,0.369
2023-02-13,5,base,-1,0.369
2023-03-06,5,base,-1,0.369
2023-03-14,5,base,-1,0.369
2023-06-07,5,base,-1,0.382
2023-06-08,5,base,-1,0.382
2023-06-09,5,base,-1,0.382
2023-06-12,5,base,-1,0.382
2023-06-13,5,base,-1,0.382
2023-06-14,5,base,-1,0.382
2023-06-15,5,base,-1,0.382
2023-08-04,5,base,-1,0.369
2023-08-07,5,base,-1,0.369
2023-11-21,5,base,-1,0.382
2023-11-22,5,base,-1,0.382
2023-11-23,5,base,-1,0.382
2023-11-24,5,base,-1,0.382
2023-11-27,5,base,-1,0.382
2023-11-28,5,base,-1,0.382
2023-11-29,5,base,-1,0.382
2023-11-30,5,base,-1,0.382
2023-12-01,5,base,-1,0.382
2023-12-04,5,base,-1,0.382
2023-12-05,5,base,-1,0.382
2023-12-06,5,base,-1,0.382
2023-12-07,5,base,-1,0.382
2023-12-08,5,base,-1,0.369
2023-12-11,5,base,-1,0.382
2023-12-12,5,base,-1,0.382
2023-12-13,5,base,-1,0.382
2023-12-14,5,base,-1,0.382
2023-12-15,5,base,-1,0.382
2023-12-18,5,base,-1,0.382
2023-12-20,5,base,-1,0.382
2023-12-21,5,base,-1,0.382
2023-12-22,5,base,-1,0.382
2023-12-25,5,base,-1,0.382
2023-12-27,5,base,-1,0.382
2023-12-28,5,base,-1,0.382
2023-12-29,5,base,-1,0.382
2024-01-02,5,base,-1,0.491
2024-01-03,5,base,-1,0.491
2024-01-08,5,base,-1,0.372
2024-01-09,5,base,-1,0.491
2024-01-10,5,base,-1,0.491
2024-01-11,5,base,-1,0.491
2024-01-12,5,base,-1,0.491
2024-01-15,5,base,-1,0.491
2024-01-16,5,base,-1,0.491
2024-01-17,5,base,-1,0.372
2024-01-24,5,base,-1,0.491
2024-01-25,5,base,-1,0.491
2024-01-26,5,base,-1,0.491
2024-01-29,5,base,-1,0.491
2024-01-30,5,base,-1,0.491
2024-01-31,5,base,-1,0.491
2024-02-02,5,base,-1,0.491
2024-02-05,5,base,-1,0.491
2024-02-26,5,base,-1,0.491
2024-02-27,5,base,-1,0.491
2024-02-29,5,base,-1,0.491
2024-03-01,5,base,-1,0.491
2024-03-04,5,base,-1,0.491
2024-03-05,5,base,-1,0.491
2024-03-13,5,base,-1,0.491
2024-03-14,5,base,-1,0.491
2024-03-20,5,base,-1,0.491
2024-03-27,5,base,-1,0.491
2024-03-28,5,base,-1,0.491
2024-03-29,5,base,-1,0.491
2024-04-01,5,base,-1,0.491
2024-04-02,5,base,-1,0.491
2024-04-11,5,base,-1,0.475
2024-04-17,5,base,-1,0.372
2024-04-19,5,base,-1,0.475
2024-05-06,5,base,1,0.68
2024-05-07,5,base,1,0.68
2024-05-08,5,base,1,0.68
2024-05-09,5,base,1,0.68
2024-05-10,5,base,1,0.68
2024-05-13,5,base,1,0.68
2024-05-14,5,base,-1,0.491
2024-05-15,5,base,-1,0.491
2024-05-16,5,base,-1,0.491
2024-05-17,5,base,-1,0.491
2024-05-20,5,base,-1,0.491
2024-05-21,5,base,-1,0.491
2024-05-22,5,base,-1,0.491
2024-05-23,5,base,-1,0.491
2024-05-24,5,base,-1,0.491
2024-05-27,5,base,-1,0.491
2024-05-28,5,base,-1,0.491
2024-05-29,5,base,-1,0.491
2024-05-31,5,base,-1,0.475
2024-06-03,5,base,-1,0.491
2024-06-04,5,base,-1,0.491
2024-06-05,5,base,-1,0.491
2024-06-06,5,base,-1,0.491
2024-06-07,5,base,-1,0.491
2024-06-11,5,base,-1,0.491
2024-06-12,5,base,-1,0.491
2024-06-13,5,base,-1,0.491
2024-06-14,5,base,-1,0.491
2024-06-17,5,base,-1,0.491
2024-06-18,5,base,-1,0.491
2024-06-19,5,base,-1,0.491
2024-06-20,5,base,-1,0.491
2024-06-21,5,base,-1,0.491
2024-06-24,5,base,-1,0.491
2024-06-25,5,base,-1,0.491
2024-06-26,5,base,-1,0.491
2024-06-27,5,base,-1,0.491
2024-06-28,5,base,-1,0.491
2024-07-01,5,base,-1,0.491
2024-07-02,5,base,-1,0.491
2024-07-03,5,base,-1,0.491
2024-07-04,5,base,-1,0.491
2024-07-05,5,base,-1,0.491
2024-07-08,5,base,-1,0.491
2024-07-09,5,base,-1,0.491
2024-07-10,5,base,-1,0.491
2024-07-11,5,base,-1,0.491
2024-07-12,5,base,-1,0.491
2024-07-15,5,base,-1,0.491
2024-07-16,5,base,-1,0.491
2024-07-17,5,base,1,0.68
2024-07-22,5,base,-1,0.475
2024-08-09,5,base,-1,0.475
2024-08-12,5,base,-1,0.475
2024-08-13,5,base,-1,0.475
2024-08-14,5,base,-1,0.475
2024-08-15,5,base,-1,0.475
2024-09-04,5,base,-1,0.475
2024-10-07,5,base,-1,0.372
2024-10-08,5,base,-1,0.372
2024-10-09,5,base,-1,0.372
2024-10-11,5,base,-1,0.372
2024-11-08,5,base,-1,0.372
2024-11-12,5,base,-1,0.372
2024-11-13,5,base,-1,0.372
2024-11-14,5,base,-1,0.372
2024-11-18,5,base,-1,0.372
2024-12-02,5,base,-1,0.491
2024-12-03,5,base,-1,0.491
2024-12-04,5,base,-1,0.491
2024-12-05,5,base,-1,0.491
2024-12-06,5,base,-1,0.491
2024-12-09,5,base,-1,0.491
2024-12-12,5,base,-1,0.491
2024-12-13,5,base,-1,0.491
2024-12-16,5,base,-1,0.491
2024-12-26,5,base,-1,0.475
2024-12-27,5,base,-1,0.475
2025-01-07,5,base,1,0.692
2025-01-15,5,base,-1,0.381
2025-01-16,5,base,1,0.692
2025-01-17,5,base,1,0.692
2025-01-20,5,base,1,0.692
2025-01-21,5,base,1,0.692
2025-01-22,5,base,1,0.692
2025-02-19,5,base,1,0.692
2025-02-20,5,base,1,0.692
2025-02-21,5,base,1,0.692
2025-03-18,5,base,1,0.692
2025-03-19,5,base,1,0.692
2025-03-20,5,base,1,0.692
2025-03-21,5,base,1,0.692
2025-03-25,5,base,1,0.692
2025-03-31,5,base,1,0.692
2025-04-02,5,base,1,0.692
2025-04-07,5,base,1,0.692
2025-04-15,5,base,1,0.692
2025-05-14,5,base,-1,0.381
2025-05-15,5,base,-1,0.381
2025-06-04,5,base,1,0.692
2025-06-05,5,base,1,0.692
2025-06-06,5,base,1,0.692
2025-06-09,5,base,1,0.692
2025-07-14,5,base,-1,0.381
2025-07-15,5,base,-1,0.381
2025-07-16,5,base,-1,0.381
2025-07-18,5,base,1,0.692
2025-07-21,5,base,1,0.692
2025-07-22,5,base,1,0.692
2025-07-23,5,base,1,0.692
2025-07-24,5,base,1,0.692
2025-07-29,5,base,1,0.692
2025-08-18,5,base,1,0.692
2025-09-10,5,base,1,0.692
2025-09-11,5,base,1,0.692
2025-10-16,5,base,1,0.692
2025-10-20,5,base,1,0.692
2025-11-05,5,base,-1,0.381
2025-11-06,5,base,-1,0.381
2025-11-20,5,base,1,0.692
2025-11-28,5,base,1,0.692
2025-12-23,5,base,1,0.692
2025-12-24,5,base,1,0.692
2025-12-26,5,base,1,0.692
2026-01-05,5,base,1,0.671
2026-01-06,5,base,1,0.671
2026-01-07,5,base,1,0.671
2026-01-08,5,base,1,0.671
2026-01-09,5,base,1,0.671
2026-01-12,5,base,1,0.671
2026-01-13,5,base,1,0.671
2026-01-14,5,base,1,0.671
2026-01-15,5,base,1,0.671
2026-01-16,5,base,1,0.671
2026-01-19,5,base,1,0.671
2026-01-20,5,base,1,0.671
2026-01-21,5,base,1,0.671
2026-01-22,5,base,1,0.671
2026-01-23,5,base,1,0.671
2026-01-26,5,base,1,0.671
2026-01-27,5,base,1,0.671
2026-01-30,5,base,1,0.736
2026-02-02,5,base,1,0.736
2026-02-05,5,base,1,0.736
2026-02-06,5,base,1,0.736
2026-03-03,5,base,1,0.736
2026-03-04,5,base,1,0.736
2026-03-05,5,base,1,0.736
2026-03-06,5,base,1,0.736
2026-03-09,5,base,-1,0.455
2026-03-10,5,base,1,0.736
2026-03-11,5,base,1,0.736
2026-03-12,5,base,1,0.736
2026-03-13,5,base,1,0.736
2026-03-16,5,base,1,0.736
2026-03-17,5,base,1,0.736
2026-03-18,5,base,1,0.736
2026-03-19,5,base,1,0.736
2026-03-20,5,base,1,0.736
2026-03-23,5,base,1,0.676
2026-03-24,5,base,1,0.676
2026-03-25,5,base,1,0.736
2026-03-26,5,base,1,0.736
2026-03-27,5,base,1,0.676
2026-03-30,5,base,1,0.676
2026-03-31,5,base,1,0.676
2026-04-01,5,base,1,0.736
2026-04-02,5,base,1,0.676
2026-04-07,5,base,1,0.736
2026-04-14,5,base,1,0.671
2026-04-15,5,base,1,0.671
2026-04-16,5,base,1,0.671
2026-04-17,5,base,1,0.671
2026-04-20,5,base,1,0.671
2026-04-21,5,base,1,0.671
2026-04-22,5,base,1,0.671
2026-04-23,5,base,1,0.671
2026-04-24,5,base,1,0.671
2026-04-27,5,base,1,0.671
2026-04-28,5,base,1,0.671
2026-04-29,5,base,1,0.671
2026-04-30,5,base,1,0.671
2026-05-04,5,base,1,0.671
2026-05-07,5,base,1,0.671
2026-05-08,5,base,1,0.671
2026-05-11,5,base,1,0.671
2026-05-12,5,base,1,0.671
2026-05-13,5,base,1,0.671
2026-05-14,5,base,1,0.671
2026-05-15,5,base,1,0.671
2026-05-18,5,base,1,0.736
2026-05-19,5,base,1,0.736
2026-05-20,5,base,1,0.736
2026-05-27,5,base,1,0.671
2026-05-28,5,base,1,0.671
2026-05-29,5,base,1,0.671
2026-06-01,5,base,1,0.671
2026-06-02,5,base,1,0.671
2026-06-03,5,base,1,0.671
2026-06-04,5,base,1,0.671
2026-06-05,5,base,1,0.736
2026-06-08,5,base,1,0.736
2026-06-09,5,base,1,0.736
2026-06-10,5,base,1,0.736
2026-06-11,5,base,1,0.736
2026-06-12,5,base,1,0.736
2026-06-15,5,base,1,0.736
2026-06-24,5,base,1,0.736
2026-06-25,5,base,1,0.736
2026-06-26,5,base,1,0.736
2026-06-29,5,base,1,0.736
2026-06-30,5,base,1,0.736
2026-07-06,5,base,1,0.736
2026-07-07,5,base,1,0.736
2026-07-08,5,base,1,0.736
2026-07-09,5,base,1,0.736
2026-07-13,5,base,1,0.676
2026-07-14,5,base,1,0.676
2026-07-15,5,base,1,0.676
2026-07-16,5,base,1,0.676
2026-07-17,5,base,1,0.676
2026-07-20,5,base,1,0.676
2026-07-21,5,base,1,0.736
2026-07-22,5,base,1,0.736
2026-07-23,5,base,1,0.736
2026-07-24,5,base,1,0.676
2026-07-27,5,base,1,0.676
2026-07-28,5,base,1,0.676
2026-07-29,5,base,1,0.676
2026-07-30,5,base,1,0.676
2026-07-31,5,base,1,0.736
2026-08-03,5,base,1,0.736
2026-08-04,5,base,1,0.736
2026-08-05,5,base,1,0.736
2026-08-06,5,base,1,0.736
2026-08-07,5,base,1,0.736
2026-08-19,5,base,1,0.736
2026-08-20,5,base,1,0.736
2026-08-24,5,base,1,0.736
2026-09-01,5,base,1,0.671
2026-09-02,5,base,1,0.671
2026-09-03,5,base,1,0.736
2026-09-04,5,base,1,0.671
2026-09-11,5,base,1,0.736
2020-01-02,1,night,1,0.83
2020-01-03,1,night,-1,0.202
2020-01-06,1,night,1,0.651
2020-01-07,1,night,1,0.83
2020-01-08,1,night,1,0.83
2020-01-09,1,night,1,0.651
2020-01-13,1,night,1,0.83
2020-01-14,1,night,-1,0.484
2020-01-15,1,night,-1,0.484
2020-01-16,1,night,1,0.83
2020-01-17,1,night,1,0.651
2020-01-20,1,night,-1,0.484
2020-01-30,1,night,1,0.83
2020-01-31,1,night,-1,0.202
2020-02-03,1,night,1,0.651
2020-02-04,1,night,1,0.83
2020-02-05,1,night,1,0.83
2020-02-06,1,night,-1,0.202
2020-02-07,1,night,-1,0.202
2020-02-10,1,night,1,0.651
2020-02-11,1,night,1,0.651
2020-02-12,1,night,1,0.83
2020-02-13,1,night,-1,0.484
2020-02-14,1,night,-1,0.202
2020-02-17,1,night,-1,0.484
2020-02-18,1,night,-1,0.484
2020-02-19,1,night,1,0.651
2020-02-20,1,night,-1,0.202
2020-02-21,1,night,-1,0.202
2020-02-24,1,night,-1,0.202
2020-02-25,1,night,-1,0.202
2020-02-27,1,night,-1,0.202
2020-03-02,1,night,1,0.83
2020-03-03,1,night,-1,0.202
2020-03-04,1,night,1,0.83
2020-03-05,1,night,-1,0.202
2020-03-06,1,night,-1,0.202
2020-03-09,1,night,-1,0.202
2020-03-10,1,night,1,0.83
2020-03-11,1,night,-1,0.202
2020-03-12,1,night,-1,0.202
2020-03-13,1,night,1,0.83
2020-03-16,1,night,-1,0.202
2020-03-17,1,night,1,0.83
2020-03-18,1,night,-1,0.202
2020-03-19,1,night,1,0.83
2020-03-20,1,night,-1,0.202
2020-03-23,1,night,1,0.83
2020-03-24,1,night,1,0.83
2020-03-25,1,night,1,0.83
2020-03-26,1,night,1,0.83
2020-03-27,1,night,-1,0.202
2020-03-30,1,night,1,0.83
2020-04-01,1,night,-1,0.202
2020-04-06,1,night,1,0.83
2020-04-08,1,night,1,0.651
2020-04-09,1,night,-1,0.202
2020-04-13,1,night,1,0.83
2020-04-14,1,night,1,0.83
2020-04-15,1,night,-1,0.202
2020-04-16,1,night,1,0.83
2020-04-17,1,night,-1,0.202
2020-04-20,1,night,-1,0.202
2020-04-21,1,night,-1,0.202
2020-04-22,1,night,1,0.83
2020-04-24,1,night,1,0.83
2020-04-27,1,night,1,0.83
2020-04-28,1,night,1,0.651
2020-04-29,1,night,1,0.83
2020-04-30,1,night,-1,0.202
2020-05-04,1,night,1,0.83
2020-05-05,1,night,-1,0.202
2020-05-06,1,night,-1,0.202
2020-05-07,1,night,1,0.651
2020-05-08,1,night,1,0.83
2020-05-11,1,night,-1,0.202
2020-05-12,1,night,-1,0.202
2020-05-13,1,night,-1,0.202
2020-05-14,1,night,1,0.83
2020-05-15,1,night,-1,0.202
2020-05-18,1,night,1,0.83
2020-05-20,1,night,1,0.83
2020-05-21,1,night,-1,0.202
2020-05-22,1,night,1,0.83
2020-05-25,1,night,1,0.83
2020-05-26,1,night,-1,0.484
2020-05-27,1,night,1,0.83
2020-05-28,1,night,-1,0.484
2020-05-29,1,night,1,0.83
2020-06-01,1,night,1,0.651
2020-06-02,1,night,1,0.83
2020-06-03,1,night,1,0.83
2020-06-04,1,night,1,0.651
2020-06-05,1,night,1,0.83
2020-06-08,1,night,1,0.83
2020-06-09,1,night,-1,0.484
2020-06-10,1,night,-1,0.484
2020-06-11,1,night,-1,0.202
2020-06-12,1,night,1,0.83
2020-06-15,1,night,1,0.83
2020-06-16,1,night,-1,0.484
2020-06-17,1,night,1,0.83
2020-06-18,1,night,1,0.651
2020-06-19,1,night,-1,0.202
2020-06-22,1,night,1,0.83
2020-06-23,1,night,1,0.83
2020-06-24,1,night,-1,0.202
2020-06-29,1,night,1,0.83
2020-06-30,1,night,1,0.651
2020-07-01,1,night,1,0.83
2020-07-02,1,night,1,0.83
2020-07-03,1,night,1,0.83
2020-07-06,1,night,1,0.83
2020-07-07,1,night,-1,0.202
2020-07-08,1,night,1,0.83
2020-07-09,1,night,1,0.83
2020-07-10,1,night,1,0.83
2020-07-13,1,night,-1,0.202
2020-07-14,1,night,1,0.83
2020-07-15,1,night,1,0.651
2020-07-16,1,night,1,0.651
2020-07-17,1,night,1,0.651
2020-07-20,1,night,1,0.83
2020-07-21,1,night,-1,0.484
2020-07-22,1,night,-1,0.484
2020-07-23,1,night,-1,0.202
2020-07-24,1,night,1,0.83
2020-07-27,1,night,1,0.83
2020-07-28,1,night,-1,0.202
2020-07-29,1,night,1,0.83
2020-07-30,1,night,-1,0.484
2020-07-31,1,night,-1,0.484
2020-08-03,1,night,1,0.83
2020-08-04,1,night,1,0.83
2020-08-05,1,night,1,0.83
2020-08-06,1,night,1,0.651
2020-08-07,1,night,1,0.651
2020-08-10,1,night,-1,0.202
2020-08-11,1,night,-1,0.202
2020-08-12,1,night,1,0.83
2020-08-13,1,night,-1,0.484
2020-08-14,1,night,-1,0.202
2020-08-17,1,night,1,0.651
2020-08-18,1,night,1,0.651
2020-08-19,1,night,-1,0.202
2020-08-20,1,night,1,0.83
2020-08-21,1,night,-1,0.484
2020-08-24,1,night,1,0.651
2020-08-25,1,night,-1,0.484
2020-08-26,1,night,1,0.83
2020-08-27,1,night,-1,0.202
2020-08-28,1,night,1,0.83
2020-08-31,1,night,-1,0.202
2020-09-01,1,night,1,0.83
2020-09-02,1,night,1,0.83
2020-09-03,1,night,-1,0.202
2020-09-04,1,night,-1,0.484
2020-09-07,1,night,1,0.83
2020-09-08,1,night,-1,0.202
2020-09-09,1,night,1,0.83
2020-09-10,1,night,-1,0.202
2020-09-11,1,night,-1,0.202
2020-09-14,1,night,1,0.651
2020-09-15,1,night,1,0.83
2020-09-16,1,night,-1,0.484
2020-09-17,1,night,1,0.651
2020-09-18,1,night,-1,0.202
2020-09-21,1,night,-1,0.202
2020-09-22,1,night,1,0.83
2020-09-23,1,night,-1,0.202
2020-09-24,1,night,1,0.83
2020-09-25,1,night,1,0.83
2020-09-28,1,night,1,0.83
2020-09-29,1,night,1,0.651
2020-09-30,1,night,1,0.83
2020-10-05,1,night,1,0.83
2020-10-06,1,night,-1,0.202
2020-10-07,1,night,1,0.83
2020-10-08,1,night,-1,0.484
2020-10-12,1,night,1,0.83
2020-10-13,1,night,-1,0.484
2020-10-14,1,night,-1,0.202
2020-10-15,1,night,-1,0.484
2020-10-16,1,night,-1,0.484
2020-10-19,1,night,-1,0.202
2020-10-20,1,night,1,0.651
2020-10-21,1,night,-1,0.484
2020-10-22,1,night,1,0.651
2020-10-23,1,night,1,0.651
2020-10-26,1,night,-1,0.202
2020-10-27,1,night,-1,0.484
2020-10-28,1,night,-1,0.202
2020-10-29,1,night,-1,0.202
2020-10-30,1,night,1,0.83
2020-11-02,1,night,1,0.83
2020-11-03,1,night,1,0.83
2020-11-04,1,night,1,0.83
2020-11-05,1,night,1,0.83
2020-11-06,1,night,1,0.83
2020-11-09,1,night,1,0.83
2020-11-10,1,night,1,0.651
2020-11-11,1,night,1,0.651
2020-11-12,1,night,-1,0.484
2020-11-13,1,night,1,0.83
2020-11-16,1,night,1,0.83
2020-11-17,1,night,1,0.651
2020-11-18,1,night,1,0.651
2020-11-19,1,night,1,0.651
2020-11-20,1,night,-1,0.484
2020-11-23,1,night,-1,0.484
2020-11-24,1,night,1,0.83
2020-11-25,1,night,1,0.83
2020-11-26,1,night,-1,0.202
2020-11-27,1,night,1,0.651
2020-11-30,1,night,1,0.651
2020-12-01,1,night,1,0.83
2020-12-02,1,night,-1,0.484
2020-12-03,1,night,-1,0.484
2020-12-04,1,night,1,0.83
2020-12-07,1,night,-1,0.484
2020-12-08,1,night,-1,0.484
2020-12-09,1,night,-1,0.202
2020-12-10,1,night,1,0.651
2020-12-11,1,night,-1,0.202
2020-12-14,1,night,-1,0.484
2020-12-15,1,night,1,0.83
2020-12-16,1,night,1,0.651
2020-12-17,1,night,-1,0.484
2020-12-18,1,night,1,0.651
2020-12-21,1,night,-1,0.202
2020-12-22,1,night,1,0.83
2020-12-23,1,night,1,0.651
2020-12-24,1,night,1,0.83
2020-12-25,1,night,-1,0.484
2020-12-28,1,night,-1,0.484
2020-12-29,1,night,-1,0.484
2020-12-30,1,night,1,0.651
2020-12-31,1,night,-1,0.484
2021-01-04,1,night,-1,0.362
2021-01-05,1,night,1,0.834
2021-01-06,1,night,1,0.834
2021-01-07,1,night,1,0.834
2021-01-12,1,night,1,0.66
2021-01-13,1,night,-1,0.176
2021-01-14,1,night,1,0.834
2021-01-15,1,night,1,0.66
2021-01-18,1,night,1,0.834
2021-01-20,1,night,1,0.834
2021-01-22,1,night,-1,0.362
2021-01-25,1,night,-1,0.362
2021-01-26,1,night,1,0.834
2021-01-27,1,night,-1,0.176
2021-01-28,1,night,1,0.834
2021-01-29,1,night,1,0.66
2021-02-01,1,night,1,0.834
2021-02-02,1,night,1,0.834
2021-02-04,1,night,1,0.834
2021-02-17,1,night,1,0.66
2021-02-18,1,night,-1,0.176
2021-02-19,1,night,1,0.834
2021-02-22,1,night,-1,0.176
2021-02-23,1,night,-1,0.176
2021-02-24,1,night,1,0.834
2021-02-25,1,night,-1,0.176
2021-03-02,1,night,1,0.834
2021-03-03,1,night,-1,0.176
2021-03-04,1,night,-1,0.176
2021-03-05,1,night,1,0.834
2021-03-08,1,night,1,0.66
2021-03-09,1,night,1,0.834
2021-03-10,1,night,1,0.66
2021-03-11,1,night,1,0.834
2021-03-12,1,night,-1,0.362
2021-03-15,1,night,1,0.834
2021-03-16,1,night,1,0.66
2021-03-17,1,night,1,0.66
2021-03-18,1,night,-1,0.176
2021-03-19,1,night,1,0.834
2021-03-22,1,night,1,0.834
2021-03-23,1,night,-1,0.176
2021-03-24,1,night,-1,0.176
2021-03-25,1,night,1,0.66
2021-03-26,1,night,1,0.834
2021-03-29,1,night,1,0.834
2021-03-30,1,night,-1,0.362
2021-03-31,1,night,1,0.834
2021-04-01,1,night,1,0.834
2021-04-06,1,night,1,0.66
2021-04-07,1,night,-1,0.362
2021-04-08,1,night,1,0.66
2021-04-09,1,night,1,0.834
2021-04-12,1,night,1,0.66
2021-04-13,1,night,1,0.834
2021-04-20,1,night,-1,0.176
2021-04-21,1,night,1,0.834
2021-04-23,1,night,1,0.834
2021-04-26,1,night,-1,0.362
2021-04-28,1,night,1,0.66
2021-05-03,1,night,1,0.834
2021-05-04,1,night,-1,0.176
2021-05-05,1,night,1,0.834
2021-05-06,1,night,1,0.834
2021-05-07,1,night,1,0.66
2021-05-10,1,night,-1,0.176
2021-05-11,1,night,1,0.66
2021-05-12,1,night,-1,0.176
2021-05-13,1,night,1,0.834
2021-05-14,1,night,1,0.834
2021-05-17,1,night,1,0.834
2021-05-18,1,night,1,0.66
2021-05-19,1,night,1,0.834
2021-05-20,1,night,1,0.834
2021-05-21,1,night,-1,0.176
2021-05-24,1,night,1,0.834
2021-05-26,1,night,-1,0.362
2021-05-27,1,night,1,0.834
2021-05-31,1,night,-1,0.362
2021-06-01,1,night,1,0.66
2021-06-02,1,night,1,0.834
2021-06-03,1,night,-1,0.176
2021-06-04,1,night,1,0.834
2021-06-07,1,night,1,0.834
2021-06-08,1,night,-1,0.176
2021-06-09,1,night,1,0.66
2021-06-10,1,night,1,0.66
2021-06-15,1,night,-1,0.176
2021-06-16,1,night,-1,0.176
2021-06-17,1,night,-1,0.362
2021-06-18,1,night,-1,0.176
2021-06-21,1,night,1,0.834
2021-06-22,1,night,1,0.834
2021-06-23,1,night,-1,0.362
2021-06-24,1,night,1,0.834
2021-06-25,1,night,1,0.834
2021-06-28,1,night,1,0.834
2021-06-29,1,night,1,0.834
2021-06-30,1,night,-1,0.362
2021-07-01,1,night,-1,0.362
2021-07-02,1,night,1,0.834
2021-07-05,1,night,1,0.66
2021-07-06,1,night,-1,0.362
2021-07-07,1,night,1,0.66
2021-07-08,1,night,-1,0.176
2021-07-09,1,night,1,0.834
2021-07-12,1,night,1,0.834
2021-07-14,1,night,1,0.66
2021-07-15,1,night,-1,0.176
2021-07-16,1,night,-1,0.176
2021-07-19,1,night,-1,0.176
2021-07-20,1,night,1,0.834
2021-07-21,1,night,1,0.834
2021-07-22,1,night,1,0.66
2021-07-23,1,night,1,0.834
2021-07-26,1,night,1,0.834
2021-07-27,1,night,-1,0.176
2021-07-28,1,night,1,0.834
2021-07-29,1,night,1,0.66
2021-07-30,1,night,1,0.834
2021-08-02,1,night,-1,0.176
2021-08-03,1,night,-1,0.362
2021-08-04,1,night,-1,0.362
2021-08-05,1,night,1,0.66
2021-08-06,1,night,-1,0.362
2021-08-09,1,night,-1,0.362
2021-08-11,1,night,1,0.66
2021-08-12,1,night,1,0.66
2021-08-13,1,night,-1,0.362
2021-08-16,1,night,1,0.834
2021-08-17,1,night,-1,0.176
2021-08-18,1,night,-1,0.176
2021-08-19,1,night,-1,0.362
2021-08-20,1,night,1,0.834
2021-08-23,1,night,1,0.834
2021-08-24,1,night,1,0.66
2021-08-25,1,night,1,0.834
2021-08-26,1,night,-1,0.362
2021-08-27,1,night,1,0.834
2021-08-30,1,night,-1,0.362
2021-08-31,1,night,-1,0.176
2021-09-02,1,night,1,0.834
2021-09-06,1,night,1,0.66
2021-09-08,1,night,-1,0.176
2021-09-09,1,night,1,0.66
2021-09-10,1,night,-1,0.176
2021-09-13,1,night,1,0.834
2021-09-14,1,night,-1,0.176
2021-09-15,1,night,1,0.66
2021-09-16,1,night,1,0.66
2021-09-17,1,night,-1,0.176
2021-09-22,1,night,1,0.834
2021-09-23,1,night,1,0.834
2021-09-27,1,night,-1,0.176
2021-09-28,1,night,-1,0.176
2021-09-29,1,night,-1,0.176
2021-09-30,1,night,-1,0.176
2021-10-01,1,night,1,0.834
2021-10-04,1,night,-1,0.176
2021-10-05,1,night,1,0.834
2021-10-06,1,night,1,0.834
2021-10-07,1,night,1,0.834
2021-10-08,1,night,1,0.66
2021-10-12,1,night,-1,0.362
2021-10-13,1,night,1,0.834
2021-10-14,1,night,1,0.834
2021-10-15,1,night,1,0.834
2021-10-18,1,night,1,0.834
2021-10-19,1,night,1,0.834
2021-10-20,1,night,1,0.66
2021-10-21,1,night,1,0.834
2021-10-22,1,night,-1,0.176
2021-10-25,1,night,1,0.66
2021-10-26,1,night,-1,0.176
2021-10-27,1,night,-1,0.176
2021-10-28,1,night,1,0.834
2021-10-29,1,night,1,0.66
2021-11-01,1,night,1,0.66
2021-11-02,1,night,1,0.834
2021-11-03,1,night,1,0.834
2021-11-04,1,night,1,0.834
2021-11-05,1,night,1,0.66
2021-11-08,1,night,1,0.834
2021-11-10,1,night,-1,0.176
2021-11-11,1,night,1,0.66
2021-11-12,1,night,1,0.66
2021-11-16,1,night,1,0.66
2021-11-17,1,night,-1,0.362
2021-11-18,1,night,1,0.834
2021-11-19,1,night,-1,0.176
2021-11-22,1,night,-1,0.176
2021-11-26,1,night,-1,0.176
2021-11-29,1,night,1,0.834
2021-11-30,1,night,-1,0.362
2021-12-01,1,night,-1,0.176
2021-12-02,1,night,1,0.66
2021-12-03,1,night,-1,0.176
2021-12-06,1,night,1,0.66
2021-12-07,1,night,1,0.834
2021-12-08,1,night,1,0.834
2021-12-09,1,night,-1,0.176
2021-12-10,1,night,1,0.66
2021-12-13,1,night,-1,0.176
2021-12-15,1,night,1,0.834
2021-12-16,1,night,-1,0.176
2021-12-20,1,night,1,0.66
2021-12-21,1,night,1,0.66
2021-12-22,1,night,1,0.834
2021-12-23,1,night,1,0.66
2021-12-27,1,night,1,0.834
2021-12-30,1,night,1,0.66
2022-01-03,1,night,1,0.848
2022-01-05,1,night,-1,0.199
2022-01-07,1,night,-1,0.343
2022-01-10,1,night,-1,0.343
2022-01-11,1,night,1,0.848
2022-01-12,1,night,1,0.721
2022-01-13,1,night,1,0.848
2022-01-17,1,night,1,0.721
2022-01-18,1,night,-1,0.199
2022-01-19,1,night,-1,0.343
2022-01-20,1,night,-1,0.199
2022-01-21,1,night,-1,0.199
2022-01-24,1,night,-1,0.199
2022-01-26,1,night,-1,0.199
2022-02-08,1,night,1,0.848
2022-02-09,1,night,1,0.721
2022-02-10,1,night,-1,0.199
2022-02-11,1,night,-1,0.199
2022-02-14,1,night,-1,0.343
2022-02-15,1,night,1,0.848
2022-02-16,1,night,1,0.721
2022-02-17,1,night,-1,0.199
2022-02-18,1,night,-1,0.199
2022-02-21,1,night,-1,0.199
2022-02-22,1,night,-1,0.343
2022-02-23,1,night,-1,0.199
2022-02-24,1,night,1,0.848
2022-02-25,1,night,1,0.848
2022-03-01,1,night,-1,0.199
2022-03-02,1,night,1,0.848
2022-03-03,1,night,-1,0.199
2022-03-04,1,night,-1,0.199
2022-03-07,1,night,-1,0.199
2022-03-08,1,night,1,0.848
2022-03-09,1,night,1,0.848
2022-03-10,1,night,-1,0.199
2022-03-11,1,night,-1,0.199
2022-03-14,1,night,-1,0.199
2022-03-15,1,night,1,0.848
2022-03-16,1,night,1,0.848
2022-03-17,1,night,1,0.721
2022-03-18,1,night,1,0.848
2022-03-21,1,night,1,0.721
2022-03-22,1,night,1,0.848
2022-03-23,1,night,-1,0.199
2022-03-24,1,night,1,0.848
2022-03-28,1,night,1,0.848
2022-03-29,1,night,1,0.848
2022-03-31,1,night,-1,0.199
2022-04-01,1,night,-1,0.343
2022-04-06,1,night,-1,0.199
2022-04-08,1,night,-1,0.199
2022-04-11,1,night,-1,0.199
2022-04-13,1,night,1,0.721
2022-04-14,1,night,-1,0.199
2022-04-18,1,night,1,0.848
2022-04-19,1,night,1,0.848
2022-04-20,1,night,1,0.721
2022-04-21,1,night,-1,0.199
2022-04-22,1,night,-1,0.199
2022-04-25,1,night,1,0.848
2022-04-26,1,night,-1,0.199
2022-04-28,1,night,1,0.848
2022-04-29,1,night,-1,0.199
2022-05-04,1,night,1,0.848
2022-05-05,1,night,-1,0.199
2022-05-06,1,night,-1,0.343
2022-05-09,1,night,-1,0.199
2022-05-10,1,night,-1,0.199
2022-05-11,1,night,-1,0.199
2022-05-13,1,night,1,0.848
2022-05-17,1,night,1,0.848
2022-05-18,1,night,-1,0.199
2022-05-19,1,night,1,0.848
2022-05-23,1,night,1,0.848
2022-05-24,1,night,1,0.721
2022-05-26,1,night,1,0.848
2022-05-27,1,night,1,0.848
2022-05-31,1,night,-1,0.199
2022-06-01,1,night,-1,0.199
2022-06-02,1,night,1,0.848
2022-06-06,1,night,-1,0.343
2022-06-07,1,night,1,0.848
2022-06-08,1,night,-1,0.199
2022-06-09,1,night,-1,0.199
2022-06-10,1,night,-1,0.199
2022-06-13,1,night,-1,0.199
2022-06-14,1,night,-1,0.343
2022-06-15,1,night,1,0.848
2022-06-16,1,night,-1,0.199
2022-06-17,1,night,-1,0.343
2022-06-20,1,night,1,0.848
2022-06-21,1,night,1,0.721
2022-06-22,1,night,1,0.848
2022-06-24,1,night,1,0.848
2022-06-28,1,night,-1,0.199
2022-06-29,1,night,-1,0.343
2022-07-01,1,night,1,0.848
2022-07-04,1,night,1,0.848
2022-07-06,1,night,1,0.848
2022-07-07,1,night,1,0.848
2022-07-08,1,night,1,0.848
2022-07-11,1,night,-1,0.199
2022-07-12,1,night,1,0.848
2022-07-13,1,night,1,0.721
2022-07-14,1,night,1,0.848
2022-07-15,1,night,1,0.848
2022-07-18,1,night,-1,0.199
2022-07-19,1,night,1,0.848
2022-07-21,1,night,1,0.721
2022-07-26,1,night,-1,0.199
2022-07-27,1,night,1,0.848
2022-07-28,1,night,1,0.848
2022-07-29,1,night,1,0.721
2022-08-01,1,night,-1,0.199
2022-08-02,1,night,-1,0.343
2022-08-03,1,night,1,0.721
2022-08-04,1,night,1,0.721
2022-08-05,1,night,-1,0.343
2022-08-08,1,night,-1,0.199
2022-08-09,1,night,-1,0.199
2022-08-10,1,night,1,0.848
2022-08-11,1,night,1,0.721
2022-08-12,1,night,1,0.848
2022-08-15,1,night,1,0.721
2022-08-17,1,night,-1,0.199
2022-08-19,1,night,-1,0.199
2022-08-22,1,night,-1,0.199
2022-08-24,1,night,1,0.721
2022-08-25,1,night,1,0.848
2022-08-26,1,night,-1,0.199
2022-08-30,1,night,-1,0.199
2022-08-31,1,night,-1,0.199
2022-09-01,1,night,1,0.848
2022-09-06,1,night,-1,0.199
2022-09-07,1,night,1,0.848
2022-09-08,1,night,1,0.721
2022-09-12,1,night,1,0.848
2022-09-13,1,night,-1,0.199
2022-09-15,1,night,-1,0.199
2022-09-19,1,night,1,0.848
2022-09-20,1,night,-1,0.199
2022-09-21,1,night,-1,0.199
2022-09-22,1,night,-1,0.343
2022-09-23,1,night,-1,0.199
2022-09-27,1,night,-1,0.343
2022-09-28,1,night,1,0.848
2022-09-29,1,night,-1,0.199
2022-09-30,1,night,-1,0.199
2022-10-03,1,night,1,0.848
2022-10-04,1,night,1,0.848
2022-10-05,1,night,1,0.721
2022-10-06,1,night,-1,0.199
2022-10-07,1,night,-1,0.199
2022-10-11,1,night,-1,0.199
2022-10-12,1,night,-1,0.343
2022-10-13,1,night,1,0.848
2022-10-14,1,night,-1,0.199
2022-10-17,1,night,1,0.848
2022-10-19,1,night,-1,0.199
2022-10-20,1,night,1,0.721
2022-10-21,1,night,1,0.848
2022-10-24,1,night,1,0.721
2022-10-25,1,night,1,0.848
2022-10-26,1,night,1,0.848
2022-10-27,1,night,-1,0.199
2022-10-28,1,night,1,0.848
2022-11-01,1,night,-1,0.343
2022-11-02,1,night,-1,0.199
2022-11-03,1,night,-1,0.199
2022-11-04,1,night,1,0.848
2022-11-07,1,night,1,0.848
2022-11-08,1,night,1,0.848
2022-11-09,1,night,-1,0.199
2022-11-10,1,night,1,0.848
2022-11-11,1,night,1,0.848
2022-11-15,1,night,1,0.848
2022-11-16,1,night,-1,0.199
2022-11-18,1,night,1,0.721
2022-11-22,1,night,1,0.848
2022-11-23,1,night,1,0.721
2022-11-24,1,night,1,0.721
2022-11-25,1,night,-1,0.199
2022-11-28,1,night,-1,0.199
2022-11-29,1,night,-1,0.343
2022-11-30,1,night,1,0.848
2022-12-01,1,night,-1,0.199
2022-12-05,1,night,-1,0.199
2022-12-06,1,night,-1,0.199
2022-12-07,1,night,-1,0.343
2022-12-08,1,night,1,0.848
2022-12-09,1,night,-1,0.199
2022-12-12,1,night,1,0.848
2022-12-13,1,night,1,0.848
2022-12-14,1,night,-1,0.199
2022-12-15,1,night,-1,0.199
2022-12-16,1,night,-1,0.199
2022-12-19,1,night,-1,0.343
2022-12-21,1,night,1,0.848
2022-12-22,1,night,-1,0.199
2022-12-27,1,night,-1,0.199
2022-12-28,1,night,-1,0.199
2022-12-29,1,night,1,0.848
2023-01-03,1,night,-1,0.301
2023-01-04,1,night,1,0.857
2023-01-05,1,night,-1,0.301
2023-01-06,1,night,1,0.857
2023-01-10,1,night,1,0.718
2023-01-11,1,night,1,0.718
2023-01-12,1,night,1,0.857
2023-01-13,1,night,1,0.857
2023-01-17,1,night,1,0.857
2023-01-30,1,night,-1,0.301
2023-01-31,1,night,1,0.857
2023-02-01,1,night,1,0.857
2023-02-03,1,night,-1,0.301
2023-02-06,1,night,-1,0.301
2023-02-07,1,night,1,0.857
2023-02-08,1,night,-1,0.301
2023-02-09,1,night,-1,0.393
2023-02-13,1,night,1,0.857
2023-02-14,1,night,1,0.718
2023-02-15,1,night,1,0.718
2023-02-16,1,night,-1,0.117
2023-02-17,1,night,-1,0.393
2023-02-20,1,night,-1,0.393
2023-02-21,1,night,-1,0.117
2023-02-22,1,night,-1,0.393
2023-02-23,1,night,1,0.718
2023-02-24,1,night,-1,0.117
2023-03-01,1,night,-1,0.301
2023-03-02,1,night,1,0.857
2023-03-03,1,night,1,0.857
2023-03-07,1,night,-1,0.117
2023-03-08,1,night,1,0.718
2023-03-09,1,night,-1,0.117
2023-03-10,1,night,-1,0.301
2023-03-13,1,night,-1,0.117
2023-03-14,1,night,1,0.857
2023-03-15,1,night,-1,0.117
2023-03-16,1,night,1,0.857
2023-03-17,1,night,-1,0.301
2023-03-20,1,night,1,0.718
2023-03-21,1,night,1,0.857
2023-03-22,1,night,-1,0.301
2023-03-23,1,night,1,0.718
2023-03-24,1,night,-1,0.301
2023-03-27,1,night,-1,0.301
2023-03-28,1,night,-1,0.393
2023-03-29,1,night,1,0.857
2023-03-30,1,night,1,0.718
2023-03-31,1,night,1,0.718
2023-04-06,1,night,1,0.718
2023-04-07,1,night,-1,0.393
2023-04-10,1,night,-1,0.301
2023-04-12,1,night,-1,0.301
2023-04-13,1,night,1,0.718
2023-04-14,1,night,-1,0.301
2023-04-20,1,night,-1,0.393
2023-04-21,1,night,-1,0.301
2023-04-24,1,night,-1,0.393
2023-04-25,1,night,-1,0.301
2023-04-26,1,night,-1,0.393
2023-04-27,1,night,1,0.857
2023-04-28,1,night,1,0.718
2023-05-02,1,night,-1,0.301
2023-05-03,1,night,-1,0.301
2023-05-04,1,night,-1,0.301
2023-05-05,1,night,1,0.857
2023-05-09,1,night,-1,0.301
2023-05-10,1,night,-1,0.393
2023-05-11,1,night,-1,0.301
2023-05-12,1,night,-1,0.301
2023-05-15,1,night,1,0.718
2023-05-17,1,night,1,0.857
2023-05-18,1,night,1,0.718
2023-05-22,1,night,-1,0.393
2023-05-23,1,night,-1,0.117
2023-05-24,1,night,-1,0.393
2023-05-25,1,night,1,0.857
2023-05-26,1,night,1,0.857
2023-05-31,1,night,-1,0.301
2023-06-01,1,night,1,0.857
2023-06-02,1,night,1,0.718
2023-06-06,1,night,1,0.718
2023-06-07,1,night,-1,0.301
2023-06-08,1,night,1,0.857
2023-06-09,1,night,1,0.718
2023-06-12,1,night,1,0.857
2023-06-14,1,night,1,0.718
2023-06-16,1,night,-1,0.301
2023-06-19,1,night,-1,0.393
2023-06-20,1,night,-1,0.301
2023-06-21,1,night,-1,0.301
2023-06-26,1,night,-1,0.301
2023-06-27,1,night,1,0.857
2023-06-29,1,night,-1,0.393
2023-06-30,1,night,1,0.718
2023-07-05,1,night,-1,0.117
2023-07-06,1,night,-1,0.117
2023-07-07,1,night,1,0.718
2023-07-10,1,night,1,0.857
2023-07-11,1,night,1,0.718
2023-07-12,1,night,1,0.857
2023-07-13,1,night,1,0.857
2023-07-14,1,night,-1,0.301
2023-07-17,1,night,1,0.718
2023-07-18,1,night,1,0.718
2023-07-20,1,night,-1,0.117
2023-07-21,1,night,-1,0.301
2023-07-24,1,night,1,0.857
2023-07-25,1,night,1,0.718
2023-07-26,1,night,1,0.718
2023-07-27,1,night,-1,0.301
2023-07-28,1,night,1,0.857
2023-08-01,1,night,-1,0.301
2023-08-02,1,night,-1,0.117
2023-08-04,1,night,-1,0.301
2023-08-08,1,night,-1,0.301
2023-08-09,1,night,-1,0.301
2023-08-10,1,night,-1,0.393
2023-08-11,1,night,-1,0.301
2023-08-14,1,night,1,0.857
2023-08-15,1,night,-1,0.301
2023-08-16,1,night,-1,0.301
2023-08-17,1,night,-1,0.301
2023-08-18,1,night,-1,0.393
2023-08-21,1,night,1,0.857
2023-08-22,1,night,-1,0.301
2023-08-23,1,night,1,0.857
2023-08-24,1,night,-1,0.117
2023-08-25,1,night,-1,0.393
2023-08-28,1,night,1,0.718
2023-08-29,1,night,1,0.857
2023-08-31,1,night,-1,0.301
2023-09-01,1,night,-1,0.301
2023-09-04,1,night,-1,0.301
2023-09-06,1,night,-1,0.117
2023-09-07,1,night,-1,0.301
2023-09-08,1,night,-1,0.393
2023-09-11,1,night,1,0.718
2023-09-13,1,night,1,0.718
2023-09-15,1,night,-1,0.117
2023-09-18,1,night,-1,0.393
2023-09-20,1,night,-1,0.301
2023-09-21,1,night,-1,0.301
2023-09-22,1,night,-1,0.393
2023-09-26,1,night,-1,0.301
2023-09-27,1,night,-1,0.393
2023-09-28,1,night,1,0.718
2023-10-02,1,night,-1,0.301
2023-10-03,1,night,-1,0.117
2023-10-04,1,night,1,0.857
2023-10-06,1,night,1,0.857
2023-10-12,1,night,-1,0.117
2023-10-13,1,night,-1,0.117
2023-10-16,1,night,1,0.857
2023-10-18,1,night,-1,0.301
2023-10-19,1,night,-1,0.393
2023-10-20,1,night,-1,0.117
2023-10-23,1,night,1,0.718
2023-10-24,1,night,1,0.718
2023-10-25,1,night,-1,0.117
2023-10-26,1,night,-1,0.393
2023-10-27,1,night,-1,0.301
2023-10-30,1,night,1,0.718
2023-10-31,1,night,1,0.718
2023-11-01,1,night,1,0.857
2023-11-02,1,night,1,0.857
2023-11-03,1,night,1,0.857
2023-11-07,1,night,1,0.718
2023-11-09,1,night,-1,0.301
2023-11-10,1,night,1,0.857
2023-11-14,1,night,1,0.857
2023-11-16,1,night,-1,0.301
2023-11-20,1,night,1,0.718
2023-11-21,1,night,-1,0.301
2023-11-22,1,night,-1,0.393
2023-11-27,1,night,1,0.718
2023-11-29,1,night,-1,0.393
2023-11-30,1,night,-1,0.301
2023-12-01,1,night,1,0.718
2023-12-04,1,night,-1,0.301
2023-12-05,1,night,-1,0.393
2023-12-06,1,night,-1,0.301
2023-12-07,1,night,1,0.857
2023-12-08,1,night,1,0.718
2023-12-11,1,night,1,0.857
2023-12-13,1,night,1,0.857
2023-12-14,1,night,1,0.718
2023-12-15,1,night,-1,0.301
2023-12-18,1,night,-1,0.301
2023-12-20,1,night,-1,0.117
2023-12-21,1,night,1,0.718
2023-12-22,1,night,1,0.718
2023-12-29,1,night,-1,0.301
2024-01-02,1,night,-1,0.087
2024-01-05,1,night,1,0.689
2024-01-08,1,night,1,0.914
2024-01-09,1,night,-1,0.405
2024-01-11,1,night,-1,0.253
2024-01-18,1,night,1,0.914
2024-01-19,1,night,1,0.914
2024-01-22,1,night,-1,0.405
2024-01-23,1,night,1,0.689
2024-01-24,1,night,1,0.829
2024-01-25,1,night,1,0.689
2024-01-30,1,night,-1,0.405
2024-01-31,1,night,-1,0.405
2024-02-01,1,night,1,0.689
2024-02-02,1,night,-1,0.405
2024-02-15,1,night,1,0.689
2024-02-22,1,night,1,0.829
2024-03-01,1,night,1,0.829
2024-03-04,1,night,1,0.689
2024-03-05,1,night,-1,0.253
2024-03-06,1,night,1,0.914
2024-03-07,1,night,1,0.914
2024-03-08,1,night,-1,0.253
2024-03-11,1,night,-1,0.405
2024-03-12,1,night,1,0.689
2024-03-13,1,night,-1,0.405
2024-03-14,1,night,-1,0.253
2024-03-15,1,night,1,0.689
2024-03-18,1,night,-1,0.405
2024-03-20,1,night,1,0.914
2024-03-21,1,night,-1,0.405
2024-03-26,1,night,-1,0.405
2024-03-29,1,night,1,0.689
2024-04-01,1,night,1,0.689
2024-04-02,1,night,-1,0.405
2024-04-03,1,night,1,0.689
2024-04-08,1,night,1,0.689
2024-04-09,1,night,-1,0.405
2024-04-10,1,night,-1,0.253
2024-04-12,1,night,-1,0.087
2024-04-15,1,night,-1,0.087
2024-04-16,1,night,-1,0.405
2024-04-17,1,night,-1,0.087
2024-04-18,1,night,-1,0.087
2024-04-19,1,night,1,0.689
2024-04-22,1,night,1,0.914
2024-04-23,1,night,1,0.914
2024-04-24,1,night,-1,0.087
2024-04-25,1,night,1,0.914
2024-04-26,1,night,1,0.689
2024-04-29,1,night,-1,0.405
2024-04-30,1,night,-1,0.087
2024-05-02,1,night,1,0.914
2024-05-03,1,night,1,0.914
2024-05-06,1,night,1,0.914
2024-05-09,1,night,1,0.689
2024-05-10,1,night,1,0.914
2024-05-14,1,night,1,0.914
2024-05-15,1,night,1,0.914
2024-05-16,1,night,-1,0.253
2024-05-17,1,night,1,0.689
2024-05-20,1,night,1,0.689
2024-05-21,1,night,1,0.689
2024-05-22,1,night,-1,0.405
2024-05-23,1,night,-1,0.087
2024-05-24,1,night,1,0.689
2024-05-27,1,night,1,0.689
2024-05-28,1,night,-1,0.405
2024-05-29,1,night,-1,0.087
2024-05-30,1,night,1,0.829
2024-05-31,1,night,1,0.689
2024-06-03,1,night,-1,0.253
2024-06-04,1,night,-1,0.405
2024-06-05,1,night,1,0.829
2024-06-06,1,night,-1,0.405
2024-06-07,1,night,-1,0.253
2024-06-11,1,night,1,0.689
2024-06-12,1,night,1,0.829
2024-06-13,1,night,-1,0.405
2024-06-14,1,night,-1,0.405
2024-06-17,1,night,1,0.829
2024-06-18,1,night,1,0.829
2024-06-20,1,night,-1,0.087
2024-06-21,1,night,-1,0.087
2024-06-24,1,night,-1,0.087
2024-06-25,1,night,1,0.689
2024-06-26,1,night,-1,0.087
2024-06-27,1,night,1,0.689
2024-06-28,1,night,-1,0.405
2024-07-01,1,night,-1,0.405
2024-07-02,1,night,1,0.914
2024-07-03,1,night,1,0.914
2024-07-08,1,night,-1,0.405
2024-07-09,1,night,-1,0.253
2024-07-10,1,night,1,0.914
2024-07-11,1,night,-1,0.087
2024-07-12,1,night,1,0.914
2024-07-15,1,night,-1,0.405
2024-07-16,1,night,1,0.689
2024-07-17,1,night,-1,0.087
2024-07-18,1,night,-1,0.087
2024-07-19,1,night,-1,0.253
2024-07-22,1,night,1,0.914
2024-07-23,1,night,-1,0.253
2024-07-26,1,night,1,0.914
2024-07-29,1,night,-1,0.087
2024-07-30,1,night,-1,0.087
2024-07-31,1,night,1,0.914
2024-08-01,1,night,-1,0.087
2024-08-02,1,night,-1,0.087
2024-08-05,1,night,1,0.914
2024-08-06,1,night,-1,0.253
2024-08-07,1,night,-1,0.087
2024-08-08,1,night,1,0.914
2024-08-09,1,night,1,0.689
2024-08-12,1,night,1,0.914
2024-08-13,1,night,1,0.914
2024-08-14,1,night,-1,0.405
2024-08-15,1,night,1,0.914
2024-08-19,1,night,1,0.829
2024-08-20,1,night,-1,0.253
2024-08-21,1,night,1,0.689
2024-08-22,1,night,-1,0.087
2024-08-23,1,night,1,0.829
2024-08-26,1,night,-1,0.253
2024-08-27,1,night,1,0.689
2024-08-28,1,night,-1,0.087
2024-08-29,1,night,1,0.689
2024-09-03,1,night,-1,0.087
2024-09-04,1,night,1,0.914
2024-09-05,1,night,1,0.914
2024-09-06,1,night,-1,0.087
2024-09-09,1,night,1,0.914
2024-09-10,1,night,1,0.914
2024-09-11,1,night,1,0.914
2024-09-12,1,night,1,0.689
2024-09-16,1,night,-1,0.253
2024-09-18,1,night,-1,0.405
2024-09-19,1,night,1,0.829
2024-09-24,1,night,1,0.829
2024-09-25,1,night,1,0.829
2024-09-26,1,night,1,0.829
2024-09-27,1,night,-1,0.087
2024-09-30,1,night,-1,0.253
2024-10-01,1,night,-1,0.087
2024-10-04,1,night,1,0.829
2024-10-07,1,night,-1,0.087
2024-10-08,1,night,1,0.829
2024-10-09,1,night,1,0.689
2024-10-11,1,night,1,0.829
2024-10-14,1,night,1,0.829
2024-10-15,1,night,-1,0.087
2024-10-16,1,night,1,0.689
2024-10-17,1,night,1,0.829
2024-10-18,1,night,1,0.689
2024-10-21,1,night,1,0.689
2024-10-22,1,night,-1,0.405
2024-10-23,1,night,-1,0.253
2024-10-25,1,night,1,0.689
2024-10-28,1,night,-1,0.253
2024-10-29,1,night,1,0.689
2024-10-30,1,night,-1,0.087
2024-11-04,1,night,-1,0.087
2024-11-05,1,night,1,0.689
2024-11-06,1,night,-1,0.405
2024-11-07,1,night,1,0.914
2024-11-08,1,night,-1,0.087
2024-11-11,1,night,-1,0.087
2024-11-12,1,night,-1,0.405
2024-11-15,1,night,-1,0.087
2024-11-18,1,night,1,0.689
2024-11-20,1,night,-1,0.405
2024-11-21,1,night,1,0.829
2024-11-25,1,night,-1,0.087
2024-11-27,1,night,-1,0.253
2024-11-28,1,night,-1,0.405
2024-11-29,1,night,1,0.914
2024-12-02,1,night,1,0.914
2024-12-03,1,night,1,0.689
2024-12-04,1,night,1,0.689
2024-12-05,1,night,1,0.689
2024-12-06,1,night,1,0.689
2024-12-09,1,night,-1,0.405
2024-12-10,1,night,-1,0.087
2024-12-11,1,night,1,0.829
2024-12-12,1,night,-1,0.087
2024-12-13,1,night,1,0.829
2024-12-16,1,night,1,0.829
2024-12-17,1,night,-1,0.405
2024-12-18,1,night,-1,0.087
2024-12-19,1,night,-1,0.405
2024-12-20,1,night,1,0.829
2024-12-23,1,night,1,0.829
2024-12-24,1,night,1,0.829
2024-12-26,1,night,-1,0.405
2024-12-27,1,night,-1,0.087
2024-12-30,1,night,-1,0.253
2024-12-31,1,night,-1,0.405
2025-01-03,1,night,1,0.918
2025-01-06,1,night,1,0.918
2025-01-07,1,night,-1,0.106
2025-01-08,1,night,-1,0.391
2025-01-10,1,night,-1,0.217
2025-01-13,1,night,-1,0.391
2025-01-14,1,night,-1,0.217
2025-01-15,1,night,1,0.804
2025-01-16,1,night,1,0.918
2025-01-20,1,night,1,0.768
2025-01-21,1,night,1,0.804
2025-01-22,1,night,1,0.918
2025-02-03,1,night,1,0.804
2025-02-04,1,night,1,0.918
2025-02-05,1,night,1,0.918
2025-02-06,1,night,1,0.768
2025-02-07,1,night,-1,0.106
2025-02-10,1,night,1,0.804
2025-02-14,1,night,1,0.804
2025-02-18,1,night,-1,0.391
2025-02-19,1,night,-1,0.391
2025-02-21,1,night,-1,0.106
2025-02-24,1,night,-1,0.106
2025-02-25,1,night,-1,0.106
2025-02-27,1,night,-1,0.106
2025-03-03,1,night,-1,0.106
2025-03-05,1,night,1,0.918
2025-03-06,1,night,-1,0.106
2025-03-10,1,night,-1,0.106
2025-03-12,1,night,1,0.918
2025-03-13,1,night,1,0.768
2025-03-14,1,night,1,0.804
2025-03-17,1,night,1,0.918
2025-03-18,1,night,-1,0.217
2025-03-19,1,night,1,0.918
2025-03-20,1,night,-1,0.217
2025-03-24,1,night,1,0.804
2025-03-25,1,night,1,0.768
2025-03-26,1,night,-1,0.106
2025-03-27,1,night,-1,0.106
2025-03-28,1,night,-1,0.106
2025-03-31,1,night,1,0.804
2025-04-01,1,night,1,0.918
2025-04-02,1,night,-1,0.106
2025-04-07,1,night,-1,0.106
2025-04-08,1,night,-1,0.391
2025-04-09,1,night,1,0.804
2025-04-10,1,night,-1,0.391
2025-04-14,1,night,1,0.768
2025-04-16,1,night,-1,0.106
2025-04-21,1,night,-1,0.106
2025-04-22,1,night,1,0.804
2025-04-23,1,night,1,0.918
2025-04-24,1,night,1,0.804
2025-04-25,1,night,1,0.918
2025-04-30,1,night,1,0.804
2025-05-02,1,night,1,0.804
2025-05-05,1,night,-1,0.106
2025-05-06,1,night,-1,0.391
2025-05-07,1,night,1,0.918
2025-05-08,1,night,1,0.804
2025-05-09,1,night,-1,0.391
2025-05-12,1,night,1,0.918
2025-05-13,1,night,1,0.804
2025-05-14,1,night,1,0.768
2025-05-19,1,night,1,0.804
2025-05-21,1,night,-1,0.106
2025-05-23,1,night,-1,0.106
2025-05-27,1,night,1,0.804
2025-05-28,1,night,1,0.768
2025-05-29,1,night,-1,0.106
2025-06-02,1,night,1,0.804
2025-06-03,1,night,1,0.804
2025-06-04,1,night,1,0.768
2025-06-06,1,night,1,0.918
2025-06-09,1,night,1,0.918
2025-06-10,1,night,1,0.918
2025-06-11,1,night,1,0.768
2025-06-16,1,night,1,0.918
2025-06-17,1,night,-1,0.391
2025-06-18,1,night,-1,0.391
2025-06-19,1,night,-1,0.391
2025-06-20,1,night,-1,0.106
2025-06-23,1,night,1,0.804
2025-06-24,1,night,1,0.918
2025-06-25,1,night,1,0.768
2025-07-01,1,night,-1,0.391
2025-07-02,1,night,1,0.804
2025-07-03,1,night,1,0.918
2025-07-04,1,night,-1,0.391
2025-07-07,1,night,-1,0.217
2025-07-09,1,night,1,0.768
2025-07-11,1,night,-1,0.217
2025-07-17,1,night,1,0.804
2025-07-18,1,night,-1,0.217
2025-07-23,1,night,1,0.918
2025-07-25,1,night,1,0.804
2025-07-28,1,night,-1,0.391
2025-07-31,1,night,-1,0.106
2025-08-01,1,night,-1,0.106
2025-08-04,1,night,1,0.918
2025-08-05,1,night,-1,0.106
2025-08-11,1,night,-1,0.391
2025-08-12,1,night,1,0.804
2025-08-13,1,night,1,0.768
2025-08-15,1,night,-1,0.217
2025-08-19,1,night,-1,0.217
2025-08-21,1,night,-1,0.217
2025-08-22,1,night,1,0.918
2025-08-25,1,night,-1,0.217
2025-08-26,1,night,1,0.804
2025-08-27,1,night,-1,0.217
2025-08-28,1,night,1,0.804
2025-08-29,1,night,-1,0.106
2025-09-03,1,night,1,0.918
2025-09-04,1,night,1,0.918
2025-09-08,1,night,1,0.918
2025-09-09,1,night,1,0.918
2025-09-10,1,night,1,0.918
2025-09-11,1,night,1,0.918
2025-09-12,1,night,-1,0.391
2025-09-16,1,night,-1,0.391
2025-09-18,1,night,1,0.918
2025-09-19,1,night,1,0.768
2025-09-22,1,night,1,0.918
2025-09-23,1,night,1,0.918
2025-09-25,1,night,-1,0.217
2025-09-30,1,night,1,0.804
2025-10-01,1,night,1,0.918
2025-10-02,1,night,1,0.768
2025-10-03,1,night,-1,0.217
2025-10-07,1,night,-1,0.106
2025-10-08,1,night,1,0.918
2025-10-09,1,night,-1,0.106
2025-10-13,1,night,1,0.804
2025-10-14,1,night,1,0.768
2025-10-15,1,night,1,0.918
2025-10-16,1,night,-1,0.106
2025-10-17,1,night,1,0.804
2025-10-21,1,night,-1,0.391
2025-10-22,1,night,-1,0.106
2025-10-23,1,night,1,0.804
2025-10-27,1,night,1,0.768
2025-10-28,1,night,1,0.804
2025-10-30,1,night,-1,0.391
2025-10-31,1,night,-1,0.391
2025-11-03,1,night,1,0.918
2025-11-04,1,night,-1,0.106
2025-11-05,1,night,1,0.804
2025-11-06,1,night,-1,0.106
2025-11-07,1,night,-1,0.217
2025-11-11,1,night,1,0.918
2025-11-13,1,night,-1,0.106
2025-11-17,1,night,-1,0.106
2025-11-19,1,night,1,0.804
2025-11-20,1,night,-1,0.106
2025-11-21,1,night,1,0.804
2025-11-24,1,night,1,0.804
2025-11-25,1,night,1,0.804
2025-11-27,1,night,1,0.768
2025-11-28,1,night,1,0.768
2025-12-01,1,night,1,0.804
2025-12-02,1,night,1,0.918
2025-12-03,1,night,1,0.768
2025-12-04,1,night,1,0.768
2025-12-10,1,night,1,0.804
2025-12-11,1,night,1,0.804
2025-12-12,1,night,-1,0.106
2025-12-15,1,night,-1,0.106
2025-12-17,1,night,-1,0.106
2025-12-18,1,night,1,0.804
2025-12-19,1,night,1,0.918
2025-12-22,1,night,1,0.768
2025-12-23,1,night,1,0.804
2025-12-29,1,night,-1,0.391
2026-01-02,1,night,1,0.895
2026-01-05,1,night,1,0.76
2026-01-07,1,night,-1,0.084
2026-01-09,1,night,1,0.895
2026-01-12,1,night,1,0.895
2026-01-14,1,night,-1,0.223
2026-01-15,1,night,1,0.793
2026-01-16,1,night,-1,0.223
2026-01-19,1,night,-1,0.223
2026-01-20,1,night,-1,0.084
2026-01-21,1,night,1,0.895
2026-01-22,1,night,1,0.895
2026-01-27,1,night,1,0.895
2026-01-28,1,night,1,0.76
2026-01-29,1,night,-1,0.084
2026-01-30,1,night,-1,0.084
2026-02-02,1,night,1,0.793
2026-02-03,1,night,-1,0.223
2026-02-04,1,night,-1,0.084
2026-02-05,1,night,-1,0.223
2026-02-06,1,night,1,0.793
2026-02-09,1,night,1,0.895
2026-02-11,1,night,1,0.895
2026-02-24,1,night,1,0.793
2026-02-25,1,night,1,0.895
2026-02-26,1,night,-1,0.084
2026-03-03,1,night,-1,0.084
2026-03-04,1,night,1,0.793
2026-03-05,1,night,-1,0.084
2026-03-06,1,night,-1,0.084
2026-03-09,1,night,1,0.793
2026-03-10,1,night,1,0.895
2026-03-11,1,night,-1,0.084
2026-03-12,1,night,-1,0.084
2026-03-13,1,night,-1,0.084
2026-03-16,1,night,1,0.895
2026-03-17,1,night,1,0.895
2026-03-18,1,night,-1,0.084
2026-03-19,1,night,1,0.793
2026-03-20,1,night,-1,0.084
2026-03-23,1,night,1,0.793
2026-03-24,1,night,1,0.895
2026-03-25,1,night,1,0.895
2026-03-26,1,night,-1,0.084
2026-03-27,1,night,-1,0.084
2026-03-30,1,night,-1,0.084
2026-03-31,1,night,1,0.895
2026-04-01,1,night,1,0.895
2026-04-02,1,night,1,0.793
2026-04-07,1,night,1,0.793
2026-04-08,1,night,1,0.895
2026-04-09,1,night,1,0.793
2026-04-10,1,night,1,0.76
2026-04-13,1,night,1,0.793
2026-04-14,1,night,1,0.895
2026-04-15,1,night,1,0.895
2026-04-16,1,night,-1,0.084
2026-04-17,1,night,1,0.793
2026-04-20,1,night,1,0.895
2026-04-21,1,night,-1,0.394
2026-04-22,1,night,1,0.793
2026-04-23,1,night,1,0.793
2026-04-24,1,night,1,0.895
2026-04-27,1,night,-1,0.394
2026-04-28,1,night,-1,0.084
2026-04-29,1,night,-1,0.223
2026-04-30,1,night,1,0.793
2026-05-04,1,night,-1,0.223
2026-05-05,1,night,1,0.793
2026-05-06,1,night,1,0.895
2026-05-07,1,night,-1,0.084
2026-05-08,1,night,1,0.793
2026-05-11,1,night,1,0.895
2026-05-12,1,night,-1,0.084
2026-05-13,1,night,1,0.895
2026-05-14,1,night,1,0.895
2026-05-15,1,night,-1,0.084
2026-05-19,1,night,-1,0.223
2026-05-20,1,night,1,0.793
2026-05-21,1,night,1,0.793
2026-05-25,1,night,1,0.895
2026-05-26,1,night,1,0.895
2026-05-27,1,night,1,0.793
2026-05-28,1,night,1,0.793
2026-05-29,1,night,-1,0.394
2026-06-01,1,night,1,0.895
2026-06-02,1,night,1,0.895
2026-06-03,1,night,-1,0.084
2026-06-05,1,night,-1,0.084
2026-06-08,1,night,1,0.793
2026-06-09,1,night,-1,0.084
2026-06-10,1,night,-1,0.084
2026-06-11,1,night,1,0.793
2026-06-12,1,night,1,0.895
2026-06-15,1,night,1,0.895
2026-06-16,1,night,-1,0.084
2026-06-18,1,night,1,0.793
2026-06-22,1,night,1,0.793
2026-06-23,1,night,-1,0.084
2026-06-24,1,night,1,0.895
2026-06-25,1,night,-1,0.084
2026-06-26,1,night,1,0.793
2026-06-29,1,night,1,0.895
2026-06-30,1,night,1,0.793
2026-07-01,1,night,-1,0.084
2026-07-02,1,night,-1,0.084
2026-07-06,1,night,1,0.895
2026-07-07,1,night,-1,0.084
2026-07-09,1,night,1,0.793
2026-07-13,1,night,-1,0.084
2026-07-14,1,night,1,0.895
2026-07-15,1,night,-1,0.223
2026-07-16,1,night,-1,0.084
2026-07-17,1,night,1,0.793
2026-07-20,1,night,1,0.895
2026-07-21,1,night,1,0.895
2026-07-22,1,night,1,0.793
2026-07-23,1,night,-1,0.084
2026-07-24,1,night,-1,0.084
2026-07-27,1,night,-1,0.084
2026-07-28,1,night,1,0.895
2026-07-29,1,night,-1,0.084
2026-07-30,1,night,1,0.895
2026-07-31,1,night,-1,0.084
2026-08-04,1,night,1,0.793
2026-08-05,1,night,-1,0.223
2026-08-06,1,night,1,0.793
2026-08-07,1,night,1,0.895
2026-08-10,1,night,-1,0.394
2026-08-12,1,night,1,0.793
2026-08-13,1,night,1,0.793
2026-08-14,1,night,-1,0.394
2026-08-18,1,night,-1,0.084
2026-08-19,1,night,1,0.895
2026-08-20,1,night,-1,0.394
2026-08-24,1,night,-1,0.394
2026-08-25,1,night,1,0.895
2026-08-27,1,night,1,0.793
2026-08-28,1,night,-1,0.084
2026-09-01,1,night,-1,0.084
2026-09-03,1,night,1,0.793
2026-09-04,1,night,1,0.895
2026-09-07,1,night,-1,0.223
2026-09-08,1,night,1,0.76
2026-09-09,1,night,-1,0.394
2026-09-10,1,night,-1,0.084
2026-09-11,1,night,1,0.793
2026-09-14,1,night,-1,0.394
2026-09-16,1,night,1,0.895
2026-09-17,1,night,1,0.793
2026-09-18,1,night,1,0.76
2026-09-21,1,night,1,0.895
2026-09-22,1,night,1,0.895
2020-01-02,3,night,1,0.785
2020-01-03,3,night,-1,0.359
2020-01-06,3,night,-1,0.441
2020-01-07,3,night,1,0.785
2020-01-08,3,night,1,0.785
2020-01-09,3,night,-1,0.441
2020-01-10,3,night,-1,0.441
2020-01-13,3,night,1,0.785
2020-01-14,3,night,-1,0.441
2020-01-15,3,night,-1,0.441
2020-01-16,3,night,1,0.785
2020-01-17,3,night,1,0.785
2020-01-20,3,night,-1,0.441
2020-01-30,3,night,1,0.785
2020-01-31,3,night,-1,0.359
2020-02-03,3,night,1,0.785
2020-02-04,3,night,1,0.785
2020-02-05,3,night,1,0.785
2020-02-06,3,night,-1,0.359
2020-02-07,3,night,-1,0.359
2020-02-10,3,night,1,0.785
2020-02-12,3,night,1,0.785
2020-02-14,3,night,-1,0.359
2020-02-17,3,night,1,0.646
2020-02-18,3,night,1,0.646
2020-02-19,3,night,1,0.785
2020-02-20,3,night,-1,0.359
2020-02-21,3,night,-1,0.359
2020-02-24,3,night,-1,0.359
2020-02-25,3,night,-1,0.359
2020-02-26,3,night,1,0.646
2020-02-27,3,night,-1,0.359
2020-03-02,3,night,1,0.785
2020-03-03,3,night,-1,0.359
2020-03-04,3,night,1,0.785
2020-03-05,3,night,-1,0.359
2020-03-06,3,night,-1,0.359
2020-03-09,3,night,-1,0.359
2020-03-10,3,night,1,0.785
2020-03-11,3,night,-1,0.359
2020-03-12,3,night,-1,0.359
2020-03-13,3,night,1,0.785
2020-03-16,3,night,-1,0.359
2020-03-17,3,night,1,0.785
2020-03-18,3,night,-1,0.359
2020-03-19,3,night,1,0.785
2020-03-20,3,night,-1,0.359
2020-03-23,3,night,1,0.785
2020-03-24,3,night,1,0.785
2020-03-25,3,night,1,0.785
2020-03-26,3,night,1,0.785
2020-03-27,3,night,-1,0.359
2020-03-30,3,night,1,0.785
2020-03-31,3,night,-1,0.359
2020-04-01,3,night,-1,0.359
2020-04-06,3,night,1,0.785
2020-04-07,3,night,1,0.646
2020-04-08,3,night,1,0.646
2020-04-09,3,night,-1,0.359
2020-04-10,3,night,1,0.646
2020-04-13,3,night,1,0.785
2020-04-14,3,night,1,0.785
2020-04-15,3,night,-1,0.359
2020-04-16,3,night,1,0.785
2020-04-17,3,night,-1,0.359
2020-04-20,3,night,-1,0.359
2020-04-21,3,night,-1,0.359
2020-04-22,3,night,1,0.785
2020-04-23,3,night,-1,0.441
2020-04-24,3,night,1,0.785
2020-04-27,3,night,1,0.785
2020-04-28,3,night,1,0.646
2020-04-29,3,night,1,0.785
2020-04-30,3,night,-1,0.359
2020-05-04,3,night,1,0.785
2020-05-05,3,night,-1,0.359
2020-05-06,3,night,-1,0.359
2020-05-07,3,night,-1,0.441
2020-05-08,3,night,1,0.785
2020-05-11,3,night,-1,0.359
2020-05-12,3,night,-1,0.359
2020-05-13,3,night,-1,0.359
2020-05-14,3,night,1,0.785
2020-05-15,3,night,-1,0.359
2020-05-18,3,night,1,0.785
2020-05-19,3,night,1,0.646
2020-05-20,3,night,1,0.785
2020-05-21,3,night,-1,0.359
2020-05-22,3,night,1,0.785
2020-05-25,3,night,1,0.785
2020-05-26,3,night,1,0.646
2020-05-27,3,night,1,0.785
2020-05-28,3,night,1,0.646
2020-05-29,3,night,1,0.785
2020-06-01,3,night,1,0.646
2020-06-02,3,night,1,0.785
2020-06-03,3,night,1,0.785
2020-06-04,3,night,-1,0.441
2020-06-05,3,night,1,0.785
2020-06-08,3,night,1,0.785
2020-06-09,3,night,-1,0.441
2020-06-10,3,night,-1,0.441
2020-06-11,3,night,-1,0.359
2020-06-12,3,night,1,0.785
2020-06-15,3,night,1,0.785
2020-06-16,3,night,-1,0.359
2020-06-17,3,night,1,0.785
2020-06-18,3,night,1,0.785
2020-06-19,3,night,-1,0.359
2020-06-22,3,night,1,0.785
2020-06-23,3,night,1,0.785
2020-06-24,3,night,-1,0.359
2020-06-29,3,night,1,0.785
2020-06-30,3,night,1,0.646
2020-07-01,3,night,1,0.785
2020-07-02,3,night,1,0.785
2020-07-03,3,night,1,0.785
2020-07-06,3,night,1,0.785
2020-07-07,3,night,-1,0.359
2020-07-08,3,night,1,0.785
2020-07-09,3,night,1,0.785
2020-07-10,3,night,1,0.785
2020-07-13,3,night,-1,0.359
2020-07-14,3,night,1,0.785
2020-07-15,3,night,-1,0.441
2020-07-20,3,night,1,0.785
2020-07-23,3,night,-1,0.359
2020-07-24,3,night,1,0.785
2020-07-27,3,night,1,0.785
2020-07-28,3,night,-1,0.359
2020-07-29,3,night,1,0.785
2020-07-30,3,night,-1,0.441
2020-07-31,3,night,-1,0.359
2020-08-03,3,night,1,0.785
2020-08-04,3,night,1,0.785
2020-08-05,3,night,1,0.785
2020-08-10,3,night,-1,0.359
2020-08-11,3,night,-1,0.359
2020-08-12,3,night,1,0.785
2020-08-14,3,night,-1,0.359
2020-08-19,3,night,-1,0.359
2020-08-20,3,night,1,0.785
2020-08-21,3,night,-1,0.441
2020-08-24,3,night,-1,0.441
2020-08-25,3,night,-1,0.441
2020-08-26,3,night,1,0.785
2020-08-27,3,night,-1,0.359
2020-08-28,3,night,1,0.785
2020-08-31,3,night,-1,0.359
2020-09-01,3,night,1,0.785
2020-09-02,3,night,1,0.785
2020-09-03,3,night,-1,0.359
2020-09-04,3,night,-1,0.359
2020-09-07,3,night,1,0.785
2020-09-08,3,night,-1,0.359
2020-09-09,3,night,1,0.785
2020-09-10,3,night,-1,0.359
2020-09-11,3,night,-1,0.359
2020-09-14,3,night,1,0.646
2020-09-15,3,night,1,0.785
2020-09-16,3,night,-1,0.359
2020-09-18,3,night,-1,0.359
2020-09-21,3,night,-1,0.359
2020-09-22,3,night,1,0.785
2020-09-23,3,night,-1,0.359
2020-09-24,3,night,1,0.785
2020-09-25,3,night,1,0.785
2020-09-28,3,night,1,0.785
2020-09-29,3,night,1,0.785
2020-09-30,3,night,1,0.785
2020-10-05,3,night,1,0.785
2020-10-06,3,night,-1,0.359
2020-10-07,3,night,1,0.785
2020-10-12,3,night,1,0.785
2020-10-13,3,night,-1,0.441
2020-10-14,3,night,-1,0.359
2020-10-15,3,night,-1,0.441
2020-10-16,3,night,-1,0.441
2020-10-19,3,night,-1,0.359
2020-10-26,3,night,-1,0.359
2020-10-27,3,night,1,0.646
2020-10-28,3,night,-1,0.359
2020-10-29,3,night,-1,0.359
2020-10-30,3,night,1,0.785
2020-11-02,3,night,1,0.785
2020-11-03,3,night,1,0.785
2020-11-04,3,night,1,0.785
2020-11-05,3,night,1,0.785
2020-11-06,3,night,1,0.785
2020-11-09,3,night,1,0.785
2020-11-10,3,night,-1,0.441
2020-11-11,3,night,-1,0.441
2020-11-12,3,night,-1,0.441
2020-11-13,3,night,1,0.785
2020-11-16,3,night,1,0.785
2020-11-17,3,night,-1,0.441
2020-11-18,3,night,-1,0.441
2020-11-19,3,night,-1,0.441
2020-11-20,3,night,-1,0.441
2020-11-23,3,night,-1,0.441
2020-11-24,3,night,1,0.785
2020-11-25,3,night,1,0.785
2020-11-26,3,night,-1,0.359
2020-11-27,3,night,-1,0.441
2020-11-30,3,night,-1,0.441
2020-12-01,3,night,1,0.785
2020-12-02,3,night,-1,0.441
2020-12-03,3,night,-1,0.441
2020-12-04,3,night,1,0.785
2020-12-07,3,night,-1,0.441
2020-12-08,3,night,-1,0.441
2020-12-09,3,night,-1,0.359
2020-12-10,3,night,-1,0.441
2020-12-11,3,night,-1,0.359
2020-12-14,3,night,-1,0.441
2020-12-15,3,night,1,0.785
2020-12-21,3,night,-1,0.359
2020-12-22,3,night,1,0.785
2020-12-23,3,night,1,0.785
2020-12-24,3,night,1,0.785
2021-01-05,3,night,1,0.833
2021-01-06,3,night,1,0.833
2021-01-07,3,night,1,0.833
2021-01-11,3,night,-1,0.483
2021-01-12,3,night,1,0.833
2021-01-13,3,night,-1,0.329
2021-01-14,3,night,1,0.833
2021-01-15,3,night,1,0.699
2021-01-18,3,night,1,0.699
2021-01-20,3,night,1,0.699
2021-01-22,3,night,-1,0.483
2021-01-26,3,night,1,0.699
2021-01-27,3,night,-1,0.329
2021-01-28,3,night,1,0.699
2021-01-29,3,night,1,0.699
2021-02-01,3,night,1,0.699
2021-02-02,3,night,1,0.699
2021-02-04,3,night,1,0.699
2021-02-17,3,night,-1,0.483
2021-02-18,3,night,-1,0.329
2021-02-19,3,night,1,0.699
2021-02-22,3,night,-1,0.329
2021-02-23,3,night,-1,0.329
2021-02-24,3,night,1,0.699
2021-02-25,3,night,-1,0.329
2021-02-26,3,night,-1,0.483
2021-03-02,3,night,1,0.699
2021-03-03,3,night,-1,0.329
2021-03-04,3,night,-1,0.329
2021-03-05,3,night,1,0.699
2021-03-08,3,night,-1,0.483
2021-03-09,3,night,1,0.699
2021-03-10,3,night,-1,0.483
2021-03-11,3,night,1,0.699
2021-03-12,3,night,-1,0.329
2021-03-15,3,night,1,0.833
2021-03-17,3,night,1,0.833
2021-03-18,3,night,-1,0.329
2021-03-19,3,night,1,0.699
2021-03-22,3,night,1,0.699
2021-03-23,3,night,-1,0.329
2021-03-24,3,night,-1,0.329
2021-03-25,3,night,1,0.699
2021-03-26,3,night,1,0.699
2021-03-29,3,night,1,0.833
2021-03-31,3,night,1,0.833
2021-04-01,3,night,1,0.833
2021-04-09,3,night,1,0.833
2021-04-12,3,night,1,0.833
2021-04-13,3,night,1,0.833
2021-04-19,3,night,-1,0.483
2021-04-20,3,night,-1,0.329
2021-04-21,3,night,1,0.833
2021-04-22,3,night,-1,0.329
2021-04-23,3,night,1,0.833
2021-04-27,3,night,-1,0.483
2021-04-28,3,night,-1,0.483
2021-04-29,3,night,-1,0.483
2021-05-03,3,night,1,0.833
2021-05-04,3,night,-1,0.329
2021-05-05,3,night,1,0.833
2021-05-06,3,night,1,0.699
2021-05-07,3,night,1,0.833
2021-05-10,3,night,-1,0.329
2021-05-11,3,night,-1,0.483
2021-05-12,3,night,-1,0.329
2021-05-13,3,night,1,0.699
2021-05-14,3,night,1,0.699
2021-05-17,3,night,1,0.699
2021-05-19,3,night,1,0.833
2021-05-20,3,night,1,0.833
2021-05-21,3,night,-1,0.329
2021-05-24,3,night,1,0.833
2021-05-26,3,night,-1,0.483
2021-05-27,3,night,1,0.833
2021-06-02,3,night,1,0.833
2021-06-03,3,night,-1,0.329
2021-06-04,3,night,1,0.833
2021-06-07,3,night,1,0.699
2021-06-08,3,night,-1,0.329
2021-06-09,3,night,1,0.699
2021-06-15,3,night,-1,0.329
2021-06-16,3,night,-1,0.329
2021-06-17,3,night,-1,0.483
2021-06-18,3,night,-1,0.329
2021-06-21,3,night,1,0.699
2021-06-22,3,night,1,0.699
2021-06-24,3,night,1,0.699
2021-06-25,3,night,1,0.699
2021-06-28,3,night,1,0.833
2021-06-29,3,night,1,0.833
2021-07-01,3,night,-1,0.483
2021-07-02,3,night,1,0.699
2021-07-07,3,night,1,0.699
2021-07-08,3,night,-1,0.329
2021-07-09,3,night,1,0.699
2021-07-12,3,night,1,0.699
2021-07-14,3,night,1,0.833
2021-07-15,3,night,-1,0.329
2021-07-16,3,night,-1,0.329
2021-07-19,3,night,-1,0.329
2021-07-20,3,night,1,0.699
2021-07-21,3,night,1,0.699
2021-07-23,3,night,1,0.699
2021-07-26,3,night,1,0.833
2021-07-27,3,night,-1,0.329
2021-07-28,3,night,1,0.833
2021-07-30,3,night,1,0.699
2021-08-02,3,night,-1,0.329
2021-08-05,3,night,-1,0.483
2021-08-06,3,night,-1,0.483
2021-08-09,3,night,-1,0.483
2021-08-10,3,night,-1,0.483
2021-08-11,3,night,-1,0.483
2021-08-12,3,night,1,0.833
2021-08-13,3,night,-1,0.483
2021-08-16,3,night,1,0.833
2021-08-17,3,night,-1,0.329
2021-08-18,3,night,-1,0.329
2021-08-19,3,night,-1,0.483
2021-08-20,3,night,1,0.699
2021-08-23,3,night,1,0.699
2021-08-25,3,night,1,0.699
2021-08-26,3,night,-1,0.483
2021-08-27,3,night,1,0.833
2021-08-30,3,night,-1,0.329
2021-08-31,3,night,-1,0.329
2021-09-02,3,night,1,0.833
2021-09-07,3,night,-1,0.483
2021-09-08,3,night,-1,0.329
2021-09-09,3,night,1,0.833
2021-09-10,3,night,-1,0.329
2021-09-13,3,night,1,0.833
2021-09-14,3,night,-1,0.329
2021-09-16,3,night,-1,0.483
2021-09-17,3,night,-1,0.329
2021-09-22,3,night,1,0.699
2021-09-23,3,night,1,0.699
2021-09-24,3,night,-1,0.329
2021-09-27,3,night,-1,0.329
2021-09-28,3,night,-1,0.329
2021-09-29,3,night,-1,0.329
2021-09-30,3,night,-1,0.329
2021-10-01,3,night,1,0.699
2021-10-04,3,night,-1,0.329
2021-10-05,3,night,1,0.699
2021-10-06,3,night,1,0.699
2021-10-07,3,night,1,0.699
2021-10-08,3,night,-1,0.483
2021-10-12,3,night,-1,0.483
2021-10-13,3,night,1,0.699
2021-10-14,3,night,1,0.833
2021-10-15,3,night,1,0.833
2021-10-18,3,night,1,0.833
2021-10-19,3,night,1,0.833
2021-10-20,3,night,-1,0.483
2021-10-21,3,night,1,0.833
2021-10-22,3,night,-1,0.329
2021-10-25,3,night,1,0.833
2021-10-26,3,night,-1,0.329
2021-10-27,3,night,-1,0.329
2021-10-28,3,night,1,0.833
2021-10-29,3,night,-1,0.483
2021-11-02,3,night,1,0.699
2021-11-03,3,night,1,0.699
2021-11-04,3,night,1,0.699
2021-11-05,3,night,-1,0.483
2021-11-08,3,night,1,0.833
2021-11-10,3,night,-1,0.329
2021-11-11,3,night,1,0.833
2021-11-12,3,night,1,0.833
2021-11-16,3,night,-1,0.483
2021-11-17,3,night,-1,0.483
2021-11-18,3,night,1,0.833
2021-11-19,3,night,-1,0.329
2021-11-22,3,night,-1,0.329
2021-11-23,3,night,-1,0.483
2021-11-24,3,night,-1,0.483
2021-11-25,3,night,-1,0.483
2021-11-26,3,night,-1,0.329
2021-11-29,3,night,1,0.699
2021-11-30,3,night,-1,0.483
2021-12-01,3,night,-1,0.329
2021-12-03,3,night,-1,0.329
2021-12-07,3,night,1,0.833
2021-12-08,3,night,1,0.833
2021-12-09,3,night,-1,0.329
2021-12-10,3,night,-1,0.483
2021-12-13,3,night,-1,0.329
2021-12-14,3,night,-1,0.483
2021-12-15,3,night,1,0.699
2021-12-16,3,night,-1,0.329
2021-12-20,3,night,-1,0.483
2021-12-21,3,night,1,0.699
2021-12-22,3,night,1,0.833
2021-12-27,3,night,1,0.833
2021-12-29,3,night,-1,0.483
2021-12-30,3,night,-1,0.483
2022-01-03,3,night,1,0.704
2022-01-04,3,night,1,0.669
2022-01-05,3,night,-1,0.338
2022-01-06,3,night,1,0.811
2022-01-07,3,night,-1,0.507
2022-01-10,3,night,-1,0.507
2022-01-11,3,night,1,0.704
2022-01-12,3,night,1,0.811
2022-01-13,3,night,1,0.704
2022-01-14,3,night,1,0.704
2022-01-17,3,night,1,0.669
2022-01-18,3,night,-1,0.338
2022-01-19,3,night,-1,0.507
2022-01-20,3,night,-1,0.338
2022-01-21,3,night,-1,0.338
2022-01-24,3,night,-1,0.338
2022-01-25,3,night,-1,0.507
2022-01-26,3,night,-1,0.338
2022-02-07,3,night,1,0.669
2022-02-08,3,night,1,0.704
2022-02-09,3,night,1,0.811
2022-02-10,3,night,-1,0.338
2022-02-11,3,night,-1,0.338
2022-02-14,3,night,-1,0.338
2022-02-15,3,night,1,0.704
2022-02-16,3,night,1,0.811
2022-02-17,3,night,-1,0.338
2022-02-18,3,night,-1,0.338
2022-02-21,3,night,-1,0.338
2022-02-22,3,night,-1,0.507
2022-02-23,3,night,-1,0.338
2022-02-24,3,night,1,0.704
2022-02-25,3,night,1,0.704
2022-03-01,3,night,-1,0.338
2022-03-02,3,night,1,0.704
2022-03-03,3,night,-1,0.338
2022-03-04,3,night,-1,0.338
2022-03-07,3,night,-1,0.338
2022-03-08,3,night,1,0.704
2022-03-09,3,night,1,0.704
2022-03-10,3,night,-1,0.338
2022-03-11,3,night,-1,0.338
2022-03-14,3,night,-1,0.338
2022-03-15,3,night,1,0.704
2022-03-16,3,night,1,0.811
2022-03-17,3,night,1,0.669
2022-03-18,3,night,1,0.704
2022-03-21,3,night,1,0.704
2022-03-22,3,night,1,0.811
2022-03-23,3,night,-1,0.338
2022-03-24,3,night,1,0.704
2022-03-25,3,night,-1,0.507
2022-03-28,3,night,1,0.811
2022-03-29,3,night,1,0.811
2022-03-30,3,night,-1,0.338
2022-03-31,3,night,-1,0.338
2022-04-01,3,night,-1,0.507
2022-04-06,3,night,-1,0.338
2022-04-07,3,night,1,0.704
2022-04-08,3,night,-1,0.338
2022-04-11,3,night,-1,0.338
2022-04-12,3,night,-1,0.507
2022-04-13,3,night,1,0.669
2022-04-14,3,night,-1,0.338
2022-04-15,3,night,-1,0.507
2022-04-18,3,night,1,0.811
2022-04-19,3,night,1,0.704
2022-04-20,3,night,1,0.704
2022-04-21,3,night,-1,0.338
2022-04-22,3,night,-1,0.338
2022-04-25,3,night,1,0.704
2022-04-26,3,night,-1,0.338
2022-04-27,3,night,-1,0.507
2022-04-28,3,night,1,0.811
2022-04-29,3,night,-1,0.338
2022-05-03,3,night,-1,0.507
2022-05-04,3,night,1,0.704
2022-05-05,3,night,-1,0.338
2022-05-06,3,night,-1,0.507
2022-05-09,3,night,-1,0.338
2022-05-10,3,night,-1,0.338
2022-05-11,3,night,-1,0.338
2022-05-12,3,night,1,0.704
2022-05-13,3,night,1,0.811
2022-05-16,3,night,1,0.669
2022-05-17,3,night,1,0.811
2022-05-18,3,night,-1,0.338
2022-05-19,3,night,1,0.704
2022-05-20,3,night,1,0.669
2022-05-23,3,night,1,0.704
2022-05-24,3,night,1,0.704
2022-05-25,3,night,1,0.811
2022-05-26,3,night,1,0.704
2022-05-27,3,night,1,0.811
2022-05-30,3,night,-1,0.338
2022-05-31,3,night,-1,0.338
2022-06-01,3,night,-1,0.338
2022-06-02,3,night,1,0.704
2022-06-06,3,night,-1,0.507
2022-06-07,3,night,1,0.704
2022-06-08,3,night,-1,0.338
2022-06-09,3,night,-1,0.338
2022-06-10,3,night,-1,0.338
2022-06-13,3,night,-1,0.338
2022-06-14,3,night,-1,0.507
2022-06-15,3,night,1,0.811
2022-06-16,3,night,-1,0.338
2022-06-20,3,night,1,0.811
2022-06-21,3,night,1,0.811
2022-06-22,3,night,1,0.704
2022-06-23,3,night,1,0.811
2022-06-24,3,night,1,0.811
2022-06-27,3,night,1,0.669
2022-06-28,3,night,-1,0.338
2022-06-30,3,night,1,0.704
2022-07-01,3,night,1,0.704
2022-07-04,3,night,1,0.704
2022-07-05,3,night,1,0.704
2022-07-06,3,night,1,0.704
2022-07-07,3,night,1,0.811
2022-07-08,3,night,1,0.811
2022-07-11,3,night,-1,0.338
2022-07-12,3,night,1,0.704
2022-07-13,3,night,1,0.669
2022-07-14,3,night,1,0.704
2022-07-15,3,night,1,0.704
2022-07-18,3,night,-1,0.338
2022-07-19,3,night,1,0.704
2022-07-20,3,night,1,0.669
2022-07-21,3,night,1,0.704
2022-07-26,3,night,-1,0.338
2022-07-27,3,night,1,0.704
2022-07-28,3,night,1,0.704
2022-07-29,3,night,1,0.669
2022-08-01,3,night,-1,0.338
2022-08-04,3,night,1,0.811
2022-08-05,3,night,-1,0.338
2022-08-08,3,night,-1,0.338
2022-08-09,3,night,-1,0.338
2022-08-10,3,night,1,0.704
2022-08-11,3,night,1,0.811
2022-08-12,3,night,1,0.811
2022-08-15,3,night,1,0.669
2022-08-17,3,night,-1,0.338
2022-08-19,3,night,-1,0.338
2022-08-22,3,night,-1,0.338
2022-08-23,3,night,1,0.704
2022-08-24,3,night,1,0.704
2022-08-25,3,night,1,0.811
2022-08-26,3,night,-1,0.338
2022-08-29,3,night,1,0.704
2022-08-30,3,night,-1,0.338
2022-08-31,3,night,-1,0.338
2022-09-01,3,night,1,0.704
2022-09-06,3,night,-1,0.338
2022-09-07,3,night,1,0.704
2022-09-08,3,night,1,0.704
2022-09-12,3,night,1,0.811
2022-09-13,3,night,-1,0.338
2022-09-14,3,night,1,0.704
2022-09-15,3,night,-1,0.338
2022-09-16,3,night,1,0.704
2022-09-19,3,night,1,0.704
2022-09-20,3,night,-1,0.338
2022-09-21,3,night,-1,0.338
2022-09-23,3,night,-1,0.338
2022-09-26,3,night,1,0.704
2022-09-27,3,night,1,0.669
2022-09-28,3,night,1,0.704
2022-09-29,3,night,-1,0.338
2022-09-30,3,night,-1,0.338
2022-10-03,3,night,1,0.704
2022-10-04,3,night,1,0.704
2022-10-05,3,night,1,0.669
2022-10-06,3,night,-1,0.338
2022-10-07,3,night,-1,0.338
2022-10-11,3,night,-1,0.338
2022-10-13,3,night,1,0.704
2022-10-14,3,night,-1,0.338
2022-10-17,3,night,1,0.811
2022-10-18,3,night,1,0.669
2022-10-19,3,night,-1,0.338
2022-10-20,3,night,1,0.704
2022-10-21,3,night,1,0.704
2022-10-24,3,night,1,0.669
2022-10-25,3,night,1,0.704
2022-10-26,3,night,1,0.811
2022-10-27,3,night,-1,0.338
2022-10-28,3,night,1,0.704
2022-10-31,3,night,1,0.669
2022-11-02,3,night,-1,0.338
2022-11-03,3,night,-1,0.338
2022-11-04,3,night,1,0.811
2022-11-07,3,night,1,0.811
2022-11-08,3,night,1,0.704
2022-11-09,3,night,-1,0.338
2022-11-10,3,night,1,0.704
2022-11-11,3,night,1,0.811
2022-11-14,3,night,1,0.669
2022-11-15,3,night,1,0.811
2022-11-16,3,night,-1,0.338
2022-11-18,3,night,1,0.704
2022-11-22,3,night,1,0.704
2022-11-23,3,night,1,0.811
2022-11-24,3,night,1,0.669
2022-11-25,3,night,-1,0.338
2022-11-28,3,night,-1,0.338
2022-11-29,3,night,-1,0.338
2022-11-30,3,night,1,0.811
2022-12-01,3,night,-1,0.338
2022-12-05,3,night,-1,0.338
2022-12-06,3,night,-1,0.338
2022-12-08,3,night,1,0.811
2022-12-09,3,night,-1,0.338
2022-12-12,3,night,1,0.704
2022-12-13,3,night,1,0.811
2022-12-14,3,night,-1,0.338
2022-12-15,3,night,-1,0.338
2022-12-16,3,night,-1,0.338
2022-12-20,3,night,1,0.704
2022-12-21,3,night,1,0.811
2022-12-22,3,night,-1,0.338
2022-12-27,3,night,-1,0.338
2022-12-28,3,night,-1,0.338
2022-12-29,3,night,1,0.704
2022-12-30,3,night,1,0.669
2023-01-03,3,night,-1,0.394
2023-01-04,3,night,1,0.786
2023-01-05,3,night,-1,0.394
2023-01-06,3,night,1,0.786
2023-01-10,3,night,1,0.786
2023-01-11,3,night,1,0.786
2023-01-12,3,night,1,0.786
2023-01-13,3,night,1,0.786
2023-01-17,3,night,1,0.786
2023-01-30,3,night,-1,0.448
2023-01-31,3,night,1,0.648
2023-02-01,3,night,1,0.648
2023-02-03,3,night,-1,0.394
2023-02-06,3,night,-1,0.394
2023-02-07,3,night,1,0.648
2023-02-08,3,night,-1,0.394
2023-02-09,3,night,-1,0.448
2023-02-10,3,night,-1,0.448
2023-02-13,3,night,1,0.648
2023-02-14,3,night,1,0.648
2023-02-15,3,night,1,0.648
2023-02-16,3,night,-1,0.253
2023-02-17,3,night,-1,0.448
2023-02-21,3,night,-1,0.253
2023-02-22,3,night,-1,0.448
2023-02-23,3,night,1,0.648
2023-02-24,3,night,-1,0.253
2023-03-02,3,night,1,0.786
2023-03-03,3,night,1,0.786
2023-03-07,3,night,-1,0.253
2023-03-08,3,night,1,0.786
2023-03-09,3,night,-1,0.253
2023-03-10,3,night,-1,0.394
2023-03-13,3,night,-1,0.253
2023-03-14,3,night,1,0.786
2023-03-15,3,night,-1,0.253
2023-03-16,3,night,1,0.786
2023-03-17,3,night,-1,0.394
2023-03-20,3,night,1,0.786
2023-03-21,3,night,1,0.786
2023-03-23,3,night,1,0.786
2023-03-24,3,night,-1,0.448
2023-03-27,3,night,-1,0.394
2023-03-29,3,night,1,0.786
2023-03-30,3,night,1,0.786
2023-03-31,3,night,1,0.786
2023-04-06,3,night,1,0.786
2023-04-13,3,night,1,0.786
2023-04-18,3,night,-1,0.448
2023-04-21,3,night,-1,0.448
2023-04-24,3,night,-1,0.448
2023-04-25,3,night,-1,0.394
2023-04-26,3,night,-1,0.448
2023-04-27,3,night,1,0.786
2023-04-28,3,night,1,0.786
2023-05-02,3,night,-1,0.394
2023-05-03,3,night,-1,0.394
2023-05-04,3,night,-1,0.448
2023-05-05,3,night,1,0.786
2023-05-09,3,night,-1,0.448
2023-05-11,3,night,-1,0.394
2023-05-12,3,night,-1,0.394
2023-05-15,3,night,1,0.786
2023-05-16,3,night,-1,0.448
2023-05-17,3,night,1,0.786
2023-05-18,3,night,1,0.786
2023-05-23,3,night,-1,0.394
2023-05-24,3,night,-1,0.448
2023-05-25,3,night,1,0.786
2023-05-26,3,night,1,0.786
2023-05-31,3,night,-1,0.448
2023-06-01,3,night,1,0.786
2023-06-02,3,night,1,0.786
2023-06-07,3,night,-1,0.448
2023-06-08,3,night,1,0.786
2023-06-09,3,night,1,0.786
2023-06-12,3,night,1,0.786
2023-06-14,3,night,1,0.786
2023-06-15,3,night,-1,0.448
2023-06-19,3,night,-1,0.448
2023-06-20,3,night,-1,0.448
2023-06-21,3,night,-1,0.394
2023-06-26,3,night,-1,0.394
2023-06-27,3,night,1,0.786
2023-06-29,3,night,-1,0.448
2023-06-30,3,night,1,0.786
2023-07-04,3,night,-1,0.448
2023-07-05,3,night,-1,0.394
2023-07-06,3,night,-1,0.253
2023-07-07,3,night,1,0.786
2023-07-10,3,night,1,0.786
2023-07-11,3,night,1,0.786
2023-07-12,3,night,1,0.786
2023-07-13,3,night,1,0.786
2023-07-17,3,night,1,0.786
2023-07-18,3,night,1,0.786
2023-07-19,3,night,-1,0.448
2023-07-20,3,night,-1,0.253
2023-07-24,3,night,1,0.786
2023-07-25,3,night,1,0.786
2023-07-27,3,night,-1,0.394
2023-07-28,3,night,1,0.786
2023-08-02,3,night,-1,0.253
2023-08-04,3,night,-1,0.394
2023-08-08,3,night,-1,0.394
2023-08-09,3,night,-1,0.394
2023-08-11,3,night,-1,0.394
2023-08-14,3,night,1,0.786
2023-08-15,3,night,-1,0.394
2023-08-16,3,night,-1,0.394
2023-08-17,3,night,-1,0.394
2023-08-18,3,night,-1,0.448
2023-08-21,3,night,1,0.786
2023-08-23,3,night,1,0.786
2023-08-24,3,night,-1,0.253
2023-08-28,3,night,1,0.786
2023-08-29,3,night,1,0.786
2023-08-31,3,night,-1,0.394
2023-09-05,3,night,-1,0.448
2023-09-06,3,night,-1,0.253
2023-09-07,3,night,-1,0.448
2023-09-08,3,night,-1,0.448
2023-09-11,3,night,1,0.786
2023-09-12,3,night,-1,0.448
2023-09-13,3,night,1,0.786
2023-09-15,3,night,-1,0.253
2023-09-18,3,night,-1,0.448
2023-09-19,3,night,-1,0.448
2023-09-20,3,night,-1,0.448
2023-09-21,3,night,-1,0.394
2023-09-22,3,night,-1,0.448
2023-09-25,3,night,-1,0.448
2023-09-26,3,night,-1,0.394
2023-09-28,3,night,1,0.786
2023-10-03,3,night,-1,0.253
2023-10-04,3,night,1,0.786
2023-10-05,3,night,-1,0.448
2023-10-06,3,night,1,0.786
2023-10-12,3,night,-1,0.253
2023-10-13,3,night,-1,0.253
2023-10-16,3,night,1,0.786
2023-10-18,3,night,-1,0.394
2023-10-20,3,night,-1,0.253
2023-10-23,3,night,1,0.786
2023-10-24,3,night,1,0.786
2023-10-25,3,night,-1,0.253
2023-10-26,3,night,-1,0.448
2023-10-27,3,night,-1,0.394
2023-10-31,3,night,1,0.786
2023-11-01,3,night,1,0.786
2023-11-02,3,night,1,0.786
2023-11-03,3,night,1,0.786
2023-11-07,3,night,1,0.786
2023-11-08,3,night,-1,0.448
2023-11-10,3,night,1,0.786
2023-11-14,3,night,1,0.786
2023-11-16,3,night,-1,0.448
2023-11-17,3,night,-1,0.448
2023-11-20,3,night,1,0.786
2023-11-21,3,night,-1,0.394
2023-11-22,3,night,-1,0.448
2023-11-24,3,night,-1,0.448
2023-11-27,3,night,1,0.786
2023-12-01,3,night,1,0.786
2023-12-04,3,night,-1,0.394
2023-12-06,3,night,-1,0.394
2023-12-07,3,night,1,0.786
2023-12-08,3,night,1,0.786
2023-12-11,3,night,1,0.786
2023-12-13,3,night,1,0.786
2023-12-14,3,night,1,0.786
2023-12-20,3,night,-1,0.253
2023-12-21,3,night,1,0.786
2023-12-22,3,night,1,0.786
2023-12-25,3,night,-1,0.448
2024-01-02,3,night,-1,0.376
2024-01-03,3,night,-1,0.476
2024-01-04,3,night,-1,0.476
2024-01-08,3,night,1,0.779
2024-01-09,3,night,-1,0.476
2024-01-10,3,night,-1,0.476
2024-01-11,3,night,-1,0.376
2024-01-12,3,night,-1,0.476
2024-01-15,3,night,-1,0.476
2024-01-16,3,night,-1,0.476
2024-01-17,3,night,-1,0.476
2024-01-18,3,night,1,0.779
2024-01-19,3,night,1,0.813
2024-01-24,3,night,1,0.779
2024-01-26,3,night,-1,0.476
2024-01-29,3,night,-1,0.476
2024-01-30,3,night,-1,0.476
2024-01-31,3,night,-1,0.476
2024-02-05,3,night,-1,0.476
2024-02-15,3,night,1,0.813
2024-02-16,3,night,-1,0.476
2024-02-19,3,night,-1,0.476
2024-02-20,3,night,-1,0.476
2024-02-21,3,night,-1,0.476
2024-02-22,3,night,1,0.813
2024-02-26,3,night,-1,0.476
2024-02-27,3,night,-1,0.476
2024-02-29,3,night,-1,0.476
2024-03-01,3,night,1,0.813
2024-03-05,3,night,-1,0.376
2024-03-06,3,night,1,0.779
2024-03-07,3,night,1,0.779
2024-03-11,3,night,-1,0.476
2024-03-14,3,night,-1,0.476
2024-03-15,3,night,-1,0.476
2024-03-18,3,night,-1,0.476
2024-03-19,3,night,-1,0.476
2024-03-20,3,night,1,0.779
2024-03-22,3,night,-1,0.476
2024-03-25,3,night,-1,0.476
2024-03-26,3,night,-1,0.476
2024-03-27,3,night,-1,0.476
2024-03-28,3,night,-1,0.476
2024-04-08,3,night,1,0.813
2024-04-10,3,night,-1,0.376
2024-04-11,3,night,-1,0.476
2024-04-12,3,night,-1,0.243
2024-04-15,3,night,-1,0.243
2024-04-16,3,night,-1,0.476
2024-04-17,3,night,-1,0.243
2024-04-18,3,night,-1,0.243
2024-04-19,3,night,-1,0.476
2024-04-22,3,night,1,0.813
2024-04-23,3,night,1,0.779
2024-04-24,3,night,-1,0.243
2024-04-25,3,night,1,0.779
2024-04-26,3,night,1,0.813
2024-04-30,3,night,-1,0.376
2024-05-02,3,night,1,0.779
2024-05-03,3,night,1,0.779
2024-05-06,3,night,1,0.779
2024-05-08,3,night,-1,0.476
2024-05-10,3,night,1,0.779
2024-05-14,3,night,1,0.779
2024-05-15,3,night,1,0.779
2024-05-20,3,night,1,0.813
2024-05-21,3,night,-1,0.476
2024-05-22,3,night,-1,0.476
2024-05-23,3,night,-1,0.243
2024-05-28,3,night,-1,0.476
2024-05-29,3,night,-1,0.243
2024-05-30,3,night,1,0.779
2024-05-31,3,night,1,0.813
2024-06-03,3,night,-1,0.376
2024-06-04,3,night,-1,0.476
2024-06-05,3,night,1,0.779
2024-06-07,3,night,-1,0.376
2024-06-12,3,night,1,0.779
2024-06-14,3,night,-1,0.476
2024-06-17,3,night,1,0.779
2024-06-18,3,night,1,0.813
2024-06-20,3,night,-1,0.243
2024-06-21,3,night,-1,0.243
2024-06-24,3,night,-1,0.243
2024-06-25,3,night,1,0.813
2024-06-26,3,night,-1,0.243
2024-06-28,3,night,-1,0.476
2024-07-01,3,night,-1,0.476
2024-07-02,3,night,1,0.813
2024-07-03,3,night,1,0.813
2024-07-05,3,night,-1,0.476
2024-07-08,3,night,-1,0.476
2024-07-09,3,night,-1,0.376
2024-07-10,3,night,1,0.779
2024-07-11,3,night,-1,0.243
2024-07-12,3,night,1,0.779
2024-07-15,3,night,-1,0.476
2024-07-17,3,night,-1,0.243
2024-07-18,3,night,-1,0.243
2024-07-19,3,night,-1,0.376
2024-07-22,3,night,1,0.779
2024-07-23,3,night,-1,0.376
2024-07-26,3,night,1,0.779
2024-07-29,3,night,-1,0.243
2024-07-30,3,night,-1,0.243
2024-07-31,3,night,1,0.813
2024-08-01,3,night,-1,0.243
2024-08-02,3,night,-1,0.243
2024-08-05,3,night,1,0.779
2024-08-06,3,night,-1,0.376
2024-08-07,3,night,-1,0.243
2024-08-08,3,night,1,0.779
2024-08-12,3,night,1,0.779
2024-08-13,3,night,1,0.813
2024-08-15,3,night,1,0.813
2024-08-19,3,night,1,0.779
2024-08-20,3,night,-1,0.376
2024-08-22,3,night,-1,0.243
2024-08-23,3,night,1,0.779
2024-08-26,3,night,-1,0.376
2024-08-28,3,night,-1,0.243
2024-08-30,3,night,-1,0.476
2024-09-03,3,night,-1,0.243
2024-09-04,3,night,1,0.779
2024-09-05,3,night,1,0.779
2024-09-06,3,night,-1,0.243
2024-09-09,3,night,1,0.779
2024-09-10,3,night,1,0.779
2024-09-11,3,night,1,0.779
2024-09-12,3,night,1,0.813
2024-09-16,3,night,-1,0.476
2024-09-18,3,night,-1,0.476
2024-09-19,3,night,1,0.813
2024-09-23,3,night,-1,0.476
2024-09-24,3,night,1,0.779
2024-09-25,3,night,1,0.779
2024-09-26,3,night,1,0.813
2024-09-27,3,night,-1,0.243
2024-09-30,3,night,-1,0.376
2024-10-01,3,night,-1,0.243
2024-10-04,3,night,1,0.779
2024-10-07,3,night,-1,0.243
2024-10-08,3,night,1,0.779
2024-10-09,3,night,1,0.813
2024-10-11,3,night,1,0.779
2024-10-14,3,night,1,0.779
2024-10-15,3,night,-1,0.243
2024-10-17,3,night,1,0.779
2024-10-22,3,night,-1,0.476
2024-10-23,3,night,-1,0.376
2024-10-28,3,night,-1,0.376
2024-10-29,3,night,1,0.813
2024-10-30,3,night,-1,0.243
2024-11-01,3,night,-1,0.476
2024-11-04,3,night,-1,0.243
2024-11-05,3,night,1,0.813
2024-11-06,3,night,-1,0.476
2024-11-07,3,night,1,0.779
2024-11-08,3,night,-1,0.243
2024-11-11,3,night,-1,0.243
2024-11-12,3,night,-1,0.476
2024-11-13,3,night,-1,0.476
2024-11-14,3,night,-1,0.476
2024-11-15,3,night,-1,0.243
2024-11-20,3,night,-1,0.476
2024-11-21,3,night,1,0.779
2024-11-25,3,night,-1,0.243
2024-11-26,3,night,-1,0.476
2024-11-27,3,night,-1,0.476
2024-11-28,3,night,-1,0.476
2024-11-29,3,night,1,0.779
2024-12-02,3,night,1,0.813
2024-12-03,3,night,1,0.813
2024-12-10,3,night,-1,0.243
2024-12-11,3,night,1,0.779
2024-12-12,3,night,-1,0.243
2024-12-13,3,night,1,0.779
2024-12-16,3,night,1,0.779
2024-12-18,3,night,-1,0.243
2024-12-19,3,night,-1,0.476
2024-12-20,3,night,1,0.779
2024-12-23,3,night,1,0.813
2024-12-24,3,night,1,0.779
2024-12-27,3,night,-1,0.376
2024-12-30,3,night,-1,0.376
2024-12-31,3,night,-1,0.476
2025-01-03,3,night,1,0.772
2025-01-06,3,night,1,0.772
2025-01-07,3,night,-1,0.395
2025-01-08,3,night,-1,0.214
2025-01-10,3,night,-1,0.214
2025-01-15,3,night,1,0.772
2025-01-16,3,night,1,0.772
2025-01-21,3,night,1,0.772
2025-01-22,3,night,1,0.825
2025-02-03,3,night,1,0.772
2025-02-04,3,night,1,0.825
2025-02-05,3,night,1,0.772
2025-02-07,3,night,-1,0.214
2025-02-10,3,night,1,0.772
2025-02-14,3,night,1,0.772
2025-02-17,3,night,-1,0.444
2025-02-18,3,night,-1,0.444
2025-02-21,3,night,-1,0.395
2025-02-24,3,night,-1,0.214
2025-02-25,3,night,-1,0.214
2025-02-27,3,night,-1,0.395
2025-03-03,3,night,-1,0.214
2025-03-06,3,night,-1,0.395
2025-03-10,3,night,-1,0.214
2025-03-12,3,night,1,0.772
2025-03-14,3,night,1,0.825
2025-03-17,3,night,1,0.825
2025-03-19,3,night,1,0.772
2025-03-24,3,night,1,0.772
2025-03-26,3,night,-1,0.395
2025-03-27,3,night,-1,0.214
2025-03-28,3,night,-1,0.214
2025-03-31,3,night,1,0.772
2025-04-01,3,night,1,0.772
2025-04-02,3,night,-1,0.395
2025-04-07,3,night,-1,0.214
2025-04-08,3,night,-1,0.214
2025-04-09,3,night,1,0.772
2025-04-16,3,night,-1,0.214
2025-04-18,3,night,1,0.825
2025-04-21,3,night,-1,0.214
2025-04-22,3,night,1,0.772
2025-04-23,3,night,1,0.825
2025-04-24,3,night,1,0.772
2025-04-25,3,night,1,0.825
2025-04-30,3,night,1,0.772
2025-05-02,3,night,1,0.825
2025-05-05,3,night,-1,0.395
2025-05-06,3,night,-1,0.214
2025-05-07,3,night,1,0.772
2025-05-09,3,night,-1,0.444
2025-05-12,3,night,1,0.772
2025-05-13,3,night,1,0.825
2025-05-16,3,night,-1,0.444
2025-05-19,3,night,1,0.772
2025-05-21,3,night,-1,0.395
2025-05-23,3,night,-1,0.395
2025-05-27,3,night,1,0.772
2025-05-29,3,night,-1,0.395
2025-06-02,3,night,1,0.772
2025-06-03,3,night,1,0.772
2025-06-04,3,night,1,0.825
2025-06-09,3,night,1,0.825
2025-06-10,3,night,1,0.772
2025-06-11,3,night,-1,0.444
2025-06-16,3,night,1,0.825
2025-06-19,3,night,-1,0.214
2025-06-20,3,night,-1,0.214
2025-06-23,3,night,1,0.772
2025-06-24,3,night,1,0.825
2025-06-25,3,night,-1,0.444
2025-06-26,3,night,1,0.825
2025-06-27,3,night,-1,0.444
2025-07-01,3,night,-1,0.444
2025-07-02,3,night,1,0.772
2025-07-07,3,night,-1,0.214
2025-07-10,3,night,-1,0.444
2025-07-11,3,night,-1,0.214
2025-07-17,3,night,1,0.772
2025-07-18,3,night,-1,0.444
2025-07-21,3,night,-1,0.444
2025-07-23,3,night,1,0.825
2025-07-24,3,night,-1,0.444
2025-07-28,3,night,-1,0.444
2025-07-31,3,night,-1,0.395
2025-08-01,3,night,-1,0.214
2025-08-04,3,night,1,0.772
2025-08-05,3,night,-1,0.395
2025-08-07,3,night,-1,0.444
2025-08-08,3,night,1,0.825
2025-08-11,3,night,-1,0.444
2025-08-12,3,night,1,0.825
2025-08-13,3,night,-1,0.444
2025-08-15,3,night,-1,0.395
2025-08-18,3,night,-1,0.444
2025-08-19,3,night,-1,0.395
2025-08-22,3,night,1,0.772
2025-08-27,3,night,-1,0.395
2025-08-28,3,night,1,0.825
2025-08-29,3,night,-1,0.395
2025-09-03,3,night,1,0.772
2025-09-04,3,night,1,0.825
2025-09-05,3,night,1,0.825
2025-09-08,3,night,1,0.825
2025-09-09,3,night,1,0.772
2025-09-10,3,night,1,0.825
2025-09-11,3,night,1,0.825
2025-09-12,3,night,-1,0.444
2025-09-15,3,night,1,0.825
2025-09-16,3,night,-1,0.444
2025-09-18,3,night,1,0.825
2025-09-22,3,night,1,0.825
2025-09-23,3,night,1,0.825
2025-09-24,3,night,-1,0.444
2025-09-30,3,night,1,0.772
2025-10-01,3,night,1,0.772
2025-10-02,3,night,-1,0.444
2025-10-03,3,night,-1,0.444
2025-10-07,3,night,-1,0.395
2025-10-08,3,night,1,0.772
2025-10-09,3,night,-1,0.395
2025-10-13,3,night,1,0.772
2025-10-15,3,night,1,0.825
2025-10-16,3,night,-1,0.395
2025-10-20,3,night,1,0.825
2025-10-21,3,night,-1,0.444
2025-10-22,3,night,-1,0.214
2025-10-23,3,night,1,0.772
2025-10-27,3,night,1,0.825
2025-10-28,3,night,1,0.772
2025-10-29,3,night,-1,0.444
2025-10-30,3,night,-1,0.444
2025-10-31,3,night,-1,0.214
2025-11-03,3,night,1,0.825
2025-11-04,3,night,-1,0.395
2025-11-05,3,night,1,0.772
2025-11-06,3,night,-1,0.395
2025-11-07,3,night,-1,0.214
2025-11-10,3,night,1,0.825
2025-11-13,3,night,-1,0.214
2025-11-17,3,night,-1,0.395
2025-11-19,3,night,1,0.772
2025-11-20,3,night,-1,0.395
2025-11-21,3,night,1,0.772
2025-11-24,3,night,1,0.772
2025-11-25,3,night,1,0.772
2025-11-26,3,night,1,0.825
2025-12-01,3,night,1,0.772
2025-12-02,3,night,1,0.772
2025-12-03,3,night,1,0.825
2025-12-05,3,night,-1,0.444
2025-12-08,3,night,-1,0.444
2025-12-10,3,night,1,0.772
2025-12-11,3,night,1,0.772
2025-12-12,3,night,-1,0.395
2025-12-15,3,night,-1,0.214
2025-12-17,3,night,-1,0.395
2025-12-18,3,night,1,0.772
2025-12-19,3,night,1,0.825
2025-12-23,3,night,1,0.772
2025-12-26,3,night,-1,0.444
2025-12-29,3,night,-1,0.395
2025-12-31,3,night,-1,0.444
2026-01-02,3,night,1,0.764
2026-01-05,3,night,-1,0.474
2026-01-06,3,night,-1,0.474
2026-01-07,3,night,-1,0.377
2026-01-08,3,night,-1,0.474
2026-01-09,3,night,1,0.81
2026-01-12,3,night,1,0.81
2026-01-13,3,night,1,0.81
2026-01-14,3,night,-1,0.2
2026-01-15,3,night,1,0.764
2026-01-16,3,night,-1,0.2
2026-01-19,3,night,-1,0.474
2026-01-20,3,night,-1,0.2
2026-01-21,3,night,1,0.764
2026-01-22,3,night,1,0.81
2026-01-27,3,night,1,0.81
2026-01-29,3,night,-1,0.377
2026-01-30,3,night,-1,0.377
2026-02-02,3,night,1,0.764
2026-02-03,3,night,-1,0.377
2026-02-04,3,night,-1,0.377
2026-02-05,3,night,-1,0.377
2026-02-06,3,night,1,0.81
2026-02-09,3,night,1,0.81
2026-02-11,3,night,1,0.81
2026-02-24,3,night,1,0.81
2026-02-25,3,night,1,0.81
2026-02-26,3,night,-1,0.377
2026-03-03,3,night,-1,0.377
2026-03-04,3,night,1,0.764
2026-03-05,3,night,-1,0.377
2026-03-06,3,night,-1,0.377
2026-03-09,3,night,1,0.764
2026-03-10,3,night,1,0.81
2026-03-11,3,night,-1,0.2
2026-03-12,3,night,-1,0.2
2026-03-13,3,night,-1,0.2
2026-03-16,3,night,1,0.764
2026-03-17,3,night,1,0.764
2026-03-18,3,night,-1,0.2
2026-03-19,3,night,1,0.764
2026-03-20,3,night,-1,0.377
2026-03-23,3,night,1,0.764
2026-03-24,3,night,1,0.81
2026-03-25,3,night,1,0.81
2026-03-26,3,night,-1,0.377
2026-03-27,3,night,-1,0.377
2026-03-30,3,night,-1,0.377
2026-03-31,3,night,1,0.764
2026-04-01,3,night,1,0.81
2026-04-02,3,night,1,0.764
2026-04-07,3,night,1,0.764
2026-04-08,3,night,1,0.81
2026-04-09,3,night,1,0.764
2026-04-13,3,night,1,0.764
2026-04-14,3,night,1,0.81
2026-04-15,3,night,1,0.764
2026-04-16,3,night,-1,0.377
2026-04-17,3,night,1,0.764
2026-04-20,3,night,1,0.764
2026-04-21,3,night,-1,0.474
2026-04-22,3,night,1,0.764
2026-04-23,3,night,1,0.764
2026-04-24,3,night,1,0.81
2026-04-27,3,night,-1,0.377
2026-04-28,3,night,-1,0.377
2026-04-29,3,night,-1,0.474
2026-04-30,3,night,1,0.764
2026-05-04,3,night,-1,0.377
2026-05-05,3,night,1,0.764
2026-05-06,3,night,1,0.764
2026-05-07,3,night,-1,0.377
2026-05-08,3,night,1,0.764
2026-05-11,3,night,1,0.764
2026-05-12,3,night,-1,0.2
2026-05-13,3,night,1,0.81
2026-05-14,3,night,1,0.764
2026-05-15,3,night,-1,0.2
2026-05-19,3,night,-1,0.474
2026-05-20,3,night,1,0.764
2026-05-21,3,night,1,0.81
2026-05-22,3,night,1,0.81
2026-05-25,3,night,1,0.81
2026-05-26,3,night,1,0.764
2026-05-27,3,night,1,0.764
2026-05-28,3,night,1,0.764
2026-05-29,3,night,-1,0.377
2026-06-01,3,night,1,0.81
2026-06-02,3,night,1,0.764
2026-06-03,3,night,-1,0.377
2026-06-04,3,night,-1,0.474
2026-06-05,3,night,-1,0.377
2026-06-08,3,night,1,0.764
2026-06-09,3,night,-1,0.2
2026-06-10,3,night,-1,0.2
2026-06-11,3,night,1,0.764
2026-06-12,3,night,1,0.81
2026-06-15,3,night,1,0.81
2026-06-16,3,night,-1,0.2
2026-06-18,3,night,1,0.81
2026-06-22,3,night,1,0.81
2026-06-23,3,night,-1,0.377
2026-06-24,3,night,1,0.764
2026-06-25,3,night,-1,0.377
2026-06-26,3,night,1,0.764
2026-06-29,3,night,1,0.764
2026-06-30,3,night,1,0.81
2026-07-01,3,night,-1,0.377
2026-07-02,3,night,-1,0.377
2026-07-03,3,night,1,0.81
2026-07-06,3,night,1,0.764
2026-07-07,3,night,-1,0.2
2026-07-09,3,night,1,0.81
2026-07-13,3,night,-1,0.2
2026-07-14,3,night,1,0.81
2026-07-15,3,night,-1,0.2
2026-07-16,3,night,-1,0.377
2026-07-17,3,night,1,0.764
2026-07-20,3,night,1,0.764
2026-07-21,3,night,1,0.81
2026-07-22,3,night,1,0.764
2026-07-23,3,night,-1,0.377
2026-07-24,3,night,-1,0.377
2026-07-27,3,night,-1,0.377
2026-07-28,3,night,1,0.764
2026-07-29,3,night,-1,0.377
2026-07-30,3,night,1,0.764
2026-07-31,3,night,-1,0.377
2026-08-04,3,night,1,0.764
2026-08-05,3,night,-1,0.377
2026-08-06,3,night,1,0.764
2026-08-07,3,night,1,0.764
2026-08-10,3,night,-1,0.377
2026-08-11,3,night,1,0.81
2026-08-12,3,night,1,0.81
2026-08-13,3,night,1,0.81
2026-08-17,3,night,-1,0.474
2026-08-18,3,night,-1,0.2
2026-08-19,3,night,1,0.764
2026-08-24,3,night,-1,0.377
2026-08-25,3,night,1,0.764
2026-08-27,3,night,1,0.764
2026-08-28,3,night,-1,0.377
2026-08-31,3,night,-1,0.474
2026-09-01,3,night,-1,0.377
2026-09-03,3,night,1,0.764
2026-09-04,3,night,1,0.81
2026-09-07,3,night,-1,0.474
2026-09-09,3,night,-1,0.2
2026-09-10,3,night,-1,0.2
2026-09-11,3,night,1,0.764
2026-09-14,3,night,-1,0.2
2026-09-16,3,night,1,0.764
2026-09-17,3,night,1,0.764
2020-01-02,5,night,1,0.724
2020-01-06,5,night,1,0.724
2020-01-07,5,night,1,0.724
2020-01-08,5,night,1,0.724
2020-01-09,5,night,-1,0.389
2020-01-13,5,night,1,0.724
2020-01-16,5,night,1,0.724
2020-01-17,5,night,1,0.724
2020-01-30,5,night,1,0.724
2020-01-31,5,night,-1,0.389
2020-02-03,5,night,1,0.724
2020-02-04,5,night,1,0.724
2020-02-05,5,night,1,0.724
2020-02-10,5,night,1,0.724
2020-02-12,5,night,1,0.724
2020-02-19,5,night,1,0.724
2020-02-26,5,night,1,0.656
2020-02-27,5,night,-1,0.389
2020-03-02,5,night,1,0.724
2020-03-03,5,night,-1,0.389
2020-03-04,5,night,1,0.724
2020-03-05,5,night,-1,0.389
2020-03-06,5,night,-1,0.389
2020-03-09,5,night,-1,0.389
2020-03-10,5,night,1,0.724
2020-03-11,5,night,-1,0.389
2020-03-12,5,night,-1,0.389
2020-03-13,5,night,1,0.724
2020-03-16,5,night,-1,0.389
2020-03-17,5,night,1,0.724
2020-03-18,5,night,-1,0.389
2020-03-19,5,night,1,0.724
2020-03-20,5,night,-1,0.389
2020-03-23,5,night,1,0.724
2020-03-24,5,night,1,0.724
2020-03-25,5,night,1,0.724
2020-03-26,5,night,1,0.724
2020-03-27,5,night,1,0.656
2020-03-30,5,night,1,0.724
2020-03-31,5,night,1,0.656
2020-04-01,5,night,1,0.656
2020-04-06,5,night,1,0.724
2020-04-07,5,night,1,0.656
2020-04-08,5,night,1,0.656
2020-04-09,5,night,1,0.656
2020-04-10,5,night,1,0.656
2020-04-13,5,night,1,0.724
2020-04-14,5,night,1,0.724
2020-04-15,5,night,1,0.656
2020-04-16,5,night,1,0.724
2020-04-17,5,night,1,0.656
2020-04-20,5,night,-1,0.389
2020-04-21,5,night,-1,0.389
2020-04-22,5,night,1,0.724
2020-04-23,5,night,-1,0.389
2020-04-24,5,night,1,0.724
2020-04-27,5,night,1,0.724
2020-04-28,5,night,1,0.656
2020-04-29,5,night,1,0.724
2020-04-30,5,night,-1,0.389
2020-05-04,5,night,1,0.724
2020-05-05,5,night,-1,0.389
2020-05-06,5,night,-1,0.389
2020-05-07,5,night,-1,0.389
2020-05-08,5,night,1,0.724
2020-05-14,5,night,1,0.724
2020-05-18,5,night,1,0.724
2020-05-20,5,night,1,0.724
2020-05-22,5,night,1,0.724
2020-05-25,5,night,1,0.724
2020-05-27,5,night,1,0.724
2020-05-29,5,night,1,0.724
2020-06-02,5,night,1,0.724
2020-06-03,5,night,1,0.724
2020-06-04,5,night,1,0.724
2020-06-05,5,night,1,0.724
2020-06-08,5,night,1,0.724
2020-06-09,5,night,-1,0.389
2020-06-10,5,night,1,0.656
2020-06-11,5,night,-1,0.389
2020-06-12,5,night,1,0.724
2020-06-15,5,night,1,0.724
2020-06-16,5,night,-1,0.389
2020-06-17,5,night,1,0.724
2020-06-18,5,night,1,0.724
2020-06-22,5,night,1,0.724
2020-06-23,5,night,1,0.724
2020-06-29,5,night,1,0.724
2020-07-01,5,night,1,0.724
2020-07-02,5,night,1,0.724
2020-07-03,5,night,1,0.724
2020-07-06,5,night,1,0.724
2020-07-07,5,night,-1,0.389
2020-07-08,5,night,1,0.724
2020-07-09,5,night,1,0.724
2020-07-10,5,night,1,0.724
2020-07-13,5,night,-1,0.389
2020-07-14,5,night,1,0.724
2020-07-15,5,night,-1,0.389
2020-07-20,5,night,1,0.724
2020-07-24,5,night,1,0.724
2020-07-27,5,night,1,0.724
2020-07-28,5,night,-1,0.389
2020-07-29,5,night,1,0.724
2020-07-30,5,night,-1,0.389
2020-08-03,5,night,1,0.724
2020-08-04,5,night,1,0.724
2020-08-05,5,night,1,0.724
2020-08-06,5,night,1,0.724
2020-08-12,5,night,1,0.724
2020-08-20,5,night,1,0.724
2020-08-21,5,night,-1,0.389
2020-08-24,5,night,1,0.724
2020-08-25,5,night,-1,0.389
2020-08-26,5,night,1,0.724
2020-08-28,5,night,1,0.724
2020-09-01,5,night,1,0.724
2020-09-02,5,night,1,0.724
2020-09-07,5,night,1,0.724
2020-09-09,5,night,1,0.724
2020-09-15,5,night,1,0.724
2020-09-22,5,night,1,0.724
2020-09-24,5,night,1,0.724
2020-09-25,5,night,1,0.724
2020-09-28,5,night,1,0.724
2020-09-29,5,night,1,0.724
2020-09-30,5,night,1,0.724
2020-10-05,5,night,1,0.724
2020-10-07,5,night,1,0.724
2020-10-12,5,night,1,0.724
2020-10-14,5,night,-1,0.389
2020-10-15,5,night,-1,0.389
2020-10-16,5,night,-1,0.389
2020-10-22,5,night,1,0.724
2020-10-30,5,night,1,0.724
2020-11-02,5,night,1,0.724
2020-11-03,5,night,1,0.724
2020-11-04,5,night,1,0.724
2020-11-05,5,night,1,0.724
2020-11-06,5,night,1,0.724
2020-11-09,5,night,1,0.724
2020-11-10,5,night,-1,0.389
2020-11-11,5,night,1,0.724
2020-11-12,5,night,-1,0.389
2020-11-13,5,night,1,0.724
2020-11-16,5,night,1,0.724
2020-11-17,5,night,-1,0.389
2020-11-18,5,night,-1,0.389
2020-11-19,5,night,-1,0.389
2020-11-20,5,night,-1,0.389
2020-11-23,5,night,-1,0.389
2020-11-24,5,night,1,0.724
2020-11-25,5,night,1,0.724
2020-11-26,5,night,-1,0.389
2020-11-27,5,night,1,0.724
2020-11-30,5,night,-1,0.389
2020-12-01,5,night,1,0.724
2020-12-02,5,night,-1,0.389
2020-12-03,5,night,-1,0.389
2020-12-04,5,night,1,0.724
2020-12-07,5,night,-1,0.389
2020-12-08,5,night,-1,0.389
2020-12-09,5,night,-1,0.389
2020-12-10,5,night,1,0.724
2020-12-11,5,night,-1,0.389
2020-12-14,5,night,-1,0.389
2020-12-15,5,night,1,0.724
2020-12-16,5,night,1,0.724
2020-12-18,5,night,1,0.724
2020-12-22,5,night,1,0.724
2020-12-23,5,night,1,0.724
2020-12-24,5,night,1,0.724
2020-12-25,5,night,-1,0.529
2020-12-28,5,night,-1,0.529
2020-12-29,5,night,-1,0.529
2020-12-30,5,night,1,0.724
2020-12-31,5,night,-1,0.529
2021-01-05,5,night,1,0.805
2021-01-06,5,night,1,0.805
2021-01-08,5,night,-1,0.409
2021-01-11,5,night,-1,0.409
2021-01-13,5,night,-1,0.409
2021-01-14,5,night,1,0.805
2021-01-15,5,night,1,0.805
2021-01-18,5,night,1,0.805
2021-01-19,5,night,-1,0.409
2021-01-21,5,night,-1,0.409
2021-01-22,5,night,1,0.684
2021-01-25,5,night,1,0.684
2021-01-27,5,night,1,0.684
2021-01-28,5,night,1,0.805
2021-01-29,5,night,1,0.805
2021-02-02,5,night,1,0.805
2021-02-03,5,night,-1,0.532
2021-02-05,5,night,-1,0.532
2021-02-17,5,night,-1,0.532
2021-02-18,5,night,-1,0.532
2021-02-22,5,night,-1,0.532
2021-02-23,5,night,-1,0.409
2021-02-25,5,night,-1,0.532
2021-02-26,5,night,-1,0.409
2021-03-03,5,night,-1,0.409
2021-03-05,5,night,1,0.805
2021-03-08,5,night,1,0.684
2021-03-09,5,night,1,0.805
2021-03-10,5,night,1,0.805
2021-03-11,5,night,1,0.805
2021-03-12,5,night,1,0.684
2021-03-15,5,night,1,0.805
2021-03-16,5,night,1,0.684
2021-03-18,5,night,1,0.684
2021-03-19,5,night,1,0.805
2021-03-22,5,night,1,0.805
2021-03-25,5,night,1,0.805
2021-03-26,5,night,1,0.805
2021-03-29,5,night,1,0.805
2021-03-30,5,night,1,0.684
2021-03-31,5,night,1,0.805
2021-04-01,5,night,1,0.805
2021-04-06,5,night,-1,0.532
2021-04-07,5,night,-1,0.532
2021-04-08,5,night,-1,0.532
2021-04-14,5,night,-1,0.409
2021-04-15,5,night,-1,0.409
2021-04-16,5,night,-1,0.409
2021-04-19,5,night,-1,0.409
2021-04-20,5,night,-1,0.409
2021-04-22,5,night,-1,0.409
2021-04-26,5,night,-1,0.409
2021-04-27,5,night,-1,0.409
2021-04-28,5,night,-1,0.409
2021-04-29,5,night,-1,0.409
2021-05-04,5,night,-1,0.409
2021-05-05,5,night,1,0.805
2021-05-06,5,night,1,0.805
2021-05-07,5,night,1,0.805
2021-05-10,5,night,-1,0.532
2021-05-11,5,night,1,0.684
2021-05-12,5,night,-1,0.409
2021-05-13,5,night,1,0.805
2021-05-14,5,night,1,0.805
2021-05-18,5,night,1,0.684
2021-05-19,5,night,1,0.805
2021-05-20,5,night,1,0.805
2021-05-21,5,night,-1,0.532
2021-05-24,5,night,1,0.805
2021-05-25,5,night,-1,0.532
2021-05-26,5,night,-1,0.532
2021-05-28,5,night,1,0.684
2021-05-31,5,night,1,0.684
2021-06-01,5,night,1,0.684
2021-06-03,5,night,1,0.684
2021-06-08,5,night,-1,0.532
2021-06-09,5,night,1,0.805
2021-06-10,5,night,1,0.805
2021-06-11,5,night,-1,0.532
2021-06-15,5,night,-1,0.532
2021-06-16,5,night,-1,0.532
2021-06-17,5,night,-1,0.532
2021-06-18,5,night,-1,0.532
2021-06-21,5,night,1,0.805
2021-06-22,5,night,1,0.805
2021-06-23,5,night,-1,0.409
2021-06-24,5,night,1,0.805
2021-06-25,5,night,1,0.805
2021-06-28,5,night,1,0.805
2021-06-29,5,night,1,0.805
2021-06-30,5,night,-1,0.532
2021-07-01,5,night,-1,0.409
2021-07-05,5,night,-1,0.409
2021-07-06,5,night,-1,0.409
2021-07-07,5,night,1,0.805
2021-07-08,5,night,-1,0.409
2021-07-09,5,night,1,0.805
2021-07-12,5,night,1,0.805
2021-07-13,5,night,-1,0.409
2021-07-15,5,night,-1,0.532
2021-07-16,5,night,-1,0.532
2021-07-19,5,night,-1,0.532
2021-07-20,5,night,1,0.805
2021-07-21,5,night,1,0.805
2021-07-23,5,night,1,0.805
2021-07-26,5,night,1,0.805
2021-07-27,5,night,-1,0.532
2021-07-29,5,night,1,0.805
2021-08-02,5,night,-1,0.532
2021-08-03,5,night,-1,0.532
2021-08-04,5,night,-1,0.532
2021-08-05,5,night,-1,0.532
2021-08-06,5,night,-1,0.532
2021-08-09,5,night,-1,0.532
2021-08-10,5,night,-1,0.532
2021-08-11,5,night,-1,0.532
2021-08-13,5,night,1,0.684
2021-08-16,5,night,1,0.805
2021-08-17,5,night,1,0.684
2021-08-18,5,night,1,0.684
2021-08-19,5,night,1,0.684
2021-08-20,5,night,1,0.805
2021-08-23,5,night,1,0.805
2021-08-24,5,night,1,0.684
2021-08-25,5,night,1,0.805
2021-08-26,5,night,1,0.684
2021-08-27,5,night,1,0.805
2021-08-30,5,night,1,0.684
2021-08-31,5,night,1,0.684
2021-09-01,5,night,-1,0.532
2021-09-03,5,night,-1,0.532
2021-09-06,5,night,-1,0.532
2021-09-09,5,night,1,0.805
2021-09-13,5,night,1,0.805
2021-09-14,5,night,1,0.684
2021-09-15,5,night,1,0.684
2021-09-16,5,night,1,0.684
2021-09-17,5,night,1,0.684
2021-09-22,5,night,1,0.805
2021-09-23,5,night,1,0.805
2021-09-24,5,night,1,0.684
2021-09-27,5,night,1,0.684
2021-09-28,5,night,1,0.684
2021-09-29,5,night,1,0.684
2021-09-30,5,night,1,0.684
2021-10-01,5,night,1,0.805
2021-10-04,5,night,1,0.684
2021-10-05,5,night,1,0.805
2021-10-06,5,night,1,0.805
2021-10-07,5,night,1,0.805
2021-10-08,5,night,1,0.684
2021-10-12,5,night,1,0.684
2021-10-13,5,night,1,0.805
2021-10-14,5,night,1,0.805
2021-10-15,5,night,1,0.805
2021-10-18,5,night,1,0.805
2021-11-01,5,night,-1,0.409
2021-11-03,5,night,1,0.805
2021-11-04,5,night,1,0.805
2021-11-05,5,night,-1,0.409
2021-11-08,5,night,1,0.805
2021-11-09,5,night,-1,0.409
2021-11-10,5,night,-1,0.409
2021-11-15,5,night,-1,0.409
2021-11-17,5,night,-1,0.409
2021-11-18,5,night,1,0.805
2021-11-19,5,night,-1,0.409
2021-11-22,5,night,-1,0.532
2021-11-23,5,night,-1,0.532
2021-11-30,5,night,-1,0.532
2021-12-01,5,night,-1,0.532
2021-12-03,5,night,-1,0.532
2021-12-06,5,night,-1,0.532
2021-12-09,5,night,-1,0.532
2021-12-10,5,night,1,0.805
2021-12-15,5,night,1,0.805
2021-12-16,5,night,1,0.684
2021-12-17,5,night,1,0.684
2021-12-20,5,night,1,0.805
2021-12-21,5,night,1,0.805
2021-12-22,5,night,1,0.805
2021-12-24,5,night,1,0.684
2021-12-28,5,night,-1,0.532
2021-12-29,5,night,-1,0.532
2021-12-30,5,night,-1,0.532
2022-01-03,5,night,1,0.713
2022-01-06,5,night,1,0.811
2022-01-11,5,night,1,0.713
2022-01-13,5,night,1,0.713
2022-02-08,5,night,1,0.811
2022-02-09,5,night,1,0.811
2022-02-15,5,night,1,0.713
2022-02-24,5,night,1,0.713
2022-02-25,5,night,1,0.713
2022-03-02,5,night,1,0.713
2022-03-08,5,night,1,0.713
2022-03-09,5,night,1,0.713
2022-03-15,5,night,1,0.811
2022-03-16,5,night,1,0.713
2022-03-18,5,night,1,0.713
2022-03-22,5,night,1,0.811
2022-03-24,5,night,1,0.713
2022-03-28,5,night,1,0.713
2022-03-29,5,night,1,0.713
2022-04-07,5,night,1,0.811
2022-04-18,5,night,1,0.713
2022-04-19,5,night,1,0.713
2022-04-20,5,night,1,0.811
2022-04-25,5,night,1,0.811
2022-04-28,5,night,1,0.811
2022-05-04,5,night,1,0.713
2022-05-13,5,night,1,0.713
2022-05-17,5,night,1,0.713
2022-05-19,5,night,1,0.811
2022-05-23,5,night,1,0.811
2022-05-24,5,night,1,0.811
2022-05-25,5,night,1,0.811
2022-05-26,5,night,1,0.811
2022-05-27,5,night,1,0.811
2022-06-02,5,night,1,0.811
2022-06-07,5,night,1,0.811
2022-06-15,5,night,1,0.811
2022-06-20,5,night,1,0.811
2022-06-21,5,night,1,0.811
2022-06-22,5,night,1,0.811
2022-06-23,5,night,1,0.811
2022-06-24,5,night,1,0.713
2022-07-01,5,night,1,0.811
2022-07-04,5,night,1,0.811
2022-07-05,5,night,1,0.811
2022-07-06,5,night,1,0.811
2022-07-07,5,night,1,0.811
2022-07-08,5,night,1,0.811
2022-07-12,5,night,1,0.811
2022-07-14,5,night,1,0.811
2022-07-15,5,night,1,0.811
2022-07-19,5,night,1,0.811
2022-07-21,5,night,1,0.811
2022-07-27,5,night,1,0.811
2022-07-28,5,night,1,0.811
2022-08-04,5,night,1,0.713
2022-08-10,5,night,1,0.713
2022-08-11,5,night,1,0.811
2022-08-12,5,night,1,0.811
2022-08-24,5,night,1,0.713
2022-08-25,5,night,1,0.713
2022-09-01,5,night,1,0.713
2022-09-07,5,night,1,0.713
2022-09-12,5,night,1,0.713
2022-09-19,5,night,1,0.713
2022-09-28,5,night,1,0.713
2022-10-03,5,night,1,0.713
2022-10-04,5,night,1,0.713
2022-10-13,5,night,1,0.811
2022-10-17,5,night,1,0.811
2022-10-20,5,night,1,0.811
2022-10-21,5,night,1,0.811
2022-10-25,5,night,1,0.811
2022-10-26,5,night,1,0.811
2022-10-28,5,night,1,0.811
2022-11-04,5,night,1,0.811
2022-11-07,5,night,1,0.811
2022-11-08,5,night,1,0.811
2022-11-10,5,night,1,0.811
2022-11-11,5,night,1,0.811
2022-11-15,5,night,1,0.811
2022-11-18,5,night,1,0.811
2022-11-22,5,night,1,0.811
2022-11-23,5,night,1,0.811
2022-11-30,5,night,1,0.811
2022-12-08,5,night,1,0.811
2022-12-12,5,night,1,0.811
2022-12-13,5,night,1,0.811
2022-12-20,5,night,1,0.811
2022-12-21,5,night,1,0.713
2022-12-29,5,night,1,0.713
2023-01-03,5,night,-1,0.468
2023-01-05,5,night,-1,0.462
2023-01-06,5,night,1,0.727
2023-01-09,5,night,1,0.727
2023-01-10,5,night,1,0.727
2023-01-16,5,night,-1,0.468
2023-02-03,5,night,-1,0.462
2023-02-06,5,night,-1,0.462
2023-02-08,5,night,-1,0.462
2023-02-16,5,night,-1,0.35
2023-02-21,5,night,-1,0.462
2023-02-24,5,night,-1,0.462
2023-03-06,5,night,-1,0.468
2023-03-07,5,night,-1,0.462
2023-03-09,5,night,-1,0.462
2023-03-10,5,night,-1,0.462
2023-03-13,5,night,-1,0.462
2023-03-15,5,night,-1,0.462
2023-03-17,5,night,-1,0.462
2023-03-20,5,night,1,0.727
2023-03-22,5,night,-1,0.468
2023-03-23,5,night,1,0.727
2023-03-24,5,night,-1,0.468
2023-03-27,5,night,-1,0.35
2023-03-28,5,night,1,0.727
2023-03-29,5,night,1,0.727
2023-03-30,5,night,1,0.727
2023-03-31,5,night,1,0.727
2023-04-06,5,night,1,0.727
2023-04-07,5,night,1,0.727
2023-04-10,5,night,-1,0.468
2023-04-11,5,night,1,0.727
2023-04-12,5,night,-1,0.468
2023-04-13,5,night,1,0.727
2023-04-14,5,night,-1,0.468
2023-04-17,5,night,-1,0.468
2023-04-18,5,night,1,0.727
2023-04-21,5,night,-1,0.468
2023-04-25,5,night,-1,0.35
2023-04-26,5,night,-1,0.468
2023-05-02,5,night,-1,0.462
2023-05-03,5,night,-1,0.468
2023-05-04,5,night,-1,0.468
2023-05-09,5,night,-1,0.468
2023-05-10,5,night,1,0.727
2023-05-11,5,night,-1,0.35
2023-05-12,5,night,-1,0.462
2023-05-16,5,night,1,0.727
2023-05-19,5,night,-1,0.468
2023-05-23,5,night,-1,0.35
2023-05-25,5,night,1,0.727
2023-05-26,5,night,1,0.727
2023-06-01,5,night,1,0.727
2023-06-02,5,night,1,0.727
2023-06-06,5,night,1,0.727
2023-06-08,5,night,1,0.727
2023-06-09,5,night,1,0.727
2023-06-12,5,night,1,0.727
2023-06-13,5,night,1,0.727
2023-06-14,5,night,1,0.727
2023-06-21,5,night,-1,0.35
2023-06-26,5,night,-1,0.35
2023-07-03,5,night,-1,0.468
2023-07-04,5,night,-1,0.468
2023-07-05,5,night,-1,0.35
2023-07-06,5,night,-1,0.35
2023-07-14,5,night,-1,0.468
2023-07-19,5,night,-1,0.468
2023-07-20,5,night,-1,0.35
2023-07-21,5,night,-1,0.468
2023-07-27,5,night,-1,0.35
2023-08-01,5,night,-1,0.468
2023-08-02,5,night,-1,0.462
2023-08-04,5,night,-1,0.468
2023-08-08,5,night,-1,0.462
2023-08-09,5,night,-1,0.462
2023-08-11,5,night,-1,0.462
2023-08-15,5,night,-1,0.462
2023-08-16,5,night,-1,0.468
2023-08-17,5,night,-1,0.468
2023-08-22,5,night,-1,0.468
2023-08-24,5,night,-1,0.462
2023-08-30,5,night,1,0.727
2023-08-31,5,night,-1,0.468
2023-09-01,5,night,-1,0.468
2023-09-04,5,night,-1,0.468
2023-09-05,5,night,-1,0.468
2023-09-06,5,night,-1,0.462
2023-09-07,5,night,-1,0.468
2023-09-12,5,night,-1,0.468
2023-09-14,5,night,-1,0.468
2023-09-15,5,night,-1,0.462
2023-09-18,5,night,1,0.727
2023-09-19,5,night,-1,0.468
2023-09-20,5,night,-1,0.468
2023-09-21,5,night,-1,0.462
2023-09-25,5,night,-1,0.468
2023-09-26,5,night,-1,0.462
2023-10-02,5,night,-1,0.468
2023-10-03,5,night,-1,0.462
2023-10-05,5,night,-1,0.468
2023-10-11,5,night,-1,0.468
2023-10-12,5,night,-1,0.35
2023-10-13,5,night,-1,0.35
2023-10-18,5,night,-1,0.35
2023-10-20,5,night,-1,0.35
2023-10-25,5,night,-1,0.462
2023-10-27,5,night,-1,0.462
2023-11-03,5,night,1,0.727
2023-11-06,5,night,1,0.727
2023-11-07,5,night,1,0.727
2023-11-08,5,night,-1,0.468
2023-11-09,5,night,-1,0.468
2023-11-10,5,night,1,0.727
2023-11-13,5,night,1,0.727
2023-11-14,5,night,1,0.727
2023-11-15,5,night,1,0.727
2023-11-16,5,night,-1,0.468
2023-11-20,5,night,1,0.727
2023-11-21,5,night,-1,0.35
2023-11-22,5,night,1,0.727
2023-11-23,5,night,1,0.727
2023-11-27,5,night,1,0.727
2023-11-29,5,night,1,0.727
2023-12-04,5,night,-1,0.35
2023-12-06,5,night,-1,0.35
2023-12-07,5,night,1,0.727
2023-12-08,5,night,1,0.727
2023-12-20,5,night,-1,0.35
2023-12-27,5,night,-1,0.468
2024-01-02,5,night,-1,0.331
2024-01-03,5,night,-1,0.434
2024-01-04,5,night,-1,0.434
2024-01-05,5,night,1,0.675
2024-01-08,5,night,1,0.675
2024-01-10,5,night,1,0.675
2024-01-11,5,night,-1,0.464
2024-01-15,5,night,1,0.675
2024-01-26,5,night,1,0.675
2024-01-29,5,night,-1,0.434
2024-01-30,5,night,-1,0.434
2024-01-31,5,night,-1,0.434
2024-02-01,5,night,1,0.675
2024-02-02,5,night,-1,0.434
2024-02-05,5,night,1,0.675
2024-02-19,5,night,-1,0.434
2024-02-20,5,night,-1,0.434
2024-02-22,5,night,1,0.753
2024-02-23,5,night,1,0.753
2024-03-04,5,night,1,0.753
2024-03-05,5,night,-1,0.331
2024-03-06,5,night,1,0.753
2024-03-07,5,night,1,0.753
2024-03-08,5,night,-1,0.331
2024-03-11,5,night,-1,0.434
2024-03-13,5,night,-1,0.434
2024-03-14,5,night,-1,0.331
2024-03-25,5,night,1,0.675
2024-03-28,5,night,1,0.675
2024-03-29,5,night,1,0.675
2024-04-01,5,night,1,0.675
2024-04-03,5,night,1,0.675
2024-04-08,5,night,1,0.675
2024-04-10,5,night,-1,0.331
2024-04-11,5,night,1,0.675
2024-04-12,5,night,-1,0.331
2024-04-15,5,night,-1,0.331
2024-04-17,5,night,-1,0.464
2024-04-18,5,night,-1,0.464
2024-04-24,5,night,-1,0.464
2024-04-26,5,night,1,0.675
2024-04-30,5,night,-1,0.331
2024-05-02,5,night,1,0.675
2024-05-03,5,night,1,0.675
2024-05-06,5,night,1,0.675
2024-05-07,5,night,-1,0.434
2024-05-08,5,night,-1,0.434
2024-05-09,5,night,1,0.675
2024-05-10,5,night,1,0.675
2024-05-14,5,night,1,0.675
2024-05-15,5,night,1,0.753
2024-05-16,5,night,-1,0.331
2024-05-22,5,night,-1,0.434
2024-05-23,5,night,-1,0.331
2024-05-24,5,night,1,0.675
2024-05-27,5,night,1,0.675
2024-05-29,5,night,-1,0.331
2024-05-30,5,night,1,0.675
2024-06-03,5,night,-1,0.331
2024-06-05,5,night,1,0.675
2024-06-07,5,night,-1,0.331
2024-06-11,5,night,1,0.675
2024-06-12,5,night,1,0.675
2024-06-14,5,night,-1,0.434
2024-06-17,5,night,1,0.675
2024-06-18,5,night,1,0.675
2024-06-20,5,night,-1,0.331
2024-06-21,5,night,-1,0.331
2024-06-24,5,night,-1,0.464
2024-06-26,5,night,-1,0.331
2024-06-27,5,night,1,0.675
2024-07-02,5,night,1,0.675
2024-07-03,5,night,1,0.675
2024-07-09,5,night,-1,0.331
2024-07-11,5,night,-1,0.331
2024-07-15,5,night,-1,0.434
2024-07-16,5,night,1,0.675
2024-07-17,5,night,-1,0.464
2024-07-18,5,night,-1,0.464
2024-07-19,5,night,-1,0.464
2024-07-23,5,night,-1,0.464
2024-07-26,5,night,1,0.675
2024-07-29,5,night,-1,0.464
2024-07-30,5,night,-1,0.464
2024-07-31,5,night,1,0.675
2024-08-01,5,night,-1,0.464
2024-08-02,5,night,-1,0.464
2024-08-05,5,night,1,0.675
2024-08-06,5,night,-1,0.464
2024-08-07,5,night,-1,0.464
2024-08-09,5,night,1,0.675
2024-08-12,5,night,1,0.675
2024-08-13,5,night,1,0.675
2024-08-14,5,night,-1,0.434
2024-08-15,5,night,1,0.675
2024-08-16,5,night,-1,0.434
2024-08-19,5,night,1,0.675
2024-08-20,5,night,-1,0.331
2024-08-21,5,night,1,0.675
2024-08-22,5,night,-1,0.464
2024-08-23,5,night,1,0.675
2024-08-26,5,night,-1,0.331
2024-08-27,5,night,1,0.675
2024-08-28,5,night,-1,0.331
2024-08-29,5,night,1,0.675
2024-09-02,5,night,1,0.675
2024-09-03,5,night,-1,0.331
2024-09-04,5,night,1,0.675
2024-09-05,5,night,1,0.675
2024-09-06,5,night,-1,0.464
2024-09-09,5,night,1,0.675
2024-09-10,5,night,1,0.675
2024-09-11,5,night,1,0.675
2024-09-12,5,night,1,0.675
2024-09-13,5,night,1,0.675
2024-09-16,5,night,-1,0.434
2024-09-18,5,night,-1,0.434
2024-09-19,5,night,1,0.675
2024-09-20,5,night,-1,0.434
2024-09-23,5,night,-1,0.434
2024-09-27,5,night,-1,0.331
2024-09-30,5,night,-1,0.464
2024-10-01,5,night,-1,0.464
2024-10-07,5,night,-1,0.331
2024-10-15,5,night,-1,0.331
2024-10-17,5,night,1,0.675
2024-10-22,5,night,-1,0.434
2024-10-23,5,night,-1,0.331
2024-10-24,5,night,-1,0.434
2024-10-25,5,night,1,0.675
2024-10-28,5,night,-1,0.331
2024-10-29,5,night,1,0.675
2024-10-30,5,night,-1,0.464
2024-11-01,5,night,1,0.675
2024-11-04,5,night,-1,0.464
2024-11-05,5,night,1,0.675
2024-11-06,5,night,-1,0.434
2024-11-07,5,night,1,0.675
2024-11-08,5,night,-1,0.331
2024-11-11,5,night,-1,0.331
2024-11-15,5,night,-1,0.464
2024-11-19,5,night,1,0.675
2024-11-21,5,night,1,0.675
2024-11-22,5,night,1,0.675
2024-11-25,5,night,-1,0.464
2024-11-26,5,night,1,0.675
2024-11-27,5,night,-1,0.464
2024-11-29,5,night,1,0.675
2024-12-02,5,night,1,0.675
2024-12-03,5,night,1,0.675
2024-12-04,5,night,1,0.675
2024-12-05,5,night,1,0.675
2024-12-06,5,night,1,0.675
2024-12-09,5,night,-1,0.434
2024-12-10,5,night,-1,0.331
2024-12-11,5,night,1,0.675
2024-12-12,5,night,-1,0.331
2024-12-13,5,night,1,0.675
2024-12-16,5,night,1,0.675
2024-12-18,5,night,-1,0.331
2024-12-19,5,night,-1,0.434
2024-12-27,5,night,-1,0.331
2024-12-30,5,night,-1,0.331
2025-01-02,5,night,-1,0.475
2025-01-03,5,night,1,0.698
2025-01-06,5,night,1,0.824
2025-01-07,5,night,-1,0.352
2025-01-08,5,night,-1,0.475
2025-01-10,5,night,-1,0.475
2025-01-13,5,night,-1,0.475
2025-01-14,5,night,-1,0.475
2025-01-15,5,night,1,0.698
2025-01-16,5,night,1,0.698
2025-01-20,5,night,-1,0.475
2025-01-21,5,night,1,0.698
2025-01-22,5,night,1,0.732
2025-02-03,5,night,1,0.698
2025-02-04,5,night,1,0.698
2025-02-05,5,night,1,0.698
2025-02-06,5,night,1,0.732
2025-02-07,5,night,-1,0.352
2025-02-10,5,night,1,0.824
2025-02-13,5,night,-1,0.475
2025-02-18,5,night,-1,0.475
2025-02-19,5,night,-1,0.475
2025-02-20,5,night,-1,0.475
2025-02-21,5,night,-1,0.352
2025-02-24,5,night,-1,0.352
2025-02-25,5,night,-1,0.352
2025-02-26,5,night,-1,0.475
2025-02-27,5,night,-1,0.352
2025-03-03,5,night,-1,0.352
2025-03-04,5,night,-1,0.475
2025-03-06,5,night,-1,0.352
2025-03-10,5,night,-1,0.352
2025-03-11,5,night,-1,0.475
2025-03-12,5,night,1,0.698
2025-03-14,5,night,1,0.698
2025-03-17,5,night,1,0.698
2025-03-18,5,night,-1,0.475
2025-03-19,5,night,1,0.698
2025-03-20,5,night,-1,0.475
2025-03-24,5,night,1,0.698
2025-03-26,5,night,-1,0.352
2025-03-27,5,night,-1,0.475
2025-03-28,5,night,-1,0.352
2025-03-31,5,night,1,0.698
2025-04-01,5,night,1,0.698
2025-04-02,5,night,-1,0.352
2025-04-07,5,night,-1,0.352
2025-04-08,5,night,-1,0.475
2025-04-09,5,night,1,0.698
2025-04-10,5,night,-1,0.475
2025-04-11,5,night,-1,0.475
2025-04-14,5,night,1,0.732
2025-04-15,5,night,1,0.732
2025-04-16,5,night,-1,0.352
2025-04-17,5,night,-1,0.475
2025-04-18,5,night,1,0.732
2025-04-21,5,night,-1,0.352
2025-04-22,5,night,1,0.698
2025-04-23,5,night,1,0.732
2025-04-24,5,night,1,0.698
2025-04-25,5,night,1,0.698
2025-04-28,5,night,-1,0.475
2025-04-29,5,night,-1,0.475
2025-04-30,5,night,1,0.698
2025-05-02,5,night,1,0.698
2025-05-05,5,night,-1,0.352
2025-05-06,5,night,-1,0.475
2025-05-07,5,night,1,0.698
2025-05-12,5,night,1,0.698
2025-05-13,5,night,1,0.698
2025-05-19,5,night,1,0.824
2025-05-21,5,night,-1,0.352
2025-05-23,5,night,-1,0.352
2025-05-26,5,night,1,0.732
2025-05-27,5,night,1,0.824
2025-05-29,5,night,-1,0.352
2025-06-02,5,night,1,0.824
2025-06-03,5,night,1,0.698
2025-06-04,5,night,1,0.732
2025-06-09,5,night,1,0.732
2025-06-10,5,night,1,0.698
2025-06-11,5,night,1,0.732
2025-06-16,5,night,1,0.824
2025-06-17,5,night,-1,0.475
2025-06-18,5,night,-1,0.475
2025-06-19,5,night,-1,0.475
2025-06-20,5,night,-1,0.352
2025-06-23,5,night,1,0.698
2025-06-24,5,night,1,0.698
2025-06-26,5,night,1,0.732
2025-06-27,5,night,1,0.732
2025-06-30,5,night,1,0.732
2025-07-02,5,night,1,0.698
2025-07-10,5,night,-1,0.475
2025-07-11,5,night,-1,0.475
2025-07-15,5,night,1,0.732
2025-07-17,5,night,1,0.824
2025-07-23,5,night,1,0.698
2025-07-31,5,night,-1,0.352
2025-08-01,5,night,-1,0.352
2025-08-04,5,night,1,0.824
2025-08-05,5,night,-1,0.352
2025-08-06,5,night,1,0.732
2025-08-07,5,night,1,0.732
2025-08-08,5,night,1,0.732
2025-08-12,5,night,1,0.824
2025-08-22,5,night,1,0.824
2025-08-25,5,night,-1,0.475
2025-08-28,5,night,1,0.824
2025-08-29,5,night,-1,0.352
2025-09-02,5,night,-1,0.475
2025-09-04,5,night,1,0.698
2025-09-05,5,night,1,0.732
2025-09-08,5,night,1,0.824
2025-09-09,5,night,1,0.824
2025-09-10,5,night,1,0.824
2025-09-11,5,night,1,0.824
2025-09-15,5,night,1,0.732
2025-09-18,5,night,1,0.732
2025-09-22,5,night,1,0.824
2025-09-23,5,night,1,0.732
2025-09-30,5,night,1,0.824
2025-10-01,5,night,1,0.824
2025-10-07,5,night,-1,0.352
2025-10-08,5,night,1,0.824
2025-10-09,5,night,-1,0.352
2025-10-13,5,night,1,0.824
2025-10-15,5,night,1,0.698
2025-10-16,5,night,-1,0.352
2025-10-20,5,night,1,0.732
2025-10-22,5,night,-1,0.352
2025-10-23,5,night,1,0.824
2025-10-27,5,night,1,0.732
2025-10-28,5,night,1,0.824
2025-11-03,5,night,1,0.732
2025-11-04,5,night,-1,0.352
2025-11-05,5,night,1,0.824
2025-11-06,5,night,-1,0.352
2025-11-10,5,night,1,0.732
2025-11-12,5,night,-1,0.475
2025-11-13,5,night,-1,0.352
2025-11-17,5,night,-1,0.352
2025-11-19,5,night,1,0.698
2025-11-20,5,night,-1,0.352
2025-11-21,5,night,1,0.698
2025-11-24,5,night,1,0.698
2025-11-25,5,night,1,0.824
2025-11-26,5,night,1,0.732
2025-11-27,5,night,-1,0.475
2025-12-01,5,night,1,0.824
2025-12-02,5,night,1,0.824
2025-12-03,5,night,1,0.732
2025-12-04,5,night,-1,0.475
2025-12-08,5,night,-1,0.475
2025-12-10,5,night,1,0.824
2025-12-11,5,night,1,0.824
2025-12-12,5,night,-1,0.352
2025-12-15,5,night,-1,0.352
2025-12-17,5,night,-1,0.352
2025-12-18,5,night,1,0.824
2025-12-19,5,night,1,0.824
2025-12-26,5,night,1,0.732
2026-01-02,5,night,1,0.829
2026-01-05,5,night,1,0.661
2026-01-06,5,night,1,0.661
2026-01-07,5,night,-1,0.353
2026-01-08,5,night,1,0.661
2026-01-09,5,night,1,0.829
2026-01-12,5,night,1,0.829
2026-01-13,5,night,1,0.737
2026-01-14,5,night,-1,0.353
2026-01-15,5,night,1,0.829
2026-01-16,5,night,-1,0.353
2026-01-19,5,night,-1,0.353
2026-01-21,5,night,1,0.829
2026-01-22,5,night,1,0.737
2026-01-27,5,night,1,0.737
2026-01-29,5,night,-1,0.353
2026-01-30,5,night,-1,0.353
2026-02-02,5,night,1,0.724
2026-02-03,5,night,-1,0.353
2026-02-04,5,night,-1,0.353
2026-02-05,5,night,-1,0.353
2026-02-06,5,night,1,0.724
2026-02-09,5,night,1,0.724
2026-02-11,5,night,1,0.724
2026-02-24,5,night,1,0.829
2026-02-25,5,night,1,0.737
2026-02-26,5,night,-1,0.353
2026-03-03,5,night,-1,0.353
2026-03-04,5,night,1,0.724
2026-03-05,5,night,-1,0.353
2026-03-06,5,night,-1,0.353
2026-03-09,5,night,1,0.724
2026-03-10,5,night,1,0.724
2026-03-12,5,night,-1,0.353
2026-03-16,5,night,1,0.829
2026-03-17,5,night,1,0.829
2026-03-20,5,night,-1,0.353
2026-03-23,5,night,1,0.724
2026-03-24,5,night,1,0.724
2026-03-25,5,night,1,0.737
2026-03-26,5,night,-1,0.353
2026-03-27,5,night,-1,0.353
2026-03-30,5,night,-1,0.353
2026-03-31,5,night,1,0.724
2026-04-01,5,night,1,0.737
2026-04-02,5,night,1,0.724
2026-04-07,5,night,1,0.724
2026-04-08,5,night,1,0.737
2026-04-09,5,night,1,0.829
2026-04-10,5,night,1,0.737
2026-04-13,5,night,1,0.829
2026-04-14,5,night,1,0.829
2026-04-16,5,night,-1,0.353
2026-04-17,5,night,1,0.829
2026-04-20,5,night,1,0.829
2026-04-21,5,night,-1,0.353
2026-04-22,5,night,1,0.829
2026-04-24,5,night,1,0.829
2026-04-27,5,night,-1,0.353
2026-04-28,5,night,-1,0.353
2026-04-29,5,night,-1,0.353
2026-04-30,5,night,1,0.829
2026-05-04,5,night,-1,0.353
2026-05-05,5,night,1,0.829
2026-05-06,5,night,1,0.829
2026-05-07,5,night,-1,0.353
2026-05-08,5,night,1,0.829
2026-05-11,5,night,1,0.829
2026-05-13,5,night,1,0.829
2026-05-14,5,night,1,0.829
2026-05-20,5,night,1,0.829
2026-05-21,5,night,1,0.829
2026-05-22,5,night,1,0.737
2026-05-25,5,night,1,0.829
2026-05-26,5,night,1,0.829
2026-05-27,5,night,1,0.829
2026-05-28,5,night,1,0.829
2026-05-29,5,night,-1,0.353
2026-06-01,5,night,1,0.829
2026-06-02,5,night,1,0.829
2026-06-03,5,night,-1,0.353
2026-06-05,5,night,-1,0.353
2026-06-08,5,night,1,0.724
2026-06-09,5,night,-1,0.353
2026-06-10,5,night,-1,0.353
2026-06-11,5,night,1,0.724
2026-06-12,5,night,1,0.724
2026-06-15,5,night,1,0.829
2026-06-16,5,night,-1,0.353
2026-06-17,5,night,1,0.737
2026-06-18,5,night,1,0.829
2026-06-22,5,night,1,0.829
2026-06-23,5,night,-1,0.353
2026-06-24,5,night,1,0.829
2026-06-25,5,night,-1,0.353
2026-06-26,5,night,1,0.724
2026-06-29,5,night,1,0.724
2026-06-30,5,night,1,0.829
2026-07-01,5,night,-1,0.353
2026-07-03,5,night,1,0.737
2026-07-06,5,night,1,0.829
2026-07-07,5,night,-1,0.353
2026-07-09,5,night,1,0.724
2026-07-13,5,night,-1,0.353
2026-07-14,5,night,1,0.737
2026-07-15,5,night,-1,0.353
2026-07-16,5,night,-1,0.353
2026-07-17,5,night,1,0.724
2026-07-20,5,night,1,0.724
2026-07-21,5,night,1,0.724
2026-07-22,5,night,1,0.724
2026-07-23,5,night,-1,0.353
2026-07-24,5,night,-1,0.353
2026-07-27,5,night,-1,0.353
2026-07-28,5,night,1,0.724
2026-07-29,5,night,-1,0.353
2026-07-30,5,night,1,0.724
2026-07-31,5,night,-1,0.353
2026-08-03,5,night,-1,0.485
2026-08-04,5,night,1,0.724
2026-08-07,5,night,1,0.829
2026-08-10,5,night,-1,0.353
2026-08-11,5,night,1,0.737
2026-08-12,5,night,1,0.829
2026-08-13,5,night,1,0.829
2026-08-14,5,night,-1,0.485
2026-08-21,5,night,-1,0.485
2026-08-24,5,night,-1,0.353
2026-08-25,5,night,1,0.724
2026-08-27,5,night,1,0.829
2026-08-28,5,night,-1,0.353
2026-09-01,5,night,-1,0.353
2026-09-03,5,night,1,0.829
2026-09-04,5,night,1,0.829
2026-09-09,5,night,-1,0.353
2026-09-10,5,night,-1,0.353
2026-09-11,5,night,1,0.829
2026-09-14,5,night,-1,0.353
2026-09-15,5,night,-1,0.485
2026-09-16,5,night,1,0.724
