date,year,pred,actual
2014-01-02,2014,0.023199340916278084,-1.3065831914859105
2014-01-03,2014,-0.3353082996874778,-0.40062996253455996
2014-01-06,2014,-0.14477814022508703,0.6588227543261604
2014-01-07,2014,-0.095579443285136,0.027959540899646917
2014-01-08,2014,-0.029945613738645217,-0.31159383871687263
2014-01-09,2014,0.013069786772587097,0.6050726509980509
2014-01-10,2014,0.09635301009947746,0.22029814698656391
2014-01-13,2014,-0.1494454133549031,0.42434218206437446
2014-01-14,2014,-0.2325990202425498,0.7483499334358212
2014-01-15,2014,-0.13009377616422876,-0.07614021423879569
2014-01-16,2014,-0.0717326662558028,0.10972920689584775
2014-01-17,2014,-0.10849726136007116,0.04536993950674528
2014-01-20,2014,-0.1067510123725464,0.043379620393513285
2014-01-21,2014,-0.1292064303689875,-0.05581460249537429
2014-01-22,2014,0.1572171980084988,-0.3129166521744109
2014-01-23,2014,0.09032084347379823,-1.5419250503193704
2014-01-24,2014,-0.03908268679562981,-3.8825071438457037
2014-01-27,2014,0.03239351088575834,-1.790945303849767
2014-02-05,2014,0.07538136564141225,1.4867239076142846
2014-02-06,2014,-0.03926789242914522,0.9738888534606582
2014-02-07,2014,0.08086160859409117,0.5151805993549807
2014-02-10,2014,-0.10483830053383314,1.4170723133479113
2014-02-11,2014,-0.3050730264774162,0.4405401301930345
2014-02-12,2014,-0.41124129492801237,0.03301660112302596
2014-02-13,2014,-0.2135757803675709,0.6123268419995886
2014-02-14,2014,-0.2003767951144671,0.4997838772422547
2014-02-17,2014,-0.13529732845608,0.6744487678340017
2014-02-18,2014,-0.15320785544727197,-0.3694384092059133
2014-02-19,2014,-0.17950444936898585,0.28972800544713184
2014-02-20,2014,-0.31541003425071273,0.42218890695420175
2014-02-21,2014,-0.19012331370003727,-0.30505030307398373
2014-02-24,2014,-0.16405805734797346,0.47017677478591313
2014-02-25,2014,0.046654160436148506,0.7458352865448603
2014-02-26,2014,-0.10820721919864565,0.013021953618586046
2014-02-27,2014,-0.24762270451505913,-0.9843071075214205
2014-03-03,2014,-0.07860341390091279,0.359800883052519
2014-03-04,2014,-0.30647874637875683,1.861584608874356
2014-03-05,2014,-0.012761518946505965,0.9386152789377267
2014-03-06,2014,-0.03593077051296813,-0.5571628418862606
2014-03-07,2014,0.016282976567265905,-0.1334640048841096
2014-03-10,2014,-0.08494757982866855,0.22492164094705114
2014-03-11,2014,-0.06918407607138412,0.5223888314968672
2014-03-12,2014,-0.09252896945602833,0.03339194194869055
2014-03-13,2014,-0.026858949135676456,-0.5451662648509048
2014-03-14,2014,-0.1679634701698917,0.510035533281239
2014-03-17,2014,-0.06090016283036048,-0.12229744485696692
2014-03-18,2014,-0.12394576622719103,-1.5415818248865731
2014-03-19,2014,-0.11849411117971358,-1.2922552149385425
2014-03-20,2014,0.0343541914128507,0.09363372116690805
2014-03-21,2014,0.04748361461214048,1.3073076550890184
2014-03-24,2014,0.29877760641572604,1.53264585642936
2014-03-25,2014,0.06738964921996736,1.0388638900717062
2014-03-26,2014,0.15758781550088727,0.4277079682784013
2014-03-27,2014,-0.10698588401947454,0.794002439755026
2014-03-28,2014,0.06958987325996593,1.1226671407601918
2014-03-31,2014,0.12608636545891228,0.6347409054747954
2014-04-01,2014,-0.15120066963254508,0.1734446053543781
2014-04-02,2014,-0.044954577433664766,-0.3257555766412734
2014-04-03,2014,-0.058142059351845396,-0.003262628058164907
2014-04-07,2014,-0.1382458822059985,0.6098165480755702
2014-04-08,2014,-0.045469975188906865,0.6733608978145345
2014-04-09,2014,0.07108166859658735,-0.2521675548145308
2014-04-10,2014,-0.004534745357687912,-1.0133994926297185
2014-04-11,2014,-0.1092433382295475,0.09721543996721316
2014-04-14,2014,0.10604834617948389,0.749653962440533
2014-04-15,2014,0.10197406339625426,0.3078489712012633
2014-04-16,2014,0.3283931912568209,0.48006347057649723
2014-04-17,2014,0.20809528861968637,0.0785987728305404
2014-04-18,2014,0.20003832289645893,0.08977701842156627
2014-04-21,2014,0.07716771044604473,0.0640138350319841
2014-04-22,2014,-0.019582424326626022,-0.32602724767706315
2014-04-23,2014,0.15018984383607817,-2.0408801239711782
2014-04-24,2014,0.14255043725378458,-1.5174194702334831
2014-04-25,2014,0.4566116024242605,1.1168071555893944
2014-04-28,2014,0.308741024971361,-0.20738480608327725
2014-04-29,2014,0.33130215061502094,-0.053989411763388784
2014-04-30,2014,0.19239441731233814,0.8984876197756009
2014-05-02,2014,-0.20959319981804275,0.5082708191426422
2014-05-05,2014,-0.27588740397462785,0.25692102863106303
2014-05-06,2014,-0.4493443381250698,0.20768839783718018
2014-05-07,2014,-0.5371452214913512,-0.03969315950801411
2014-05-08,2014,-0.43666741892328165,-1.3692908889361588
2014-05-09,2014,-0.32156713521781666,-0.8071147587823679
2014-05-12,2014,-0.1829649231733583,0.755510801363668
2014-05-13,2014,-0.08758077988089123,0.7111638319153846
2014-05-14,2014,-0.3631269933203715,0.14974377926708637
2014-05-15,2014,-0.16761119020482637,0.2167634125880502
2014-05-16,2014,-0.414302525978606,-0.007425366627478169
2014-05-19,2014,-0.3615310117179145,-0.42112832728457006
2014-05-20,2014,-0.18873170127405747,0.9208138356104012
2014-05-21,2014,-0.4192544557847867,1.6451488419641613
2014-05-22,2014,-0.24995366395530033,0.7412791831993282
2014-05-23,2014,0.08045610214485419,0.5225227625435647
2014-05-26,2014,0.06428735314804959,0.9471985763801039
2014-05-27,2014,0.06147344540094015,0.5931339581614736
2014-05-28,2014,0.06293817349178363,-0.5020988389238368
2014-05-29,2014,-0.11121646976477337,0.15874409924250266
2014-05-30,2014,-0.010766812958462024,0.485350780252336
2014-06-03,2014,0.06920761666486401,0.1891826127368379
2014-06-04,2014,-0.12859740435836428,0.15899192540318463
2014-06-05,2014,-0.14334487215318545,0.24090006038912648
2014-06-06,2014,0.09924200737434288,0.9623995288172704
2014-06-09,2014,0.06274128065180697,0.7318771459192241
2014-06-10,2014,0.03347779345564879,-0.19214149941936265
2014-06-11,2014,-0.11865785740562629,-0.3619796745324866
2014-06-12,2014,-0.11249064753928655,-0.018686207514673203
2014-06-13,2014,-0.2218703081733712,0.4807321133618814
2014-06-16,2014,-0.17673122705201766,0.8366900541457944
2014-06-17,2014,-0.11675712227208994,0.8247299958876964
2014-06-18,2014,-0.021688133069464686,-0.06616429218754272
2014-06-19,2014,-0.11653308695871052,-0.949466609279348
2014-06-20,2014,0.020494652222011696,-0.29750511926623924
2014-06-23,2014,0.1789210310812758,0.14964755346296155
2014-06-24,2014,0.2928296987206212,0.8083320715537079
2014-06-25,2014,0.06480001114132111,0.6997282020653195
2014-06-26,2014,0.17577440290522525,0.7738489894795864
2014-06-27,2014,-0.0052987157813088135,1.4515146403232926
2014-06-30,2014,0.014626670569083625,0.9782744086864081
2014-07-01,2014,-0.20179207168030994,0.892932793330159
2014-07-02,2014,-0.2542190807267376,0.26452404649044414
2014-07-03,2014,-0.21635001636763923,-0.06329891258135545
2014-07-04,2014,-0.26868686458061153,0.22008296486348833
2014-07-07,2014,-0.10801573666415978,-0.3174303060860195
2014-07-08,2014,-0.055651365517848286,0.3582003109858789
2014-07-09,2014,-0.1969024123035399,0.06174933983000841
2014-07-10,2014,-0.07801671025133373,-0.4685774982436386
2014-07-11,2014,-0.04559710711777801,0.7722328935618084
2014-07-14,2014,-0.11999007938785566,-0.3736226799575637
2014-07-15,2014,-0.13627925658848525,-1.6817550529460767
2014-07-16,2014,-0.3078182793392067,-0.8831036834996864
2014-07-17,2014,-0.15210004109665826,0.34788653350679155
2014-07-18,2014,-0.1639012802181683,1.0465941280527469
2014-07-21,2014,-0.07063154456122524,0.9169608631316661
2014-07-22,2014,-0.148635739909745,-0.6323583904599861
2014-07-24,2014,-0.2429199628850866,-1.126838617313608
2014-07-25,2014,0.021794129111682096,-0.5022623523591507
2014-07-28,2014,-0.20442327846272068,0.28492024568533836
2014-07-29,2014,0.02184513524769824,-0.8095290825691825
2014-07-30,2014,-0.25235218591145586,-1.9107612771011362
2014-07-31,2014,0.032299957027245724,0.15393120327185095
2014-08-01,2014,-0.07878783547110361,-1.3496990776462714
2014-08-04,2014,-0.3611581138600536,-1.995886471765329
2014-08-05,2014,-0.12098151947741032,-0.10939195575314642
2014-08-06,2014,-0.3837855735522599,-0.6344071557540132
2014-08-07,2014,-0.3745973137672491,0.45414523886702085
2014-08-08,2014,-0.4252398565830192,0.8492223166291835
2014-08-11,2014,-0.36947306721916123,0.6366572876001175
2014-08-12,2014,-0.4103995895465357,0.7365395192903801
2014-08-13,2014,-0.4707287358916158,-0.265401118584474
2014-08-14,2014,-0.4661522636916325,-0.9674333548920555
2014-08-15,2014,-0.38915975059105345,0.4015505913557593
2014-08-18,2014,-0.05083456408217322,1.6052403867717002
2014-08-19,2014,-0.006257427253973902,0.103853618324945
2014-08-20,2014,0.018825576884274896,0.99105840300171
2014-08-21,2014,0.14559625391834793,1.4831337305935888
2014-08-22,2014,0.19324311268984032,0.14775961876738464
2014-08-25,2014,0.2717181132918006,1.011328325499261
2014-08-26,2014,0.2916221263254897,0.8985560934898773
2014-08-27,2014,0.2333377806607809,-0.5199465715891138
2014-08-28,2014,0.18702662722914695,0.36599119890865506
2014-08-29,2014,0.09930670991513704,-0.3873352500511462
2014-09-01,2014,-0.06650154071067775,-0.6591990379541279
2014-09-02,2014,-0.07266468142525692,0.3103283927606393
2014-09-03,2014,-0.10458580094191465,-0.44876644780351693
2014-09-04,2014,-0.13946728733638208,0.062361529299859164
2014-09-05,2014,-0.10793290682018417,-0.534973649916981
2014-09-09,2014,-0.1631309136765357,-1.185190523987334
2014-09-10,2014,-0.20966173021177256,-1.4365847689741362
2014-09-11,2014,-0.07022033358247795,-1.1315088035439569
2014-09-12,2014,0.08143335950260118,-0.97341697765847
2014-09-15,2014,0.035462121749089005,-0.24182366942735456
2014-09-16,2014,0.10963134381711377,1.1346267545492505
2014-09-17,2014,0.17177488840618274,0.4924324400745306
2014-09-18,2014,-0.12600026242962512,-1.1083649181609312
2014-09-19,2014,-0.05801717864052738,-1.6833595766440057
2014-09-22,2014,-0.11068544517310666,-0.3958553420218558
2014-09-23,2014,-0.04100515573414152,-0.8069433895805056
2014-09-24,2014,-0.024701432383505022,-1.1943740115118007
2014-09-25,2014,0.2591013592300834,-0.5640514049130019
2014-09-26,2014,0.32660458223159383,-0.254732575290717
2014-09-29,2014,0.31393147095012763,0.32921314709912775
2014-09-30,2014,0.4817231506304763,0.09222787757670048
2014-10-01,2014,0.013852612550162461,1.2905077272514998
2014-10-02,2014,0.07794732873655105,1.336461957908397
2014-10-03,2014,-0.06686640390474732,-0.7189543919141617
2014-10-06,2014,-0.12555692372747762,-1.5388438220851897
2014-10-07,2014,-0.11565962213633545,-0.8226032844402154
2014-10-08,2014,-0.20350174639938814,-2.722335006108201
2014-10-09,2014,-0.08764760701084935,-2.2087918951111174
2014-10-13,2014,-0.17856643283913462,-0.6414590553287081
2014-10-14,2014,-0.10456412660445553,-1.5361999181149444
2014-10-15,2014,-0.07215993554510168,-1.6478520618658066
2014-10-16,2014,0.14924435892531046,0.3411055991123124
2014-10-17,2014,0.26617501544888883,1.6652413754217221
2014-10-20,2014,0.15387799054910842,0.9891332703846567
2014-10-21,2014,0.32796071885846984,0.8831101004779018
2014-10-22,2014,0.11088107688516007,-1.1752428610454113
2014-10-23,2014,-0.15592139147018827,-1.1830165145852556
2014-10-24,2014,0.20725351485907423,1.4751313033410707
2014-10-27,2014,0.23916298673281472,3.1978098653419496
2014-10-28,2014,0.28250688719772726,1.3052869135070866
2014-10-29,2014,0.27651537758017575,0.7983215928694554
2014-10-30,2014,0.15042339613927846,1.3140085530379597
2014-10-31,2014,0.03690160649415018,0.16067282022025342
2014-11-03,2014,-0.14487036849083873,-0.46930213240405916
2014-11-04,2014,-0.0523283625903147,-1.0919794686500839
2014-11-05,2014,-0.16428609627228669,-0.5576506817218219
2014-11-06,2014,-0.10516779576435291,1.7878713578419525
2014-11-07,2014,-0.11141042375115481,1.3634599029241468
2014-11-10,2014,0.2326092379974642,-1.4478485035325894
2014-11-11,2014,0.19548120440705935,-0.5918659662126013
2014-11-12,2014,0.36420788824623257,0.7167884111918932
2014-11-13,2014,0.02286718119539822,-1.0720803681685265
2014-11-14,2014,0.08525555602453012,-1.378288477637457
2014-11-17,2014,0.2431526957157216,0.8875116918550363
2014-11-18,2014,0.2745961660606656,2.481073069746609
2014-11-19,2014,0.2367981912251488,1.4312904708565277
2014-11-20,2014,0.3026310834182936,0.47869393437729446
2014-11-21,2014,0.3642967142473041,0.2717914366448637
2014-11-24,2014,0.1003695525324041,0.000657726699193617
2014-11-25,2014,-0.10597766317958497,0.5382701640149756
2014-11-26,2014,-0.12316069407351567,0.709901681467251
2014-11-27,2014,0.134091487455882,-0.519349591012197
2014-11-28,2014,-0.03372297980420737,-1.6584033133234866
2014-12-01,2014,-0.1334403331709248,0.631189191145598
2014-12-02,2014,0.07321470545596762,2.1065237819584137
2014-12-03,2014,-0.2600973317931114,0.3412437358723208
2014-12-04,2014,-0.1928322414148989,-0.4099680112215398
2014-12-05,2014,-0.10865222412829918,-0.8436366638172488
2014-12-08,2014,-0.2535902766037096,-1.688528390853028
2014-12-09,2014,-0.17251570668167057,-1.2688275695866946
2014-12-10,2014,-0.024710037202822607,-0.05347558059202173
2014-12-11,2014,-0.14857961528492777,-0.3044467645319626
2014-12-12,2014,-0.06702503576418886,-0.8465404499447771
2014-12-15,2014,-0.1118926157203671,-1.7502389927027795
2014-12-16,2014,-0.11110889580254912,-0.8075156604188893
2014-12-17,2014,-0.06522304884568134,1.938751931276017
2014-12-18,2014,-0.024781010089039733,2.436975073857117
2014-12-19,2014,0.13192781051857366,1.091058189770111
2014-12-22,2014,-0.06721210924767775,1.0025288620121087
2014-12-23,2014,-0.1551615644849182,0.6703884823763495
2014-12-24,2014,-0.21708079572888517,0.30360824630042416
2014-12-25,2014,-0.06750555806065311,0.6529310928406806
2014-12-26,2014,-0.09166977680679754,0.7836927655205717
2014-12-27,2014,-0.10266670618013281,0.5416282475456891
2014-12-29,2014,-0.011181210646427731,0.22592469751072652
2014-12-30,2014,0.13112104372750827,0.06128330256580661
2014-12-31,2014,0.1595300584724872,-2.7819143335417684
2015-01-05,2015,-0.45019630972358426,-2.092060585867539
2015-01-06,2015,-0.4936536241436878,2.096406633702985
2015-01-07,2015,-0.3484044167986691,1.4921658265501847
2015-01-08,2015,-0.5739797834729239,-0.6465664216288691
2015-01-09,2015,-0.28419250086016923,0.17600628500864524
2015-01-12,2015,-0.38639142815348226,0.021027859189604037
2015-01-13,2015,-0.5354151799259206,-0.7226109751077736
2015-01-14,2015,-0.5695887731774818,-0.45685129893258125
2015-01-15,2015,-0.1846365945156535,0.09787137933179313
2015-01-16,2015,-0.060315616028350116,1.2409323845052
2015-01-19,2015,0.08121741335459136,1.5876285962812542
2015-01-20,2015,-0.08158603188399319,1.2734970583752725
2015-01-21,2015,-0.3439947224619788,1.6226899764048675
2015-01-22,2015,-0.05457909921211006,1.1543826731600593
2015-01-23,2015,-0.07922675165846989,0.5347938008265274
2015-01-26,2015,-0.2422594833278962,0.3508246225074396
2015-01-27,2015,0.08944501864106384,-0.9944767628095819
2015-01-28,2015,-0.22712258368933674,-1.566725406164704
2015-01-29,2015,-0.3556247420832458,-0.4233629294890129
2015-01-30,2015,0.11151696337545905,0.9273748626081657
2015-02-02,2015,-0.04778498534409549,1.3521906383196391
2015-02-03,2015,-0.10955393620101024,0.6701429715951113
2015-02-04,2015,0.14476944063500058,-0.6069002051730443
2015-02-05,2015,0.008514782082669915,-0.951950420782055
2015-02-06,2015,-0.14690268259860245,-0.6607319234616882
2015-02-09,2015,-0.08312029954407392,0.43220294008383675
2015-02-10,2015,0.1357390624625791,1.0923278367416245
2015-02-11,2015,0.12799160833360695,0.7111438964640504
2015-02-12,2015,0.30762666789260706,1.4011758251363027
2015-02-13,2015,0.5308210768023176,1.7842470389348497
2015-02-24,2015,0.48013317738356864,-0.07549818939349695
2015-02-25,2015,0.385370827972289,-1.0122129503048582
2015-02-26,2015,0.14552461957394197,-0.16971347211107712
2015-03-02,2015,-0.10709712460280965,0.21215744436204886
2015-03-03,2015,-0.08520455263384305,-0.11118317427962765
2015-03-04,2015,0.024438126631976847,0.24985111825004402
2015-03-05,2015,-0.013117137183512411,-0.33465032636484926
2015-03-06,2015,-0.01973065446241527,-1.1325171551882285
2015-03-09,2015,-0.057749919507143845,-0.41618825930828107
2015-03-10,2015,0.2949046818694817,0.6236020858739977
2015-03-11,2015,-0.037152274872844435,0.5898239873655564
2015-03-12,2015,-0.09510046858840478,-0.8658816173405581
2015-03-13,2015,0.162695054648035,-0.41662534514346206
2015-03-16,2015,-0.10987157314510046,1.4771505249182582
2015-03-17,2015,-0.034538572595961714,2.068150750987474
2015-03-18,2015,-0.3014224558253112,0.9971585229291646
2015-03-19,2015,-0.05585518854322528,0.21937549875574724
2015-03-20,2015,-0.13290393574760642,-0.18492895671555765
2015-03-23,2015,0.014425104300165076,-0.9249760967566467
2015-03-24,2015,0.023141976259363865,-1.1564316879134617
2015-03-25,2015,0.07869662356227611,-1.6974853715880478
2015-03-26,2015,0.1867961378775627,-1.0110072439058926
2015-03-27,2015,0.3770007352226007,0.8703960133505717
2015-03-30,2015,0.26630046540191377,-0.14923539178754996
2015-03-31,2015,0.3460354683047946,0.1447878461660279
2015-04-01,2015,-0.13462354698540857,1.4119141828799142
2015-04-02,2015,-0.015502571532709633,-0.2953026565781225
2015-04-07,2015,-0.08709470296600912,-0.7660315912838667
2015-04-08,2015,-0.010655250762395378,0.4777490944915419
2015-04-09,2015,-0.02669659766859673,1.0292599111207723
2015-04-10,2015,-0.08834712688818122,0.2549466088565655
2015-04-13,2015,-0.3056271837535652,-1.3082267455092556
2015-04-14,2015,-0.2898209467273923,0.15193596495415296
2015-04-15,2015,-0.10528214620712942,0.3235828705479893
2015-04-16,2015,-0.08029229423988084,-1.077160612082384
2015-04-17,2015,-0.0176402457233071,-0.3860648860664617
2015-04-20,2015,-0.2270435244218112,0.6296550244167864
2015-04-21,2015,-0.1768658431996213,2.763903427529746
2015-04-22,2015,-0.045431894801868225,3.123686674295234
2015-04-23,2015,-0.14962482861243093,1.7926019827527284
2015-04-24,2015,0.2767162674829316,0.43930969366343664
2015-04-27,2015,0.16290152756152126,-1.196115157543487
2015-04-28,2015,0.02596522133567687,-1.3737303941113832
2015-04-29,2015,-0.08453808093267914,-0.089203893308476
2015-04-30,2015,-0.003701898444628051,0.0008146598031499863
2015-05-04,2015,-0.04296677273429502,-0.27262459065682254
2015-05-05,2015,-0.15970884876084096,-1.1814507547252329
2015-05-06,2015,0.023252526667608724,-1.285367990059283
2015-05-07,2015,-0.15234790343549778,-0.41621539739349345
2015-05-08,2015,-0.1672845424494267,-0.11628146925299898
2015-05-11,2015,-0.08003857984474091,0.6249146291490426
2015-05-12,2015,-0.04748063809351661,-0.7220529856735936
2015-05-13,2015,0.3488200976929855,-1.4873340593637985
2015-05-14,2015,0.11774080727634537,-0.04921531230912546
2015-05-15,2015,0.20232466052500767,1.4331675623311613
2015-05-18,2015,0.25652324275392824,0.8245802146552572
2015-05-19,2015,0.07037606171142086,-1.4223862456351322
2015-05-20,2015,0.11474671608838756,-0.4802117846511855
2015-05-21,2015,0.17532169559586055,0.6954072428423608
2015-05-22,2015,0.38193277949613536,0.3175706519483734
2015-05-25,2015,0.1873272850024557,0.5014945304230078
2015-05-26,2015,0.29843751139465463,0.4491483968515064
2015-05-27,2015,0.364463275924827,0.07768059965707064
2015-05-28,2015,0.34776418691274974,-0.8972658872173245
2015-05-29,2015,0.3441812728561512,-0.8948497433788227
2015-06-01,2015,0.2070726000470652,-0.7185978355837341
2015-06-02,2015,0.3088377613021268,-2.762875145877075
2015-06-03,2015,0.43431975953821816,-2.2643179734882724
2015-06-04,2015,0.5531585967011798,0.21179573905483196
2015-06-05,2015,0.37870981927200614,-1.5873440733694122
2015-06-08,2015,0.5073535846525532,-0.7464431073296196
2015-06-09,2015,0.4281065561166086,1.2034547921151884
2015-06-10,2015,0.7103882123175341,0.0368876700543197
2015-06-11,2015,0.5824651666730309,-0.4623493279756308
2015-06-12,2015,0.1431608555191283,-0.9584032560984612
2015-06-15,2015,0.30406802408230826,-0.7522020675027052
2015-06-16,2015,0.14311229037187306,0.060676581878649216
2015-06-17,2015,0.4118473042543581,1.6533494090750445
2015-06-18,2015,0.4201541999558483,1.8741925090878242
2015-06-22,2015,0.1711405932249364,0.5945340122910148
2015-06-23,2015,0.21816519205993729,0.9072380988889517
2015-06-24,2015,0.46371884999048935,0.6944540512125341
2015-06-25,2015,0.5894771658263659,-2.5351559779408506
2015-06-26,2015,0.579083221594266,-1.4747579146045853
2015-06-29,2015,0.7039643383004451,1.5063717369885543
2015-06-30,2015,0.5219562716898032,0.6030234838067416
2015-07-01,2015,0.18617325389050582,-0.18132888473135766
2015-07-02,2015,0.19852513558590784,-1.3143922108827644
2015-07-03,2015,0.22634745828326416,-1.1548123950789857
2015-07-06,2015,0.015057673349653971,-3.023457318311651
2015-07-07,2015,0.09278069321738641,-3.6326939209700204
2015-07-08,2015,0.0702788506835078,0.6440429094563216
2015-07-09,2015,0.2647152892919878,1.43177180498828
2015-07-13,2015,0.25820082749453344,0.22448726577166678
2015-07-14,2015,0.34255120493769553,0.004976907150799903
2015-07-15,2015,0.0810567145563205,-0.09078659627577146
2015-07-16,2015,-0.044298949194738015,-0.743291739519425
2015-07-17,2015,0.00799993170972069,-0.44240646121260774
2015-07-20,2015,0.20212216916943576,-0.6272980501392689
2015-07-21,2015,0.26829523226054713,-2.385531359233195
2015-07-22,2015,0.25621388194526074,-1.6912778768206183
2015-07-23,2015,0.2877950955573363,-2.666781934497542
2015-07-24,2015,0.20801263208066018,-2.1141989037233855
2015-07-27,2015,0.4834736366027531,0.07947007484210289
2015-07-28,2015,0.38512942715584886,0.8039624864112804
2015-07-29,2015,0.526365578537183,1.189469701569923
2015-07-30,2015,0.3448693162491792,-1.4688799270414665
2015-07-31,2015,0.23714938732146104,-1.782734433963351
2015-08-03,2015,-0.06338187060428402,0.2095159665009172
2015-08-04,2015,0.030691240193017243,-0.7202562373250343
2015-08-05,2015,0.1335428665711032,-1.170414889719007
2015-08-06,2015,0.17614022538269675,0.20450769034128236
2015-08-07,2015,0.10410278052158702,-0.5703428809008204
2015-08-10,2015,0.18177084468630667,-2.1668060338922324
2015-08-11,2015,0.3397461624735155,-0.9816371897538034
2015-08-12,2015,0.024588236411792384,0.26873088038941173
2015-08-13,2015,0.31288198352139635,-1.1829051438086324
2015-08-14,2015,-0.03856313824670014,-1.546178259592268
2015-08-17,2015,-0.00870931230520309,-2.332524088625687
2015-08-18,2015,0.1109597582787016,-1.8026908900579897
2015-08-19,2015,0.3356602451368268,-2.9285051808562668
2015-08-20,2015,0.25935973080349056,-7.714628366051002
2015-08-21,2015,0.3187461285420813,-1.429063095549965
2015-08-24,2015,0.25325204938623086,4.119244191224691
2015-08-25,2015,0.4143504315253191,1.9400336649451955
2015-08-26,2015,0.43414728829007576,3.934760659910652
2015-08-27,2015,0.40903125161952225,4.477829395939703
2015-08-28,2015,0.4356716174308932,-0.020201566743727195
2015-08-31,2015,0.4376019075059573,-1.708028947072271
2015-09-01,2015,-0.15264339237590074,0.9777288850971955
2015-09-02,2015,-0.15984646288154858,-0.43172057262400587
2015-09-03,2015,0.013536216486837293,-1.3511694118664153
2015-09-04,2015,0.05603954230044358,0.011249156313275499
2015-09-07,2015,-0.045578399928646755,3.7608181745332203
2015-09-08,2015,-0.13638989087758419,3.3391239142660734
2015-09-09,2015,0.2990626211712324,0.2280702601207718
2015-09-10,2015,0.09786145713705345,0.46694272846452556
2015-09-11,2015,0.3209294678526688,-0.5517817626676247
2015-09-14,2015,0.24771001622573277,0.31297811921817686
2015-09-15,2015,0.1135460547105257,2.2458864962306313
2015-09-16,2015,0.22386062604747853,1.5462080402817824
2015-09-17,2015,0.20895599282739288,-1.639452963116439
2015-09-18,2015,0.031406073566880126,-1.1370646195879464
2015-09-21,2015,-0.15328969269520268,-1.3677555422870302
2015-09-22,2015,-0.09137456859967677,-2.902490102702393
2015-09-23,2015,-0.18201708951943854,-0.7453541988571288
2015-09-24,2015,-0.03078971191863142,0.715736603021
2015-09-25,2015,0.020154402784501337,2.0115956642299038
2015-09-30,2015,0.05223244210478835,1.5130958143264372
2015-10-01,2015,-0.03703811720554444,0.6800917075099333
2015-10-02,2015,-0.23766135659141452,1.0724825798341442
2015-10-05,2015,-0.13169820108884306,1.7105345076122047
2015-10-06,2015,-0.14861242942615302,0.6178148937944439
2015-10-07,2015,-0.23006857657561328,0.9239302526241167
2015-10-08,2015,-0.07481408933812587,1.4440039971773677
2015-10-12,2015,0.06853612422496179,-0.5972903243866012
2015-10-13,2015,-0.08620849852897243,0.39216052437465176
2015-10-14,2015,-0.09201501289044749,0.9673206602280437
2015-10-15,2015,-0.14611005472828328,0.3485430482054186
2015-10-16,2015,-0.26395323490725203,0.5653722566662189
2015-10-19,2015,-0.2146912689343885,-0.2580084573944319
2015-10-20,2015,-0.3463241349902548,-0.5216326153277384
2015-10-21,2015,-0.16085199974133887,0.7501251563728717
2015-10-22,2015,-0.11586305154963952,1.590296057599172
2015-10-23,2015,0.09634879825799351,0.31716166252200306
2015-10-26,2015,-0.03483739837510535,-0.9075669840921452
2015-10-27,2015,0.0281676385435224,-1.496784395930728
2015-10-28,2015,0.018445466565248876,-1.288716003595669
2015-10-29,2015,0.11656788640520495,0.5097373959874529
2015-10-30,2015,0.23182583858241354,1.8573093563361676
2015-11-02,2015,-0.09253381759685494,2.812030965423329
2015-11-03,2015,-0.061408662400163315,1.5722140800326745
2015-11-04,2015,0.006523912657320548,-1.8454288236901428
2015-11-05,2015,-0.16726341040581505,-2.3468449229281263
2015-11-06,2015,-0.19860906484519644,-1.802136521590092
2015-11-09,2015,-0.06411524556011135,-2.631999148392583
2015-11-10,2015,0.002324502646741436,-1.274584451030225
2015-11-11,2015,0.024666370590987106,-1.0161604086032061
2015-11-12,2015,0.07245229684127162,-1.5743780619333791
2015-11-13,2015,0.032000913897910974,1.0795365868299323
2015-11-16,2015,-0.21999255090451567,0.5433131615111941
2015-11-17,2015,-0.08483298058687873,0.6862705507030276
2015-11-18,2015,-0.19098228173409657,1.4984767045502334
2015-11-19,2015,-0.3366289907377946,0.10062284716649827
2015-11-20,2015,-0.43399300640200555,-0.7714888163062983
2015-11-23,2015,-0.3792236526355373,-1.1737352001536694
2015-11-24,2015,0.05112754030408025,1.009030801867583
2015-11-25,2015,0.2007270285059954,0.14631301923533346
2015-11-26,2015,-0.023218747202717993,-1.93626324411601
2015-11-27,2015,0.057528089043673215,0.7727662411887826
2015-11-30,2015,0.24731015067023915,1.6439900439991773
2015-12-01,2015,-0.281737215539443,-0.0855458272777776
2015-12-02,2015,-0.06569697829379936,-0.69524913093858
2015-12-03,2015,-0.11747975365476508,-0.021168250934822108
2015-12-04,2015,-0.013468451227853232,-0.6517752958826395
2015-12-07,2015,-0.05984388877722423,-2.657237112133859
2015-12-08,2015,-0.24645398966801899,-1.5303468658390829
2015-12-09,2015,0.04214229427871162,-1.3819593128236884
2015-12-10,2015,-0.0083717624778492,-2.1422390237787248
2015-12-11,2015,0.025307974077768282,-0.5241569316489003
2015-12-14,2015,0.051818410652711214,1.797227915862365
2015-12-15,2015,-0.08956168643883419,3.0510259062223266
2015-12-16,2015,-0.24948648621472333,0.8877583186106763
2015-12-17,2015,0.04504098013275611,-0.4507390317164073
2015-12-18,2015,-0.4502663203906206,0.4289527352700384
2015-12-21,2015,-0.15521735092047467,0.4048455899842818
2015-12-22,2015,-0.028456986573453115,0.38129737577690115
2015-12-23,2015,-0.23896892785204113,0.572170713229192
2015-12-24,2015,0.17745782205832633,0.41000148960399496
2015-12-25,2015,-0.21153375660227686,-0.8294592552204438
2015-12-28,2015,0.040931302640329036,-0.9391648491533733
2015-12-29,2015,0.21695302963060778,0.5323182913728131
2015-12-30,2015,0.3442231993182047,-2.001572465667223
2015-12-31,2015,0.2603301400313398,-3.153611271686696
2016-01-04,2016,-0.1367481443079854,-1.5265717391357958
2016-01-05,2016,-0.07876682442239558,-2.7621914747910425
2016-01-06,2016,0.18436243383830278,-1.2066995478318354
2016-01-07,2016,0.2894012045364539,-0.8104879483855187
2016-01-08,2016,0.36080469753756755,-1.5900744492315044
2016-01-11,2016,0.36219707391499645,0.4646642066041595
2016-01-12,2016,0.37781428487952146,-0.32915189001666567
2016-01-13,2016,0.46486288126429703,-0.8000398741918047
2016-01-14,2016,0.40189837016179747,0.8821007170458639
2016-01-15,2016,0.6939760288435215,1.1964684405199044
2016-01-18,2016,0.20533223795022684,-1.4346103917717956
2016-01-19,2016,0.17420441450206825,-2.4299543723137695
2016-01-20,2016,0.5529673854143003,0.7411236608859229
2016-01-21,2016,0.2562594443598495,3.00286664552889
2016-01-22,2016,0.4087222430079117,0.9346095629549467
2016-01-25,2016,0.02935279589081171,-0.5614283995110214
2016-01-26,2016,-0.03411924684303234,0.9762833278194272
2016-01-27,2016,0.2908817531183726,2.939808887581008
2016-01-28,2016,0.14021225398493162,3.0374062314202144
2016-01-29,2016,0.5219406290739588,0.9449793332178213
2016-01-30,2016,0.5001129167726747,-0.17151184561233768
2016-02-01,2016,0.31913148471666486,-1.1518997273494036
2016-02-02,2016,0.1629169468736687,-0.7960655447385556
2016-02-03,2016,-0.01968853327771632,1.8488155773285442
2016-02-15,2016,0.40155743674192845,1.8315231742104032
2016-02-16,2016,0.3101861886078986,1.2493804850665091
2016-02-17,2016,0.2997177919038155,1.3487536902334396
2016-02-18,2016,0.26665738906381853,0.1444434956528573
2016-02-19,2016,-0.1982633689467043,0.11531476125037354
2016-02-22,2016,0.010229134401997495,-0.5262601661166211
2016-02-23,2016,0.019819540540236335,0.3745812656575698
2016-02-24,2016,-0.07329031039754194,1.5489818734108596
2016-02-25,2016,0.04542968652834641,1.4323691766297886
2016-02-26,2016,0.10960214716803203,1.5799247666195892
2016-03-01,2016,-0.17423450456326064,1.4860311889781652
2016-03-02,2016,-0.0689577057235864,1.1645531100590523
2016-03-03,2016,0.2229662885513461,0.5545885350199953
2016-03-04,2016,0.06656853779832214,0.24017909308096108
2016-03-07,2016,0.09596019146258886,-0.2937796998689124
2016-03-08,2016,0.10955442996228504,-0.04166517587665952
2016-03-09,2016,-0.037548030858815175,0.8342492741000296
2016-03-10,2016,0.184003423241832,1.0068470216033187
2016-03-11,2016,0.12591371664770373,-1.0907244772080271
2016-03-14,2016,0.10247497205977822,-0.5573909166771474
2016-03-15,2016,0.22796997418553594,1.4325562814852422
2016-03-16,2016,0.09336460975829372,1.2825405729761652
2016-03-17,2016,0.011520139847536618,0.8948381941121131
2016-03-18,2016,0.1487094727781233,-0.28408607251854123
2016-03-21,2016,0.05965657186117144,-0.5288957981095521
2016-03-22,2016,0.03290446088363379,-0.48146529352310896
2016-03-23,2016,-0.14376239824302842,-0.6972321753484279
2016-03-24,2016,-0.021679800420054386,-0.6053722930948746
2016-03-25,2016,0.31747612311567747,-1.0065514298153722
2016-03-28,2016,0.35391289177210905,0.5361057252501356
2016-03-29,2016,0.4550138372965934,1.4793410967408827
2016-03-30,2016,0.37198821334699234,-0.9098046935804516
2016-03-31,2016,0.26709877745047533,-2.6476215089372923
2016-04-01,2016,0.11863793046450069,-1.9324173698101577
2016-04-06,2016,-0.02357867404500045,0.33124640268755723
2016-04-07,2016,0.18894805491058722,0.8520361591237036
2016-04-08,2016,-0.09023721062200576,-0.12082186969502029
2016-04-11,2016,0.14487426629247832,1.0451277008475257
2016-04-12,2016,0.056408342769398524,1.6003647795498344
2016-04-13,2016,-0.0036459952325111206,0.5583628445414268
2016-04-14,2016,-0.16032468894716884,-0.019613023509079675
2016-04-15,2016,-0.05138239822529206,-0.7662874882620185
2016-04-18,2016,-0.17670238292990223,-1.748555563633103
2016-04-19,2016,0.16247824752428666,-0.7536728084765243
2016-04-20,2016,0.09271916705390837,0.24980973588522026
2016-04-21,2016,0.14763256409865994,-0.0976816651397705
2016-04-22,2016,0.020738793477474544,0.536801101250628
2016-04-25,2016,0.17523601789501428,0.03235875462015425
2016-04-26,2016,-0.03405704716379948,-1.2550151079580907
2016-04-27,2016,0.18736987357730706,-2.162196880784295
2016-04-28,2016,0.11581729599440378,-2.1212267830400977
2016-04-29,2016,0.03318628438559802,-2.2968763055180808
2016-05-03,2016,0.020355926685269914,-1.521077582673036
2016-05-04,2016,-0.12546960855234332,-0.47694268013932506
2016-05-05,2016,-0.06366380980064665,-0.4423381113521585
2016-05-06,2016,-0.10244338471272248,0.12103461270764893
2016-05-09,2016,-0.010695656745301086,0.04586913400796977
2016-05-10,2016,-0.040310221467869854,-0.5914453752870474
2016-05-11,2016,-0.08442990434205858,-1.006322859151687
2016-05-12,2016,-0.10018608588061095,-0.4988869086895109
2016-05-13,2016,-0.11334217946016675,1.077642670626755
2016-05-16,2016,-0.14111685234292282,1.1413555456393443
2016-05-17,2016,0.05188580263999395,-0.5466508117457414
2016-05-18,2016,-0.23371893423532528,-0.34829797246951344
2016-05-19,2016,-0.2539663063800738,3.068930506251255
2016-05-20,2016,-0.349265292359879,2.08331796056207
2016-05-23,2016,-0.002891303769630018,0.6202932731255828
2016-05-24,2016,-0.17979095192046246,1.1259345642394836
2016-05-25,2016,0.18276744223308378,0.802863200019055
2016-05-26,2016,0.22089232837282421,1.6886820774542288
2016-05-27,2016,0.09639808145388792,0.8504645180956949
2016-05-30,2016,0.20549869130619403,0.7180287422371645
2016-05-31,2016,0.15849843133430086,0.23935076544210343
2016-06-01,2016,-0.2623005308402341,-0.11399113195519339
2016-06-02,2016,-0.003021490298274078,0.4154969249721141
2016-06-03,2016,-0.06774190930114457,0.11353896890313742
2016-06-04,2016,-0.14821727487619513,1.0281008011341353
2016-06-06,2016,-0.14732004304728347,1.3768580371775974
2016-06-07,2016,-0.03273154887610627,-1.6553186096614048
2016-06-08,2016,-0.1524042780766039,-1.59899397394061
2016-06-13,2016,-0.14758287369918272,0.8217923155682705
2016-06-14,2016,0.03877143010751941,-0.9559101318545093
2016-06-15,2016,-0.12819740995624043,-0.44490301950765865
2016-06-16,2016,0.15833277781742305,1.5514225101069812
2016-06-17,2016,0.12088575188797948,1.3628490863764053
2016-06-20,2016,-0.2516298861628524,1.0471926472770399
2016-06-21,2016,0.1300519818466071,-0.0940718607690405
2016-06-22,2016,0.07799001172487857,-2.744987810124766
2016-06-23,2016,0.10822835839798298,-2.510291954987387
2016-06-24,2016,0.4700860348096681,0.33644017510932045
2016-06-27,2016,0.11852178507263522,1.5095396902895963
2016-06-28,2016,0.24314850256551165,1.8937136044752112
2016-06-29,2016,0.3703902227332164,1.7664815711996518
2016-06-30,2016,0.32071562925069447,1.0846262308776833
2016-07-01,2016,-0.13567707649957136,-0.2537124180613026
2016-07-04,2016,-0.08923517466006024,-2.109791817436746
2016-07-05,2016,-0.16498995032634572,-0.8623152406990742
2016-07-06,2016,-0.201674029855707,2.457161181237777
2016-07-07,2016,-0.07834781808464626,2.3209361051092836
2016-07-11,2016,-0.3627013030230578,0.811247292712558
2016-07-12,2016,-0.3327086313288573,0.28162769497346307
2016-07-13,2016,-0.10541605886205999,1.0397674352967679
2016-07-14,2016,-0.04158698876806764,1.599867363833618
2016-07-15,2016,-0.09409318567597576,0.9499600551964527
2016-07-18,2016,-0.21337727850071656,-0.005883521809535441
2016-07-19,2016,-0.1150375582442581,0.24006986265434627
2016-07-20,2016,-0.21242361322865203,0.06061494191622607
2016-07-21,2016,-0.07109526812465583,-0.7164972130698555
2016-07-22,2016,-0.2239969923826508,0.12925573107709365
2016-07-25,2016,-0.21567154371124847,0.7976271371169075
2016-07-26,2016,-0.2698049351136954,0.5745286039896547
2016-07-27,2016,-0.15927114870356485,-0.8714178690313434
2016-07-28,2016,-0.33302416097584353,0.04484038146272962
2016-07-29,2016,-0.036078494463080965,0.9388485164857796
2016-08-01,2016,-0.20372575286267355,-0.8699760261036804
2016-08-02,2016,-0.3314272468247215,-0.48573344095556026
2016-08-03,2016,-0.25169376182928127,1.0043647262575783
2016-08-04,2016,-0.29339466471523984,1.3911804368229141
2016-08-05,2016,-0.23639166717041643,0.6924677632939247
2016-08-08,2016,-0.20988538400354942,0.5481811445795071
2016-08-09,2016,-0.28318063991614323,-0.25395736574667094
2016-08-10,2016,-0.12795573964553336,-0.5437795231087339
2016-08-11,2016,-0.14026248037538247,0.1826578024339165
2016-08-12,2016,-0.0099754941505681,-0.43746769263385277
2016-08-15,2016,-0.1788190641504162,-0.336776152619378
2016-08-16,2016,0.04790350899333704,0.13325488784197148
2016-08-17,2016,0.040088122707243184,-0.9150333965802782
2016-08-18,2016,0.13181065008678006,-1.5422307481501862
2016-08-19,2016,0.0973184329076701,-0.036970336286168415
2016-08-22,2016,-0.09967837759933584,0.39602262795583876
2016-08-23,2016,0.03245086137361116,0.9361162139447377
2016-08-24,2016,0.2469308389698457,1.2679958036591499
2016-08-25,2016,0.14454753544970012,-0.05814291528576376
2016-08-26,2016,0.1102866762648348,-0.2317197636370838
2016-08-29,2016,0.023488954674370306,-0.4535590444525117
2016-08-30,2016,0.1901635691525681,-1.2009141040726368
2016-08-31,2016,0.07124424704073426,-0.8964752973089296
2016-09-01,2016,0.14252624400426978,0.9885403531770809
2016-09-02,2016,0.1180351987782553,2.1618794888484727
2016-09-05,2016,-0.11850595521245152,1.858499273387726
2016-09-06,2016,-0.08050494200480414,0.8826108028338497
2016-09-07,2016,0.032401112025998,-1.0172727930559011
2016-09-08,2016,-0.06025309941322369,-2.2584744070155094
2016-09-09,2016,-0.18773651452135234,-2.3766814186328644
2016-09-10,2016,0.1106555351530059,-1.24656355585403
2016-09-12,2016,0.0931609536024934,-0.5002760683397667
2016-09-13,2016,0.3896086888098399,2.3717037456254086
2016-09-14,2016,0.23818981037586742,2.912505756939221
2016-09-19,2016,0.10882239837390803,0.8261880413596767
2016-09-20,2016,-0.07214371698059871,0.8042280916610522
2016-09-21,2016,0.03396471237104831,0.6081161618898046
2016-09-22,2016,-0.05228996844409082,-0.44113538763391746
2016-09-23,2016,0.10003983187930268,-0.14777126042855304
2016-09-26,2016,-0.1916388264685776,-0.3009401252050181
2016-09-29,2016,0.09709332938129932,-0.3958623218889068
2016-09-30,2016,0.10230221317697316,1.319100890709457
2016-10-03,2016,0.0023526342855986525,0.4123800654090237
2016-10-04,2016,-0.12590651160580263,-0.03725329115601417
2016-10-05,2016,-0.14757611976124146,-0.06977787556028403
2016-10-06,2016,-0.07607736426445694,-0.6946127391265433
2016-10-07,2016,-0.2124673831708889,-0.14256713660218967
2016-10-11,2016,0.19055812403588343,-0.007050029176269845
2016-10-12,2016,-0.06524246408585642,-0.9449235890452434
2016-10-13,2016,-0.0015322561934479333,-0.46587708004083295
2016-10-14,2016,0.17869562419529506,0.6263931820140733
2016-10-17,2016,0.31493704776993514,1.1744487381514457
2016-10-18,2016,0.038348427523879514,1.0263939158023039
2016-10-19,2016,0.017089139757103126,0.2432143938112752
2016-10-20,2016,0.016788902687533205,0.05645448652176199
2016-10-21,2016,-0.09057013230400782,0.8497222929607862
2016-10-24,2016,-0.11676218358777186,0.4263877715205089
2016-10-25,2016,0.022081813126860896,-0.9173578814466787
2016-10-26,2016,0.05126975328317475,-0.5909904136291999
2016-10-27,2016,0.1788233174519209,-0.10140275604731963
2016-10-28,2016,0.1039604300878213,-0.3676834011681507
2016-10-31,2016,0.23662720017158484,-1.6262437944827401
2016-11-01,2016,0.12313156952425075,-2.215428084592408
2016-11-02,2016,0.09521345297878661,-0.7756832227455046
2016-11-03,2016,0.2182742956878684,1.3517850466568282
2016-11-04,2016,0.2763281789768416,1.6462012648666091
2016-11-07,2016,0.284043916958019,-2.6838334508544115
2016-11-08,2016,0.3744425238497349,-0.7078979715604006
2016-11-09,2016,0.5460739109796433,0.16280525986223093
2016-11-10,2016,0.1939921564659035,-2.3139842092266605
2016-11-11,2016,0.3453348788936115,-0.2984004929803885
2016-11-14,2016,0.13675703491448327,0.24406066842646013
2016-11-15,2016,-0.1309871929749587,0.7191779671549492
2016-11-16,2016,-0.18682022651120095,0.5196257177351393
2016-11-17,2016,-0.11900938120599738,0.5097128932348927
2016-11-18,2016,-0.035095060029811304,1.3830936230059487
2016-11-21,2016,-0.41705917049172336,1.516627936171533
2016-11-22,2016,-0.0958141873118507,0.20496223198616104
2016-11-23,2016,0.0765434730954319,-0.2087548470674605
2016-11-24,2016,0.034035245377323206,0.7662713844129865
2016-11-25,2016,0.013356553982909743,0.3636832123785405
2016-11-28,2016,0.145843651147256,0.200276722358117
2016-11-29,2016,-0.06822715669912231,0.77401064794973
2016-11-30,2016,0.08081171122389193,-0.5542864130570035
2016-12-01,2016,-0.13927359222810148,-1.110483800451889
2016-12-02,2016,-0.4067212485702175,0.6668487587450533
2016-12-05,2016,-0.09329712071363046,1.1268838708127893
2016-12-06,2016,-0.03491699708541128,1.352211761831712
2016-12-07,2016,-0.15107586338295015,1.390236714814197
2016-12-08,2016,-0.02802676790305957,-0.2764546398943635
2016-12-09,2016,-0.21204141091936948,-0.1122150440555969
2016-12-12,2016,-0.035038398435910875,0.1987178527348865
2016-12-13,2016,-0.15516443465605081,-0.23224978523022077
2016-12-14,2016,-0.13944035320027262,-0.4455346201961419
2016-12-15,2016,-0.08297777703958946,-1.2930072059271325
2016-12-16,2016,0.0816914015616533,-0.9045994437522964
2016-12-19,2016,0.04997832914562664,-0.37946515544433623
2016-12-20,2016,0.309609511642206,-1.3379627175163167
2016-12-21,2016,0.3456265241421409,-1.3648028195639927
2016-12-22,2016,0.2475931176912966,-0.09003427004796727
2016-12-23,2016,0.1612070765213533,0.3373853352484524
2016-12-26,2016,0.31151642868801244,0.9973064165241352
2016-12-27,2016,0.2915442603200901,0.4810484264930137
2016-12-28,2016,0.29658665371236326,0.5662181841893599
2016-12-29,2016,-0.09179598228756174,1.308738360488082
2016-12-30,2016,0.07180867343058149,0.36159291079049805
2017-01-03,2017,-0.2850342333470888,0.9194554442632841
2017-01-04,2017,-0.23582787968026336,0.9180614539095799
2017-01-05,2017,0.01623116622379275,-0.16798209900684702
2017-01-06,2017,0.043240195183205966,-0.24092477556011405
2017-01-09,2017,0.01672438133051638,0.03553683092816229
2017-01-10,2017,0.06396159337543177,0.6475115619424932
2017-01-11,2017,0.2023634682692918,0.3540650606586482
2017-01-12,2017,0.06390725869038796,-1.25236711731338
2017-01-13,2017,0.11996026378546507,-0.25909415140267233
2017-01-16,2017,0.23355222123158628,0.534204015569828
2017-01-17,2017,0.22180311927325072,-0.3892231891928333
2017-01-18,2017,0.15605448723683493,-0.1125030373679281
2017-01-19,2017,0.29870314612954135,1.1368172979098645
2017-01-20,2017,0.07353720945512612,1.248357706082448
2017-01-23,2017,0.053508773590843516,0.05220685374123235
2017-01-24,2017,0.14778024616993263,0.08054657359530815
2017-02-02,2017,-0.09459477029765906,1.156435962782787
2017-02-03,2017,-0.3296047906362817,1.0470030331360514
2017-02-06,2017,-0.17829849872008202,0.05493808456900062
2017-02-07,2017,-0.12098118460563492,0.3728062830732126
2017-02-08,2017,-0.20865902088386917,1.2819532130039502
2017-02-09,2017,-0.02337938227298958,1.2527397817350572
2017-02-10,2017,-0.1501737070295222,0.5503026716423998
2017-02-13,2017,-0.037125105743775325,0.9210819004934923
2017-02-14,2017,-0.12911287906416655,0.5398825778544225
2017-02-15,2017,-0.11587365693273569,-0.4081732613859912
2017-02-16,2017,-0.07094655166716539,0.0887296916975755
2017-02-17,2017,-0.09293394737755281,-0.06721476757625133
2017-02-18,2017,-0.05297465043121548,-0.16349826992450023
2017-02-20,2017,-0.040438329809778864,0.262272895049831
2017-02-21,2017,0.1509753517662321,0.05510076372934325
2017-02-22,2017,0.07203947420073177,-0.2895044167063876
2017-02-23,2017,-0.055206120154468664,-0.9676220736162366
2017-02-24,2017,0.19032400397257954,-0.601714584014923
2017-03-01,2017,0.11365483265059857,-0.27463156784962584
2017-03-02,2017,0.177791244402265,-0.0946160671908225
2017-03-03,2017,0.11204355712213898,0.9313644707152902
2017-03-06,2017,0.15307142362390375,0.7314128496080263
2017-03-07,2017,-0.0056409093545102245,-0.8159727748927592
2017-03-08,2017,-0.17884942347456195,-1.2873393517165876
2017-03-09,2017,-0.14048428515018258,0.40098937631811715
2017-03-10,2017,0.028820542653976045,1.2081567196966292
2017-03-13,2017,-0.005447690068058874,0.4431112036908935
2017-03-14,2017,0.03161762412169595,0.9607756811480961
2017-03-15,2017,-0.07311774629700366,1.728692413280486
2017-03-16,2017,0.05071443869297988,0.7637863227967889
2017-03-17,2017,-0.05779739451691063,0.6438792615370836
2017-03-20,2017,-0.11175927109138326,0.0977507245558229
2017-03-21,2017,-0.09037232845042842,-0.4186517108565657
2017-03-22,2017,-0.0900763887716658,-0.19833391449470827
2017-03-23,2017,0.10624252366173355,-0.5434640318848327
2017-03-24,2017,0.23230413105688896,-0.26789915762729377
2017-03-27,2017,0.3408669097998336,-0.20776022930574234
2017-03-28,2017,0.37280631360656125,-0.2865402042231846
2017-03-29,2017,0.24001433108120263,-0.45382371591629056
2017-03-30,2017,0.24224627833088413,1.028924214192517
2017-03-31,2017,0.23364357000600222,0.8793744496265576
2017-04-05,2017,-0.067215980355693,-0.7649646011650746
2017-04-06,2017,-0.14328039926377936,-0.15417567540260135
2017-04-07,2017,-0.04813168151567365,-0.41475200463469974
2017-04-10,2017,-0.19680023619915837,-0.6563090055795473
2017-04-11,2017,-0.1679060396382559,0.04332605808132772
2017-04-12,2017,0.07929320731408593,-0.8632385655266805
2017-04-13,2017,0.03159935875107319,-1.2227702842829147
2017-04-14,2017,0.03526272859682723,0.14004004960479488
2017-04-17,2017,-0.016096464867604153,-0.7869169651311125
2017-04-18,2017,0.1890411464966637,-1.168309639503573
2017-04-19,2017,-0.021938692407708085,0.8036357072761735
2017-04-20,2017,-0.02068420502591853,0.8851110126039563
2017-04-21,2017,0.030682647457446643,1.2791474271436343
2017-04-24,2017,-0.08269267998510081,1.4251977011612516
2017-04-25,2017,0.18707134880844578,0.19214140632066723
2017-04-26,2017,0.21359767178869604,0.1577647124471726
2017-04-27,2017,0.0368861172943949,0.8178998886479771
2017-04-28,2017,0.14183661698505004,0.8441045380875201
2017-05-02,2017,0.13967855085803807,0.2652578594082966
2017-05-03,2017,-0.1285073209603175,-0.5563853734632529
2017-05-04,2017,-0.23348980651585022,-0.3048866130799244
2017-05-05,2017,-0.13768919242402808,0.1569706483069533
2017-05-08,2017,-0.026570876329415672,0.31266195375982964
2017-05-09,2017,-0.01979968481745527,0.8673306788980373
2017-05-10,2017,-0.05938492345818426,0.18558794260217226
2017-05-11,2017,-0.11596054165572074,0.3533477045397193
2017-05-12,2017,-0.12486552296134294,0.44728952759738316
2017-05-15,2017,-0.15292371401140917,-0.23065074396073637
2017-05-16,2017,-0.1404591829721586,-0.6184524930992197
2017-05-17,2017,-0.14927191849208338,-0.6595983290841323
2017-05-18,2017,-0.18731699405333008,0.2789521989678523
2017-05-19,2017,-0.05152707306395652,0.6053709329467694
2017-05-22,2017,0.09870928115771119,0.47172925381553377
2017-05-23,2017,0.16215516321581214,1.005711522166619
2017-05-24,2017,-0.06199526321916513,0.5727558186535475
2017-05-25,2017,0.042873999797486774,-0.6704265424410605
2017-05-26,2017,0.02164504050017,-0.14383361628200753
2017-05-31,2017,0.049280093042882334,1.1135655610354789
2017-06-01,2017,-0.06400451829773049,0.7011703686373716
2017-06-02,2017,-0.1267665920433537,0.731935783494353
2017-06-03,2017,-0.10889613003584916,0.4728223150869182
2017-06-05,2017,-0.040499744107186354,-0.16476252684114456
2017-06-06,2017,-0.20022820901139124,0.1920405087897814
2017-06-07,2017,-0.08676605504423467,-0.10127336069869486
2017-06-08,2017,-0.12838529925665995,-1.1326275355034165
2017-06-09,2017,-0.06762124628019348,-0.7010044462310017
2017-06-12,2017,-0.04687794967624495,-0.3709213488480634
2017-06-13,2017,0.003118117258268625,-0.392964164235321
2017-06-14,2017,0.23164129729752164,0.8366377230587307
2017-06-15,2017,0.09007503856498932,1.6082907512130262
2017-06-16,2017,0.03882823991246638,1.651417336091443
2017-06-19,2017,-0.04307936664926572,0.9669677872514715
2017-06-20,2017,-0.0028734557969189627,0.7225559496574219
2017-06-21,2017,-0.09427686396810135,0.2703454779453107
2017-06-22,2017,0.058877858892467806,1.1049075589524504
2017-06-23,2017,-0.12017499865575283,1.2946992108077815
2017-06-26,2017,0.1330829242700191,-1.1737727744826842
2017-06-27,2017,0.04570350986168199,-0.8600597789586439
2017-06-28,2017,0.02153036914214086,0.043501065872364464
2017-06-29,2017,0.12100824226583615,-0.08501532866674877
2017-06-30,2017,0.026071537446551763,-0.45492719144747396
2017-07-03,2017,0.17856991662044955,-0.0768285925289991
2017-07-04,2017,0.11718586534733384,0.19733701334971876
2017-07-05,2017,-0.10424428747597507,-1.0335624265362497
2017-07-06,2017,0.2106805709891703,-0.7550973167955943
2017-07-07,2017,0.21210028655486096,1.1490446478428673
2017-07-10,2017,0.1517863329583236,1.2708565964133944
2017-07-11,2017,0.08398442523211187,0.4280130612150934
2017-07-12,2017,-0.013788571370639347,0.22292211256846883
2017-07-13,2017,0.00295563544971969,-0.02495184103477044
2017-07-14,2017,-0.1125544412558734,0.35762468270983394
2017-07-17,2017,0.011231243365895949,0.4643539493991877
2017-07-18,2017,-0.06706010368397365,0.17268916141761625
2017-07-19,2017,-0.08027497175578854,-0.6605686220386264
2017-07-20,2017,-0.04890748276713485,-0.3626887734109463
2017-07-21,2017,0.014243972213081244,0.25343259842669497
2017-07-24,2017,-0.06358997648444771,-0.40310554731352033
2017-07-25,2017,0.06184418224808639,0.4321834246856948
2017-07-26,2017,0.21636160142920727,0.037815130083074244
2017-07-27,2017,0.15719410552747565,-0.7711947714060363
2017-07-28,2017,0.01570140943441623,0.13662027909298047
2017-07-31,2017,0.03539378383425219,0.8817213994378292
2017-08-01,2017,0.001000179100821842,0.3122458032688291
2017-08-02,2017,-0.06359856625897949,-0.12082587479930185
2017-08-03,2017,0.0834059600958602,1.0458572591089954
2017-08-04,2017,-0.25502189170367073,0.594009837663334
2017-08-07,2017,-0.06143488731827551,-1.0303061237993183
2017-08-08,2017,0.06068547991088602,-2.263512906177234
2017-08-09,2017,0.1049543926889126,-1.3448413524628444
2017-08-10,2017,0.18625171753816272,-1.0112548815362166
2017-08-11,2017,0.06177055936313915,-0.17822619915446314
2017-08-14,2017,0.17573568334597983,0.6367551793202697
2017-08-15,2017,0.1845762525445267,0.5645339612613931
2017-08-16,2017,0.011283747864792911,0.3006688764954468
2017-08-17,2017,0.05204803920468213,-0.41448998348020405
2017-08-18,2017,-0.31908883942251387,0.6853767876814354
2017-08-21,2017,-0.06757460943717233,0.7787813553429723
2017-08-22,2017,0.014612907322807595,0.9323455288503535
2017-08-23,2017,-0.014768567123838205,1.0445083555864043
2017-08-24,2017,-0.13389650152673443,0.3529425224235716
2017-08-25,2017,0.06446730780300047,-0.18011489694746974
2017-08-28,2017,0.06725685885204902,0.4125031588507744
2017-08-29,2017,0.08409605101943596,0.8498966805347008
2017-08-30,2017,0.12751709349391954,0.24050561053607922
2017-08-31,2017,0.12785914734054182,-0.15029596307498672
2017-09-01,2017,0.030806895254764773,0.21727598958736216
2017-09-04,2017,0.062066933287872696,-0.20823340305983207
2017-09-05,2017,0.054047635125777836,-0.7471387777551741
2017-09-06,2017,0.09332216704595647,0.5886502096159818
2017-09-07,2017,0.3023445165375264,0.31930510100572906
2017-09-08,2017,0.09812623043254967,0.003770046041684516
2017-09-11,2017,0.05686007533379447,-0.3715418608874699
2017-09-12,2017,0.23494260657679145,-0.5351378606737844
2017-09-13,2017,0.19417014374256217,0.45125359825612943
2017-09-14,2017,-0.03433827705108698,0.7390863944617854
2017-09-15,2017,0.10697853233827423,-0.04035760428944268
2017-09-18,2017,0.1161016656377875,-1.0572286125191233
2017-09-19,2017,0.2515596480227346,0.02174706461905984
2017-09-20,2017,0.1932413620725181,-0.6606034506524749
2017-09-21,2017,-0.02450440021093448,-2.292871160587018
2017-09-22,2017,0.204841954344329,-1.8436928212155812
2017-09-25,2017,0.35786330836941427,-0.08910698546520379
2017-09-26,2017,0.2638565637137453,0.3844196462520433
2017-09-27,2017,0.3688421538445431,0.03156871327474331
2017-09-28,2017,0.41141776754276327,0.8497103370579184
2017-09-29,2017,0.37772330710196156,1.3090105073214398
2017-09-30,2017,0.16016659131078506,0.8225201609408428
2017-10-02,2017,-0.0833614101772415,0.5074934353607619
2017-10-03,2017,-0.1447514623020848,0.6061503340703878
2017-10-05,2017,-0.12953455081088744,1.1686332448206826
2017-10-06,2017,0.003300948849377644,1.695938690624832
2017-10-11,2017,0.06731478573641936,0.7790482079541805
2017-10-12,2017,0.06533264005577152,0.5860089773176869
2017-10-13,2017,-0.12512430193346066,-0.00876531248805712
2017-10-16,2017,-0.01847750500680287,-0.5005471398831007
2017-10-17,2017,-0.07349887276290423,0.3463534502455179
2017-10-18,2017,-0.06060495199580838,0.08022178525186607
2017-10-19,2017,-0.007320208195021316,-0.23307921998386716
2017-10-20,2017,-0.05009224034075679,0.13887749699876828
2017-10-23,2017,0.03271919322915611,0.14308057317928835
2017-10-24,2017,-0.05853031084472833,-0.08395555381811581
2017-10-25,2017,0.07358712514870419,-0.38565396997554124
2017-10-26,2017,0.0605211312498579,0.20596641191792386
2017-10-27,2017,0.28963455372971925,0.7908220197569982
2017-10-30,2017,0.16861645201485354,0.4600780710373842
2017-10-31,2017,-0.02438813079559416,-0.049009616631756625
2017-11-01,2017,-0.0352059335463165,-0.051728796745620365
2017-11-02,2017,-0.13993698932111176,-0.021504359730861733
2017-11-03,2017,-0.1534402085276084,0.366362768580375
2017-11-06,2017,-0.2284528087230615,0.30409254797105767
2017-11-07,2017,-0.13828632418679826,-0.8954516186761685
2017-11-08,2017,-0.33872776096852525,-0.7978563618230461
2017-11-09,2017,-0.07528444609031959,-0.5524388756868337
2017-11-10,2017,-0.0800945938098027,-0.4238460699900415
2017-11-13,2017,0.027648110830212614,-0.4985997648803142
2017-11-14,2017,0.209753047074619,-0.5814443099114941
2017-11-15,2017,0.1472670494361398,0.6677860714067396
2017-11-16,2017,-0.019885996873565643,0.3718574235955563
2017-11-17,2017,0.1736691299484559,0.7251225045880938
2017-11-20,2017,0.15273387460342452,1.4819190683151184
2017-11-21,2017,0.1824669486764497,0.6988433321829746
2017-11-22,2017,0.14855578612444872,0.2910578706206257
2017-11-23,2017,-0.08978385507646722,-0.9548052110769922
2017-11-24,2017,0.05366674421847974,-1.3545124464602765
2017-11-27,2017,0.22516183284552888,-0.34769085093104835
2017-11-28,2017,0.2830869644972228,-1.369468958361153
2017-11-29,2017,0.24182268367556423,-1.0564192074522305
2017-11-30,2017,0.3001671831327586,0.8585816500070065
2017-12-01,2017,0.32640443426835464,-0.31621537738777405
2017-12-04,2017,0.19260803086593586,-2.4146779068097146
2017-12-05,2017,0.1156955769741466,-1.997662501123798
2017-12-06,2017,0.1810544415679645,0.04521874326530728
2017-12-07,2017,0.22008334102764177,1.132992653363929
2017-12-08,2017,0.3057609210080751,0.42948006562408825
2017-12-11,2017,0.27856976749085083,-0.022820390161826243
2017-12-12,2017,0.31573374526268777,0.9070904926421486
2017-12-13,2017,-0.08326084965352683,0.1980765373852833
2017-12-14,2017,0.03876778191032555,-0.29882302256307725
2017-12-15,2017,-0.08385607470670112,-0.22971107874610874
2017-12-18,2017,0.11322879205840797,-0.019035798723077146
2017-12-19,2017,0.060697793512255536,0.20664275737674043
2017-12-20,2017,-0.022317113325345216,0.3117705521051839
2017-12-21,2017,0.22976682666354672,0.3195737999059922
2017-12-22,2017,0.056169924388265624,-1.09478071644743
2017-12-25,2017,0.06419879142627313,-0.34041372336776066
2017-12-26,2017,0.26459635382735175,1.3983041496232307
2017-12-27,2017,0.23077349825608473,1.4894146568929845
2017-12-28,2017,0.0614776170366146,1.3540393124671146
2017-12-29,2017,0.1841215766654911,1.4912344989974402
2018-01-02,2018,0.026827623328533647,1.2874939429898813
2018-01-03,2018,0.06547381378258421,0.7242465678600318
2018-01-04,2018,0.028805046039957295,0.6186956325360926
2018-01-05,2018,-0.031210221779700315,0.32252431110866286
2018-01-08,2018,-0.01174759943650679,-0.7755765751322641
2018-01-09,2018,-0.09599383851421799,-0.960431117491789
2018-01-10,2018,-0.10776134227748753,0.4881318500723264
2018-01-11,2018,0.06510987707657725,1.3529064593535978
2018-01-12,2018,0.006278126386350946,0.9385370765787604
2018-01-15,2018,-0.053863225747648534,0.44257601327453155
2018-01-16,2018,-0.05936390469654116,0.77789135553894
2018-01-17,2018,-0.0486218409304814,1.3271481535330087
2018-01-18,2018,-0.011044602173566748,1.444149294092889
2018-01-19,2018,-0.0341407336099237,0.9170601344292262
2018-01-22,2018,0.01583933913405127,-0.7060524633484833
2018-01-23,2018,0.09713233146092595,-0.7745414378780624
2018-01-24,2018,0.07739694612816499,-0.045372376293018046
2018-01-25,2018,0.06452261809774638,0.5002709129093175
2018-01-26,2018,0.13691936670604044,-0.6308367198643583
2018-01-29,2018,0.261965399577857,-1.0517019981624909
2018-01-30,2018,0.17722553078958492,0.7535583445730465
2018-01-31,2018,0.1863293604767727,0.20209315918258142
2018-02-01,2018,0.2521909348487013,-1.9175197688223844
2018-02-02,2018,0.18565366496820096,-6.491237373306136
2018-02-05,2018,0.14005841611617123,-3.6058924289140037
2018-02-06,2018,0.48072820766699886,1.1968473663975354
2018-02-07,2018,0.6577618398092746,-1.7039218919702837
2018-02-08,2018,0.4608575440121033,-1.020371334242609
2018-02-09,2018,0.5718267466825366,3.304071154819588
2018-02-12,2018,0.7073944144768554,2.3154007882092875
2018-02-21,2018,0.227619167669175,0.7476825667043663
2018-02-22,2018,0.3131396689281506,1.6349070282619893
2018-02-23,2018,0.49275373498616154,0.19380150168371024
2018-02-26,2018,0.40667570984404583,-0.46979246449564416
2018-02-27,2018,0.4430292657042796,-1.0845575827957532
2018-03-01,2018,0.07094799487817753,-1.324798647108849
2018-03-02,2018,0.08479517608186302,0.8054648598779135
2018-03-05,2018,0.4744172516644644,0.9623316953086158
2018-03-06,2018,0.40332770571411947,0.36070821209270854
2018-03-07,2018,0.3716372696813838,1.1121120636705006
2018-03-08,2018,0.08165341819720602,1.6525550574504555
2018-03-09,2018,0.016375108347396933,2.124379419079192
2018-03-12,2018,0.17684164551297307,0.33357268157896414
2018-03-13,2018,0.08387869073071316,-0.6955891643827261
2018-03-14,2018,-0.04415650487993698,-0.10055440808782734
2018-03-15,2018,-0.09450561234429697,0.25820328630614675
2018-03-16,2018,-0.007545559591827539,-0.1528877281754215
2018-03-19,2018,0.011329205579963064,-0.32434438620789763
2018-03-20,2018,0.25089866938581185,-0.045409796164508354
2018-03-21,2018,0.3357957697774196,-1.7050114112434067
2018-03-22,2018,0.3533136785102747,-1.5063820662484684
2018-03-23,2018,0.3549743833400173,1.510256085696371
2018-03-26,2018,0.3059434595676182,0.23625352281586576
2018-03-27,2018,0.4875889984613357,-1.282176140619784
2018-03-28,2018,0.39528573006362366,0.37328611423512736
2018-03-29,2018,0.348384547037947,0.678319589301779
2018-03-30,2018,0.3610593414070697,-0.16458497994721322
2018-03-31,2018,0.3453880036304464,-0.8971114951339176
2018-04-02,2018,0.3763782237204446,0.048308868167312724
2018-04-03,2018,0.20228635933259417,0.9762944796160911
2018-04-09,2018,-0.07106965106222247,0.7388789492478454
2018-04-10,2018,0.11487754078544232,0.2572484392130425
2018-04-11,2018,0.2037471200861638,-0.07864027949648911
2018-04-12,2018,-0.05920850351113542,-0.006754727624747048
2018-04-13,2018,-0.028877298558918775,-1.4129912387977006
2018-04-16,2018,-0.06572836499624489,-0.9736593470293098
2018-04-17,2018,0.0757772344667129,1.487172134369974
2018-04-18,2018,0.22164280035846745,-0.6315513892563462
2018-04-19,2018,0.07744388250618568,-2.4982636388660495
2018-04-20,2018,-0.11959769695336968,-1.8542810439932444
2018-04-23,2018,-0.08516512179347961,-1.2822130795830278
2018-04-24,2018,0.014813777267031874,-0.8593978921499157
2018-04-25,2018,0.09186471548528893,-0.06193199412497519
2018-04-26,2018,0.16616126562622135,1.6141365180033729
2018-04-27,2018,0.2510314131839179,0.6195142242853668
2018-04-30,2018,0.1617986076840647,-1.3482981606097955
2018-05-02,2018,0.04163974757623579,-0.8422789370936878
2018-05-03,2018,-0.08226367092366033,0.8629298718492606
2018-05-04,2018,-0.07377262279714147,1.5386485611199818
2018-05-07,2018,-0.02085684667698371,0.9282492732140213
2018-05-08,2018,-0.023987365672827245,0.6437896698087586
2018-05-09,2018,-0.1230906897564655,1.4540307473828173
2018-05-10,2018,0.019666915590601623,1.7860246221960363
2018-05-11,2018,0.0982176572648206,0.1450412469679474
2018-05-14,2018,0.00028902874098447466,-0.500530021301282
2018-05-15,2018,-0.028476910915010707,-0.37628520432231305
2018-05-16,2018,-0.1062209963944358,-0.6123383469892829
2018-05-17,2018,0.1725582063283353,1.2220077701196708
2018-05-18,2018,0.2739896766093503,0.9961369570596457
2018-05-21,2018,0.05221774764626946,-0.7296967044190361
2018-05-22,2018,0.1803790841290423,-0.016455292341976957
2018-05-23,2018,0.16683582860209673,0.5155160028586625
2018-05-24,2018,0.06301714256269861,0.46484708231651073
2018-05-25,2018,0.09389364920029404,0.1994096305164561
2018-05-28,2018,0.07826313513509364,-1.5162312279925816
2018-05-29,2018,0.06661797091983304,-0.8131979584316995
2018-05-30,2018,0.20026429117495184,1.182034844660973
2018-05-31,2018,0.3540991748127807,2.1566975878531958
2018-06-01,2018,-0.008949396563121758,1.3793852999521405
2018-06-04,2018,0.08257888995768783,0.8310905081236664
2018-06-05,2018,0.09813321824514008,1.3661125880734426
2018-06-06,2018,0.07973737536392651,-0.40538019234357403
2018-06-07,2018,0.1175303806202389,-0.9111471548870265
2018-06-08,2018,-0.09696597880128346,-0.10424491010556647
2018-06-11,2018,-0.032732333076056476,0.21508211777854225
2018-06-12,2018,-0.09914901977093474,-1.1737323000254096
2018-06-13,2018,0.110924141518392,-0.7673712388830078
2018-06-14,2018,0.13026250210926776,-0.9968240363610548
2018-06-15,2018,0.08962752520537415,-1.4433409966385424
2018-06-19,2018,0.09846591488637166,0.3382186113778163
2018-06-20,2018,0.16172139886242695,-0.2576998821315901
2018-06-21,2018,0.2962224491637955,-1.4131159018267891
2018-06-22,2018,0.09408241442517884,-1.4414713632460163
2018-06-25,2018,0.3187203877375489,-0.7920114662270938
2018-06-26,2018,0.23930525381365947,-0.8181773328852504
2018-06-27,2018,0.34578022436981076,1.2697843104822581
2018-06-28,2018,0.24173759953922996,1.160660316792872
2018-06-29,2018,0.3882068222001408,-1.1183077094854554
2018-07-02,2018,0.006305936358381234,-0.5202292831468669
2018-07-03,2018,0.11369467492919254,-0.9696968565807929
2018-07-04,2018,-0.19498236449603476,-1.0567186507577597
2018-07-05,2018,-0.018581389336015962,1.022163042873947
2018-07-06,2018,0.08387963113392538,1.398114920295579
2018-07-09,2018,0.14678270124043385,-0.40521329666762806
2018-07-10,2018,0.04809156730355395,-0.17207575795606944
2018-07-11,2018,0.16957286112646985,1.7580107972021697
2018-07-12,2018,-0.2515989933222756,0.7363308059502582
2018-07-13,2018,0.10149220444802709,-0.7874240418830558
2018-07-16,2018,-0.026367848524419025,0.23120051398433095
2018-07-17,2018,-0.06040128416399395,0.5231473449738733
2018-07-18,2018,0.20251307658251366,0.826841879056972
2018-07-19,2018,0.20889352377431164,1.0291286507718267
2018-07-20,2018,0.2156823757396964,0.578845254941629
2018-07-23,2018,0.2135323261137581,0.1726517759838675
2018-07-24,2018,0.14619060082181934,0.1384216476177924
2018-07-25,2018,0.21589759403766778,1.0030285095738556
2018-07-26,2018,0.10599484011476693,0.20825367531862593
2018-07-27,2018,0.040893306435213286,-0.16495452239030373
2018-07-30,2018,-0.021659223179283683,0.5853968898467565
2018-07-31,2018,-0.017646535252530425,-1.1552329593190525
2018-08-01,2018,0.012478826416604605,-0.7722021637879384
2018-08-02,2018,0.03352177917406544,0.8630556727177163
2018-08-03,2018,0.0004763271152637763,-0.2632479843231672
2018-08-06,2018,-0.02301885660484311,0.4639834544316601
2018-08-07,2018,-0.005762076379157729,0.40633899761821635
2018-08-08,2018,0.15481969875594753,-0.8267984921333627
2018-08-09,2018,-0.052441776701728185,-2.5312679371821134
2018-08-10,2018,-0.01046490939193484,-1.4516992483393665
2018-08-13,2018,0.04579799953121366,-0.2992858817444044
2018-08-14,2018,0.215728468202322,-1.2964432573956741
2018-08-15,2018,0.12856076453668716,-0.2406513168637936
2018-08-16,2018,-0.02752299909498889,0.14180215089993897
2018-08-17,2018,0.22196186142862523,0.9469682797428991
2018-08-20,2018,0.22103950166611042,0.9827975380992005
2018-08-21,2018,0.23208598544433512,0.6572339282074013
2018-08-22,2018,0.16325177372493468,0.04766664815534227
2018-08-23,2018,0.0912409875088738,0.35974898578954306
2018-08-24,2018,0.015104373725171445,1.6670752635449704
2018-08-27,2018,0.32817108741585427,1.8102751643932713
2018-08-28,2018,0.23048317245786407,0.9481734920902207
2018-08-29,2018,0.2478353302571056,-0.3210034262588479
2018-08-30,2018,0.2387626552310657,-1.1675943661971888
2018-08-31,2018,0.14975568916865978,-0.3846730911411411
2018-09-03,2018,0.042555759495076596,0.28191699911166435
2018-09-04,2018,0.07987547173177376,-0.8808334346515623
2018-09-05,2018,0.1338532082810871,-1.3473237697053109
2018-09-06,2018,0.1297029719156125,-1.8170500627042507
2018-09-07,2018,0.10275577508431936,-0.8729610703061441
2018-09-10,2018,0.11702499155191233,-0.03011430382814373
2018-09-11,2018,0.19190008508079953,-0.23315941705495113
2018-09-12,2018,0.18248502057864363,1.3576036342033637
2018-09-13,2018,0.24877456467160833,0.9450715608782634
2018-09-14,2018,0.27913788524775773,-0.9930862134643115
2018-09-17,2018,0.1267616364507867,0.2646692419433272
2018-09-18,2018,0.08695699966550227,0.6616971230115398
2018-09-19,2018,0.2895096193020421,1.0604875811322634
2018-09-20,2018,0.15955451383596608,1.3612262854051371
2018-09-21,2018,0.33893987048699203,0.016222507179386447
2018-09-25,2018,0.2513777506851955,0.5040600791521799
2018-09-26,2018,0.18436051731144684,0.29296011824107016
2018-09-27,2018,0.20987513518487938,0.15959485925109984
2018-09-28,2018,0.26169385343602636,-0.7878186572466528
2018-10-01,2018,0.17298502245272757,-1.6998136050236035
2018-10-02,2018,0.2941894528190859,-1.8381575199892253
2018-10-03,2018,0.2480788432029158,-3.192396128844599
2018-10-04,2018,0.18170060718855607,-2.4534211034517472
2018-10-05,2018,0.09220333331387959,-0.478172731698423
2018-10-08,2018,0.10730651390617149,-6.214846503371763
2018-10-09,2018,0.008782359337243414,-4.022421306164336
2018-10-11,2018,0.29561308397880337,0.9688857253283834
2018-10-12,2018,0.4711701899532894,-0.6441491527313326
2018-10-15,2018,0.4959766283533936,0.787991661549392
2018-10-16,2018,0.2394829542886025,-0.27421827253509834
2018-10-17,2018,0.395785426518889,-0.6000517078625922
2018-10-18,2018,0.25564798567606406,0.20645526852749452
2018-10-19,2018,0.19230952914322727,-1.4523260807761784
2018-10-22,2018,0.3262925478745272,-2.154340964961887
2018-10-23,2018,0.320244109637575,-2.6026065962844736
2018-10-24,2018,0.21591074019246098,-2.7688177551898563
2018-10-25,2018,0.3391263080283653,-0.04694988546120049
2018-10-26,2018,0.5281937675708586,0.38918009775343876
2018-10-29,2018,0.4071422246638103,3.0033668476890263
2018-10-30,2018,0.37372430239954324,3.3448070618542047
2018-10-31,2018,0.45543677753539685,1.0656867435955286
2018-11-01,2018,0.29279717564186436,0.4578079258568568
2018-11-02,2018,0.2983916895204812,-0.8240978984696001
2018-11-05,2018,0.06078177860341445,0.18746568437615352
2018-11-06,2018,0.042282685991616,1.2250444022615659
2018-11-07,2018,0.18508138953636416,-0.7906462730928987
2018-11-08,2018,0.17541727657356665,-1.1472744439338767
2018-11-09,2018,-0.08757811774433268,-0.5510675981001079
2018-11-12,2018,-0.04116683597609169,-0.40005248590966325
2018-11-13,2018,0.025201168893735894,0.5178071654200478
2018-11-14,2018,0.15920346268337293,0.053207351397288605
2018-11-15,2018,0.10681728698916534,0.022693828703324037
2018-11-16,2018,0.46868344399880685,-0.5419976748197719
2018-11-19,2018,0.35388799547816263,-0.8868933703270687
2018-11-20,2018,0.2088371680541805,-0.3004929192250927
2018-11-21,2018,0.22214392056212962,-0.7618934211498951
2018-11-22,2018,0.35725080756151184,0.5213742870348259
2018-11-23,2018,0.42847705144620774,1.1515107630879484
2018-11-26,2018,0.23442104261563812,1.218081053847464
2018-11-27,2018,0.20577075530265923,1.091565067463507
2018-11-28,2018,0.2695371726116583,0.03763540398875609
2018-11-29,2018,0.2734588022728737,2.5543834518924946
2018-11-30,2018,0.16889235699837107,1.9772391467258954
2018-12-03,2018,0.15967109789620487,-2.1812274175936452
2018-12-04,2018,0.13761948282920825,-3.955158605013731
2018-12-05,2018,0.005736197186305076,-1.57168585644073
2018-12-06,2018,0.11940627993156439,-0.38390371636969345
2018-12-07,2018,0.12655020389458352,-0.5515896107727847
2018-12-10,2018,-0.1240658477028131,1.750809014525978
2018-12-11,2018,-0.10044339831892575,1.5629893355749935
2018-12-12,2018,0.11603750334859937,-0.4308074711326437
2018-12-13,2018,0.09194659281188408,-0.7225046557579162
2018-12-14,2018,0.05427570224191645,-0.5661867618291461
2018-12-17,2018,-0.011131653633268748,-0.04413779574623522
2018-12-18,2018,0.012791420040168849,-0.45581665263889626
2018-12-19,2018,0.1594357607045105,-1.0890086178258374
2018-12-20,2018,0.06508172868643507,-0.2931411584244037
2018-12-21,2018,-0.0544690249459787,-0.38205291696419286
2018-12-22,2018,-0.07490453152863018,-1.234377202949155
2018-12-24,2018,0.11216637822466786,-1.6671680653962406
2018-12-25,2018,0.2885663113071015,1.201521136044681
2018-12-26,2018,0.31506857901210505,2.6207433492386745
2018-12-27,2018,0.4936623220201509,-0.906699745684314
2018-12-28,2018,0.31412103623701604,-2.4157509552902523
2019-01-02,2019,0.14739126153742002,-1.7963940239519083
2019-01-03,2019,0.01761494828905221,1.0311385294792919
2019-01-04,2019,0.058124461978190455,1.9300805434792956
2019-01-07,2019,0.23375382266391087,1.543330239929941
2019-01-08,2019,0.08896261444694364,1.642582291187411
2019-01-09,2019,0.1722090142599806,0.2165673510085453
2019-01-10,2019,0.12599867009016275,-0.1282830745554242
2019-01-11,2019,0.12626472759732055,0.47789823144865906
2019-01-14,2019,0.07049655874562402,0.5726075428863497
2019-01-15,2019,0.008493670732778121,-0.17224078221179662
2019-01-16,2019,0.12059973262654584,0.739977529263669
2019-01-17,2019,0.23382923815368475,1.0240930009244975
2019-01-18,2019,0.20830116005325552,0.5957670042679775
2019-01-21,2019,0.2244429044949416,-0.4348089874006478
2019-01-22,2019,0.21543518361186914,-0.17726733409737516
2019-01-23,2019,0.04744910691113556,1.2513202794930178
2019-01-24,2019,0.25338518685715483,1.3790457137303092
2019-01-25,2019,0.2899062365783185,-0.3813589498485981
2019-01-28,2019,0.3076994514173724,-0.8096207755062479
2019-01-29,2019,0.18569415984809795,0.731604909183714
2019-01-30,2019,0.32879852401763454,1.666086067017969
2019-02-11,2019,0.044686273391921646,0.8629332533673262
2019-02-12,2019,0.006155206158211019,-0.08645498893811165
2019-02-13,2019,0.09516499540482876,-0.2556840141993755
2019-02-14,2019,0.13378099087211986,0.55773559546477
2019-02-15,2019,0.08310219996517008,0.8691695198504101
2019-02-18,2019,0.1906895215555319,1.253587875346951
2019-02-19,2019,0.17568060506239913,1.6476134377961138
2019-02-20,2019,0.19942052241024638,0.491216320141441
2019-02-21,2019,0.21643531764259202,0.6918919757004316
2019-02-22,2019,0.049574261641092764,0.6648312686720281
2019-02-25,2019,0.16449247322536834,-0.016937848681497503
2019-02-26,2019,0.07935715997649279,-0.4009988885199989
2019-02-27,2019,0.06287879136682281,-0.8076679850267166
2019-03-04,2019,-0.04163145001663502,0.07024236029791187
2019-03-05,2019,-0.09106375221780802,0.06229828262460657
2019-03-06,2019,-0.02990856311680165,-1.114206128133699
2019-03-07,2019,-0.11267147801385584,-0.5954412859980107
2019-03-08,2019,-0.011553583163428745,0.9918226865526014
2019-03-11,2019,0.05455326830994889,1.200357453650036
2019-03-12,2019,0.07444918282129359,0.0514341126117035
2019-03-13,2019,0.027296340927072005,0.6354763952138853
2019-03-14,2019,-0.043688917472173135,1.5852309238403084
2019-03-15,2019,-0.1178420965017695,0.700050961564247
2019-03-18,2019,0.010170945211945382,0.36964813986890555
2019-03-19,2019,-0.04678954255551219,0.9249147666737567
2019-03-20,2019,-0.0014766566381853156,0.8293560383488385
2019-03-21,2019,-0.051007992584108264,-1.2259709412746012
2019-03-22,2019,-0.004655142783799193,-0.7507235124874501
2019-03-25,2019,0.035436148527047816,0.60327420826225
2019-03-26,2019,0.03435329309362892,-0.21725130691719885
2019-03-27,2019,0.21974802862983323,0.9327781308393401
2019-03-28,2019,0.15214064659546128,1.0095612674706045
2019-03-29,2019,0.13014524238177516,0.46292467653537006
2019-04-01,2019,0.07585814574848947,0.5802137253667627
2019-04-02,2019,0.03897296263056859,1.0314958420250209
2019-04-03,2019,-0.09891339192485922,1.3753248670170581
2019-04-08,2019,-0.010777159660834715,0.6256151295718659
2019-04-09,2019,-0.03682785871546461,-0.3946883408898261
2019-04-10,2019,-0.1942765279676349,-0.5782038140840995
2019-04-11,2019,-0.12615755592653163,0.6182942184910889
2019-04-12,2019,-0.19658772852588716,1.1341656409354695
2019-04-15,2019,-0.07315927720624227,1.1186509250064258
2019-04-16,2019,-0.10292856284847421,0.31268730811642165
2019-04-17,2019,0.05971131539705472,-0.2615196876312842
2019-04-18,2019,0.05370566252107545,0.23435461712346672
2019-04-19,2019,-0.038853433220620084,0.5213110270319676
2019-04-22,2019,-0.07148502855853109,0.36340602363913455
2019-04-23,2019,-0.053164133599284125,0.12860884770826697
2019-04-24,2019,0.012185980890902498,-0.6816508337232685
2019-04-25,2019,-0.032211691239353565,-0.9130550568576146
2019-04-26,2019,-0.04988818487795914,0.13932930197479987
2019-04-29,2019,0.1433612421524271,0.5981318321683915
2019-04-30,2019,0.10644864979794968,1.172257158044543
2019-05-02,2019,-0.1349355938794344,-0.9756926490914086
2019-05-03,2019,-0.13688746140048821,-0.9837513405369314
2019-05-06,2019,0.08722514682680751,0.2440094263438164
2019-05-07,2019,-0.27572812267906777,-2.3069697846755277
2019-05-08,2019,-0.16090263134977703,-1.9290149592034123
2019-05-09,2019,-0.04331809219837078,-1.633923904871304
2019-05-10,2019,6.380206743565042e-05,-1.808458702939142
2019-05-13,2019,0.1364804271170769,0.022920378205171232
2019-05-14,2019,0.1530207821807131,-0.4243648549088541
2019-05-15,2019,0.3182597490997677,-1.6722360523108604
2019-05-16,2019,0.20639004437934352,-0.7274733856439619
2019-05-17,2019,0.08618615038540153,0.7741636018878895
2019-05-20,2019,0.15253332354373855,0.5655672357600672
2019-05-21,2019,0.09060314516322956,-1.4919967509197662
2019-05-22,2019,0.292182070120256,-1.233023690808821
2019-05-23,2019,0.13116435924227207,0.24989401816193357
2019-05-24,2019,0.23948717670477992,-0.1546240032222368
2019-05-27,2019,0.3774109815229608,-0.3130403817253935
2019-05-28,2019,0.4313687572997392,0.685394446055243
2019-05-29,2019,0.41131746300039485,1.909475838156105
2019-05-30,2019,0.28724132339225994,1.1276135294361334
2019-05-31,2019,0.3527794006357925,-0.6607616904907188
2019-06-03,2019,-0.05635646838290355,-0.36618803493689844
2019-06-04,2019,-0.010410205575129705,-0.1910036513147806
2019-06-05,2019,0.08311922725173912,1.0022348355225974
2019-06-06,2019,-0.2204232716159166,1.9075433270568265
2019-06-10,2019,-0.031451518343538286,0.46552916915489906
2019-06-11,2019,0.10473170579712665,-0.44071509913496953
2019-06-12,2019,0.0005347488522781218,-0.8571299382233444
2019-06-13,2019,-0.3005003328021082,-0.2885140720442436
2019-06-14,2019,-0.06890611389668683,0.3997274973942089
2019-06-17,2019,-0.1868703287126339,2.324667111088319
2019-06-18,2019,0.020200567751404414,2.065632352078328
2019-06-19,2019,0.1904073393926548,0.2638431826745169
2019-06-20,2019,0.12095218850061351,-0.051553035184936924
2019-06-21,2019,0.18230644301238955,-0.8982975387295422
2019-06-24,2019,0.09776085225310949,-1.1772400261609084
2019-06-25,2019,0.18027535254281912,0.6274564012134443
2019-06-26,2019,0.17303256706132522,0.7348475247710651
2019-06-27,2019,0.25014543646461107,1.1282822376298185
2019-06-28,2019,0.28762067950780457,1.251440941660631
2019-07-01,2019,-0.004705063111347919,-1.3922312596255537
2019-07-02,2019,0.012003717999984304,-0.8211598215206228
2019-07-03,2019,-0.10160781958862626,0.3905519198567964
2019-07-04,2019,0.008795899213749864,-0.22902959381583265
2019-07-05,2019,-0.030396895530210487,-0.7690717271802594
2019-07-08,2019,-0.21948556994526575,0.43957801998284474
2019-07-09,2019,-0.13354246388883986,1.314051115691428
2019-07-10,2019,-0.14182455079710973,0.239570754402485
2019-07-11,2019,0.08475579479637554,0.3044242499137706
2019-07-12,2019,-0.03104295993202235,0.570011132308168
2019-07-15,2019,0.015693714897245283,-0.4408615694671991
2019-07-16,2019,-0.05055375555982415,-0.7970751558186717
2019-07-17,2019,-0.19351545743738696,0.4128926682230638
2019-07-18,2019,0.05168686779925193,1.3449970738790062
2019-07-19,2019,0.14925665541954322,0.6812168278122588
2019-07-22,2019,0.005258972011268423,-0.08013135328790444
2019-07-23,2019,0.023976449656181488,-0.053438029242025564
2019-07-24,2019,0.03434704603840109,-0.4003379737668067
2019-07-25,2019,0.14862151337650048,-0.5088923639640641
2019-07-26,2019,-0.07113897590135801,-0.5607795827755835
2019-07-29,2019,0.16091542833010636,-0.5688180765093365
2019-07-30,2019,0.20717147186007256,-0.915436390327673
2019-07-31,2019,0.11256930118554434,-2.5385700598957173
2019-08-01,2019,-0.1825531010829134,-2.8731567544901804
2019-08-02,2019,-0.023429066684213126,-1.462597544421107
2019-08-05,2019,0.13076109613466377,-0.3571767780409685
2019-08-06,2019,0.15819336194474923,0.9595228360470331
2019-08-07,2019,0.3529628408993991,0.8297564648407807
2019-08-08,2019,0.37461118629488943,-1.2561830065110358
2019-08-12,2019,0.15908424596039558,-0.4261694594150822
2019-08-13,2019,0.13252916153726915,-0.3428656348852588
2019-08-14,2019,0.16080751316420833,-0.06559433357020694
2019-08-15,2019,-0.05750548943057634,1.5650040233830875
2019-08-16,2019,0.18609049167652486,0.9750606714013843
2019-08-19,2019,0.1932529183978936,0.3532356095816924
2019-08-20,2019,0.15052531192514937,0.06918507959134956
2019-08-21,2019,-0.15382442610969352,0.11695073058581862
2019-08-22,2019,0.027777367366087012,-1.6639473949123462
2019-08-23,2019,-0.04619414354107686,-1.4317557892259747
2019-08-26,2019,0.06132703183988832,0.7699015990041191
2019-08-27,2019,0.36422231254837084,0.7239658696303053
2019-08-28,2019,0.3075577860847402,1.761116472706803
2019-08-29,2019,0.38207906496901556,1.6479919101011875
2019-08-30,2019,0.3721977364691996,-0.5635686401928797
2019-09-02,2019,-0.07947093399885881,0.21119244747220822
2019-09-03,2019,-0.1273552979551123,1.8821372183353224
2019-09-04,2019,-0.1070114856297419,1.1572338610775112
2019-09-05,2019,0.0992854980814909,0.41099086821239084
2019-09-06,2019,0.13590899323132036,-0.25100550616660167
2019-09-09,2019,-0.005755606262879257,-0.09989686273855769
2019-09-10,2019,-0.011403306112827253,0.6878639485641047
2019-09-11,2019,0.0877353779554581,0.9988554588127307
2019-09-12,2019,0.08224057446856534,0.43361609967167425
2019-09-16,2019,0.06532663083836088,0.28738875385043716
2019-09-17,2019,-0.19629827921954984,0.18575566692722312
2019-09-18,2019,-0.03054923474099467,0.0021959018980721723
2019-09-19,2019,-0.0757892002188495,0.22322780801673492
2019-09-20,2019,-0.017319399920283973,-0.10686487905878783
2019-09-23,2019,-0.102937695849963,-0.415147146905126
2019-09-24,2019,0.04957299063389061,-0.42150538422295325
2019-09-25,2019,0.08270742940285222,-0.4047384098682216
2019-09-26,2019,0.2493058760430063,0.8798757173249738
2019-09-27,2019,0.2222277621501037,1.0914449919111169
2019-10-01,2019,0.039076166816521714,-0.836459952679014
2019-10-02,2019,-0.10221068496247901,-0.48776566787359643
2019-10-03,2019,-0.08104138082907145,0.5438625365601579
2019-10-04,2019,-0.026987526883949675,1.127451700310611
2019-10-07,2019,-0.04975643206905317,-0.4124348654694243
2019-10-08,2019,-0.002682773113525075,0.45056370384424227
2019-10-09,2019,-0.008421093093666818,2.037105737762124
2019-10-14,2019,0.1652529320515987,0.8663633611790011
2019-10-15,2019,-0.021789756813477768,0.6756781079573004
2019-10-16,2019,0.10040829752767895,0.15578486817411363
2019-10-17,2019,-0.05327188630446986,-0.024403587059118603
2019-10-18,2019,0.006582074939592716,0.8142058027480692
2019-10-21,2019,-0.06855482963930297,0.49641680413801126
2019-10-22,2019,0.06763416574885836,0.4337584562493113
2019-10-23,2019,-0.07455726875155479,0.5022389447377096
2019-10-24,2019,0.06780387417422974,-0.045229122608014816
2019-10-25,2019,0.022684498856796208,0.33418554335471473
2019-10-28,2019,0.1068850896978075,0.5767554984436707
2019-10-29,2019,0.07123251591634214,0.21916609242913498
2019-10-30,2019,0.01326451827620399,0.1691522528443956
2019-10-31,2019,0.06404885840861133,1.744388227184257
2019-11-01,2019,-0.12949536045288296,2.144825269111972
2019-11-04,2019,-0.030343340569851607,0.8325798119729777
2019-11-05,2019,-0.08771046374860428,-0.32179580437358135
2019-11-06,2019,-0.15129484384488492,-0.6309925195677968
2019-11-07,2019,-0.18148872024515122,-1.5446437187245698
2019-11-08,2019,-0.031484015107056194,-0.5109874830951822
2019-11-11,2019,0.0440095970863658,0.3548525983436024
2019-11-12,2019,-0.04227988821734745,-0.6071853594980081
2019-11-13,2019,-0.08204537434718942,0.5037570316267281
2019-11-14,2019,-0.028609859586285945,1.3044063012535911
2019-11-15,2019,-0.01705014781314214,1.1348649961824053
2019-11-18,2019,-0.12693901472675773,0.27086720610218773
2019-11-19,2019,-0.1762785533629725,-0.8418551182183154
2019-11-20,2019,-0.15223031795984313,-0.5536831969186418
2019-11-21,2019,-0.22540608452187763,0.028637503709449952
2019-11-22,2019,-0.2364035792983903,0.08662724349000062
2019-11-25,2019,0.0916267979927375,0.7428050491368854
2019-11-26,2019,0.19005632789045648,0.3477638937117389
2019-11-27,2019,0.0693836436521621,-1.355574520109959
2019-11-28,2019,0.06578264255535533,-0.9834657246054923
2019-11-29,2019,0.14990733062173292,0.36563596374799
2019-12-02,2019,-0.0915122560969027,0.06641843789745305
2019-12-03,2019,-0.0775449789729192,0.5469328574228216
2019-12-04,2019,-0.07567286526824162,0.8615634287739704
2019-12-05,2019,0.08929996956712935,0.5702630092327077
2019-12-06,2019,-0.09522192045174818,0.15676627354508366
2019-12-09,2019,0.020239305031402092,0.343030520282972
2019-12-10,2019,-0.11732572416458902,1.7937983322783957
2019-12-11,2019,-0.0044239842391151935,1.9397014042665583
2019-12-12,2019,0.06259480176662605,0.8731525241584936
2019-12-13,2019,0.053975733884005186,1.419213882272663
2019-12-16,2019,-0.06775552086780583,1.5300127221881121
2019-12-17,2019,0.08896266671740194,-0.6456967465514274
2019-12-18,2019,-0.02265328490262011,-1.3476648697251847
2019-12-19,2019,-0.11784835049706369,0.0277063624790852
2019-12-20,2019,0.00975908777781094,0.1446599571204521
2019-12-23,2019,-0.057963747402378085,-0.11728273373575737
2019-12-24,2019,0.061681169668457506,0.20565479719247826
2019-12-25,2019,0.11060777207666157,0.6950291177727275
2019-12-26,2019,0.11755885200749099,0.4362966117018585
2019-12-27,2019,0.12473298591776427,-0.7811214240641684
2019-12-30,2019,0.038561904525839505,0.39084504997357605
2019-12-31,2019,-0.02626947839397114,0.9443083935004593
2020-01-02,2020,-0.00699244933525639,-1.2158195377373393
2020-01-03,2020,0.05433092213046577,-1.9000976843927098
2020-01-06,2020,0.09095914722847813,-1.1399305299932383
2020-01-07,2020,0.17614178736770505,0.760164709368083
2020-01-08,2020,0.03077255203634936,1.7563530815513095
2020-01-09,2020,0.10973882997045759,1.1928361331024373
2020-01-10,2020,0.051558434154256115,1.2903494072592503
2020-01-13,2020,-0.04703992079315686,-0.17781931114417837
2020-01-14,2020,0.08646711938477596,-0.9267796459879074
2020-01-15,2020,-0.028854973733189626,-0.013149320039551604
2020-01-16,2020,-0.017711188724986174,0.42910665761712874
2020-01-17,2020,0.05882299969163905,-5.52964403666083
2020-01-20,2020,0.13835523376903622,-5.145844730998583
2020-01-30,2020,0.38064439062750305,-0.5850246985135366
2020-01-31,2020,0.4201286091632893,0.5290950056980881
2020-02-03,2020,0.20532919804422073,1.9260373476871706
2020-02-04,2020,0.20700613488241815,1.676716349715135
2020-02-05,2020,0.3451774535980496,0.3386148845391457
2020-02-06,2020,0.1432401491306991,-1.4945938953231153
2020-02-07,2020,0.13610553716266363,0.4411507636825407
2020-02-10,2020,-0.022418531615628314,1.7290374086211813
2020-02-11,2020,0.14256628368639895,1.095160853357835
2020-02-12,2020,0.15817746701590926,0.35255079117968435
2020-02-13,2020,0.1822811544400728,-0.23974327879251467
2020-02-14,2020,0.22787283719221763,-1.411004003148364
2020-02-17,2020,0.1600469514505022,-0.03969903540694819
2020-02-18,2020,0.2054864464661045,0.6533619252501177
2020-02-19,2020,0.0907761682280294,-0.6164723731252431
2020-02-20,2020,0.25343137035444563,-1.6223329629026284
2020-02-21,2020,0.24036871795793666,-1.2503476277879844
2020-02-24,2020,0.29916395022835596,-0.8777732215447642
2020-02-25,2020,0.2962366917150633,-2.1495238829728702
2020-02-26,2020,0.30537876914927253,-2.3016332535102713
2020-02-27,2020,0.24775066455505565,0.31481991503847784
2020-03-02,2020,0.14501778893065592,1.9863998438739427
2020-03-03,2020,0.31304927390225556,1.6517004304484884
2020-03-04,2020,-0.010426369328149042,-0.6191874371837325
2020-03-05,2020,0.19566270319188622,-4.665118516833089
2020-03-06,2020,-0.09888989719931227,-2.811122956488399
2020-03-09,2020,0.10556007709386213,-0.7641897529887975
2020-03-10,2020,0.06532779470260366,-5.282118300110705
2020-03-11,2020,0.2629007006643045,-7.021273666092931
2020-03-12,2020,0.29841414595845167,-6.760011206717886
2020-03-13,2020,0.2635569946572881,-6.804707731464632
2020-03-16,2020,0.42488729784316365,-5.135951972520447
2020-03-17,2020,0.25834797525230374,-8.03304790547934
2020-03-18,2020,0.5287398153467849,0.1672692481670346
2020-03-19,2020,0.41226257020220036,2.4038915651270587
2020-03-20,2020,0.7270687711334528,0.5580409114487761
2020-03-23,2020,0.5540965987932908,8.489510159133307
2020-03-24,2020,0.5675313802214241,4.854172365442477
2020-03-25,2020,0.6097930917962813,0.561652712615679
2020-03-26,2020,0.4963610957241572,-1.0982543784330057
2020-03-27,2020,0.39844254406133484,0.09423729652373591
2020-03-30,2020,0.274913408664812,0.35516120891889713
2020-03-31,2020,0.3499909716182736,1.1400836006369985
2020-04-01,2020,0.2959214549575953,3.44342653847467
2020-04-06,2020,0.05375361870349569,3.2461395250307
2020-04-07,2020,0.31876111761219694,1.2308443348048703
2020-04-08,2020,0.21606502831211477,0.19866889865027826
2020-04-09,2020,0.25397363699563635,-0.19971480607110514
2020-04-10,2020,0.2604462855579131,1.7260950164458055
2020-04-13,2020,0.25160334537184437,3.4457116490184347
2020-04-14,2020,0.25530089207016815,0.41169309025310685
2020-04-15,2020,0.2741916178399779,1.4341628051891542
2020-04-16,2020,0.011676691241846332,2.0358576181535692
2020-04-17,2020,0.18450270443115843,-2.912322686335056
2020-04-20,2020,0.18821881975543225,-2.6350962669233313
2020-04-21,2020,-0.05167639830633149,0.7590086718854749
2020-04-22,2020,-0.02674239956093093,0.38437135589373117
2020-04-23,2020,0.20111707419912114,1.9366209071326912
2020-04-24,2020,0.1408974979455357,2.5967976372717194
2020-04-27,2020,0.2604633419508683,1.939479165385194
2020-04-28,2020,0.19907349815290515,3.542557219910214
2020-04-29,2020,0.16685890653737262,-0.48030953693852796
2020-04-30,2020,0.26575934812455565,-1.9789595110688118
2020-05-04,2020,-0.1224543500020165,0.5083727594286769
2020-05-05,2020,-0.024227558871419967,0.6339904646200711
2020-05-06,2020,0.009069886872377756,1.1734592546807532
2020-05-07,2020,-0.03491273025622541,1.5709790351676522
2020-05-08,2020,0.05618804932065381,-0.2013499158825205
2020-05-11,2020,0.047363002095203374,-0.6809064709268675
2020-05-12,2020,-0.08448392344193578,-0.906202232277864
2020-05-13,2020,-0.16685055492843343,-1.1276920390518863
2020-05-14,2020,-0.07199912341784338,-0.37408820059215975
2020-05-15,2020,0.21211594600572287,0.42090001590395776
2020-05-18,2020,0.13761490872582421,1.5571828258329479
2020-05-19,2020,0.2162403468859618,1.3615470459760193
2020-05-20,2020,0.06025772606367145,-0.8860631841434485
2020-05-21,2020,0.21072882052903638,-1.2456952974616353
2020-05-22,2020,-0.09806834698724731,1.7210010035935142
2020-05-25,2020,0.13789734126539105,1.3198199275515687
2020-05-26,2020,0.1242394543814677,-0.4821222837428696
2020-05-27,2020,0.23252475776283368,-0.6582136897552937
2020-05-28,2020,0.27128626591625177,1.2319778805009785
2020-05-29,2020,0.1404553773841591,1.697745234944481
2020-06-01,2020,0.16566662646079522,2.176546301026616
2020-06-02,2020,0.1747984702571082,2.384091201148819
2020-06-03,2020,0.269293834963282,1.4066938983194666
2020-06-04,2020,0.23279257577502294,1.9054298034885564
2020-06-05,2020,0.0921961400991737,1.373852291931632
2020-06-08,2020,0.19817966351458227,0.9460548890986686
2020-06-09,2020,0.12448653989471206,-0.8708347691136376
2020-06-10,2020,0.04213829745353653,-2.476246058074283
2020-06-11,2020,0.1476036778257614,-1.9895507625412145
2020-06-12,2020,0.10798113631635968,0.714789403968874
2020-06-15,2020,0.2503530131550094,2.0195007013813493
2020-06-16,2020,0.19528857386367018,0.31872087730333565
2020-06-17,2020,0.2271696496928462,0.1323844193855228
2020-06-18,2020,0.11764299423158953,0.2130178129651661
2020-06-19,2020,0.03401478267649981,0.5411321003025105
2020-06-22,2020,0.09490280644480392,0.7581485414670297
2020-06-23,2020,0.23676864421331567,-0.6005669820777104
2020-06-24,2020,0.25330654993010937,-0.3381452352223313
2020-06-29,2020,0.35592500396828297,1.3930979275069255
2020-06-30,2020,0.20277007220706614,1.5824473119907978
2020-07-01,2020,0.11618397236500426,1.7579476768329272
2020-07-02,2020,0.1730704441732235,2.6391893700540736
2020-07-03,2020,0.18273085650148718,1.5434337938192044
2020-07-06,2020,0.1410448782116717,0.441456832305831
2020-07-07,2020,0.1428311057809945,0.8246113237690977
2020-07-08,2020,-0.10168516365035071,-0.7930032316668889
2020-07-09,2020,0.02724093340835728,0.1547648632090226
2020-07-10,2020,-0.025560497034929346,1.1208678712703923
2020-07-13,2020,0.06955550551996212,-0.07132585844886741
2020-07-14,2020,-0.0739636773054846,-0.41993576874783667
2020-07-15,2020,0.03281462302143788,-0.17446743998329461
2020-07-16,2020,0.1832234039171451,0.13818357688188954
2020-07-17,2020,0.008738013348470986,1.7730898177244825
2020-07-20,2020,0.12433614219302451,2.4537272044775404
2020-07-21,2020,0.07109801333720649,0.12494404136302872
2020-07-22,2020,0.02608179968458201,-1.3567412555007596
2020-07-23,2020,-0.012694860083429998,1.4119023220741989
2020-07-24,2020,-0.055060611090748515,2.29753804441466
2020-07-27,2020,0.02856571096609161,-0.3759840486801225
2020-07-28,2020,0.11563140071565263,1.0820125640257583
2020-07-29,2020,0.06381115993645774,0.9874036856798218
2020-07-30,2020,0.13224259901884539,-1.6496999116555
2020-07-31,2020,0.11620401614072998,0.3562630282357482
2020-08-03,2020,0.04461436222589171,2.311750231558607
2020-08-04,2020,0.12637694143898145,1.6017410023037026
2020-08-05,2020,-0.02775483323935663,0.20754083250666966
2020-08-06,2020,0.01370744631527504,-0.15100476245789585
2020-08-07,2020,-0.05105970586648663,-0.37945664738983087
2020-08-10,2020,-0.13005562879378815,-1.7345276872964166
2020-08-11,2020,-0.0002615532277098532,-0.1334878432949882
2020-08-12,2020,0.017829753205651812,0.9874233939867416
2020-08-13,2020,0.21310394535758542,1.5120115520252497
2020-08-14,2020,0.05610743421860176,0.5992750553712067
2020-08-17,2020,0.07734859716361121,-1.369778428864843
2020-08-18,2020,0.09793307224361622,-3.958160803098787
2020-08-19,2020,0.013989275583254631,-1.3366054603619726
2020-08-20,2020,0.15228514439206947,2.30120750907572
2020-08-21,2020,0.22108103479043678,1.192987855175831
2020-08-24,2020,0.19226557975392197,1.4719545066746553
2020-08-25,2020,0.30995325419284037,0.30615484098523993
2020-08-26,2020,0.19454778517576204,-0.8138209297849586
2020-08-27,2020,0.0413186377776626,-1.6086193114021485
2020-08-28,2020,0.044446502689657316,-0.2008822478071437
2020-08-31,2020,0.2225867220910493,0.8581219795972705
2020-09-01,2020,0.10392770750066502,0.43051873216994885
2020-09-02,2020,-0.040335137676996244,-0.4846647505807211
2020-09-03,2020,-0.018303194243356635,-1.227232859146088
2020-09-04,2020,-0.155236909942504,0.2026436249549901
2020-09-07,2020,-0.035272515216293945,0.05697779611788523
2020-09-08,2020,0.014923544749936379,0.22260722893088225
2020-09-09,2020,-0.24415949053989902,0.5343186940956146
2020-09-10,2020,0.11076676591613772,0.7569484113695957
2020-09-11,2020,-0.1873642805392601,1.3387556751170537
2020-09-14,2020,-0.007756532557095479,1.4774996832923826
2020-09-15,2020,0.039345485677249416,0.21088851089667848
2020-09-16,2020,0.039237229677506404,-0.7793933154346622
2020-09-17,2020,-0.03034159166805689,-0.6029796298223866
2020-09-18,2020,0.12163605962023442,-1.7871760738512044
2020-09-21,2020,0.1554123863638976,-1.6509419216076293
2020-09-22,2020,0.1303558823633451,-3.0139551508796436
2020-09-23,2020,0.2737211604775494,-2.7890443964818434
2020-09-24,2020,0.18932656270868026,1.6175297895205443
2020-09-25,2020,0.379646838751514,1.9195759635278975
2020-09-28,2020,0.4544219236617998,0.42406336959068813
2020-09-29,2020,0.47549523132430355,0.6460678888619009
2020-09-30,2020,0.40908632061550404,1.5070779610422358
2020-10-05,2020,0.04542337318120028,1.578622727577006
2020-10-06,2020,0.015190108666201976,1.4401502491689921
2020-10-07,2020,-0.10246843814305188,1.6439190138054949
2020-10-08,2020,0.09768580805195785,0.4651130308469087
2020-10-12,2020,0.13226332976977936,-0.28249655948521246
2020-10-13,2020,0.0490216231648702,-0.9215169693978509
2020-10-14,2020,-0.1195206150140626,-1.3076549753818
2020-10-15,2020,-0.06788125925163399,0.6276982371127726
2020-10-16,2020,-0.0033653177225862925,0.8784058815548113
2020-10-19,2020,-0.010414836520213131,-0.24085203829462554
2020-10-20,2020,-0.025875504387407006,0.42496056325544984
2020-10-21,2020,0.10805288053071686,0.16750470791511152
2020-10-22,2020,0.11109612684376173,-0.0619337417347432
2020-10-23,2020,0.032879719568173725,-0.18459052843593504
2020-10-26,2020,0.16237150686825927,-0.8930182980440904
2020-10-27,2020,0.06982604963647626,-1.6473773612603049
2020-10-28,2020,0.3547147233962079,-1.933834880312657
2020-10-29,2020,0.22959229873006254,-0.5654308527818674
2020-10-30,2020,0.3888128294627939,1.5117556195671344
2020-11-02,2020,0.016550525185105344,2.1966737376809986
2020-11-03,2020,0.1905090450363441,1.435221863048164
2020-11-04,2020,0.14419269333632534,0.8208798638472459
2020-11-05,2020,0.14391510946910419,1.6152429018175152
2020-11-06,2020,0.16360670483526413,0.8339287765164904
2020-11-09,2020,0.14551605412636853,1.026244965709311
2020-11-10,2020,0.020483095666538213,1.0706543176279615
2020-11-11,2020,0.0532609030962707,0.08399819336022407
2020-11-12,2020,0.12451883339218477,2.4962599589465118
2020-11-13,2020,0.06562383231877555,2.4084385757003
2020-11-16,2020,0.201297171021202,1.634170440449756
2020-11-17,2020,0.15909681698920292,0.9521070020547251
2020-11-18,2020,-0.006150898752025252,-0.41275541283164463
2020-11-19,2020,0.03240552043701134,1.1337642094002343
2020-11-20,2020,0.119295113146377,0.661177390051626
2020-11-23,2020,0.11391224927534045,-1.0028815370503374
2020-11-24,2020,0.15885021131072458,0.2790587182129878
2020-11-25,2020,0.32057932817205986,0.9335583888875565
2020-11-26,2020,0.14703518627630247,-0.8867038479928091
2020-11-27,2020,0.12258424102890904,0.1339862941684311
2020-11-30,2020,0.3298885117249243,1.940188983515867
2020-12-01,2020,0.061201222321593994,0.658376585357412
2020-12-02,2020,0.1068021283063864,1.0243660439455349
2020-12-03,2020,0.011449084213256511,1.999772484830542
2020-12-04,2020,0.09106536972185583,1.6130264837494357
2020-12-07,2020,0.07105048653596477,0.936688972125177
2020-12-08,2020,0.065965865023578,-0.7723322470126193
2020-12-09,2020,0.06674681610789071,-0.8926250891235221
2020-12-10,2020,0.02471169107851066,-0.26976404067795556
2020-12-11,2020,0.1096526079414106,-1.354467808513582
2020-12-14,2020,0.17178239074304938,0.6573054067081641
2020-12-15,2020,0.29241858762213474,1.3534472709282763
2020-12-16,2020,0.21063258454640774,-0.3810000517321166
2020-12-17,2020,0.08917644071205669,0.8838671625430505
2020-12-18,2020,0.19337376551194393,-0.5087733579603015
2020-12-21,2020,0.011744368226915684,-1.125272506840469
2020-12-22,2020,-0.043727736201823256,0.7252356910194102
2020-12-23,2020,0.10331280835965044,0.7616488400199906
2020-12-24,2020,0.14151775326907376,1.42007019470205
2020-12-25,2020,0.26726031091425473,0.9812705230884289
2020-12-28,2020,0.2228460749292934,1.4128910514138227
2020-12-29,2020,0.1834072767239035,1.7998832231784778
2020-12-30,2020,0.2090733895744036,1.4592482144923924
2020-12-31,2020,0.16656547745956995,1.8157098611032874
2021-01-04,2021,0.1768049981698458,0.5442211564464561
2021-01-05,2021,0.09553920706974357,1.4264638137390317
2021-01-06,2021,0.17550099347001455,3.2090758072579106
2021-01-07,2021,0.06402284962846974,2.256474299986855
2021-01-08,2021,0.1306289114690876,0.23764950093605464
2021-01-11,2021,0.023817211776764814,1.3670752637025663
2021-01-12,2021,-0.16060614428627157,1.3321333875244257
2021-01-13,2021,0.09196204087237414,-0.9739390918694912
2021-01-14,2021,0.08115797219239242,-0.6060281947312007
2021-01-15,2021,0.007068844110021222,1.6711928941324006
2021-01-18,2021,-0.14487473820199193,1.243786830643101
2021-01-19,2021,-0.07141365687047457,1.7408424695021907
2021-01-20,2021,0.08178947334208164,1.3466251807837226
2021-01-21,2021,0.15679409043132891,-1.2828584287135403
2021-01-22,2021,0.027745259140553175,-2.2484507488905403
2021-01-25,2021,0.004144444285853954,-1.5369478269267156
2021-01-26,2021,0.18792622174694568,-1.5516465129942536
2021-01-27,2021,0.1450023892289048,-3.586547739221546
2021-01-28,2021,0.03289906814704421,-0.03755867326418194
2021-01-29,2021,0.3724741627289724,4.107063470096728
2021-02-01,2021,0.14074076523950377,2.344113499661593
2021-02-02,2021,0.19962359768404853,-0.34155983007667645
2021-02-03,2021,0.22142750785867502,0.1970665740090194
2021-02-04,2021,0.2516709714394647,4.17713491852274
2021-02-05,2021,0.1616373898907726,3.936807067280901
2021-02-17,2021,0.2004172484788295,-0.1277938479271601
2021-02-18,2021,-0.03056434606055587,-0.08736942532835412
2021-02-19,2021,0.06703762702644923,0.6243046792865803
2021-02-22,2021,0.2005218002252173,-1.2043148878499665
2021-02-23,2021,0.1433037509146789,0.05339528321393061
2021-02-24,2021,0.2401422871449676,-1.5958644332500938
2021-02-25,2021,0.2968938412354004,-3.0713255021523
2021-02-26,2021,0.036837598635135825,1.616730810214495
2021-03-02,2021,0.30393817474314017,-0.2537800497652176
2021-03-03,2021,0.2580048712386435,-2.199025026940371
2021-03-04,2021,-0.024111012767890995,-0.5425485700418897
2021-03-05,2021,-0.05152206248478103,-0.013497123662031818
2021-03-08,2021,0.3829067707163235,0.5787570377197016
2021-03-09,2021,0.2109831516800112,2.0593461590137974
2021-03-10,2021,0.369206559605831,2.15885573293062
2021-03-11,2021,0.07143279801546115,0.431223098774014
2021-03-12,2021,0.14284459148722134,0.35668629938272467
2021-03-15,2021,0.033933226039809264,-0.20622388738489317
2021-03-16,2021,0.013566738223155675,-0.15521211095826937
2021-03-17,2021,0.026605019917458356,-0.8977652687313986
2021-03-18,2021,0.18552444975455118,-0.6054823721254654
2021-03-19,2021,-0.005182627697108087,0.6680049582333591
2021-03-22,2021,0.19602046458329658,-0.9703988209438075
2021-03-23,2021,0.36915985579932664,-0.7260043059565735
2021-03-24,2021,-0.01203746075499723,1.7075720491114055
2021-03-25,2021,0.06414805010931614,2.5892053244865876
2021-03-26,2021,0.08679523766334474,1.527179152551117
2021-03-29,2021,0.35712773169918155,-0.2721539308459531
2021-03-30,2021,0.08297637934995025,0.09894351521300138
2021-03-31,2021,0.30929454159711084,1.8789943235796747
2021-04-01,2021,0.16410926558426805,1.4729097571219762
2021-04-06,2021,0.05672459963322578,1.1145247842426542
2021-04-07,2021,0.03272796355883929,0.23038460074598088
2021-04-08,2021,0.007387901965785851,-0.3942943702278656
2021-04-09,2021,-0.013830922426946788,-0.1731922796233465
2021-04-12,2021,-0.055805779213358456,0.03718927383049575
2021-04-13,2021,-0.06535545051543931,1.496709343467506
2021-04-14,2021,0.01790546759007361,1.7362772493962675
2021-04-15,2021,-0.042605194740417254,1.0924222611706114
2021-04-16,2021,0.0529415782709083,0.9619548208762652
2021-04-19,2021,-0.020216600464474033,-0.3543359083557629
2021-04-20,2021,-0.061711006720165794,-1.3097535365942936
2021-04-21,2021,-0.1475605041909869,0.5706276730005788
2021-04-22,2021,0.08309933111590705,2.780141744414366
2021-04-23,2021,-0.018727979301487577,1.7088172612335084
2021-04-26,2021,0.06503187329576564,-0.027088102916594803
2021-04-27,2021,0.03726854955450175,-0.1661750748754076
2021-04-28,2021,0.04876236777351954,-1.9648749710403202
2021-04-29,2021,-0.05722336748002159,-3.602733815079251
2021-05-03,2021,-0.17249782167853983,-2.2001062572761576
2021-05-04,2021,-0.15069012550152266,0.3577464688923726
2021-05-05,2021,-0.25739517715083515,2.6215547417867135
2021-05-06,2021,-0.03647037696832891,1.4195886164586335
2021-05-07,2021,0.011783353492136061,-4.060572750940117
2021-05-10,2021,-0.07888165990308199,-7.7353804129937975
2021-05-11,2021,-0.4568613920857872,-5.505776050721433
2021-05-12,2021,-0.05362265861470141,-0.47338855780616473
2021-05-13,2021,-0.27607818094227154,-2.017919477220953
2021-05-14,2021,0.13265056907067654,2.0148365871426765
2021-05-17,2021,0.13181170132040881,5.072134814043872
2021-05-18,2021,0.03793820433587313,-0.6417696541182294
2021-05-19,2021,-0.06076224039459797,1.0500438241430654
2021-05-20,2021,-0.09879607571148681,1.8446787131070508
2021-05-21,2021,0.2551752337714649,1.8010607248408972
2021-05-24,2021,0.07115756335930486,1.8692286646888823
2021-05-25,2021,0.23681751925901362,0.035792468758422125
2021-05-26,2021,0.22503379688997543,1.3649016534194258
2021-05-27,2021,0.19298322538444193,2.8118959546694633
2021-05-28,2021,0.23872228491235367,1.7279498496223678
2021-05-31,2021,0.1232055605257786,0.5660157378270858
2021-06-01,2021,0.02206326001136342,0.48816073295194773
2021-06-02,2021,-0.08247469761103901,-0.10270876152925767
2021-06-03,2021,0.01370084892521617,-0.9407891379878186
2021-06-04,2021,-0.06551719215660916,-0.4152230570097837
2021-06-07,2021,0.09145804619025073,-0.6888938188037708
2021-06-08,2021,0.13266054422789328,0.4861148931759596
2021-06-09,2021,-0.036857147680630586,1.4576022237127617
2021-06-10,2021,-0.05736316243683528,1.2358953378999837
2021-06-11,2021,-0.035897978643359446,0.5480575733493254
2021-06-15,2021,-0.0233453651226814,0.11121799244615538
2021-06-16,2021,-0.019538455463555107,0.06170606880342433
2021-06-17,2021,0.007521033380142282,-1.8839477166125884
2021-06-18,2021,-0.006000326508577555,-1.403062844789471
2021-06-21,2021,0.006922274395572095,1.6042332581999164
2021-06-22,2021,0.15311370490456955,1.946701570374021
2021-06-23,2021,0.012136378264179012,0.9591208481886326
2021-06-24,2021,7.747827257858497e-05,1.0513006693489757
2021-06-25,2021,-0.0474511234058019,0.5439070695920867
2021-06-28,2021,-0.031032774262496378,0.9350820335660703
2021-06-29,2021,-0.05233863063832579,0.6577380969292834
2021-06-30,2021,0.02909464227726543,-0.25518910802647676
2021-07-01,2021,-0.08061396099057914,1.159482306025672
2021-07-02,2021,-0.16393882693148243,1.1457836325496906
2021-07-05,2021,-0.03509520250537301,-0.383050035910959
2021-07-06,2021,-0.04513051517054633,-0.26226660198390706
2021-07-07,2021,-0.18009271725312342,-1.0599590267939218
2021-07-08,2021,-0.04794878110985458,-0.2897108432790785
2021-07-09,2021,-0.018234740265579225,1.0533658560890835
2021-07-12,2021,0.19740930790449085,0.17637486225976495
2021-07-13,2021,0.12385394303855501,1.045915623010929
2021-07-14,2021,0.00880178841017874,0.27737696650462773
2021-07-15,2021,0.005708970308835088,-1.358197956215379
2021-07-16,2021,-0.06414968810326883,-2.0480853857867243
2021-07-19,2021,0.059695338979589764,-1.8576387424989793
2021-07-20,2021,-0.007774881768227157,0.24867731508368962
2021-07-21,2021,0.1524620295037717,0.6537108241750911
2021-07-22,2021,0.2107424431668464,-0.9604304039361855
2021-07-23,2021,0.19524062815944393,-1.7245284221404256
2021-07-26,2021,0.2749770735903868,-1.5418684453065934
2021-07-27,2021,0.1828966197020255,0.7697799693917817
2021-07-28,2021,0.10851085081118068,0.6547333503742481
2021-07-29,2021,0.20634834345681125,0.5773205591510733
2021-07-30,2021,0.23276833407837216,1.7762087177147112
2021-08-02,2021,-0.12950186236439326,0.6890708484352581
2021-08-03,2021,-0.06951398377292003,0.2811933169873715
2021-08-04,2021,-0.0023776003730043007,-0.5538504836333003
2021-08-05,2021,-0.12198569749139754,-0.6701652888805976
2021-08-06,2021,-0.027163951259851566,-1.156206565226614
2021-08-09,2021,0.02055388277582498,-1.475366239351683
2021-08-10,2021,-0.03681940372264714,-0.5986039885382044
2021-08-11,2021,0.004510096096472874,-1.422577577990125
2021-08-12,2021,0.07560029376399784,-2.0973940675751424
2021-08-13,2021,-0.07949178011950138,-1.8887523399624628
2021-08-16,2021,-0.02084841945615894,-0.19277800219114072
2021-08-17,2021,-0.035479757878040356,-1.7163064719806886
2021-08-18,2021,-0.04091758088217503,-2.8784157154259415
2021-08-19,2021,-0.04776509041136371,2.237746864198731
2021-08-20,2021,0.14161050452907215,2.917585060280481
2021-08-23,2021,0.36792232193759394,1.8159294318903951
2021-08-24,2021,0.21321097661144175,1.4759140553418648
2021-08-25,2021,0.2586723843871389,0.9625211048313265
2021-08-26,2021,0.2583424403205249,1.9309824362393924
2021-08-27,2021,0.3110223785961722,1.6290595022757204
2021-08-30,2021,0.36181499178839627,0.4453189488472509
2021-08-31,2021,0.2936557868190954,-0.9749981275324893
2021-09-01,2021,0.06739426827039444,0.24567943554962834
2021-09-02,2021,0.14915303474474745,1.0135244368282281
2021-09-03,2021,0.16873456647454765,-0.5026568597675807
2021-09-06,2021,0.24495236348190322,-1.2849736786451071
2021-09-07,2021,0.2909902496937627,-0.7145615292328045
2021-09-08,2021,0.1251695268995226,1.1816688466858682
2021-09-09,2021,0.22996374773892825,0.8204882824125459
2021-09-10,2021,0.19955831145707145,-0.22701560038386193
2021-09-13,2021,0.3035441290482469,-0.5291090207614202
2021-09-14,2021,0.21519957632030423,-0.8959041921662858
2021-09-15,2021,0.12028077806657964,-0.44491183588797334
2021-09-16,2021,0.2654774155407579,-2.042283273625911
2021-09-17,2021,0.10948391348685302,-1.1493454513251566
2021-09-22,2021,0.3763902616179811,1.9755025162739415
2021-09-23,2021,0.4304760602565144,1.3792420990009546
2021-09-24,2021,0.3837126063542454,-0.456252219703257
2021-09-27,2021,0.21891971013773515,-2.6470837951526494
2021-09-28,2021,0.3242162667209295,-1.4356771027341009
2021-09-29,2021,0.09519437857439818,-1.68829566205847
2021-09-30,2021,0.3226934961143985,-3.108515793246691
2021-10-01,2021,0.021895703798053535,-0.6646595324692806
2021-10-04,2021,0.38771368884114893,-0.0925748170900742
2021-10-05,2021,0.10728465174057626,1.5376577616451392
2021-10-06,2021,0.18707967861067348,1.508373004350605
2021-10-07,2021,-0.019418249862924876,-1.5018673125178794
2021-10-08,2021,0.03984203172711361,-1.7574065093269864
2021-10-12,2021,-0.15170459294281335,-0.4589730568966277
2021-10-13,2021,-0.19319291707381703,2.649867047875598
2021-10-14,2021,0.09901829187224212,1.9416278967589573
2021-10-15,2021,0.11968948488922111,0.7119876480750076
2021-10-18,2021,0.2583264623567988,1.0916191472728043
2021-10-19,2021,0.16832565640634625,-0.0660328850868086
2021-10-20,2021,0.19513227597465738,0.005447713203965421
2021-10-21,2021,0.09463205208728119,0.028005549006482333
2021-10-22,2021,0.06792802317783084,0.8621128633633957
2021-10-25,2021,0.06064981555710168,1.0672868385911194
2021-10-26,2021,0.08720701567713726,0.04279590521265586
2021-10-27,2021,0.04767106724864912,-0.510350199566012
2021-10-28,2021,0.07532011303026365,0.15614703523079143
2021-10-29,2021,0.1740553601453632,0.4624601395975203
2021-11-01,2021,-0.0003063652880182033,0.31590837719646103
2021-11-02,2021,0.1461614456471843,0.07553042692562961
2021-11-03,2021,0.16817888476454926,1.0205488092623893
2021-11-04,2021,0.02193382249324837,1.9699207089934445
2021-11-05,2021,0.10677370739028894,1.4133168371210925
2021-11-08,2021,0.18243982427259242,0.8288688681791445
2021-11-09,2021,0.1331674162074761,-0.5064601604436558
2021-11-10,2021,0.1565691197473877,-0.23645118211353955
2021-11-11,2021,0.046770798967216004,1.0425428534102776
2021-11-12,2021,0.2575645985515809,0.9989650721852206
2021-11-15,2021,0.1996820672306783,0.7347541491181664
2021-11-16,2021,0.005124885615286868,0.8378393195551004
2021-11-17,2021,-0.03659247459972572,0.30550482885649544
2021-11-18,2021,0.0006393033808819087,-0.2120352865278785
2021-11-19,2021,0.04609118713632058,-0.8541214065756031
2021-11-22,2021,0.07225232559885673,-0.9044268724085258
2021-11-23,2021,0.2549197639978253,-0.06753039150645401
2021-11-24,2021,0.46164128692719497,-1.5481348469493117
2021-11-25,2021,0.4016646744166043,-1.847153565244275
2021-11-26,2021,0.4181722800987099,0.3360509494000574
2021-11-29,2021,0.411807775600586,1.4883348366727223
2021-11-30,2021,0.5294957500359321,1.704866259347182
2021-12-01,2021,0.2984466391543209,0.6320372068902458
2021-12-02,2021,0.18149480236424548,-0.20688433433683207
2021-12-03,2021,0.4131872855509321,0.5638199166644986
2021-12-06,2021,0.07275125034714318,0.8152888279820303
2021-12-07,2021,0.2769078983567843,0.6585409160686284
2021-12-08,2021,0.31085066893384106,-0.03454382523515598
2021-12-09,2021,0.24774808299113618,-0.8179023027645282
2021-12-10,2021,0.0726727695314109,-1.2727852056460542
2021-12-13,2021,0.14574502003559625,-0.6050338818973877
2021-12-14,2021,0.1487154414146243,1.05895836044132
2021-12-15,2021,0.14452849988772623,0.8634718942701403
2021-12-16,2021,0.3594595025894818,-0.6557500559437046
2021-12-17,2021,0.2998884753406712,-0.13091863676197857
2021-12-20,2021,0.1493113583048263,0.8926312643930734
2021-12-21,2021,0.12680957893726535,0.8847468164798089
2021-12-22,2021,0.35112215466806374,0.756219698061833
2021-12-23,2021,0.2999474450077858,0.5699110586593781
2021-12-24,2021,0.26986048413207675,1.3092902429844955
2021-12-27,2021,0.3053695583300232,1.1044415904756688
2021-12-28,2021,0.26744209881198133,0.12106517570935615
2021-12-29,2021,0.2285318922404996,0.12181970026763356
2021-12-30,2021,0.08953814579104107,1.6878681628468062
2022-01-03,2022,0.05558374404790878,1.2558489062429068
2022-01-04,2022,0.0591637383441699,-0.8551603526868456
2022-01-05,2022,-0.023587507840943777,-1.7848687240404892
2022-01-06,2022,0.02596577362787645,-0.6998070549087632
2022-01-07,2022,0.05390111270258287,0.6519073449511747
2022-01-10,2022,0.06139463621003005,0.7457490331360006
2022-01-11,2022,-0.019249458620917915,0.813201510700079
2022-01-12,2022,0.07837325170113685,0.15199669122849535
2022-01-13,2022,0.025626273949673928,0.48006907874573734
2022-01-14,2022,0.028303744936789766,-0.1341605024742898
2022-01-17,2022,0.16180149174506428,-1.608490810474672
2022-01-18,2022,0.20213765300140563,-0.8725346380363375
2022-01-19,2022,-0.055509982701018826,-1.8003605548990387
2022-01-20,2022,0.07012446534493051,-1.258296611974341
2022-01-21,2022,-0.02445023939733331,-1.1071941360835336
2022-01-24,2022,-0.015731604984279227,-1.7490649862360597
2022-01-25,2022,0.09554580951001294,1.1252395328657183
2022-01-26,2022,0.06000656552932495,1.6530122663287017
2022-02-07,2022,0.13550075980513823,1.404780925459348
2022-02-08,2022,0.10060672674345424,2.067674613281545
2022-02-09,2022,0.330459889867147,0.8769397568059611
2022-02-10,2022,0.3720523357788412,-1.8561406474516207
2022-02-11,2022,0.3483197838327188,-1.9612865314396655
2022-02-14,2022,0.12143993805849837,1.2990570446063554
2022-02-15,2022,0.3558771812939602,1.7645017410500508
2022-02-16,2022,0.5598422428064085,0.004826818682190925
2022-02-17,2022,0.6029553299905686,-0.25771037360886595
2022-02-18,2022,0.4416835809498683,-1.4428200423971527
2022-02-21,2022,0.37656760584290355,-0.9096950907966472
2022-02-22,2022,0.32867025828081153,-2.085446893004683
2022-02-23,2022,0.27770021940642753,-2.2350245600703977
2022-02-24,2022,0.3730003410472791,1.7261026852064987
2022-02-25,2022,0.48746225820786354,1.220359185097819
2022-03-01,2022,0.43828548772167714,0.20197505342702815
2022-03-02,2022,0.19519699976502844,-0.7336183930690132
2022-03-03,2022,0.4709026030747621,-4.213745650816325
2022-03-04,2022,0.28697065582506953,-5.137817339590855
2022-03-07,2022,0.09026151363074267,-0.9507709842834222
2022-03-08,2022,0.18917672827137869,3.6133192671728542
2022-03-09,2022,0.38500933276980287,1.465616948451287
2022-03-10,2022,0.4363247263475136,-0.976068650620654
2022-03-11,2022,0.21398279712158758,-1.9616860723069118
2022-03-14,2022,0.013726086456404166,-1.8664731124993006
2022-03-15,2022,0.041263364962936276,3.084947117049097
2022-03-16,2022,0.41871846288449605,3.044065727594214
2022-03-17,2022,0.4083799353673159,0.6427016624045212
2022-03-18,2022,0.41788620617451644,0.5911258372229833
2022-03-21,2022,0.541394178845456,0.9738410829846167
2022-03-22,2022,0.42350853983608416,0.793578026060815
2022-03-23,2022,0.5076800912292648,-0.30691367897685007
2022-03-24,2022,0.4417487030816707,-1.0116356461868814
2022-03-25,2022,0.4931360691643209,-0.7257473715771123
2022-03-28,2022,0.46149548411556374,1.2588463134439065
2022-03-29,2022,0.48604218370504554,0.8251912111808091
2022-03-30,2022,0.40068761665230523,-0.6480629698273455
2022-03-31,2022,0.37416720214975946,-0.9662886929471814
2022-04-01,2022,0.1393483771965121,-2.535858374102651
2022-04-06,2022,-0.16738812642259557,-1.3580253959195265
2022-04-07,2022,-0.2796501541114545,-0.7582676849085312
2022-04-08,2022,-0.12543550314590304,-1.698801356588031
2022-04-11,2022,-0.13986435662300584,1.4856552268633472
2022-04-12,2022,-0.21656602415271253,1.4992722579308726
2022-04-13,2022,-0.28105805767087017,-1.7193157878005905
2022-04-14,2022,-0.18601275376586704,-2.010825918420023
2022-04-15,2022,-0.3735620005596679,-0.06339617670477748
2022-04-18,2022,-0.13709696239963798,1.47944803409934
2022-04-19,2022,-0.11707842177145004,0.7917779843939377
2022-04-20,2022,-0.15382376262156616,-0.721854721707782
2022-04-21,2022,-0.1292793880443292,-2.9603659515587077
2022-04-22,2022,-0.24844892039465455,-2.2337620535339275
2022-04-25,2022,-0.2915879289696888,-1.9105463603054096
2022-04-26,2022,0.08089046374832662,-1.3542375722373157
2022-04-27,2022,0.054454049012486794,1.771599088530884
2022-04-28,2022,0.23442918269709626,0.4843057411424878
2022-04-29,2022,0.26288982208268874,-0.1588097525460741
2022-05-03,2022,-0.16211167533315868,1.1953524174338703
2022-05-04,2022,-0.024307297271146968,-0.951536989091406
2022-05-05,2022,0.13548204419349805,-3.876349714784022
2022-05-06,2022,-0.3345704714994934,-2.1117490035470032
2022-05-09,2022,-0.05749699504460072,-0.2658745884458247
2022-05-10,2022,-0.21163984915611053,-2.7706905246642655
2022-05-11,2022,0.12600347087607885,-1.085263568918382
2022-05-12,2022,0.08275949992573153,1.8208735787632158
2022-05-13,2022,-0.009052389708220135,1.4119654837442264
2022-05-16,2022,0.2511062285045505,2.4892711420133606
2022-05-17,2022,0.15390257665696996,-0.2227815115635301
2022-05-18,2022,0.24399205163019846,-0.9327563714727871
2022-05-19,2022,-0.03321451376088265,0.8494836557571883
2022-05-20,2022,0.15781806677933818,-1.1224632003394297
2022-05-23,2022,0.12339407519753243,-0.3242056867831411
2022-05-24,2022,0.3856099988645395,0.03257404487575499
2022-05-25,2022,0.3747905569264773,1.0071392067699803
2022-05-26,2022,0.3741031554107103,4.019017047585827
2022-05-27,2022,0.3127685866803883,3.3292922387623047
2022-05-30,2022,0.34191344006121244,0.38812518738013946
2022-05-31,2022,0.3421883021516954,-1.5183453843073846
2022-06-01,2022,0.08385377546206442,-0.4145704760813995
2022-06-02,2022,0.039201763955378846,-0.23978149616644684
2022-06-06,2022,0.06568017872251215,0.3887158586435291
2022-06-07,2022,0.07981795436482007,0.6568206151803979
2022-06-08,2022,0.222859321505946,-1.262048971507168
2022-06-09,2022,-0.05720917652692416,-3.3111650444549
2022-06-10,2022,-0.2035837579341669,-2.5075758864455344
2022-06-13,2022,-0.2915529796337128,-0.44633245763481266
2022-06-14,2022,-0.37772099596379116,-1.3008985272976226
2022-06-15,2022,0.05072396372791045,-2.237542384799285
2022-06-16,2022,0.26610240843803695,-2.9739352127491014
2022-06-17,2022,0.1333694852911646,0.5586506457919471
2022-06-20,2022,0.2637372317237404,-0.12903788364856394
2022-06-21,2022,0.25421773200163816,-3.510793050130201
2022-06-22,2022,0.4684555863425254,-0.28948868726687005
2022-06-23,2022,0.35169702228162647,2.448334391991791
2022-06-24,2022,0.37982942833054956,0.8926167655123329
2022-06-27,2022,0.5306631716666661,-1.9801891045863829
2022-06-28,2022,0.39006670300940194,-3.977935118834819
2022-06-29,2022,0.2982087905264935,-5.886104646088974
2022-06-30,2022,0.25561131188558,-4.105497671952751
2022-07-01,2022,0.21129978053328996,0.04266865972999412
2022-07-04,2022,0.29241035938856,-1.62867709638983
2022-07-05,2022,0.3026614495734712,-0.09010955314582292
2022-07-06,2022,0.1573668288873316,3.4251164240703513
2022-07-07,2022,0.4321273233985459,0.029714842145134313
2022-07-08,2022,0.4959654292259888,-3.552898020191464
2022-07-11,2022,0.4439450155352197,-0.11052590106502835
2022-07-12,2022,0.22414116712363436,3.4973356022886426
2022-07-13,2022,0.5006049101926519,1.5772778170262791
2022-07-14,2022,0.6139796830303557,1.9470139598795289
2022-07-15,2022,0.49500827953818327,0.9859373689918405
2022-07-18,2022,0.7677763203211802,0.0922576910848294
2022-07-19,2022,0.38996891020696156,1.6579466016246158
2022-07-20,2022,0.473497740575939,1.4670248594672586
2022-07-21,2022,0.4268416285259001,-0.009171425319831616
2022-07-22,2022,0.4325550769160362,-0.9537532041505425
2022-07-25,2022,0.4097916805274009,-0.09868555394798584
2022-07-26,2022,0.41758844038783327,0.5748717817108062
2022-07-27,2022,0.19864342061976722,0.5259493123721981
2022-07-28,2022,0.41405880244854404,0.6029452252566792
2022-07-29,2022,0.26528365352451055,-1.6855921339033797
2022-08-01,2022,0.0925362042035143,-1.36613426122153
2022-08-02,2022,-0.09512286458299597,-0.30534547843898974
2022-08-03,2022,-0.05709477667434373,1.7528568006269118
2022-08-04,2022,0.26251475698459736,2.164369958237544
2022-08-05,2022,0.19683267507614785,0.09470578689600995
2022-08-08,2022,0.008300944095717432,-0.5418627054787462
2022-08-09,2022,0.08305847070053425,0.9805133193535154
2022-08-10,2022,-0.057812185395353696,2.3425231373945365
2022-08-11,2022,0.21389953617335244,1.4442832374316206
2022-08-12,2022,0.18147555421339878,0.8607512474679391
2022-08-15,2022,0.1818165897966994,0.3119861714237615
2022-08-16,2022,0.09902859334600808,-0.15440414978175054
2022-08-17,2022,0.17547766483226832,-0.3664296868180372
2022-08-18,2022,0.07734062307101089,-0.9847526362689374
2022-08-19,2022,0.19398634903649362,-2.030595543579705
2022-08-22,2022,0.15988650114286235,-1.1541383024360474
2022-08-23,2022,0.2576313671860711,0.6899228862955464
2022-08-24,2022,0.4423862274650112,1.3885948747079269
2022-08-25,2022,0.45497450969590025,-1.8016399956842233
2022-08-26,2022,0.31988797834478466,-2.1259369412060525
2022-08-29,2022,0.04329671013121319,1.1339129409447368
2022-08-30,2022,0.2625576910714267,-1.0149375101563884
2022-08-31,2022,0.17304039686762718,-2.7981960115107563
2022-09-01,2022,-0.16929374409354395,-0.9509615683434447
2022-09-02,2022,-0.12772601975706038,0.028351316427954742
2022-09-05,2022,-0.022492276429192437,-1.7123544618070974
2022-09-06,2022,0.055802205550959716,-0.6389502084866328
2022-09-07,2022,-0.1593324945026794,2.757658717353517
2022-09-08,2022,0.04790375634530982,2.132490184058322
2022-09-12,2022,0.25166290158554216,-1.0070619952280757
2022-09-13,2022,0.09556062190551091,-1.5064040804570245
2022-09-14,2022,-0.17439314867761407,-0.6586707471734399
2022-09-15,2022,0.013226384100574607,-1.6657077962977662
2022-09-16,2022,0.005452336398754748,-0.08556657986398264
2022-09-19,2022,0.16338952916487776,-0.008041215388110423
2022-09-20,2022,0.3111467537737389,-1.8191253187438527
2022-09-21,2022,0.0900625947492146,-2.12235831764247
2022-09-22,2022,0.015129847404929281,-3.545349091996075
2022-09-23,2022,0.1378580453277766,-2.0667385351577083
2022-09-26,2022,0.1807081922475709,-2.2653193198816424
2022-09-27,2022,0.40881221526616535,-2.1142595535124653
2022-09-28,2022,0.6199053523820923,-0.30810771071292375
2022-09-29,2022,0.8029848635202755,-1.727320149014433
2022-09-30,2022,0.5669151699761176,1.1318044959320872
2022-10-03,2022,0.324183190139914,3.7664054229621824
2022-10-04,2022,0.3990776440336871,2.3240859955275583
2022-10-05,2022,0.4179207066779248,-0.7184038175754193
2022-10-06,2022,0.23740355927217638,-5.658056226402863
2022-10-07,2022,0.07472561348499482,-4.532384391502731
2022-10-11,2022,0.3815335718967801,-2.2531613310819654
2022-10-12,2022,0.37193956082788865,0.35837581146742625
2022-10-13,2022,0.34993819109612917,1.2124211500827764
2022-10-14,2022,0.7687532051134613,-0.026203294911997244
2022-10-17,2022,0.44373726665891555,0.08260032932159156
2022-10-18,2022,0.7018945124831528,-1.3606426975743435
2022-10-19,2022,0.6737440640250046,-1.214170563376371
2022-10-20,2022,0.457556980498528,-0.6883926433443377
2022-10-21,2022,0.8736032918793126,-1.1941462805791336
2022-10-24,2022,0.7143192294382844,-0.995023714744836
2022-10-25,2022,0.698748953321417,2.054693939422658
2022-10-26,2022,0.8461646337692044,0.4664134401231923
2022-10-27,2022,0.8870057152902122,0.18087057696785092
2022-10-28,2022,0.649238770858592,1.9454318829065675
2022-10-31,2022,0.825264955432696,1.1615668256143907
2022-11-01,2022,0.3060703885306201,-0.38819655432411615
2022-11-02,2022,0.460813822868126,-0.5607560817913138
2022-11-03,2022,0.14556512592760584,1.8259590654982727
2022-11-04,2022,-0.015150250191978793,2.464551678819915
2022-11-07,2022,0.32454948717567966,3.1389025638000723
2022-11-08,2022,0.0943341758749775,1.1687354282666096
2022-11-09,2022,0.2018028995593147,2.70368162618293
2022-11-10,2022,0.03586633337444883,4.970023163918791
2022-11-11,2022,0.3535589736626104,3.8461373715336533
2022-11-14,2022,0.37575257273871565,2.5569845289914017
2022-11-15,2022,0.11546697601713847,-0.0761705202212748
2022-11-16,2022,0.2502712063366944,-0.2225990293966973
2022-11-17,2022,0.1915767297534623,-0.5905651303763304
2022-11-18,2022,0.07935826268890153,0.25653240712335545
2022-11-21,2022,0.21027736342405276,1.1014305794224022
2022-11-22,2022,0.07468012075165108,1.6627470396501254
2022-11-23,2022,0.19838831237213858,1.16349751583662
2022-11-24,2022,0.1921982863742044,-1.536323051948052
2022-11-25,2022,0.18324636405219336,-0.4660145034918961
2022-11-28,2022,0.1418553865211986,2.2166853176541323
2022-11-29,2022,0.10162478702717234,2.060961383147375
2022-11-30,2022,0.22913613794150578,0.612451317412166
2022-12-01,2022,0.17403919439689383,-0.21355110305871783
2022-12-02,2022,0.11607419566007833,-1.6151570937325554
2022-12-05,2022,0.1491857760771591,-2.34120610864349
2022-12-06,2022,0.04565978994572807,-1.1938450174079684
2022-12-07,2022,0.32019442954610305,0.5155157105155794
2022-12-08,2022,0.23943503843359273,0.40919285592562193
2022-12-09,2022,0.2952593761125385,-1.240834168059013
2022-12-12,2022,0.3234087279811884,0.8675395669077268
2022-12-13,2022,0.1872679105620171,1.454042426612756
2022-12-14,2022,0.30670440182688125,-1.4302520597909374
2022-12-15,2022,0.16273771541460114,-2.0415864391043037
2022-12-16,2022,0.026243061998894996,-2.467692921867626
2022-12-19,2022,0.2562901479522438,-1.3781998874825785
2022-12-20,2022,0.2709658103241776,1.925966282357905
2022-12-21,2022,0.4483296073954802,0.26154948575281
2022-12-22,2022,0.3768050658823164,-1.0926445723654643
2022-12-23,2022,0.11558785541817027,0.39799238068813914
2022-12-26,2022,0.5300004524756101,-0.784242075500885
2022-12-27,2022,0.4977338395872489,-1.698790446685361
2022-12-28,2022,0.36568793695417495,-0.24983948465755468
2022-12-29,2022,0.3180989687931851,0.9875740325537397
2022-12-30,2022,0.4702433583095755,0.43458301886658557
2023-01-03,2023,-0.12649648540157316,0.5408418939097714
2023-01-04,2023,-0.34719798325807244,1.2269061555179928
2023-01-05,2023,0.029721170466146373,3.1547333937018696
2023-01-06,2023,-0.10290941513476168,2.9890060347838254
2023-01-09,2023,0.2757051168298321,-0.005219556934177305
2023-01-10,2023,0.2659817242257914,-0.48179553278533405
2023-01-11,2023,0.2305028452407573,0.4927654520507696
2023-01-12,2023,0.24416125797095206,1.3261931461806098
2023-01-13,2023,0.3961538092584097,0.7339385178084745
2023-01-16,2023,0.3248681274150007,3.797210559917885
2023-01-17,2023,0.347193041561869,2.2250824185206852
2023-01-30,2023,0.33287554824627386,-0.4756089847436029
2023-01-31,2023,0.25843015393486857,2.161517700390414
2023-02-01,2023,0.2878280989435757,1.1837124589740844
2023-02-02,2023,0.36158909397349415,-1.297453825417627
2023-02-03,2023,0.2762132027068813,-1.2930487493799103
2023-02-06,2023,0.09491136288823024,1.4639942518654747
2023-02-07,2023,0.22714829748173165,1.2843396916156102
2023-02-08,2023,0.3604129245532084,-0.2018162179051708
2023-02-09,2023,0.2500616441396697,-0.34893911099057595
2023-02-10,2023,0.11603596958749554,0.43518010605230195
2023-02-13,2023,0.19683148897780603,-0.7165980026093255
2023-02-14,2023,0.3131329423491074,-0.6642188050960507
2023-02-15,2023,0.2736237635290416,0.30331324852312935
2023-02-16,2023,0.23672622884278233,0.004694382817271858
2023-02-17,2023,0.050394185797193534,0.5381241238525236
2023-02-20,2023,0.1389343511663112,-0.8517654230565608
2023-02-21,2023,0.14251574020259228,0.3367602647304402
2023-02-22,2023,0.1865883491002683,0.5514058514395126
2023-02-23,2023,0.11640465953228314,-0.10835450366016852
2023-02-24,2023,0.2319019028351183,0.6123018952139958
2023-03-01,2023,0.014548952753284852,0.06366000811617312
2023-03-02,2023,0.06848518641884886,1.056432835514709
2023-03-03,2023,0.10540686514697631,1.5983039923323394
2023-03-06,2023,-0.1156484149690858,0.3469404973892365
2023-03-07,2023,0.05964631201627637,-0.5500731812365878
2023-03-08,2023,-0.15410902446362704,-1.8459748896840322
2023-03-09,2023,0.06418325687740414,-1.3326645809370041
2023-03-10,2023,-0.007318601950087995,-1.0677435560536463
2023-03-13,2023,-0.17477226347811886,-1.1111475281305405
2023-03-14,2023,-0.15101705008340208,-0.9068762442693612
2023-03-15,2023,0.20451079431037647,0.42482286049991824
2023-03-16,2023,-0.12254356378115923,1.3064084640289186
2023-03-17,2023,0.4284566656970929,0.3914460401114095
2023-03-20,2023,0.11823987359283965,2.2081106513177406
2023-03-21,2023,0.20857212002870268,2.2593298073606993
2023-03-22,2023,0.270597369335667,0.9786516383405219
2023-03-23,2023,0.1925270229736022,-0.21205311413614591
2023-03-24,2023,0.2199866966790484,-1.3397676362105537
2023-03-27,2023,0.12932821985919213,-0.3824940888712769
2023-03-28,2023,0.18391550494229886,0.9422678626473502
2023-03-29,2023,0.18023735544227507,0.6233449335944163
2023-03-30,2023,0.23273454741874922,-0.24392044382668399
2023-03-31,2023,0.19269724559432533,-0.1988900974662311
2023-04-06,2023,0.17657968329302803,0.41364209333258906
2023-04-07,2023,0.11470613396879406,0.48861806586051326
2023-04-10,2023,0.14696557630619553,0.3577689077403301
2023-04-11,2023,0.09392563276013446,-0.6856907303561366
2023-04-12,2023,0.12209334690087639,-0.022218079868341345
2023-04-13,2023,0.027404787619284478,1.004697319035519
2023-04-14,2023,0.13915985074325796,-0.37659853491305295
2023-04-17,2023,-0.11511027017260037,-1.2095054044996223
2023-04-18,2023,-0.08936148707578806,-1.0203258590095188
2023-04-19,2023,-0.03980413720515912,-1.0619848362160345
2023-04-20,2023,-0.009604595994115778,-0.5134483355742958
2023-04-21,2023,0.09266623967107447,-1.4885608463506061
2023-04-24,2023,0.05697144292188248,-1.6141428193873875
2023-04-25,2023,0.024973217824259073,0.2651793376111655
2023-04-26,2023,-0.10690440519799112,1.3304385211221348
2023-04-27,2023,0.05871516601206054,1.4598848002367104
2023-04-28,2023,-0.20903301587290302,-0.1654130705210477
2023-05-02,2023,-0.347112434595407,-0.17555101915519566
2023-05-03,2023,-0.32673381908044274,0.4671644353231752
2023-05-04,2023,-0.27973441791468945,0.5800488563350692
2023-05-05,2023,-0.15627514773463402,0.6503874614666394
2023-05-08,2023,0.0036687291914830077,-0.3682266456979333
2023-05-09,2023,-0.11835681065768218,-1.3546799595617998
2023-05-10,2023,-0.26729731070858653,-0.891204058878281
2023-05-11,2023,0.04142029380636377,-0.2551783347857217
2023-05-12,2023,-0.1324802365661943,1.1065411975982986
2023-05-15,2023,-0.12260756138404524,2.9094574815590413
2023-05-16,2023,0.08154820615337666,2.7305265441274873
2023-05-17,2023,0.09883800436004926,1.5675067769566509
2023-05-18,2023,0.16511518492088587,0.49068804388059384
2023-05-19,2023,0.060517136849214836,0.08105140550926926
2023-05-22,2023,0.03918093887725567,-0.13330539914676587
2023-05-23,2023,0.11143393879723011,0.6422646856967695
2023-05-24,2023,0.0046839375400629605,2.1395083456482
2023-05-25,2023,0.1705083349796826,2.113307144610843
2023-05-26,2023,0.3043565475937994,0.7130544893835689
2023-05-29,2023,0.35621730848686883,-0.3446679850687917
2023-05-30,2023,0.348406257024439,-0.6622855197157662
2023-05-31,2023,0.2061687960595643,0.7717613167532944
2023-06-01,2023,0.12715610186802576,1.2219722455208526
2023-06-02,2023,0.20847223251489835,0.32770871453786654
2023-06-05,2023,0.11244302496387668,1.244732844613905
2023-06-06,2023,0.000898561704569277,-0.16686891393812298
2023-06-07,2023,0.05940556825127892,-0.21320752041070756
2023-06-08,2023,-0.06276626630104486,1.3247526397345721
2023-06-09,2023,0.03775556389484471,1.9554197460678324
2023-06-12,2023,0.04114338888491127,1.667731226154312
2023-06-13,2023,0.010457969339079758,0.6875922075206597
2023-06-14,2023,0.005110951133848911,0.29452133466836283
2023-06-15,2023,0.0722460588536651,-0.3485438114148254
2023-06-16,2023,-0.026694604681618626,-0.6015416819221131
2023-06-19,2023,0.001330012279416333,-0.41772409832725454
2023-06-20,2023,0.036749847970114824,-0.7312811065056435
2023-06-21,2023,0.055159170978654345,-1.8282332697763137
2023-06-26,2023,-0.1967329975137423,-0.7245926547724268
2023-06-27,2023,-0.017905214823665246,0.3221241243730688
2023-06-28,2023,0.05721354325096286,-0.11862564309683687
2023-06-29,2023,0.10493160028807595,0.8375486209074356
2023-06-30,2023,0.2145021488300251,1.3314975460434475
2023-07-03,2023,0.007358819248436174,-0.16254785123096527
2023-07-04,2023,-0.11300712225079716,-2.2087689176157332
2023-07-05,2023,-0.0699428621095244,-2.299543339374077
2023-07-06,2023,-0.13246405300121536,-0.6524811524999397
2023-07-07,2023,-0.07338755518989051,1.408407599280137
2023-07-10,2023,0.061857754915011706,1.8569249615680183
2023-07-11,2023,0.10773448526565887,0.9615413065103162
2023-07-12,2023,-0.03644002070889963,1.8964711181385763
2023-07-13,2023,0.004227072455216982,1.5994584266238343
2023-07-14,2023,0.013751237570551722,-0.3228473516391994
2023-07-17,2023,-0.061438430252505505,-1.2567575597270064
2023-07-18,2023,0.010801351619059915,-0.365801771660057
2023-07-19,2023,0.05412120905877453,-0.5009219206797533
2023-07-20,2023,-0.011000583416523284,-0.7648170189264225
2023-07-21,2023,-0.09484905009625635,0.9875695068317647
2023-07-24,2023,0.08380331587798291,0.7569740060973551
2023-07-25,2023,-0.00652624924938393,0.2496091317521154
2023-07-26,2023,-0.10559209188771979,0.7596773206778762
2023-07-27,2023,-0.09883288736159357,-0.5590477107405123
2023-07-28,2023,-0.07533801145995997,-0.4629637661171415
2023-07-31,2023,0.011082095535607503,-1.4680296732132114
2023-08-01,2023,-0.08922268709470513,-2.144848592942361
2023-08-02,2023,-0.1700776048687342,0.6053725257832321
2023-08-04,2023,-0.24645937902218754,0.19823459006582667
2023-08-07,2023,-0.2132239834278422,-0.7358201929865915
2023-08-08,2023,-0.08638797457474952,-1.4360905062312246
2023-08-09,2023,-0.2517775758665352,-1.5985475616651978
2023-08-10,2023,-0.2391453107502776,-1.44901921886178
2023-08-11,2023,-0.11395712978220181,-0.8821624877644818
2023-08-14,2023,-0.25185664033921346,0.32402770339263753
2023-08-15,2023,-0.18251105230622316,0.37593893575127435
2023-08-16,2023,-0.20657032114093649,-0.3980718414181905
2023-08-17,2023,-0.1098661808285313,-0.8183857995502697
2023-08-18,2023,-0.18734062616402675,0.3436843573560333
2023-08-21,2023,-0.16850242684557773,1.1928707339808664
2023-08-22,2023,-0.05228389335487443,2.0274236948071955
2023-08-23,2023,-0.23678922462645047,-0.5750170417870626
2023-08-24,2023,0.07718581789458138,-1.5599071485259852
2023-08-25,2023,-0.47919763198231546,0.8619926002240152
2023-08-28,2023,-0.07406636990231553,1.275405439129318
2023-08-29,2023,-0.09994349526644855,0.06532861315051708
2023-08-30,2023,-0.009668472749248234,-0.44785171132225576
2023-08-31,2023,0.10214432643312647,0.9328798984761244
2023-09-01,2023,-0.053682169515480924,0.8811686915062511
2023-09-04,2023,-0.09308287664809556,-0.30691454100700843
2023-09-05,2023,-0.1279227048500131,-1.0271200915219048
2023-09-06,2023,-0.13377016602911976,-0.968684729982261
2023-09-07,2023,-0.00144614054774656,-1.1203347465632896
2023-09-08,2023,0.0217416297555465,-0.019968605250242355
2023-09-11,2023,0.009902481854797997,0.9040373152720438
2023-09-12,2023,0.01574649920573056,1.417088695813784
2023-09-13,2023,0.03776100388304947,2.046918525514263
2023-09-14,2023,-0.00048056971240390683,-0.6504215959960868
2023-09-15,2023,-0.015086914982945471,-1.681941643834961
2023-09-18,2023,-0.07028650662459,-0.9790852209574319
2023-09-19,2023,-0.012245543395503846,-1.9213984823566732
2023-09-20,2023,-0.11244155125904047,-1.1507280122166952
2023-09-21,2023,-0.24096968556128875,0.8308067761375382
2023-09-22,2023,-0.10366798044857861,-0.4185510949262339
2023-09-25,2023,0.09800692838597005,-0.8623147135677023
2023-09-26,2023,0.175008779040763,0.47720364928389714
2023-09-27,2023,-0.035371362684164576,1.514068359006182
2023-09-28,2023,0.040300100569249916,0.6151498067108907
2023-10-02,2023,-0.18442381362644275,-1.7148316966947075
2023-10-03,2023,-0.30857807621651484,-0.0049834876391208205
2023-10-04,2023,-0.43122113436057913,1.518983763668036
2023-10-05,2023,-0.11658807640212594,1.3280440902615265
2023-10-06,2023,-0.04111494471493078,1.8482413137077103
2023-10-11,2023,0.04940316291278825,0.663026638027886
2023-10-12,2023,0.06519244716206064,-1.0321581418181736
2023-10-13,2023,-0.09093393448032935,-0.8343179858627203
2023-10-16,2023,-0.03603535662246489,-1.269078514362043
2023-10-17,2023,0.11833571794655698,-1.140570405376573
2023-10-18,2023,0.10366860388332974,-0.0011556537928836264
2023-10-19,2023,0.030960317848453194,-1.223930618201352
2023-10-20,2023,0.06140898260836523,-0.7965587881796021
2023-10-23,2023,0.11377719890784044,0.661667700426305
2023-10-24,2023,0.25304430816878326,-1.447108970334332
2023-10-25,2023,0.24362032575267248,-1.3709976654895262
2023-10-26,2023,-0.053960505425125246,0.4724476070908201
2023-10-27,2023,-0.03127345998121322,-0.8264222066724947
2023-10-30,2023,-0.005997276183428826,-0.68806316905351
2023-10-31,2023,-0.035354265498659075,2.4728037212046416
2023-11-01,2023,-0.0034957535520851075,2.9247638191957526
2023-11-02,2023,-0.2007616087696904,1.539371651435184
2023-11-03,2023,0.1397420531955103,1.0740474870741812
2023-11-06,2023,0.1750518907402508,0.5493904870818023
2023-11-07,2023,0.10785375621066493,0.3638009104012907
2023-11-08,2023,0.05947471216289709,-0.34741407684089065
2023-11-09,2023,0.03686974770189033,0.5591899985966542
2023-11-10,2023,0.005916639563646177,1.396898697870319
2023-11-13,2023,0.1274016659804087,1.719134239032627
2023-11-14,2023,-0.08058774529754545,1.5102528950898364
2023-11-15,2023,0.0969822660549029,0.46804267437612346
2023-11-16,2023,0.06431912894337641,0.22881362841691288
2023-11-17,2023,0.08768212485259484,1.2072206613419123
2023-11-20,2023,0.10850852931821853,0.5798214691405734
2023-11-21,2023,0.12139790928103662,-0.7013383706442777
2023-11-22,2023,0.005431907212528014,-0.13194486969000385
2023-11-23,2023,0.05067852510678493,-0.9085521161290799
2023-11-24,2023,0.0705930928340597,0.31138249663629214
2023-11-27,2023,0.0964752785345591,1.3604148115644144
2023-11-28,2023,0.08844391766895979,0.5339868809918435
2023-11-29,2023,0.1145322152073122,0.390257999742083
2023-11-30,2023,0.058462320773349064,-0.07095392010370016
2023-12-01,2023,-0.030961048347885677,-0.6327433501449375
2023-12-04,2023,0.0411300161640605,-0.3487648580947078
2023-12-05,2023,0.02476800486429589,-0.28433732436671244
2023-12-06,2023,0.02661767649805392,0.13403821961301965
2023-12-07,2023,-0.11640200748997427,0.8079292818804928
2023-12-08,2023,-0.022004335730229807,0.38334122373517854
2023-12-11,2023,0.09910699844486467,0.29044099495130205
2023-12-12,2023,0.044565550424469344,1.160301948984066
2023-12-13,2023,0.08678578168208681,1.1731685913218382
2023-12-14,2023,0.06453163026644346,-0.006117902171354217
2023-12-15,2023,0.00025112217200176645,-0.5506434074710298
2023-12-18,2023,-0.1413258492633894,-0.09534314183693438
2023-12-19,2023,-0.05769707587813351,-0.18666917000206285
2023-12-20,2023,-0.010843118504532363,-0.21871030665940872
2023-12-21,2023,-0.03183192942050378,0.34827237521759535
2023-12-22,2023,0.03817299072944325,0.8814187716625232
2023-12-25,2023,0.06537541723208748,1.628302216890365
2023-12-26,2023,0.0892736396086082,0.8936593785507041
2023-12-27,2023,0.10691108836677228,0.21971327166532273
2023-12-28,2023,0.06551764938143186,-0.31607387228740347
2023-12-29,2023,-0.02293488195621826,-2.071852861081014
2024-01-02,2024,-0.04836538785515716,-1.7033386804796158
2024-01-03,2024,-0.06339073730711504,-0.22876753129822402
2024-01-04,2024,-0.06544734720107027,0.13111372591474435
2024-01-05,2024,-0.037382660252026384,0.09332649890350098
2024-01-08,2024,-0.10528745090365951,-0.6090711366406598
2024-01-09,2024,0.10793339720351794,0.05605774346766346
2024-01-10,2024,0.06111406730465661,0.2702450469865614
2024-01-11,2024,0.042223362008997185,0.008549288357229123
2024-01-12,2024,0.04753607014115948,-0.9476480957104183
2024-01-15,2024,-0.005818681412428065,-2.1943007336941878
2024-01-16,2024,0.0130017768816579,-0.6864638980980331
2024-01-17,2024,-0.20075910604291503,3.0284137027664304
2024-01-18,2024,-0.12086908068093394,3.40908497259369
2024-01-19,2024,0.17768373301902635,1.0919310104561042
2024-01-22,2024,0.13965875041678288,0.34089059281172673
2024-01-23,2024,0.1625190048721959,0.716268177340007
2024-01-24,2024,0.16523981245606817,0.6668221839209565
2024-01-25,2024,0.01737213667314842,0.6499609501283921
2024-01-26,2024,0.15058846364902084,0.2200607612212968
2024-01-29,2024,0.10418199149752443,-1.2697279138702
2024-01-30,2024,0.20629961812256833,-0.36884593695574175
2024-01-31,2024,0.08542756055542303,0.9523431543313476
2024-02-01,2024,0.14490212899434446,0.7121505823372676
2024-02-02,2024,0.20430178605198188,3.2372218496970806
2024-02-05,2024,0.07153364709912605,2.824812238237362
2024-02-15,2024,0.2255003576028031,-0.04703782388116862
2024-02-16,2024,0.21096633157466765,0.7841567131091409
2024-02-19,2024,0.15993650285725716,0.2173773060453632
2024-02-20,2024,0.24135198259348484,0.5312171388715203
2024-02-21,2024,0.0635106771950296,1.139839722086422
2024-02-22,2024,0.24408515263467284,0.5053366134861736
2024-02-23,2024,0.29609523551191963,-0.18412647657204406
2024-02-26,2024,0.17124865553724292,0.09879644607229121
2024-02-27,2024,0.009615175391063869,0.43236569057318874
2024-02-29,2024,0.12162059749850809,1.7849111894117975
2024-03-01,2024,0.11941145077607289,2.381662796598838
2024-03-04,2024,0.28736275647600273,1.0056300572226062
2024-03-05,2024,0.1287288282745329,1.581478646427592
2024-03-06,2024,0.03924059770773068,1.4660413498842173
2024-03-07,2024,0.18570166804883453,0.16533357165200435
2024-03-08,2024,0.1816285539297817,0.6531610305013924
2024-03-11,2024,0.036327534462999043,1.0262049023424646
2024-03-12,2024,-0.0018250495320451191,0.1173513837872342
2024-03-13,2024,0.14288316864991052,-1.2344625865154946
2024-03-14,2024,-0.04800527739761305,-0.291254052579204
2024-03-15,2024,-0.13758814212832154,0.8875904991743955
2024-03-18,2024,-0.09062556951928029,-0.47988289650071625
2024-03-19,2024,-0.03366286991605675,1.721743246782026
2024-03-20,2024,-0.15174282216236384,2.2440856329086767
2024-03-21,2024,-0.047139529324887186,-0.033862911646020954
2024-03-22,2024,-0.13860826916541397,-0.5039442013047957
2024-03-25,2024,-0.13096791070053176,0.0389753494533851
2024-03-26,2024,-0.11391847338082235,0.09966963936582918
2024-03-27,2024,0.06055299675333915,0.46697742389649743
2024-03-28,2024,0.17620636069003007,0.3761438062596545
2024-03-29,2024,-0.08132628457148203,0.8481136468344808
2024-04-01,2024,-0.12564347605619774,0.5700134455327133
2024-04-02,2024,0.018885070407061076,-0.2387796294151867
2024-04-03,2024,-0.1684512894703221,2.25493666902683
2024-04-08,2024,-0.1235536703529883,1.6937754987094378
2024-04-09,2024,0.029616560373477607,-0.20667237283734652
2024-04-10,2024,0.029299319564917214,-0.12984304691928683
2024-04-11,2024,-0.12324281957172349,-1.4621827359802553
2024-04-12,2024,0.05236733674833307,-4.024821848550653
2024-04-15,2024,-0.12043888245867788,-1.156198822774035
2024-04-16,2024,-0.0027816684869406603,2.0060335765924586
2024-04-17,2024,-0.10725562677345073,-3.394838950336254
2024-04-18,2024,-0.1837627938450212,-4.383878785490514
2024-04-19,2024,0.12113583708363626,0.36953734088795986
2024-04-22,2024,-0.1711427424995765,3.711873854399683
2024-04-23,2024,-0.06429354085670218,1.317089199195065
2024-04-24,2024,-0.056892900249341294,-0.05578256027548578
2024-04-25,2024,-0.080912217522175,3.213408388400918
2024-04-26,2024,-0.016597657766418594,1.3721819178539763
2024-04-29,2024,0.12558559284148926,-1.3323887366605058
2024-04-30,2024,0.15494139756704123,-0.32495612013766495
2024-05-02,2024,-0.19303569332980666,1.4878026588285298
2024-05-03,2024,0.06050669954326018,1.589792979156246
2024-05-06,2024,0.11504581834006984,0.8634084852784385
2024-05-07,2024,0.0900112581271115,-0.4491241932977008
2024-05-08,2024,0.01696642427789363,0.040240554459769484
2024-05-09,2024,0.012862853787335477,1.4442066128846243
2024-05-10,2024,0.06648906170167347,1.337641316461946
2024-05-13,2024,0.04230972221119065,1.3879759570921246
2024-05-14,2024,-0.011586153473277065,1.5172604397725165
2024-05-15,2024,0.09056298410118133,0.5261214127064706
2024-05-16,2024,0.08023930889683344,-0.15316185589171472
2024-05-17,2024,-0.026949003801473425,-0.10217104053114046
2024-05-20,2024,-0.05879100759591047,1.3172474323782435
2024-05-21,2024,-0.03238623456594764,1.7454648192402278
2024-05-22,2024,-0.044406467077893974,0.06268609208590625
2024-05-23,2024,-0.001777000883801412,0.908668916201516
2024-05-24,2024,0.051617899443601324,1.3589862251186302
2024-05-27,2024,0.1608268044768695,-0.6479154751678262
2024-05-28,2024,0.14749597516963608,-2.2596794551845267
2024-05-29,2024,0.07886036869480487,-2.2540334679746032
2024-05-30,2024,0.08530778242837904,0.806385177640645
2024-05-31,2024,0.12352205769092417,0.8614248836556815
2024-06-03,2024,0.06979971715798079,-0.24089045891767524
2024-06-04,2024,0.0014428866434011687,2.5569589195294062
2024-06-05,2024,0.010351898015958696,1.7384318646415542
2024-06-06,2024,0.07354362757893197,-0.5048692626936524
2024-06-07,2024,-0.023165642836563676,0.8718852906757002
2024-06-11,2024,-0.006489519014763944,2.385816524505202
2024-06-12,2024,0.04846742649919794,2.067036268377298
2024-06-13,2024,0.08855853360669665,0.8268629851864606
2024-06-14,2024,0.018500175273790297,1.1229199918950217
2024-06-17,2024,0.015284322359981017,3.1694221286571844
2024-06-18,2024,0.10069941018202103,2.8503657926224557
2024-06-19,2024,0.04233635433874955,0.18893093098786284
2024-06-20,2024,0.03126222104844128,-2.530964150371051
2024-06-21,2024,-0.04786169052865496,-1.623075173125288
2024-06-24,2024,-0.03059838459491181,0.7582724415592379
2024-06-25,2024,-0.0978004740446958,0.13118569398367086
2024-06-26,2024,0.09879213352182128,0.19820165495771924
2024-06-27,2024,0.16580573522420478,0.6661579203334655
2024-06-28,2024,0.04248400470981553,-0.6637649382930544
2024-07-01,2024,0.030540908870166906,0.4937860413720463
2024-07-02,2024,0.08090778835752906,2.8110913893170997
2024-07-03,2024,0.015518045742662153,1.6578321738376145
2024-07-04,2024,0.006843949859059227,1.511827171652036
2024-07-05,2024,-0.013156804049594174,1.4581482294338866
2024-07-08,2024,-0.018641499291399456,0.539949702971132
2024-07-09,2024,-0.04021643234774083,2.0499931380982606
2024-07-10,2024,0.0827949878490811,-0.37551422330412976
2024-07-11,2024,0.09763787219351668,-2.0937653623222197
2024-07-12,2024,-0.12287502938805821,0.3358290549832166
2024-07-15,2024,0.023982213017668303,-0.4587225118261151
2024-07-16,2024,-0.009410450899658546,-2.4952025752950857
2024-07-17,2024,0.12304810079094033,-3.788669834268843
2024-07-18,2024,-0.00016049156295744603,-4.878438632953353
2024-07-19,2024,-0.016436032317055916,0.011281519384542804
2024-07-22,2024,-0.04194637060304347,-0.6190414786545806
2024-07-23,2024,0.2948267756251326,-3.092667664691595
2024-07-26,2024,0.13373880459981352,0.4718070853344303
2024-07-29,2024,0.39149471153720616,0.15727860194389987
2024-07-30,2024,0.246581749336695,1.8832707796271997
2024-07-31,2024,0.09572417197988267,-2.528272224186734
2024-08-01,2024,0.10593013894946235,-12.415897818665222
2024-08-02,2024,-0.19114851497359586,-5.254946254498427
2024-08-05,2024,-0.0940230193270081,7.384442848728834
2024-08-06,2024,0.2549799697104888,1.8003006679667477
2024-08-07,2024,0.267694011532679,0.8157676255019952
2024-08-08,2024,-0.018807451843607503,4.327530773690591
2024-08-09,2024,0.14270765244269276,1.5257813591690317
2024-08-12,2024,0.26356237778128083,1.166522606169229
2024-08-13,2024,-0.029026383108749963,0.4523647528028363
2024-08-14,2024,0.17224288355036657,1.462188879683124
2024-08-15,2024,0.10919638897441522,2.3496506307098874
2024-08-16,2024,0.2938181031627206,0.35692345139650694
2024-08-19,2024,0.21493485996087597,-0.7663669592046007
2024-08-20,2024,0.21403288583410682,-1.2495820162199855
2024-08-21,2024,0.20465538091141303,-0.35902686810663775
2024-08-22,2024,0.3147453599196705,0.41216624083528774
2024-08-23,2024,0.28602447192537533,0.12162622613451912
2024-08-26,2024,0.4829202366885695,0.5869572646190813
2024-08-27,2024,0.4291297029907108,0.07595221996843371
2024-08-28,2024,0.386911318672699,-0.45850234190676353
2024-08-29,2024,0.26950096013889074,0.14976229458356638
2024-08-30,2024,0.3201807222329711,-0.7898297519005948
2024-09-02,2024,0.2650869171193524,-5.137597762096857
2024-09-03,2024,0.17481434750841982,-4.0942033413587815
2024-09-04,2024,-0.044404885625457566,1.6234962250062157
2024-09-05,2024,-0.1388468283486136,-0.20422216464167642
2024-09-06,2024,-0.06630362054292219,-1.7313119221243012
2024-09-09,2024,-0.3162637824934157,-0.5365003755124165
2024-09-10,2024,-0.08514896752137283,2.7970364715667495
2024-09-11,2024,0.001485601698070603,3.464647425229428
2024-09-12,2024,-0.0073199584055932115,0.9090090402133599
2024-09-13,2024,0.028085310182283996,-0.37137545870453703
2024-09-16,2024,-0.018060192801788794,0.8815070699969896
2024-09-18,2024,-0.21730604011652152,2.2168160289019134
2024-09-19,2024,-0.18919554116707857,1.101680421037532
2024-09-20,2024,0.025901705789161754,1.2290935412569537
2024-09-23,2024,-0.058140872104716156,2.1362292034337926
2024-09-24,2024,-0.07348325310680172,1.9036830782042324
2024-09-25,2024,-0.009549131538692825,0.2688299592295884
2024-09-26,2024,-0.07600700537582941,-2.774728868213172
2024-09-27,2024,-0.007769231349285385,-1.8945974615724115
2024-09-30,2024,0.007628004959197733,0.3517283147367545
2024-10-01,2024,0.020815922019691246,1.3942142142231662
2024-10-04,2024,-0.1412066378813939,1.3840470507844094
2024-10-07,2024,-0.22363953728750058,-0.19152025146063067
2024-10-08,2024,-0.2926606762107364,1.2836451009867078
2024-10-09,2024,-0.10431641275325716,1.3955112034557349
2024-10-11,2024,-0.17334635634157933,1.70468141146225
2024-10-14,2024,0.03940056516053078,0.15534080309758114
2024-10-15,2024,0.14746477711749933,-1.0226669712056213
2024-10-16,2024,-0.006522218468313379,2.06983796431095
2024-10-17,2024,0.0829742074242593,2.119777008949475
2024-10-18,2024,-0.022476723451144074,0.20504724474150748
2024-10-21,2024,0.03106223558764436,-0.8825304672012702
2024-10-22,2024,-0.024628008935514836,-1.456994837145531
2024-10-23,2024,-0.06467723582167825,0.058667841451987
2024-10-24,2024,0.00653261319699838,0.023930129196814143
2024-10-25,2024,0.12764057499163783,-1.8068008797157864
2024-10-28,2024,0.21349123850606055,-1.6278940446338819
2024-10-29,2024,0.21542764406271972,-0.6390396478499372
2024-10-30,2024,0.19564208919185083,0.6352202828781017
2024-11-01,2024,0.031025980771419225,1.4341916270706578
2024-11-04,2024,0.1915609104896207,1.097259833166353
2024-11-05,2024,0.026383847705369758,1.307104967847117
2024-11-06,2024,-0.1311735865012265,1.4493883461441426
2024-11-07,2024,-0.07301327176134383,0.516130244924784
2024-11-08,2024,-0.08047244110575327,-2.428983068189583
2024-11-11,2024,-0.016478661269234966,-2.84496490384043
2024-11-12,2024,-0.18952846154289565,-1.1591361326825589
2024-11-13,2024,-0.08312413436739008,-0.5138181024425315
2024-11-14,2024,-0.10046630161116325,-0.7432849461466162
2024-11-15,2024,0.06486929565635713,0.46621409793090596
2024-11-18,2024,-0.23631662740337686,0.6290100387908781
2024-11-19,2024,0.011123631230005848,-1.282955778859285
2024-11-20,2024,-0.028557274996456123,0.9518537258752957
2024-11-21,2024,-0.08344544815570547,1.7410707556329452
2024-11-22,2024,0.017481134033853152,-0.9847923885101251
2024-11-25,2024,0.015225325807904496,-2.673784674031321
2024-11-26,2024,0.09388852455995424,-1.6749593011258002
2024-11-27,2024,0.00010560959987825496,-0.32362082814336723
2024-11-28,2024,0.006939342372006653,1.9643569862190402
2024-11-29,2024,0.05904148072974271,3.4360920830993846
2024-12-02,2024,-0.03341920469306476,2.2799911861451916
2024-12-03,2024,-0.060672220343986526,1.04431839204151
2024-12-04,2024,-0.16221526775576417,-0.2668635534305519
2024-12-05,2024,-0.11877382353121427,0.022821100621728263
2024-12-06,2024,-0.26142693622983554,-0.29400770137198995
2024-12-09,2024,-0.1336517538620206,-1.5881752655946157
2024-12-10,2024,-0.1624589036833067,-0.33850693705709256
2024-12-11,2024,-0.06913878633085366,0.5101811372258291
2024-12-12,2024,0.04941836815022192,-0.029939080479712832
2024-12-13,2024,-0.009393410708429117,-0.0107295764467219
2024-12-16,2024,0.019894659889537956,0.5588999952256701
2024-12-17,2024,0.016040678291634164,-0.3725778205848296
2024-12-18,2024,-0.008755806060245012,-2.8418549705270024
2024-12-19,2024,-0.043508391778456376,0.7513000250738644
2024-12-20,2024,-0.05712921316440818,2.7098321875590026
2024-12-23,2024,0.05069084127695285,0.5002912847431817
2024-12-24,2024,-0.03071472647528726,0.5480046919928094
2024-12-25,2024,-0.03642574448112127,0.23923208009601904
2024-12-26,2024,0.061667724441278396,-0.24407513418969184
2024-12-27,2024,0.0016764218016744367,-1.0336110480982819
2024-12-30,2024,-0.05469716199543467,-1.5443592552026209
2024-12-31,2024,-0.07867665341500726,-0.5504642914508695
2025-01-02,2025,-0.14898834003937217,3.1344083713865434
2025-01-03,2025,0.05070395642074439,3.243234984699872
2025-01-06,2025,0.14429054972667857,-0.5961513879693459
2025-01-07,2025,0.08920167194772716,-2.410610508442035
2025-01-08,2025,-0.014886316997694996,-1.6895134985493887
2025-01-09,2025,0.012253249896619545,-2.568331793114109
2025-01-10,2025,0.04354549783468288,-0.9314327481568241
2025-01-13,2025,-0.0649467737629009,0.11668274167089265
2025-01-14,2025,0.23236513810368048,0.9982664781081452
2025-01-15,2025,0.2926330753792741,2.8137779224742143
2025-01-16,2025,0.3278516248909896,1.0498108585847765
2025-01-17,2025,0.1839291845580707,0.6563395322635612
2025-01-20,2025,0.17383432035980503,1.1114110136236866
2025-01-21,2025,0.03020890947086083,-2.5978529622948665
2025-01-22,2025,0.2082063796577181,-3.1091912957096235
2025-02-03,2025,0.031559252796679024,2.0571754386815355
2025-02-04,2025,0.028140907712541362,2.2928881159745895
2025-02-05,2025,0.16231159251899277,1.3673074116705264
2025-02-06,2025,0.09047621354081029,-0.276455400873199
2025-02-07,2025,0.177825928656552,-0.40130725134348566
2025-02-10,2025,0.116184150710079,0.16174855303641156
2025-02-11,2025,0.22197908869656144,0.06568579865335877
2025-02-12,2025,0.02447591386236527,-0.5888427312444322
2025-02-13,2025,-0.026007370990907906,0.45266098589666903
2025-02-14,2025,-0.11555847232344214,2.2178924967854563
2025-02-17,2025,0.03469690846048618,0.4201174797375806
2025-02-18,2025,-0.05373805640381718,-0.7548769104850805
2025-02-19,2025,-0.06323028610046813,0.5345262344476076
2025-02-20,2025,-0.04282815836139908,0.33145346495535577
2025-02-21,2025,-0.04461904389735247,-1.8732630292559005
2025-02-24,2025,-0.12844879974021042,-0.6906762525084598
2025-02-25,2025,-0.2916608665517154,-0.9986377917453271
2025-02-26,2025,-0.12366295296193719,-2.7616648613078443
2025-02-27,2025,-0.06906840370590792,-1.9793364733195151
2025-03-03,2025,-0.3715032186234922,0.5082120296621806
2025-03-04,2025,-0.08971640041602348,0.5246299489132911
2025-03-05,2025,-0.09455015865460559,-1.2934211849474742
2025-03-06,2025,-0.010811917138881268,-1.1282198928217468
2025-03-07,2025,-0.12008815825303283,-2.23679320625777
2025-03-10,2025,0.016503766797025348,-0.8049725835572619
2025-03-11,2025,-0.23419566915558554,-0.49571634205650694
2025-03-12,2025,0.014474729395750164,-1.3928763158508994
2025-03-13,2025,0.08093156243598967,0.7146538880449915
2025-03-14,2025,0.09786663871463915,1.3820980924569959
2025-03-17,2025,0.1652195688524973,-0.7134257411060219
2025-03-18,2025,0.10351091306597689,0.47410005625980745
2025-03-19,2025,0.06813730287482411,1.13051282670098
2025-03-20,2025,-0.06569756803260435,-1.2093527089554246
2025-03-21,2025,-0.18367653231848313,0.28857540377593693
2025-03-24,2025,0.0969343044586877,0.6950400422678582
2025-03-25,2025,0.1855761132490818,-1.443125120380151
2025-03-26,2025,0.2590714437745796,-2.9532409505895973
2025-03-27,2025,0.09155281251472389,-5.720999136287919
2025-03-28,2025,0.041809057018074136,-1.493874199239087
2025-03-31,2025,0.2843991243011839,2.9103348972501886
2025-04-01,2025,0.45266630483786885,-9.623137409146631
2025-04-02,2025,0.5351657088155835,-13.326324922927835
2025-04-07,2025,0.6583947941763133,-9.570281322875262
2025-04-08,2025,0.7276085149502133,2.9256850641523835
2025-04-09,2025,0.639776404280713,12.287485567878132
2025-04-10,2025,0.8522800979106112,2.7003115258239063
2025-04-11,2025,0.6648212555330082,1.6841818506746709
2025-04-14,2025,0.7282004795498318,-0.23107565229290028
2025-04-15,2025,0.4186578785209842,-2.613297531885661
2025-04-16,2025,0.21790022492509423,-0.37482021779330355
2025-04-17,2025,0.2760451194665743,-1.2024057422591827
2025-04-18,2025,0.2124030303177295,-3.101825570777661
2025-04-21,2025,0.46363110231825405,2.789356334592963
2025-04-22,2025,0.33314756988627575,3.6469127774972465
2025-04-23,2025,0.2373310141623715,1.1894105342698413
2025-04-24,2025,0.21908066448531596,2.8523303014917234
2025-04-25,2025,0.4225115173430377,1.8110244541137632
2025-04-28,2025,0.44949483251434064,1.001377130646719
2025-04-29,2025,0.5064679256444394,2.7431431306755405
2025-04-30,2025,0.4869082231957497,1.4724959636827961
2025-05-02,2025,0.2849877715052086,-1.275036512081218
2025-05-05,2025,0.362205333338715,0.06574785260207161
2025-05-06,2025,0.1399088220776485,0.10140045676496623
2025-05-07,2025,0.14492470813455618,1.7937370324566437
2025-05-08,2025,0.06762356726996342,2.8531791232220494
2025-05-09,2025,-0.039956714654267436,1.9846961803563268
2025-05-12,2025,0.08850854006529968,3.092021880268092
2025-05-13,2025,0.1342357762399073,1.8757964082748657
2025-05-14,2025,0.23409731562255676,0.2792102234462135
2025-05-15,2025,0.0355913035275537,-0.9499200423372822
2025-05-16,2025,0.31347306925983415,-1.4542414766003375
2025-05-19,2025,0.2739767053972929,1.301255399248169
2025-05-20,2025,0.2407233410717562,0.6732778872834411
2025-05-21,2025,0.16344309693093123,-0.6956091820228494
2025-05-22,2025,0.14804814405048708,-0.6201386556017763
2025-05-23,2025,0.16711593838742317,-1.458047758569092
2025-05-26,2025,0.1739566995700093,-0.8304479311236568
2025-05-27,2025,0.2345121717801948,0.05042991975268141
2025-05-28,2025,0.1880211560625809,-1.6622092620373397
2025-05-29,2025,-0.06630646048528113,-1.032308535505655
2025-06-02,2025,-0.08853476904145408,2.93000284249032
2025-06-03,2025,0.27608225693390337,2.5914792163366895
2025-06-04,2025,0.09796619967330403,0.19691841416147327
2025-06-05,2025,0.1143141477810006,0.5345469292618032
2025-06-06,2025,0.03454570413398755,2.6844980716192346
2025-06-09,2025,0.0031704337259107892,3.1197840873159466
2025-06-10,2025,0.18665571136464326,0.20537592156151252
2025-06-11,2025,0.12705183639515585,-1.7674598688924292
2025-06-12,2025,0.07328260930148463,-1.0674888795763726
2025-06-13,2025,0.03081518573808258,0.6280990986705426
2025-06-16,2025,0.056517659946743334,1.391525585150033
2025-06-17,2025,0.2108336490864636,-0.9368532374314453
2025-06-18,2025,-0.11438556817499904,-1.3910352721529406
2025-06-19,2025,-0.04687764343754847,-1.2338037130456447
2025-06-20,2025,0.1885669008579914,0.6487421152567174
2025-06-23,2025,0.10616587187895346,3.2145654200576024
2025-06-24,2025,0.1807447734189183,1.3681701906731236
2025-06-25,2025,-0.04119309501386519,0.6663661844238833
2025-06-26,2025,-0.04006242394741797,-1.0506688054688795
2025-06-27,2025,-0.12893238845842098,-0.11674006469419851
2025-06-30,2025,-0.1266317220383527,1.4455414759692031
2025-07-01,2025,-0.07962053255985195,0.7060919440340596
2025-07-02,2025,-0.13751604717097055,-0.13393723198159568
2025-07-03,2025,-0.018125909091929505,-1.2514875861677321
2025-07-04,2025,-0.058698789007178474,-0.821510145248916
2025-07-07,2025,-0.07550290570026205,0.4382327658466245
2025-07-08,2025,-0.011250633169338548,1.4800822993372265
2025-07-09,2025,0.024567976140277566,0.9944506616723636
2025-07-10,2025,0.019429068560749545,-0.3449483877364323
2025-07-11,2025,-0.12725905618577577,0.3732138720752509
2025-07-14,2025,-0.19973389348654627,1.8922421740997342
2025-07-15,2025,-0.1455026526206315,1.2144890904425276
2025-07-16,2025,-0.18430077618032323,1.4765068632854428
2025-07-17,2025,-0.12757037323096582,0.9833307951100156
2025-07-18,2025,0.14985751095677316,-1.6901501210488168
2025-07-21,2025,0.10168788157235213,-0.09378523908596392
2025-07-22,2025,0.15744556947135102,1.6783162634983917
2025-07-23,2025,0.1338881856555842,0.19602318657112594
2025-07-24,2025,0.14193287511722427,0.16792356205022063
2025-07-25,2025,0.11237895825262345,-0.6970439617914104
2025-07-28,2025,0.13545286926780176,0.20817512337174549
2025-07-29,2025,0.06981168144684957,1.4697312934669693
2025-07-30,2025,0.12910098584295526,-0.11653024586433247
2025-07-31,2025,0.1343923448392728,-0.694827911370588
2025-08-01,2025,0.014141730616462922,0.9652911662267005
2025-08-04,2025,0.13515639897074877,0.2926565532911374
2025-08-05,2025,0.20474641724225462,1.4504287509313984
2025-08-06,2025,0.14119147046074937,2.4476103066613852
2025-08-07,2025,0.17498238388931386,0.5487887944268799
2025-08-08,2025,0.08673144502130326,0.5707444155718777
2025-08-11,2025,0.06174419377589389,0.9716807192724497
2025-08-12,2025,-0.016122041372845345,0.33007207442887765
2025-08-13,2025,0.13208659893055597,-0.1458349234017886
2025-08-14,2025,0.05102300021638675,1.008412375557488
2025-08-15,2025,0.02448274898887965,0.07816070037247602
2025-08-18,2025,-0.02868370894566876,-3.5007834160862616
2025-08-19,2025,0.0372936575907834,-1.6070380027511377
2025-08-20,2025,-0.020488172262159765,0.5884758125139777
2025-08-21,2025,-0.03628393954911015,1.3156176016072108
2025-08-22,2025,-0.13497886766564182,2.274950798397768
2025-08-25,2025,-0.01158098813131813,0.9989545824137469
2025-08-26,2025,-0.2262496710016785,-0.28245100822460456
2025-08-27,2025,-0.15724928575876027,-1.1696621927495765
2025-08-28,2025,-0.11397958711075044,-0.6796374881634981
2025-08-29,2025,-0.08389233367247964,-0.8926633406373896
2025-09-01,2025,-0.011646576603194037,0.11868694107153299
2025-09-02,2025,-0.05369525870363514,0.678983610625572
2025-09-03,2025,-0.08869169522844532,1.6359962324120625
2025-09-04,2025,-0.0030078490557419986,1.5199846152891938
2025-09-05,2025,0.02022429741386125,1.4721624130725974
2025-09-08,2025,-0.07803102961774384,2.6284271478259624
2025-09-09,2025,0.07873690167775631,1.4505225872433858
2025-09-10,2025,0.0490151164014496,1.1195752401797376
2025-09-11,2025,0.02450640583211667,0.560959814337969
2025-09-12,2025,-0.0032209898675775615,0.6084482449997264
2025-09-15,2025,-0.04211533867382776,0.3197913330988067
2025-09-16,2025,0.09928975945677804,0.5451500684363841
2025-09-17,2025,0.02916422600708325,0.5508240543276255
2025-09-18,2025,-0.0417673561034791,0.43167544712012784
2025-09-19,2025,-0.02556825131851336,2.615491135674408
2025-09-22,2025,0.08279867557086903,1.221494092099884
2025-09-23,2025,0.1753433390905821,-0.8515900831207124
2025-09-24,2025,0.05938055022200657,-2.353003600067638
2025-09-25,2025,-0.08502113529729158,-0.7812448965083818
2025-09-26,2025,-0.123165761805678,1.573827067057798
2025-09-30,2025,0.014458160340051809,2.160489284887146
2025-10-01,2025,-0.01960225175425359,2.9948531554010005
2025-10-02,2025,0.12500630287972764,3.1600109028640633
2025-10-03,2025,0.2380016085819335,1.130822172215895
2025-10-07,2025,0.06695538180320237,0.3306268018278713
2025-10-08,2025,-0.18379583804263552,-0.5182591576607498
2025-10-09,2025,-0.046546246158078654,-1.8634953146152267
2025-10-13,2025,-0.0796048803951583,1.3084890403967986
2025-10-14,2025,0.025334513886856442,3.1900691034835393
2025-10-15,2025,0.236284627098473,0.09774264354620588
2025-10-16,2025,0.23548866448068456,0.14742546170827264
2025-10-17,2025,0.20154791398956448,1.648355069541596
2025-10-20,2025,0.15534878191233145,-0.14345238460696796
2025-10-21,2025,0.17982686319290164,-0.7932644408179423
2025-10-22,2025,-0.17172331813419026,1.2467760935241268
2025-10-23,2025,0.08253456157239564,1.5140420728265713
2025-10-27,2025,0.15451899923019338,1.075637564688825
2025-10-28,2025,0.016044871174743975,1.2108435653228167
2025-10-29,2025,0.03101717841181531,-0.21696612161837825
2025-10-30,2025,0.030990124715153045,0.16636305820976194
2025-10-31,2025,0.015348106355723654,-0.4136597321961366
2025-11-03,2025,0.0016601166501587447,-2.179420983328151
2025-11-04,2025,0.055570930016996666,-0.7721783888213984
2025-11-05,2025,-0.3623960611032832,-0.23685773310734293
2025-11-06,2025,-0.17160196610407147,-0.10731394346484846
2025-11-07,2025,-0.16855233387343976,0.482941014581173
2025-11-10,2025,0.09237192790232608,0.2783687262531753
2025-11-11,2025,0.07301085052775713,0.42688577809208983
2025-11-12,2025,-0.005900179369638252,-1.966537482077746
2025-11-13,2025,0.09169876583888431,-1.6350960235898215
2025-11-14,2025,0.042529029452580545,-2.3410165161054874
2025-11-17,2025,0.12715335165443492,-3.159471729652208
2025-11-18,2025,0.04622575467760158,2.5049969876050904
2025-11-19,2025,0.03053084440955007,-0.5461976845853256
2025-11-20,2025,0.10361901338831334,-3.362166908040287
2025-11-21,2025,0.22367445606719785,1.8053001066013374
2025-11-24,2025,0.11924434227354283,3.4156799063093324
2025-11-25,2025,0.15468318528630035,2.3868755288035226
2025-11-26,2025,0.2026754532324047,0.7914762524289021
2025-11-27,2025,0.16880925387354928,-0.7693834734252447
2025-11-28,2025,0.2512737000643755,-0.22518250605939594
2025-12-01,2025,0.18739385480749787,1.6476529421381336
2025-12-02,2025,0.19221244538362925,0.839637690386863
2025-12-03,2025,0.198994109798687,0.6758886397457697
2025-12-04,2025,0.2320110577508478,1.8278719989523573
2025-12-05,2025,0.279328111207397,0.7208848610605223
2025-12-08,2025,0.22590593268929418,0.34253375344213133
2025-12-09,2025,0.2533413347156052,-0.5600973650408347
2025-12-10,2025,0.3150594657506157,-0.7137492592619976
2025-12-11,2025,0.27429219440269764,-0.5631093943746168
2025-12-12,2025,0.23326731109246426,-2.3454129048777195
2025-12-15,2025,0.07722051571920689,-1.2264353387921312
2025-12-16,2025,0.013361338502348562,-0.24741562702230713
2025-12-17,2025,0.045264566275797315,0.6219035159455988
2025-12-18,2025,-0.12082596777076711,2.4796012018116764
2025-12-19,2025,0.07608466500697833,2.217331886692664
2025-12-22,2025,0.04897120504536614,0.789850243200263
2025-12-23,2025,0.146794774148134,0.8673469567972436
2025-12-24,2025,0.07294446501654159,1.546984031428189
2025-12-26,2025,0.10994259059754925,0.5291703815867965
2025-12-29,2025,0.11534966505892448,0.5300426331848795
2025-12-30,2025,-0.0013142515830214113,2.23874695937909
2025-12-31,2025,0.025325085982420382,3.9409465674156596
2026-01-02,2026,0.08666906524255183,4.178868619592424
2026-01-05,2026,0.11061645695594972,1.0975903038162427
2026-01-06,2026,-0.059810978922871814,-0.705611862782618
2026-01-07,2026,0.007495383371778411,-0.48137912770856994
2026-01-08,2026,0.012443121683064388,0.6809494557904916
2026-01-09,2026,0.08695874754537983,1.3808991791068426
2026-01-12,2026,0.14310272358178994,1.2251331406873067
2026-01-13,2026,0.08435995011230746,0.3365983635118974
2026-01-14,2026,0.0430121753445143,1.5090275995757185
2026-01-15,2026,0.07310257088633734,2.689692956120915
2026-01-16,2026,0.04086929761560484,1.1184480733045232
2026-01-19,2026,0.0669087140092117,-1.2418736324361301
2026-01-20,2026,0.19464526236361374,-0.043797243009202624
2026-01-21,2026,0.2848906980194723,2.288713857001623
2026-01-22,2026,0.26274466046380196,1.0030844753115886
2026-01-23,2026,0.19172825789605802,1.1151225333221104
2026-01-26,2026,0.14147808449833005,2.3056637055536733
2026-01-27,2026,0.13313275454551213,0.6756313525127844
2026-01-28,2026,0.13640387333550957,-2.2560482285294836
2026-01-29,2026,0.0017970964867578651,-2.8037633078407675
2026-01-30,2026,0.06360910361431076,0.4104635296869441
2026-02-02,2026,0.07201594655428464,2.105297775141257
2026-02-03,2026,0.037802401120987816,-1.224058373629
2026-02-04,2026,0.22001290315650412,-1.5698141302163182
2026-02-05,2026,0.013481239614454753,1.897251273298206
2026-02-06,2026,0.13972605562289991,4.058941091630364
2026-02-09,2026,0.20017763046245726,3.7065393761753773
2026-02-10,2026,0.18770941075548345,2.1174088689343673
2026-02-11,2026,0.12173550099325554,3.258702166982941
2026-02-23,2026,0.10978421984532223,4.85535006096538
2026-02-24,2026,-0.04291535916042678,2.0566372783121567
2026-02-25,2026,0.0722010393623891,-0.8979170684721871
2026-02-26,2026,0.06803042918551129,-3.080208129497264
2026-03-02,2026,-0.05293952481177637,-6.457342038444692
2026-03-03,2026,0.010123110764023705,-1.8958065357268183
2026-03-04,2026,-0.10936334916806759,2.347506220133022
2026-03-05,2026,0.3623626965472634,-4.64028385997779
2026-03-06,2026,0.2800550820715874,-2.463337295689161
2026-03-09,2026,0.33557539530541364,6.2402484925454305
2026-03-10,2026,0.42842253253247425,2.4716014069383174
2026-03-11,2026,0.1199191867047336,-2.092589623262353
2026-03-12,2026,0.05267151568494598,-0.7127359830575108
2026-03-13,2026,-0.1380431792874097,1.306125210776421
2026-03-16,2026,0.05153055242308746,3.0173793154744555
2026-03-17,2026,0.22541429118762357,-0.43411610574003445
2026-03-18,2026,0.2967229627428828,-2.3427460465614725
2026-03-19,2026,0.1431937062237558,-2.8708494708171717
2026-03-20,2026,0.2739137391035825,-2.7773769760683464
2026-03-23,2026,0.05371386798392598,2.1899610359844113
2026-03-24,2026,0.47940115146434215,2.224256904769506
2026-03-25,2026,0.15471552719874482,-0.9764613950550838
2026-03-26,2026,0.29060208542211174,-2.4580638929833754
2026-03-27,2026,0.012845249838770709,-4.196591085143131
2026-03-30,2026,0.16866251040109556,2.0193639492517512
2026-03-31,2026,0.09116195521975927,2.6776794999462394
2026-04-01,2026,0.16365255387263017,0.16578839011032187
2026-04-02,2026,0.18277554953448474,6.720253907982898
2026-04-07,2026,0.12288323596728745,4.909265232252258
2026-04-08,2026,0.13438803778948266,1.888446315997827
2026-04-09,2026,0.17261479721327486,1.7100119445250694
2026-04-10,2026,0.14751465205181377,2.479796193047412
2026-04-13,2026,0.17481359389785717,3.5672494993272075
2026-04-14,2026,0.12644083173219092,2.303000981923131
2026-04-15,2026,0.0876542016549057,0.22384316382433322
2026-04-16,2026,0.04341972437852693,-0.46649764812146666
2026-04-17,2026,-0.024750727461745253,2.1757488383163714
2026-04-20,2026,-0.03480421097056645,2.488365423119787
2026-04-21,2026,0.11049464518715853,0.2899605931215188
2026-04-22,2026,0.12658848531546055,2.7823985498886206
2026-04-23,2026,0.146279341699685,5.044472697913105
2026-04-24,2026,0.16307183122103533,1.5137263564537484
2026-04-27,2026,0.1150448346060747,-0.7904003949856353
2026-04-28,2026,0.0680746018351276,-1.5057539232214978
2026-04-29,2026,0.0385288437584967,3.566196394723109
2026-04-30,2026,0.17614154540792756,4.733674607845595
2026-05-04,2026,0.04092939727177329,1.065491974723587
2026-05-05,2026,0.027445121472667765,2.8562920767077227
2026-05-06,2026,0.08449673962092476,1.1305371929453578
2026-05-07,2026,0.017005553797360913,-0.3427308484949432
2026-05-08,2026,-0.20269558908235155,0.7075772150425985
2026-05-11,2026,-0.16142815194676652,-0.9943991465913182
2026-05-12,2026,0.01875211669754193,-0.34982309553223123
2026-05-13,2026,-0.0916316111137466,-0.48856179530870625
2026-05-14,2026,-0.020043379742261332,-2.0596262432113654
2026-05-15,2026,-0.000494198508122648,-2.4210416891332076
2026-05-18,2026,-0.03989887284530047,-2.13001035414907
2026-05-19,2026,0.021298448048177366,2.9685958328894424
2026-05-20,2026,0.10949392596338228,5.614952417266816
2026-05-21,2026,0.19264180741930864,5.502268529385246
2026-05-22,2026,0.07304304162819023,2.9748294039197987
2026-05-25,2026,0.1085468870206181,1.403158251688641
2026-05-26,2026,-0.06656513507656683,0.2551845050369428
2026-05-27,2026,-0.04060807464480088,1.075857269391367
2026-05-28,2026,-0.008911426079788964,3.899195259741628
2026-05-29,2026,-0.049758739518146536,1.8428701534037195
2026-06-01,2026,-0.09630830475158283,2.473095914655077
2026-06-02,2026,-0.11709455574502434,0.2637337454735711
2026-06-03,2026,-0.10418049567305632,-2.9880436925678433
2026-06-04,2026,-0.11591655675615972,-4.760947740964583
2026-06-05,2026,-0.14919550377845522,-0.8131625388775987
2026-06-08,2026,-0.0314741085052089,-0.6372926052082173
2026-06-09,2026,0.17768530628786072,-3.47835695962192
2026-06-10,2026,0.18671175945055782,2.18273733538088
2026-06-11,2026,0.08676022916402142,5.208709448507576
2026-06-12,2026,0.24958259393749072,3.7133476299235912
2026-06-15,2026,0.09882850886363125,1.0582199392514813
2026-06-16,2026,-0.01815819641648185,1.4320488967388245
2026-06-17,2026,0.03191263417136832,4.063265150872808
2026-06-18,2026,0.022696864422289357,1.3675826209722741
2026-06-22,2026,0.016151915910878577,-3.556464803899173
2026-06-23,2026,0.012004373283601126,-1.7948584573673654
2026-06-24,2026,-0.05284274249899974,-3.1966223318767306
2026-06-25,2026,0.017915765701930063,-2.7139832313125
2026-06-26,2026,0.33352997869710294,3.486849072147935
2026-06-29,2026,0.06152543383054632,4.486876637503623
2026-06-30,2026,0.18127927319420928,1.3403529599741226
2026-07-01,2026,0.10771335973229726,-0.5069653771805682
2026-07-02,2026,-0.08733182567100033,-0.40169723875668195
2026-07-03,2026,-0.02556565808291137,-2.782156371591493
2026-07-06,2026,-0.0515828112524251,-1.7655578536050487
2026-07-07,2026,-0.08920777014963847,-0.27375205891232435
2026-07-08,2026,-0.07464764544386664,-0.7737937364885816
2026-07-09,2026,0.008373606653802768,-1.3596412801256674
2026-07-13,2026,0.08098042073296476,0.5532550089774269
2026-07-14,2026,-0.11770372220891538,1.9827238396037616
2026-07-15,2026,-0.06412274387023306,-6.487435568210531
2026-07-16,2026,-0.2437127775133289,-6.959520858968061
2026-07-17,2026,-0.1421874168428212,3.6596051629117277
2026-07-20,2026,0.10023902152609383,5.597401159489945
2026-07-21,2026,-0.15232243569161574,1.3970153869735213
2026-07-22,2026,-0.1554985752857442,-2.6122021747307045
2026-07-23,2026,-0.10442086046183244,-2.7125931504915823
2026-07-24,2026,-0.09972784850843937,-4.699318563531552
2026-07-27,2026,0.016882850244153945,-8.238974987274894
2026-07-28,2026,0.007957042855925267,-4.014243080366575
2026-07-29,2026,0.00956078088086813,7.693888835885243
2026-07-30,2026,0.05366548149385978,8.64719419632236
2026-07-31,2026,0.33289677902012466,0.5586998996979453
2026-08-03,2026,0.07301505941628668,2.8239026921102584
2026-08-04,2026,0.1517629049528097,2.389354774581376
2026-08-05,2026,0.18420244085602966,-0.8645509239749161
2026-08-06,2026,0.11771378873248821,1.198422405268862
2026-08-07,2026,0.06368022593254351,2.0232709739607335
2026-08-10,2026,0.15879118996799807,1.3116542722300784
2026-08-11,2026,0.14928054368793237,1.9963333918430415
2026-08-12,2026,0.22029735203845996,0.6435685871567065
2026-08-13,2026,0.18669247207030448,-0.35681164534475673
2026-08-14,2026,0.04514190454370925,-1.0965267956327573
2026-08-17,2026,0.17321485125038757,-2.481438602864927
2026-08-18,2026,0.2578744229045019,-0.8275235561927663
2026-08-19,2026,0.12169890499439961,1.1291309019473728
2026-08-20,2026,0.050871365702149465,-0.3814950636203407
2026-08-21,2026,0.11877552083471428,-0.12124015656188591
2026-08-24,2026,0.17590112407587272,2.3910735636580194
2026-08-25,2026,0.017119198059439476,1.7838601568404888
2026-08-26,2026,0.06449270846925473,1.0883733026826548
2026-08-27,2026,0.014339542588247964,0.333331738271192
2026-08-28,2026,0.07113184844009793,1.332291564369359
2026-08-31,2026,-0.054959941135535886,0.07858487394010183
2026-09-01,2026,0.0047629819118678186,-2.3239398220015306
2026-09-02,2026,-0.20918807240611414,0.8370244637030178
2026-09-03,2026,-0.03346320142655053,3.2025402081135246
2026-09-04,2026,-0.06895041792398345,1.1914855772566568
2026-09-07,2026,-0.01826442041246672,-0.3019675964321622
2026-09-08,2026,-0.04129027854768402,-0.3508911220661215
2026-09-09,2026,0.05853189891266133,-2.116233350062402
