date,year,pred,actual
2014-01-02,2014,-0.06120129768262422,-1.1362501654564205
2014-01-03,2014,-0.3192186864772653,-0.20113402616731557
2014-01-06,2014,-0.06523849821353234,0.7787049662294487
2014-01-07,2014,-0.15555305143387818,0.42103779237103733
2014-01-08,2014,-0.2880180972667519,0.543945133303958
2014-01-09,2014,-0.06467923194961374,1.1442590913575135
2014-01-10,2014,0.06747103404777569,0.781419451658083
2014-01-13,2014,-0.19564668153297218,0.6462608858069929
2014-01-14,2014,-0.5074773901889598,0.6055118423423211
2014-01-15,2014,-0.3450103846874858,0.2644564693027096
2014-01-16,2014,-0.14366412759080333,-0.19751257241257258
2014-01-17,2014,-0.14599788787335327,0.026872964169366576
2014-01-20,2014,-0.32625450766286346,-1.8440978198841051
2014-01-21,2014,-0.2161491816199777,-3.9002779102082608
2014-01-22,2014,-0.27154851283847614,-3.6438152875841845
2014-01-23,2014,0.26880023332120667,-2.417074844969813
2014-01-24,2014,0.005705601177837115,-2.4000065129077597
2014-01-27,2014,-0.16421463895630328,-0.3782538874124608
2014-02-05,2014,-0.6791641329286814,2.9813127988693955
2014-02-06,2014,-0.5743797153559014,1.885330423137499
2014-02-07,2014,-0.6507399399136641,1.5061968321341102
2014-02-10,2014,-0.7538008421507603,1.5205047694516693
2014-02-11,2014,-0.6501418623201255,1.490648308060205
2014-02-12,2014,-0.7792736811988472,0.7771238428033733
2014-02-13,2014,-0.7134141900056263,0.67220142423563
2014-02-14,2014,-0.5396487440000304,1.0357448247996226
2014-02-17,2014,-0.5792851611096655,0.4819503377526013
2014-02-18,2014,-0.759425639759934,0.2266184990352249
2014-02-19,2014,-0.35923617865094426,0.27806893078123895
2014-02-20,2014,-0.19280526852569665,1.3485645107934374
2014-02-21,2014,-0.2854513479292972,0.0013950471177137658
2014-02-24,2014,-0.29990308022416745,-0.07090616206087974
2014-02-25,2014,-0.2202304518198137,0.6682898729188036
2014-02-26,2014,-0.15886577506228122,1.3130082340603089
2014-02-27,2014,-0.17917346130252126,0.8609214799793374
2014-03-03,2014,-0.22340949196188914,0.7354120795444841
2014-03-04,2014,-0.7122001297882515,1.7276206552310214
2014-03-05,2014,-0.5224473017202619,0.6000280321976303
2014-03-06,2014,-0.06033505310635673,0.3901861302602061
2014-03-07,2014,-0.16574349043815406,-0.30215883478923455
2014-03-10,2014,-0.12072678174853971,0.4022969935050913
2014-03-11,2014,-0.17479459042186568,0.3402537021694352
2014-03-12,2014,-0.289231970881233,0.05446340876458233
2014-03-13,2014,-0.17331096107963734,-1.7199772742601427
2014-03-14,2014,-0.1656150383294781,-1.271462988179739
2014-03-17,2014,-0.56932528882206,-1.08872311812509
2014-03-18,2014,-0.6388982212548315,-0.48832218269939665
2014-03-19,2014,-0.3695706954995237,0.5502068022638973
2014-03-20,2014,-0.06580811457284427,2.1197278690011867
2014-03-21,2014,0.5040293045677499,2.3022745264463573
2014-03-24,2014,0.44548431647330944,2.8342734428927097
2014-03-25,2014,0.2803183980458669,2.115820606953389
2014-03-26,2014,0.07735799384324456,1.9248575355917952
2014-03-27,2014,-0.14335154375294762,1.2411769596916589
2014-03-28,2014,-0.1927541966438326,1.1601615564855283
2014-03-31,2014,-0.27049371567699654,0.4403748101540428
2014-04-01,2014,-0.6343117006889656,0.6471208082811541
2014-04-02,2014,-0.5416326117483793,0.4789202117804203
2014-04-03,2014,-0.48481923906721136,0.21949611522249501
2014-04-07,2014,-0.6274864168088279,-0.2142750922667247
2014-04-08,2014,-0.5522082432847693,0.3201980142322647
2014-04-09,2014,-0.3858650007150407,-0.07558308148304382
2014-04-10,2014,-0.5431432352271934,-0.044031693879154066
2014-04-11,2014,-0.6173405333008327,0.6579442189929452
2014-04-14,2014,-0.5072738909231558,1.0586604225609753
2014-04-15,2014,-0.04037661831993775,0.6504641285855373
2014-04-16,2014,0.11955503386209887,0.3709173873968741
2014-04-17,2014,0.06453154707653656,0.014422818912018798
2014-04-18,2014,-0.20919486376457633,-2.1472878418496877
2014-04-21,2014,-0.35910739441923234,-1.5805719686432962
2014-04-22,2014,-0.09956508380270998,-1.1432124269196264
2014-04-23,2014,0.11531818525172215,-1.847510081590542
2014-04-24,2014,0.04603360989948226,-0.8734049153480417
2014-04-25,2014,0.8382324335401563,1.0976599362671147
2014-04-28,2014,0.7590339655914281,1.1655321230778393
2014-04-29,2014,0.5826069465910406,0.23793663514088959
2014-04-30,2014,0.6988882288114209,1.5863157798949867
2014-05-02,2014,-0.46581772832325335,0.25227464442469927
2014-05-05,2014,-0.7122156103468036,-0.696922246159426
2014-05-06,2014,-0.586594578357474,-1.0597606253765712
2014-05-07,2014,-0.8667328657004445,-0.20307605119405103
2014-05-08,2014,-0.9661713239834651,-0.5626532600297884
2014-05-09,2014,-0.4861436176842579,-0.013948742869551722
2014-05-12,2014,-0.5182634866972492,1.0363723674904346
2014-05-13,2014,-0.11890002954290327,0.7921351245302244
2014-05-14,2014,-0.13305040255657882,-0.14354670789032964
2014-05-15,2014,-0.15660391303197319,1.001953685822543
2014-05-16,2014,-0.22924543226322527,1.3474790317771879
2014-05-19,2014,-0.3375612248630472,1.530578995269627
2014-05-20,2014,-0.22593824234057927,1.884607984662101
2014-05-21,2014,-0.31906334234319533,2.925724576357247
2014-05-22,2014,-0.29873218342430774,1.5537987631596861
2014-05-23,2014,0.06988387760046613,0.7514248097848508
2014-05-26,2014,0.2337398652730637,0.9665652957242532
2014-05-27,2014,0.21936014688980285,0.714168182355257
2014-05-28,2014,0.18646789865782093,0.20840390672363096
2014-05-29,2014,0.20931550430953488,0.27950378746293136
2014-05-30,2014,0.2576322809948767,0.9567084733101083
2014-06-03,2014,0.1757333517011665,1.0841281706721162
2014-06-04,2014,0.17800568082867638,1.2043912473300278
2014-06-05,2014,0.1693241569448885,0.6993978592495953
2014-06-06,2014,0.22305670580298406,0.6779820591474417
2014-06-09,2014,0.14842858213335414,0.43862425431695495
2014-06-10,2014,0.17695904377759913,0.19767153128751325
2014-06-11,2014,-0.173198368342174,0.543132028863047
2014-06-12,2014,-0.10401231931146707,1.218514555143324
2014-06-13,2014,-0.408092730243677,0.8416345979237683
2014-06-16,2014,-0.3823781080775709,0.276216378914107
2014-06-17,2014,-0.16340242400461027,0.06060212540310861
2014-06-18,2014,-0.2529598341514649,-0.4070073804436025
2014-06-19,2014,-0.19243917478780992,0.04432847723632172
2014-06-20,2014,0.1160637188398593,0.35627289382225147
2014-06-23,2014,0.05726952093173643,1.7849344682418833
2014-06-24,2014,0.08464219985522656,2.1167614803919266
2014-06-25,2014,0.049013043842279835,2.627091502419332
2014-06-26,2014,0.014543577629411077,2.202460266882933
2014-06-27,2014,-0.013662314320511126,2.1835576667887935
2014-06-30,2014,-0.10487140850519347,1.3534446139547684
2014-07-01,2014,-0.6169019204088161,0.9432403578933046
2014-07-02,2014,-0.6646610031948765,0.05292589531216141
2014-07-03,2014,-0.5244587475856137,0.40824124548746177
2014-07-04,2014,-0.35512633498707663,-0.14942087581031327
2014-07-07,2014,-0.15476543465308903,0.0010503981008547214
2014-07-08,2014,-0.10443581507440167,0.4006933180008776
2014-07-09,2014,-0.15624936977032894,-0.05532150752688425
2014-07-10,2014,-0.2480822279850119,-1.6401257903716937
2014-07-11,2014,-0.30459778634882706,-0.9990690660331314
2014-07-14,2014,-0.5479505774336764,-0.8332720607543864
2014-07-15,2014,-0.5487569053944823,-0.7295303563422895
2014-07-16,2014,-0.2576042492676419,0.45135707605805653
2014-07-17,2014,-0.13402051587759362,0.3300298461774043
2014-07-18,2014,-0.2280526847716844,0.20434061591516617
2014-07-21,2014,-0.1678970508154225,-0.5199677575503325
2014-07-22,2014,-0.42583138864109216,-0.5509844873759939
2014-07-24,2014,-0.39315030475086216,-2.2218746916832677
2014-07-25,2014,-0.02854530734189456,-1.830434280544413
2014-07-28,2014,-0.05488720910330412,-0.9552896016848944
2014-07-29,2014,0.18731381074139525,-2.666558772045624
2014-07-30,2014,-0.013013324960230398,-3.207889895437943
2014-07-31,2014,0.21291733320112702,-1.9795295115314193
2014-08-01,2014,-0.02180339815404566,-1.9484142357802603
2014-08-04,2014,-0.28858382041187786,-1.6857105803847583
2014-08-05,2014,-0.14917413528199058,0.23716176007282375
2014-08-06,2014,-0.12790136328305954,0.9551649885115587
2014-08-07,2014,-0.6268476068740878,1.0860280525305965
2014-08-08,2014,-0.9176464854393951,1.3300740923358756
2014-08-11,2014,-0.9225130410320264,-0.3444926419206129
2014-08-12,2014,-0.7099849653534236,0.8802678563633259
2014-08-13,2014,-0.7344867646293002,0.6146473252441886
2014-08-14,2014,-0.7187920178639685,0.2466792552171304
2014-08-15,2014,-0.703722015758732,1.8821937239934527
2014-08-18,2014,0.0936841612216049,2.7272896335426955
2014-08-19,2014,-0.08103884856943575,1.6246600416712553
2014-08-20,2014,0.09106307433112379,2.1268188694074652
2014-08-21,2014,0.42367193757815924,2.4314358645165512
2014-08-22,2014,0.433745912438518,0.5988209080926676
2014-08-25,2014,0.4383843380905157,1.3038542716029333
2014-08-26,2014,0.480494860636637,0.06131599453265135
2014-08-27,2014,0.47383127087255705,-0.3715108917842769
2014-08-28,2014,0.37450434694562196,-0.522030686710917
2014-08-29,2014,0.3264903112810454,-0.30022455906836276
2014-09-01,2014,0.1426206087723738,-0.8229738906303408
2014-09-02,2014,0.25090494547484954,-0.4479920678488125
2014-09-03,2014,0.05888040870502202,-1.3480982185844925
2014-09-04,2014,0.09524536732522552,-2.1816990122909385
2014-09-05,2014,0.12099444262709283,-2.0246727763995276
2014-09-09,2014,0.14181767412278729,-3.194248508442721
2014-09-10,2014,-0.012642321535088114,-1.7359133368456292
2014-09-11,2014,0.06835290589309459,-0.9215967049056362
2014-09-12,2014,0.3370257712606508,0.1872456137687939
2014-09-15,2014,0.2640598229122384,-0.898403681708404
2014-09-16,2014,0.3770539111951622,-0.5310180217662608
2014-09-17,2014,0.557458611670587,-1.0514215615372025
2014-09-18,2014,0.4849362552932188,-2.4406113220375003
2014-09-19,2014,0.49017913649070416,-2.7123137942416387
2014-09-22,2014,0.7471525891167834,-1.903630680978463
2014-09-23,2014,0.6076061895593912,-1.298638399982388
2014-09-24,2014,0.49668499987314274,-1.1895380442249137
2014-09-25,2014,0.8991571301532171,-0.4039242797330922
2014-09-26,2014,0.8692249360032334,1.2954653152120965
2014-09-29,2014,0.8494492159296199,1.4996495832942713
2014-09-30,2014,0.9582943676759109,0.8240287634996069
2014-10-01,2014,0.2911804589730764,-0.3902000609548595
2014-10-02,2014,0.19514100854098335,-0.09749097233595627
2014-10-03,2014,-0.12927674472734735,-4.3364579169540285
2014-10-06,2014,0.12122124586858965,-3.5925780141921937
2014-10-07,2014,-0.10914757730719456,-4.261786277999424
2014-10-08,2014,0.0005101366488513004,-3.5899892576140235
2014-10-09,2014,-0.4262978416211231,-5.058417833610673
2014-10-13,2014,-0.6437544782965496,-0.553872573722447
2014-10-14,2014,-0.7803965571018899,-1.2972735017488968
2014-10-15,2014,-0.5429721634168978,1.078157150762915
2014-10-16,2014,0.11304248838258579,1.1279070710206174
2014-10-17,2014,0.04696888524254914,1.5638655778068111
2014-10-20,2014,-0.31428264719216314,-0.4081660922021224
2014-10-21,2014,0.1471339414561093,1.3739450745495985
2014-10-22,2014,-0.026825995327128437,1.769950953441768
2014-10-23,2014,-0.08656836356407135,1.7981759394896546
2014-10-24,2014,0.2839844783310941,3.802331942711157
2014-10-27,2014,0.43112717421452007,4.3705333237518795
2014-10-28,2014,0.15877660447607042,2.4577280576277616
2014-10-29,2014,0.2212535139650597,0.6617488499137458
2014-10-30,2014,0.3154156448568291,0.033190557680140564
2014-10-31,2014,0.2608376621847156,-0.6923862030850936
2014-11-03,2014,0.051894641592743006,0.501062759443216
2014-11-04,2014,0.016366838303168315,0.5001568552415181
2014-11-05,2014,0.041612813718826164,-0.4870238546850203
2014-11-06,2014,0.08190636826816902,1.008320755098957
2014-11-07,2014,0.12560826456563637,0.788320381661034
2014-11-10,2014,0.15511504892571093,-1.8297278005034334
2014-11-11,2014,0.09692873777624758,-1.9378712306871493
2014-11-12,2014,0.2860590249373236,0.4965831179679192
2014-11-13,2014,0.050494310555657826,1.0934596193825197
2014-11-14,2014,0.29060788856612907,1.2095230037582727
2014-11-17,2014,0.10004709436664927,2.6781804941025777
2014-11-18,2014,0.4437242262807807,2.90290064306975
2014-11-19,2014,0.40319694204230405,1.7755856141306037
2014-11-20,2014,0.6721919332220376,0.9521008671783848
2014-11-21,2014,0.8293627201089381,1.0517481656002747
2014-11-24,2014,0.27350865152945375,-0.05064495583914086
2014-11-25,2014,0.16287253756794723,-0.8934604617693132
2014-11-26,2014,0.1121559560222678,0.579563031179342
2014-11-27,2014,0.1496957797268419,0.6524602004733149
2014-11-28,2014,-0.1435913097309589,0.21138220231518012
2014-12-01,2014,-0.0018109628144541644,0.7631302158107811
2014-12-02,2014,0.082432560526805,1.0416401488025695
2014-12-03,2014,-0.19737155674276002,-1.559628827956927
2014-12-04,2014,-0.1023854366277412,-2.298509177668351
2014-12-05,2014,-0.1214121074990675,-1.9468705500528372
2014-12-08,2014,-0.057018970743948426,-2.1949889466861494
2014-12-09,2014,-0.04459924757585252,-1.949742028064716
2014-12-10,2014,-0.05683124489981304,-2.256381640714944
2014-12-11,2014,-0.016723646582951092,-1.4916116262272516
2014-12-12,2014,-0.4635680226981254,-0.30806451076895724
2014-12-15,2014,-0.32053699947332187,1.2171656300114853
2014-12-16,2014,-0.1859654851958136,1.6400567093178164
2014-12-17,2014,-0.12071237873611049,4.053074410196222
2014-12-18,2014,-0.09138880208940335,3.154428104335927
2014-12-19,2014,0.21446298084115964,2.38401603641083
2014-12-22,2014,-0.06827058802291225,1.3578889499725078
2014-12-23,2014,0.12949510173814063,2.072719398617906
2014-12-24,2014,0.20845702448341993,0.8953667356833783
2014-12-25,2014,0.05898018149595472,1.622064266762746
2014-12-26,2014,0.01905670176495701,0.6516121540209863
2014-12-27,2014,0.1138846174910128,-1.8458534468731358
2014-12-29,2014,0.24388788418154478,-2.2203724203879283
2014-12-30,2014,0.2312210684744611,-0.32799514049304257
2014-12-31,2014,0.13418460875124483,-0.9850374868650924
2015-01-05,2015,-0.3734718520077084,-1.0330910459332654
2015-01-06,2015,-0.48262811176311315,2.0275542254159173
2015-01-07,2015,-0.6596092052698777,1.1028525047659166
2015-01-08,2015,-0.8644256760574566,-0.7895622768057775
2015-01-09,2015,-0.5711390267391481,-0.8386883950874391
2015-01-12,2015,-0.5800332918087288,-0.04619591863416206
2015-01-13,2015,-0.7081380927533256,0.21545094131156795
2015-01-14,2015,-0.6333015935785481,1.5193519116623477
2015-01-15,2015,-0.4675168468647627,2.2304199958756543
2015-01-16,2015,-0.3210147804526059,3.6401777575454375
2015-01-19,2015,-0.0768264351910956,3.3094398772190337
2015-01-20,2015,-0.22802130330648906,2.917304838359258
2015-01-21,2015,-0.39409837935878866,2.051673281679367
2015-01-22,2015,-0.07811376982923864,0.6125186909454072
2015-01-23,2015,-0.10253906065652259,-1.1512056881365584
2015-01-26,2015,-0.22233028563348073,-0.9567752411721475
2015-01-27,2015,-0.20313100427627817,-0.7652083318017366
2015-01-28,2015,-0.2498499702436887,0.031542689876484786
2015-01-29,2015,-0.35325395369529616,0.9032661850661317
2015-01-30,2015,0.10256228755694204,1.0069526410743102
2015-02-02,2015,-0.4132871737149416,0.36763648411259897
2015-02-03,2015,-0.3348957421126741,-0.5824063128060497
2015-02-04,2015,-0.14010705208856988,-0.543414281389798
2015-02-05,2015,-0.16684900797032465,-0.16547431941589252
2015-02-06,2015,-0.26144803941062245,0.7754717021038138
2015-02-09,2015,-0.27314610452033644,2.2063365706097793
2015-02-10,2015,-0.09479225440717703,3.255799099396395
2015-02-11,2015,-0.14413961504528494,1.689666906920384
2015-02-12,2015,0.0415568770315391,1.1062191524918719
2015-02-13,2015,0.4528630145776882,0.8002510097581128
2015-02-24,2015,0.7099900465087969,-0.07934060068313098
2015-02-25,2015,0.6028954745938991,-1.0768551910709245
2015-02-26,2015,0.207711715037772,0.24599619625653713
2015-03-02,2015,-0.0796290233600279,-0.39973503753636397
2015-03-03,2015,-0.06157807342555638,-0.7208167590937453
2015-03-04,2015,-0.026401565876493182,-1.0242440808461595
2015-03-05,2015,-0.12412200100918849,0.00948401734637283
2015-03-06,2015,-0.21879172676665565,-0.6885919942109298
2015-03-09,2015,-0.06811219561007417,-0.5235815613961359
2015-03-10,2015,0.03594739479787125,0.030514243650459072
2015-03-11,2015,-0.05328200085056119,1.3677154059883456
2015-03-12,2015,-0.24498979840325075,1.4665485619007823
2015-03-13,2015,-0.058281506237791415,1.7781999822535033
2015-03-16,2015,-0.03632719200118854,2.5773396363468093
2015-03-17,2015,-0.11470745988870487,2.0150029771139444
2015-03-18,2015,-0.37464730030651683,0.1491697769601119
2015-03-19,2015,0.08063929977502486,-1.2079003936639743
2015-03-20,2015,-0.35904602504074584,-2.5228494444438865
2015-03-23,2015,0.05766649423597771,-2.4207606201623433
2015-03-24,2015,0.09489758344275025,-1.4922428444890112
2015-03-25,2015,0.27865104764065496,-1.6567316553973366
2015-03-26,2015,0.39441852161370927,-0.19544407388618623
2015-03-27,2015,0.5309353664201809,1.4539569768469596
2015-03-30,2015,0.38886206102317494,0.526157151903961
2015-03-31,2015,0.20864793733487091,-0.19193777877918317
2015-04-01,2015,0.03254144157779169,1.1573825736301169
2015-04-02,2015,0.11205817063045613,0.689560347988416
2015-04-07,2015,-0.0010285113992997419,0.0033188479449108854
2015-04-08,2015,0.07041294879152563,-0.33336920195111697
2015-04-09,2015,0.1883681931386675,0.9284033093507116
2015-04-10,2015,-0.14623223195245375,-0.4862909011510097
2015-04-13,2015,-0.40543497622583063,-1.1759143931838967
2015-04-14,2015,-0.2122170547135767,-1.1225630612037407
2015-04-15,2015,0.1248064581632216,0.7645654220204134
2015-04-16,2015,-0.21895913526308455,1.4561654034899396
2015-04-17,2015,-0.07483858404823719,3.5769773679255934
2015-04-20,2015,-0.1676959379266454,4.399420068356563
2015-04-21,2015,-0.09350057401258698,4.435188662027834
2015-04-22,2015,0.0565150688132145,2.5052533028190993
2015-04-23,2015,-0.2724200444583136,0.23026305717075424
2015-04-24,2015,-0.3222296519458487,-0.6883695406565749
2015-04-27,2015,-0.06717674586020164,-1.5340234550471843
2015-04-28,2015,-0.28998510904812197,-1.392310604881264
2015-04-29,2015,-0.49348095044014767,-1.5194092043398277
2015-04-30,2015,-0.6452398603621434,-1.303964847429484
2015-05-04,2015,-0.4559277539256388,-1.8417395967919026
2015-05-05,2015,-0.4090434185386481,-1.4195331426365976
2015-05-06,2015,-0.34397687129939564,-0.9583222994031471
2015-05-07,2015,-0.42941298710171505,-0.9612421953172468
2015-05-08,2015,-0.41909123019000205,-1.1609574907139986
2015-05-11,2015,-0.24687836146570055,-0.5962507191847322
2015-05-12,2015,0.3143971345061455,0.37228597430152277
2015-05-13,2015,0.2965796901166229,-0.39900823828608045
2015-05-14,2015,0.5001171132365967,-0.33576704613441644
2015-05-15,2015,0.5708257078299356,0.6192402927925
2015-05-18,2015,0.5354413225773875,0.4067207295364472
2015-05-19,2015,0.4202893600716906,-0.48740476516373477
2015-05-20,2015,0.6047845452692553,0.08497404832681354
2015-05-21,2015,0.8359401676236932,1.4018808672702443
2015-05-22,2015,0.8447763128345753,0.6460347761132246
2015-05-25,2015,0.7404826408881054,-0.2019663728062837
2015-05-26,2015,0.9037993970724474,-0.5703553784563886
2015-05-27,2015,0.9252139433549547,-1.4135186938930455
2015-05-28,2015,0.8827531954563522,-3.749778643527546
2015-05-29,2015,0.8111528080024595,-3.720620508871708
2015-06-01,2015,0.6442908415965345,-2.6726395718125184
2015-06-02,2015,0.715489092567652,-4.393369848537477
2015-06-03,2015,0.7509068008054612,-2.699936797076763
2015-06-04,2015,0.7451967178333185,-0.49354825252470036
2015-06-05,2015,0.7028822660651327,-0.408987883466283
2015-06-08,2015,0.8154999949132968,-1.1629483275212626
2015-06-09,2015,0.7801180820321825,0.2274836349948295
2015-06-10,2015,0.6969695612048425,-1.1686831209334891
2015-06-11,2015,0.7765853373464019,-0.9042740169567409
2015-06-12,2015,0.2605111403433221,0.4282982133815283
2015-06-15,2015,0.45442404433119316,1.4218941020446074
2015-06-16,2015,0.32649346197127255,2.0029784712106258
2015-06-17,2015,0.5154635677170967,3.1176855284591687
2015-06-18,2015,0.5024340866508656,2.6490583476254326
2015-06-22,2015,0.40785147669023775,-1.1311560871226756
2015-06-23,2015,0.4869966420213717,-0.7253645457313884
2015-06-24,2015,0.533010499322671,-0.2349608558193772
2015-06-25,2015,0.7136922852603431,-1.0246571988763664
2015-06-26,2015,0.7627188607394767,-1.1026602709411915
2015-06-29,2015,1.2315721139058744,0.21502582258743352
2015-06-30,2015,0.7979552414578459,-0.7815064217388867
2015-07-01,2015,-0.15048860633414787,-4.25717555729298
2015-07-02,2015,-0.34737441397126534,-4.958930574332254
2015-07-03,2015,-0.10787665552120382,-3.4655057633761865
2015-07-06,2015,-0.18104276838563702,-2.3141845902531877
2015-07-07,2015,0.10268808992679943,-2.118449843029735
2015-07-08,2015,0.13799310769558434,0.736399175143787
2015-07-09,2015,0.422007489437048,1.4791123755206748
2015-07-13,2015,0.091013671190399,-0.6522085650526033
2015-07-14,2015,0.11747536338276558,-0.3959406133319243
2015-07-15,2015,-0.02418288286160281,-1.496543040798748
2015-07-16,2015,-0.10975067791449411,-2.7768653902087936
2015-07-17,2015,-0.040985695732418434,-3.0745148673775424
2015-07-20,2015,0.2580997640678626,-4.6609470752089095
2015-07-21,2015,0.4985842954420536,-4.7021083815606435
2015-07-22,2015,0.609081063734269,-3.982867458261863
2015-07-23,2015,0.677874962448667,-1.5883072919036567
2015-07-24,2015,0.7981305894572908,-1.169270494738739
2015-07-27,2015,0.6790702772060219,-0.3771322522286735
2015-07-28,2015,0.44822527838173165,-0.834606273936811
2015-07-29,2015,0.26066999987456096,-0.24767968162474618
2015-07-30,2015,0.4173578299584488,-2.334048817024581
2015-07-31,2015,0.2935005305739581,-2.574047873482166
2015-08-03,2015,0.08105414562912285,-0.6753546579763237
2015-08-04,2015,0.20524948337933813,-1.3714242743976701
2015-08-05,2015,0.157167400498,-3.0306932466428904
2015-08-06,2015,0.47563123545597213,-1.6310908497010446
2015-08-07,2015,0.3514820988675204,-1.6186366495346771
2015-08-10,2015,0.32346976849525727,-2.9930883304751243
2015-08-11,2015,0.4078509740455007,-2.5841837281722624
2015-08-12,2015,0.3650530893441411,-3.1574067590765975
2015-08-13,2015,0.41916262904177043,-3.391949218815793
2015-08-14,2015,0.24704282386175497,-6.245394695652584
2015-08-17,2015,0.2508234470875409,-9.777656566935578
2015-08-18,2015,0.4150720647417779,-6.133869456856978
2015-08-19,2015,0.5162313275296061,-3.8177026717062468
2015-08-20,2015,0.5835841990083446,-2.5562248670890075
2015-08-21,2015,0.6580788779562138,2.982694056186541
2015-08-24,2015,0.38021767792154326,10.317745204673479
2015-08-25,2015,0.20390681338917838,4.4546122538316135
2015-08-26,2015,0.13921592685904502,4.14355869091021
2015-08-27,2015,0.10605790190261304,3.468570077512445
2015-08-28,2015,0.014649641194272289,-0.23169451240649952
2015-08-31,2015,0.1602931576747662,-2.3041204072944965
2015-09-01,2015,0.006190138843326679,-0.20031031885012762
2015-09-02,2015,0.024438594028464263,3.1315609019711754
2015-09-03,2015,0.011025152158219587,2.1335359037543578
2015-09-04,2015,0.2164999895505691,3.8149638777091655
2015-09-07,2015,0.013996712254924024,4.015871664396187
2015-09-08,2015,-0.08830759362884838,3.2305192776354463
2015-09-09,2015,0.10466995791913987,0.5595565059153484
2015-09-10,2015,0.3851018426071354,2.1384308015305997
2015-09-11,2015,0.4004966561069616,1.8820537887890731
2015-09-14,2015,0.42746195557990224,-0.0030094049924822563
2015-09-15,2015,0.2662070524739367,1.2824470731804816
2015-09-16,2015,0.31109435441557237,-1.6784487279333904
2015-09-17,2015,0.32552972779867567,-3.8174175596471405
2015-09-18,2015,0.36689836502483575,-3.8972411234037607
2015-09-21,2015,0.20075673467479954,-1.5143781659893385
2015-09-22,2015,-0.33181654562853496,-0.8364889934400432
2015-09-23,2015,-0.11584674539380269,1.3621906359005287
2015-09-24,2015,-0.12875134871888383,2.8223215274956637
2015-09-25,2015,0.06577960129877641,3.2186268421796838
2015-09-30,2015,0.04899917515296527,3.8379267690472396
2015-10-01,2015,-0.348115164876151,1.8083544480794078
2015-10-02,2015,-0.5582491109678788,3.2352682651356934
2015-10-05,2015,-0.4378859987105733,2.5808274547552967
2015-10-06,2015,-0.37286830257569104,1.529764953955759
2015-10-07,2015,-0.27730001208257515,1.2511727169246756
2015-10-08,2015,-0.2401456970349682,1.882438467622416
2015-10-12,2015,-0.13892470243768906,0.673919838763104
2015-10-13,2015,-0.16549486763079285,1.0000093371553387
2015-10-14,2015,-0.18936119364276063,1.0175406071685433
2015-10-15,2015,-0.2942139685777048,0.08068341409424029
2015-10-16,2015,-0.38366576374520034,0.8002370728475983
2015-10-19,2015,-0.43972174693014454,1.3191218212361688
2015-10-20,2015,-0.5513907089611457,0.5514467967088876
2015-10-21,2015,-0.2847058443859685,0.6592924105872422
2015-10-22,2015,0.04104971836555478,-0.43422400754605794
2015-10-23,2015,0.16807792090472998,-1.3777106023765806
2015-10-26,2015,-0.025317078643342445,-1.4932489914651903
2015-10-27,2015,-0.09430793817030593,0.1364160839964601
2015-10-28,2015,-0.11170799970541301,2.204364417683391
2015-10-29,2015,0.19816701208223156,3.2562990894963173
2015-10-30,2015,0.12895108588756626,1.6279512900514437
2015-11-02,2015,-0.2868831919882953,0.321656875343157
2015-11-03,2015,-0.30215149887321024,-2.023254399364649
2015-11-04,2015,-0.15870461545859585,-4.990504707000776
2015-11-05,2015,-0.1521191313179097,-4.7692815287372685
2015-11-06,2015,-0.39278186192027176,-4.187807770570662
2015-11-09,2015,-0.11080790527673827,-4.015976895520734
2015-11-10,2015,-0.12723630243233403,-1.3761435649943143
2015-11-11,2015,-0.05273393343021349,-0.8857981155102723
2015-11-12,2015,-0.056854537774617464,0.5826942996574713
2015-11-13,2015,0.06418446145543286,1.6321507893631182
2015-11-16,2015,-0.230856634660004,2.2944041275887894
2015-11-17,2015,-0.41374177511997445,-0.2289943962885843
2015-11-18,2015,-0.30144718033985424,0.547451162824153
2015-11-19,2015,-0.702333852095302,0.09083187845042584
2015-11-20,2015,-0.41181224773709657,-0.7920429510540061
2015-11-23,2015,-0.18016957167939204,-1.9458549824234228
2015-11-24,2015,0.07294645492205937,0.751892230367579
2015-11-25,2015,0.07299141880102304,0.8498556545152525
2015-11-26,2015,-0.3440702372175942,-0.33989793633395493
2015-11-27,2015,-0.2545080265064917,0.0023814059820992384
2015-11-30,2015,0.392752643811634,1.6063726097004905
2015-12-01,2015,-0.4791378806943595,-1.4112698356432918
2015-12-02,2015,-0.3902116741988997,-2.6932627048501745
2015-12-03,2015,-0.2794177922512523,-2.8369004004228815
2015-12-04,2015,-0.16884174918087602,-3.366156264139264
2015-12-07,2015,-0.34850676338567543,-4.898234856468986
2015-12-08,2015,-0.042782067976052045,-3.2420246744312653
2015-12-09,2015,0.053378076001690665,-0.5463192711206655
2015-12-10,2015,-0.05876791114127496,1.2597110332429828
2015-12-11,2015,-0.21927197919821312,1.7426308143653868
2015-12-14,2015,-0.21844182783269844,3.0100147260751164
2015-12-15,2015,-0.4350782055597241,2.7174592950881538
2015-12-16,2015,-0.6961106490440667,1.6010439040839985
2015-12-17,2015,-0.6340980033870482,0.05637242823333111
2015-12-18,2015,-0.39231168473495426,1.283225065759841
2015-12-21,2015,-0.5811525992243858,0.9214976268296704
2015-12-22,2015,-0.20750886608299682,0.014108726428174734
2015-12-23,2015,-0.11650558880199961,-0.42942867106798843
2015-12-24,2015,-0.07131635344980496,0.1645772167469861
2015-12-25,2015,-0.37999706291567376,-2.977539912570193
2015-12-28,2015,-0.27145313921858205,-3.390325286026541
2015-12-29,2015,0.04287508479915664,-3.6595526114944543
2015-12-30,2015,0.01491340561660156,-5.1682429568151615
2015-12-31,2015,0.08048511920043887,-5.326059059301558
2016-01-04,2016,-0.20245746397016365,-4.015646528457307
2016-01-05,2016,0.1514658531871073,-3.797595326874803
2016-01-06,2016,0.33005367185349144,-2.0747422841688623
2016-01-07,2016,0.43949813602595816,-1.3904631396092326
2016-01-08,2016,0.4863727171359173,-1.6716557068243265
2016-01-11,2016,0.4489050890595343,0.2922287190469941
2016-01-12,2016,0.3954451481349458,1.112577155030925
2016-01-13,2016,0.8419473721588295,-1.6037860033918605
2016-01-14,2016,0.8441688805506613,-1.0186132291860384
2016-01-15,2016,0.8774412638491162,-0.07510941109325486
2016-01-18,2016,0.6915580831861355,1.0621954685463564
2016-01-19,2016,0.6260212365641526,-0.33367791742203723
2016-01-20,2016,0.9382220252035284,1.957496441151707
2016-01-21,2016,0.8871491492899221,3.145742241985605
2016-01-22,2016,0.6954353220221027,4.182729126967133
2016-01-25,2016,0.616942753394175,3.1803297378438566
2016-01-26,2016,0.5069867075309191,4.193432600939873
2016-01-27,2016,0.49289837392946845,3.5849183995067424
2016-01-28,2016,0.5842776310849381,1.9974446876067198
2016-01-29,2016,1.0725915162966166,-0.1743682399821811
2016-01-30,2016,0.8659694299516845,0.8208505366958052
2016-02-01,2016,0.7268866671034588,0.7023449912712643
2016-02-02,2016,0.9153183610248664,2.255867493764785
2016-02-03,2016,0.6933221341086722,3.249906982512729
2016-02-15,2016,0.8315247923644129,3.2253105742136245
2016-02-16,2016,0.7559810381540883,1.4925591233391877
2016-02-17,2016,0.7764141248355388,0.8352558054600223
2016-02-18,2016,0.6061175429747123,0.615658829514576
2016-02-19,2016,0.5335519000958117,1.034469504050417
2016-02-22,2016,0.45664439976820875,1.9096446602967942
2016-02-23,2016,0.3716469590372779,2.5125260359175616
2016-02-24,2016,0.4686072244621111,3.971212841941063
2016-02-25,2016,0.4251893791004881,3.319324014506564
2016-02-26,2016,0.40412151945047914,2.953100404700404
2016-03-01,2016,0.08555539382938929,2.104955519232954
2016-03-02,2016,0.18825760994654944,1.0540668652454288
2016-03-03,2016,0.43529163030676266,0.5679423209344447
2016-03-04,2016,0.3574471008693654,0.7241237685904567
2016-03-07,2016,0.3375812395929722,1.0202608680589753
2016-03-08,2016,0.4292489880553255,-0.613205206184908
2016-03-09,2016,0.49320369027891325,0.7531754865295781
2016-03-10,2016,0.3693327917126546,0.8525869733393421
2016-03-11,2016,0.4768060779097083,1.2011063456365267
2016-03-14,2016,0.16512632364138433,0.7407492083814526
2016-03-15,2016,0.48229020417981233,2.0264354014200237
2016-03-16,2016,0.265596859040116,0.7696163068993123
2016-03-17,2016,0.19612383439362507,0.10120739042924765
2016-03-18,2016,0.17771980874452722,-1.2001302959693372
2016-03-21,2016,0.116716001188279,-1.3872025599419024
2016-03-22,2016,0.15215427856226116,-1.9159586964241804
2016-03-23,2016,0.258322987654424,-0.3313906199913452
2016-03-24,2016,0.29959619574735225,0.01658397553350177
2016-03-25,2016,0.5257633264144412,-0.5447462771267508
2016-03-28,2016,0.5570124906462296,-2.0384444994217987
2016-03-29,2016,0.5966549662926219,-1.4749313884198756
2016-03-30,2016,0.4195111612403509,-2.238057740378907
2016-03-31,2016,0.37071333785997235,-2.083974188177473
2016-04-01,2016,0.20553448385613252,-1.4596508250024454
2016-04-06,2016,-0.03507941180997146,1.6301551689709148
2016-04-07,2016,0.21213408869215308,2.0901622449279955
2016-04-08,2016,-0.15467424499472987,1.8602119065737721
2016-04-11,2016,-0.01058653215708992,1.2078121222667493
2016-04-12,2016,0.14220544137394547,1.201943928038074
2016-04-13,2016,-0.24805676886687258,-1.5903690210908872
2016-04-14,2016,-0.1303597902909085,-1.1428624169474877
2016-04-15,2016,-0.03882324490790247,-1.8923289645636499
2016-04-18,2016,-0.17128047336650515,-1.2200539810131694
2016-04-19,2016,0.10386165256492874,-0.6040270011072768
2016-04-20,2016,0.16613418564931406,0.5704400033824664
2016-04-21,2016,0.3010087659272004,-1.1061252355971884
2016-04-22,2016,0.3036396580354105,-1.8492809653516185
2016-04-25,2016,0.28940733529752766,-3.109244090146579
2016-04-26,2016,0.2804496617615061,-4.615705517754909
2016-04-27,2016,0.23262056141385493,-4.613893414145654
2016-04-28,2016,0.2938969189773707,-3.8641140352636993
2016-04-29,2016,0.3555673827709791,-2.9371322169039926
2016-05-03,2016,0.02263496897995763,-1.6617796704171295
2016-05-04,2016,0.19711689928685133,-0.6097389642867213
2016-05-05,2016,0.16200295325862152,-0.7334756781374963
2016-05-06,2016,0.16371124979867685,-1.138412777130604
2016-05-09,2016,0.17079417537695502,-0.789859109204194
2016-05-10,2016,0.11947573842730037,-0.19383812983599924
2016-05-11,2016,-0.2702863047679476,0.2964762106111962
2016-05-12,2016,-0.23798327870301125,-0.14886440019487024
2016-05-13,2016,-0.22086749250015597,0.9631609858338219
2016-05-16,2016,-0.04280333521175315,3.431503792949586
2016-05-17,2016,-0.21652496898209267,1.9676972365265888
2016-05-18,2016,-0.08457003015612394,2.898643084042507
2016-05-19,2016,-0.34349095416086056,3.682568385791485
2016-05-20,2016,0.11556514157761973,4.087312421445133
2016-05-23,2016,0.19751181350634592,2.2941024202942417
2016-05-24,2016,-0.02473694076883836,2.8302568711403797
2016-05-25,2016,0.03231883036290946,2.393463709773469
2016-05-26,2016,0.12570906926846273,1.9287310641258326
2016-05-27,2016,0.13441354043934672,1.4621420410439567
2016-05-30,2016,0.25983434293982643,0.6525403971709753
2016-05-31,2016,0.2565696524805305,0.7207468962309616
2016-06-01,2016,0.08405142132298407,0.962410842650363
2016-06-02,2016,0.0975876284630001,1.8637170086091226
2016-06-03,2016,0.03339268917606105,-0.59552644817501
2016-06-04,2016,-0.053524740578382114,-0.17982743549780356
2016-06-06,2016,-0.0011366481822236818,0.1077106143808848
2016-06-07,2016,0.14788306798041995,-2.140116821622373
2016-06-08,2016,-0.014069560845714332,-1.6912436262833452
2016-06-13,2016,0.06239201152150824,1.0508164035134993
2016-06-14,2016,0.12233351729483241,1.267822745017555
2016-06-15,2016,0.07192816901877719,1.276728748589706
2016-06-16,2016,0.242902050897414,2.1490109652066103
2016-06-17,2016,0.1515790468230713,-1.063131996900124
2016-06-20,2016,-0.10959098568510675,-1.9366050230004372
2016-06-21,2016,0.23002880293582964,-2.0649752154614065
2016-06-22,2016,0.3980458774941246,-1.487910511974766
2016-06-23,2016,0.4134640650406414,-0.11640397018214399
2016-06-24,2016,0.5345151841755029,3.0818722211539695
2016-06-27,2016,0.8384998824616258,3.5667884717462073
2016-06-28,2016,0.8621391265121314,2.4755717176277336
2016-06-29,2016,0.7130649075804475,-0.12589442104870008
2016-06-30,2016,0.4757633184158185,-0.2961952696450054
2016-07-01,2016,-0.39983778758565414,0.5519418097923667
2016-07-04,2016,-0.2834819713840229,0.9232265443612109
2016-07-05,2016,-0.33168188642673696,1.6255032371240707
2016-07-06,2016,-0.14322833502869875,3.3887415094889795
2016-07-07,2016,-0.19607700547230894,3.5753178773994865
2016-07-11,2016,-0.4920812148938481,2.5236528435196304
2016-07-12,2016,-0.760264206872382,2.1875346379444327
2016-07-13,2016,-0.5460544550494522,1.6926420366345951
2016-07-14,2016,-0.4537353505073294,2.1451869763916553
2016-07-15,2016,-0.3881140299877155,0.7071626898774719
2016-07-18,2016,-0.2956523416761791,-0.18361028439610738
2016-07-19,2016,-0.4225579778937262,-0.11156773700119471
2016-07-20,2016,-0.4486527261397275,0.6184722370244033
2016-07-21,2016,-0.22887739607325797,0.22171773830239605
2016-07-22,2016,-0.2837183831383844,-0.31875683723984194
2016-07-25,2016,-0.3540254250188125,0.9902498645968816
2016-07-26,2016,-0.28618434923792296,0.4872135528915189
2016-07-27,2016,-0.25438194525180136,-0.6805400628241753
2016-07-28,2016,-0.23430030452583175,-0.5721280121278371
2016-07-29,2016,-0.18314001351744844,1.1988544601148066
2016-08-01,2016,-0.4539774046067066,0.7659092736140849
2016-08-02,2016,-0.26023618835261547,0.9518390606874538
2016-08-03,2016,-0.43676422962527306,2.20746946968966
2016-08-04,2016,-0.43239697761764917,1.1869633484067776
2016-08-05,2016,-0.3258016907873929,0.6408846341667163
2016-08-08,2016,-0.2636958514824747,-0.01912513961351836
2016-08-09,2016,-0.31491453961035265,-0.4884719740297139
2016-08-10,2016,-0.18621053072358779,-0.8990893893974339
2016-08-11,2016,-0.09645590105831243,-0.10217010172112184
2016-08-12,2016,-0.13665858118629917,-1.2690169490043535
2016-08-15,2016,-0.25883361684730255,-1.8221546459478155
2016-08-16,2016,-0.012457615390833265,-0.8718645585904405
2016-08-17,2016,-0.04437753607377701,-1.1002774822597927
2016-08-18,2016,-0.044848362614220996,-0.07706220882434112
2016-08-19,2016,0.08638842627207252,1.0786704404450953
2016-08-22,2016,0.25237888480977816,1.429110613562301
2016-08-23,2016,0.35053163944545035,0.8817475055171498
2016-08-24,2016,0.4785945243489788,0.5707866364731418
2016-08-25,2016,0.2713064023825501,-1.2541317123527351
2016-08-26,2016,0.189433487745098,-1.5787825294687141
2016-08-29,2016,0.11055124485756136,-0.21997394121077152
2016-08-30,2016,0.1646594400608335,0.7824985511318827
2016-08-31,2016,0.4251387534707868,2.0975096070615207
2016-09-01,2016,0.34877057842359666,2.9078506635263235
2016-09-02,2016,0.3409287044319328,1.97306273678588
2016-09-05,2016,0.03667198643370231,-0.40087435493220136
2016-09-06,2016,0.18410977085072308,-2.5571099506090933
2016-09-07,2016,0.12729871939033144,-3.4370622535524586
2016-09-08,2016,-0.01312979320681546,-3.892845537407874
2016-09-09,2016,-0.03790614440466749,-0.13093461125514017
2016-09-10,2016,0.6620920930769054,1.1916688112802554
2016-09-12,2016,0.7658697470115009,3.1456143135286885
2016-09-13,2016,0.6586308472790543,3.2930947126832866
2016-09-14,2016,0.7941899051346918,4.294620491333712
2016-09-19,2016,0.02425972197391591,0.45493877336970634
2016-09-20,2016,-0.16937039641195234,1.193243960102941
2016-09-21,2016,-0.04545750799354697,-0.6680392263098023
2016-09-22,2016,-0.15480286852493727,-0.011477749408239646
2016-09-23,2016,-0.14470940452287034,0.03392707509839443
2016-09-26,2016,-0.05154063216809075,0.8457211469440562
2016-09-29,2016,0.028792652421465496,0.14464615085914012
2016-09-30,2016,0.2758301595092413,1.079542045522719
2016-10-03,2016,-0.20173678689654784,-0.1557254553724352
2016-10-04,2016,-0.10500149319947838,-0.3786700144383426
2016-10-05,2016,-0.12294191760626538,-0.5727825302946021
2016-10-06,2016,-0.11738489520984532,-1.2832402192516135
2016-10-07,2016,-0.13752803429320984,-0.9668879461158797
2016-10-11,2016,0.17043957017005298,0.02993550850234339
2016-10-12,2016,0.09752567407992489,0.33925599291009245
2016-10-13,2016,0.06837281382661484,1.0637617052294157
2016-10-14,2016,0.384915579742983,1.5427973512766258
2016-10-17,2016,0.3841441673482876,1.5941204548278076
2016-10-18,2016,0.1861060080055905,1.7681603195635054
2016-10-19,2016,0.07999373330609941,0.8429565305434483
2016-10-20,2016,0.3018793561771625,-0.18986309250379474
2016-10-21,2016,0.3566175642700343,0.003760784048267851
2016-10-24,2016,0.30214960303555516,-0.3473317243228635
2016-10-25,2016,0.29886863316948464,-1.203432900225332
2016-10-26,2016,0.42049183395733386,-2.3841491094555134
2016-10-27,2016,0.654073873543442,-2.497755267727997
2016-10-28,2016,0.5667087658870696,-2.565510394416204
2016-10-31,2016,0.4014446494302226,-1.0794263152682726
2016-11-01,2016,0.055082281886826776,-0.5960507726983533
2016-11-02,2016,0.36154121488882746,-2.1428946585199338
2016-11-03,2016,0.7504290134571715,0.9364450380323852
2016-11-04,2016,0.8541456474587527,-1.217337604693347
2016-11-07,2016,0.7571411858801614,-2.714301881207948
2016-11-08,2016,0.705871533068857,-3.1071567671248856
2016-11-09,2016,0.6127651489966792,0.2126755523749635
2016-11-10,2016,0.2249392086049926,-1.7145641803373635
2016-11-11,2016,0.5773500066343771,0.5696736684171144
2016-11-14,2016,0.482180837734796,1.126459666234192
2016-11-15,2016,0.24492262956881863,2.2658080870851194
2016-11-16,2016,0.3003511609400919,2.41022871565304
2016-11-17,2016,0.30078278382829365,1.7436961244033045
2016-11-18,2016,0.21622551987065125,1.6681485526913065
2016-11-21,2016,0.09519218799998899,2.0034044492324377
2016-11-22,2016,0.13647817634982404,0.6458719051743111
2016-11-23,2016,0.3525569003517337,0.6807412758233378
2016-11-24,2016,0.32472919005780776,1.2174241786866657
2016-11-25,2016,0.09957031110044517,0.3321297904699927
2016-11-28,2016,0.0446024522685283,-0.6677336525616306
2016-11-29,2016,-0.02638962484829869,0.6352000243680322
2016-11-30,2016,0.010841310039218937,0.2508465258622028
2016-12-01,2016,-0.0624083204645103,1.2126046982090077
2016-12-02,2016,-0.5577526224307956,2.2111129126861195
2016-12-05,2016,-0.4006700229666196,2.066226669257465
2016-12-06,2016,-0.46493511730075154,1.4200980026527477
2016-12-07,2016,-0.15398952106474048,1.1294391448948726
2016-12-08,2016,0.10862781804705965,-0.16542482502938105
2016-12-09,2016,0.02474220014262334,-0.7016101900628957
2016-12-12,2016,-0.2902580627645488,-1.1831091964226603
2016-12-13,2016,-0.3214509568139348,-1.489319067931194
2016-12-14,2016,-0.2999676005895372,-1.7533185604556523
2016-12-15,2016,-0.13883301294797817,-2.5811000657026795
2016-12-16,2016,-0.02192933761483365,-2.6605109158788
2016-12-19,2016,-0.002239429482934637,-1.3938255196269678
2016-12-20,2016,0.1714125970649488,-1.440533367379282
2016-12-21,2016,0.23288726941429944,-0.03107256857151075
2016-12-22,2016,0.4442995019422014,0.3765867032213821
2016-12-23,2016,0.32652619214451784,1.9260594097794348
2016-12-26,2016,0.2396719696614638,1.7818921820221156
2016-12-27,2016,0.2361037280820808,1.950650271646337
2016-12-28,2016,0.17768728862684086,1.7034364335861918
2016-12-29,2016,-0.0748608280278456,2.394054903863063
2016-12-30,2016,0.035318774670916556,0.9609337007618679
2017-01-03,2017,-0.6067955899547511,0.8277902873756515
2017-01-04,2017,-0.6785993596914544,0.6329304745578801
2017-01-05,2017,-0.23646449031515168,0.5560934117249783
2017-01-06,2017,0.3729103205144139,0.07052758044518992
2017-01-09,2017,0.12271256176912745,-0.5361565846964678
2017-01-10,2017,0.49854913740995344,0.052301478987448746
2017-01-11,2017,0.3821314365584011,-0.04033923477435586
2017-01-12,2017,0.1901169050649994,-0.9783022216365622
2017-01-13,2017,0.04890484453471087,-0.5050736605738737
2017-01-16,2017,0.18742326002488707,1.4175131533210594
2017-01-17,2017,0.19510220297396635,0.9986605420047923
2017-01-18,2017,0.1614449121786793,0.9312810895346413
2017-01-19,2017,0.2331615764966327,1.4749756388627633
2017-01-20,2017,-0.5796174240432104,2.2134799913411385
2017-01-23,2017,-0.5108431002066706,1.3848610735299527
2017-01-24,2017,-0.17741487100810943,1.0086844236051107
2017-02-02,2017,-0.5106465419699415,1.7097307553211039
2017-02-03,2017,-0.7902644048470882,2.221232798480477
2017-02-06,2017,-0.737399100308272,1.8065613267337577
2017-02-07,2017,-0.29959982717863887,1.7187604662067146
2017-02-08,2017,-0.18937946342888815,2.6878683886516708
2017-02-09,2017,-0.07805361134209068,1.8880771789476336
2017-02-10,2017,-0.18353860126388094,0.9742809285310017
2017-02-13,2017,0.009180173934506925,0.7167631962695431
2017-02-14,2017,-0.08208525421882801,0.3541596784781609
2017-02-15,2017,-0.5117624588180728,-0.365621198886501
2017-02-16,2017,-0.34721352525819027,0.07706281182040531
2017-02-17,2017,-0.17451405144839138,0.09785076682213845
2017-02-18,2017,0.08313187339214287,-0.3011272075845284
2017-02-20,2017,0.12678838127920575,-0.8040438010089024
2017-02-21,2017,0.051480272434927324,-0.7387394215239262
2017-02-22,2017,-0.10793681236497277,-1.3352381380908662
2017-02-23,2017,-0.12389741813803082,-0.8872683945949089
2017-02-24,2017,0.29087273995058505,-0.12717335677151498
2017-03-01,2017,0.371682191066031,0.813145105108326
2017-03-02,2017,0.3773458550988868,-0.34245444602651887
2017-03-03,2017,0.22028436073926755,-0.21060901452185643
2017-03-06,2017,0.09190065707979497,0.15192153371554884
2017-03-07,2017,-0.17569194940615795,0.06305150815304472
2017-03-08,2017,-0.16982209443614504,-0.13472156006337777
2017-03-09,2017,-0.006559390438709489,1.855546502032901
2017-03-10,2017,0.02289758629822833,2.91652688179862
2017-03-13,2017,-0.2297588038943827,2.2235994612955556
2017-03-14,2017,0.030864522403196183,2.342724551297648
2017-03-15,2017,0.09421489809449987,1.872117006542906
2017-03-16,2017,-0.04185702774854646,0.9444155875838467
2017-03-17,2017,-0.1539607859460154,-0.05762618469243863
2017-03-20,2017,-0.21053394571669823,-0.36517814539940296
2017-03-21,2017,-0.07637985402262708,-0.9630493487584268
2017-03-22,2017,0.0355282998020445,-0.6692761819915183
2017-03-23,2017,0.09696342180801759,-0.8316600776981375
2017-03-24,2017,0.22215183272089695,-0.9235603828342542
2017-03-27,2017,0.25934302764508627,0.7361718456539768
2017-03-28,2017,0.23040272296950018,0.21617079011182483
2017-03-29,2017,0.13276111867335394,0.1736968928345073
2017-03-30,2017,0.16788915021553003,0.34920264212061625
2017-03-31,2017,0.19495082633609795,0.21301490492808828
2017-04-05,2017,-0.13742186004394252,-1.324692345730627
2017-04-06,2017,-0.07290836792945468,-0.617510962031953
2017-04-07,2017,0.041415447033594364,-1.4224120031964826
2017-04-10,2017,-0.04212048351229707,-1.681146749722251
2017-04-11,2017,0.009585561665998794,-0.8732336494982951
2017-04-12,2017,0.2134576094585952,-1.8104073467458681
2017-04-13,2017,0.19001638072724292,-2.0737687919094583
2017-04-14,2017,-0.10381438689763926,-0.1594586624993788
2017-04-17,2017,-0.11476838464315206,0.015952410357766844
2017-04-18,2017,-0.10473297665590184,0.9762418740560719
2017-04-19,2017,-0.17970616327364808,2.245968335902515
2017-04-20,2017,-0.09659358477386577,2.366213383800364
2017-04-21,2017,-0.10998564594866651,1.5908559996953953
2017-04-24,2017,-0.10468474393125445,2.2980155279662906
2017-04-25,2017,-0.07061638896848406,1.1544741716632556
2017-04-26,2017,-0.00535614781699139,1.1280937863023643
2017-04-27,2017,0.007921441267886931,0.3987578874350639
2017-04-28,2017,0.02636712100069667,0.6609602917341917
2017-05-02,2017,0.010103142595591636,-0.2594235947721013
2017-05-03,2017,-0.18316684787325263,0.13048286696673017
2017-05-04,2017,-0.18324549667621878,0.3394986175263126
2017-05-05,2017,-0.06002130784497396,0.8775810762489344
2017-05-08,2017,0.030025249051446302,1.0019874713829147
2017-05-09,2017,0.22371565691465634,1.169988744871664
2017-05-10,2017,0.08807368664789911,0.4549412538923381
2017-05-11,2017,0.05713647266430415,-0.32025260261480115
2017-05-12,2017,0.27380008495239394,-0.3925173378512725
2017-05-15,2017,-0.0399616513879423,-0.3941487443233971
2017-05-16,2017,-0.16974129787447056,-0.23575759931974138
2017-05-17,2017,0.06892231231876006,0.3070802213374302
2017-05-18,2017,0.019254426338606488,1.39466068840306
2017-05-19,2017,-0.09541553513287279,1.5514263713330312
2017-05-22,2017,0.23615081874480817,0.4347191130369632
2017-05-23,2017,0.07677226405461317,0.7951765815600531
2017-05-24,2017,-0.12930161388145,1.0763189910417914
2017-05-25,2017,-0.11434869699276136,0.49127020949717437
2017-05-26,2017,0.03084889660076724,1.2362959626606607
2017-05-31,2017,0.16083130313846902,1.647889792763868
2017-06-01,2017,-0.09729459388497688,1.2150777899601728
2017-06-02,2017,-0.11522970555987869,0.7214950362126382
2017-06-03,2017,-0.11142631141782586,0.40853895640446947
2017-06-05,2017,-0.110293664304559,-1.142875022978762
2017-06-06,2017,-0.16561004178624628,-0.7645367806564329
2017-06-07,2017,-0.11839195194393666,-1.3470140519236562
2017-06-08,2017,-0.18707505295219518,-1.343956157867665
2017-06-09,2017,-0.1285511479742984,-0.4207987528983881
2017-06-12,2017,0.10152024818645404,1.3911034267197975
2017-06-13,2017,0.39283201657695993,1.9382611829406038
2017-06-14,2017,0.4405162061069697,2.7526542671800103
2017-06-15,2017,0.2830425911822598,3.079889179102624
2017-06-16,2017,0.17603624333964293,2.1756017930968152
2017-06-19,2017,0.04794683140077421,2.569215460558394
2017-06-20,2017,0.13536312718464347,1.8170441843931906
2017-06-21,2017,0.2557176995491843,0.39450342617963763
2017-06-22,2017,0.35986591936091916,0.21723117281753357
2017-06-23,2017,0.10259151929397521,0.1673781281015918
2017-06-26,2017,0.1564423943091744,-0.9622444825736265
2017-06-27,2017,0.07072911608416313,-1.5627764681708345
2017-06-28,2017,0.11003628392642162,0.1370476057571679
2017-06-29,2017,-0.008675347293044663,-0.5128746407718432
2017-06-30,2017,0.22826191607580865,-0.9410230041740908
2017-07-03,2017,-0.019210657608094085,-1.1800871812453817
2017-07-04,2017,0.21556723006732498,0.6551163631232981
2017-07-05,2017,0.04323804599362978,0.15271812309523014
2017-07-06,2017,-0.011763291405347487,0.8868463185509379
2017-07-07,2017,0.1278748569685217,1.424263759741673
2017-07-10,2017,-0.06958972773608017,1.6290715856601468
2017-07-11,2017,-0.16532615872405976,0.6306903990852097
2017-07-12,2017,-0.039670351936503326,0.8197161797502739
2017-07-13,2017,-0.10121809839806813,0.37485122106279967
2017-07-14,2017,-0.04785226765650892,-0.06903544745214818
2017-07-17,2017,-0.005935051787618041,0.03576366908468742
2017-07-18,2017,-0.12661410285401808,-0.1727845697940933
2017-07-19,2017,-0.20710060891330545,-0.827995164713835
2017-07-20,2017,-0.20679901884978363,0.08581475442313025
2017-07-21,2017,0.008144503544378328,-0.1307884676190918
2017-07-24,2017,-0.020669016048862395,-0.3245300766254289
2017-07-25,2017,-0.0591189301932152,-0.2471531039887509
2017-07-26,2017,0.023073408467818735,0.9613105150056089
2017-07-27,2017,-0.13377102252452305,-0.36627945152294394
2017-07-28,2017,-0.03447375063163049,0.8012050215627786
2017-07-31,2017,-0.08258629888085714,1.4581872828422826
2017-08-01,2017,-0.1360027592954157,1.2616301741160685
2017-08-02,2017,-0.29947574255206466,-0.46476609118314416
2017-08-03,2017,-0.07327304417492327,-1.3385062675025816
2017-08-04,2017,-0.3259644549185913,-1.6845665945847133
2017-08-07,2017,-0.24980877763430748,-3.3470770498838176
2017-08-08,2017,0.05432441121906456,-2.4393105477638732
2017-08-09,2017,0.3189228368904101,-1.7190398056231015
2017-08-10,2017,0.23478493713010568,0.383649540065889
2017-08-11,2017,0.30244702501540016,-0.07977098756288825
2017-08-14,2017,0.28793709516944455,0.9888237779307696
2017-08-15,2017,0.21604306939701673,0.7846837795165706
2017-08-16,2017,0.11838491542404675,1.131346819702661
2017-08-17,2017,0.11326007281765862,1.1533005380268913
2017-08-18,2017,0.006303156608002425,1.8813466869095352
2017-08-21,2017,0.3139527673138493,1.9328148559176972
2017-08-22,2017,0.39176032043949516,1.005574442820345
2017-08-23,2017,0.15180579229210267,1.5623423508260403
2017-08-24,2017,0.2477111434423292,0.9230657758252603
2017-08-25,2017,0.142904890844457,0.7542192437646866
2017-08-28,2017,0.1176657512569256,0.41696830128883366
2017-08-29,2017,0.08831877684485975,1.155329788683357
2017-08-30,2017,0.11273413047637086,-0.20379586353056478
2017-08-31,2017,-0.01304818222708165,-0.4465424371184801
2017-09-01,2017,-0.07332720999887031,0.14280563520665535
2017-09-04,2017,0.019421530491705558,0.021665356338340658
2017-09-05,2017,0.031749014383186454,-0.07054165442311744
2017-09-06,2017,0.21049122287845362,-0.14201932903926684
2017-09-07,2017,0.3301233940041118,0.14290445233717808
2017-09-08,2017,0.1773664453251583,-0.278417900178618
2017-09-11,2017,0.19647730426253895,0.5619476057872719
2017-09-12,2017,0.2810610658778728,-0.32242103229395136
2017-09-13,2017,0.3951028695591006,-0.1301638298357055
2017-09-14,2017,0.3576133061491763,0.23565485423415744
2017-09-15,2017,0.33147853346229617,-1.2355853884679302
2017-09-18,2017,0.3474837952736087,-2.781150855423986
2017-09-19,2017,0.38653528292981354,-3.017357939664178
2017-09-20,2017,0.5294515409165564,-1.8298972257316803
2017-09-21,2017,0.447918618536606,-2.665704962168336
2017-09-22,2017,0.7483503207854957,-1.1458724094900452
2017-09-25,2017,0.7147187624341348,0.46488497845855736
2017-09-26,2017,0.7372264174481827,2.0292443614227107
2017-09-27,2017,0.6655191468349303,1.381566970216963
2017-09-28,2017,0.6148993241077635,2.154334746441733
2017-09-29,2017,0.2036868567445373,1.9639029849156886
2017-09-30,2017,0.02668687140196984,2.4773833438945125
2017-10-02,2017,-0.2090355418504156,2.353332390522467
2017-10-03,2017,-0.09391275485419484,2.433197858510794
2017-10-05,2017,-0.06246167258591605,2.4332898851236795
2017-10-06,2017,-0.11024123015359603,1.8071151003388408
2017-10-11,2017,0.2769840373111161,0.7432439417020209
2017-10-12,2017,0.2578876711923338,0.456054461398292
2017-10-13,2017,0.07540242092110114,0.0446657944869866
2017-10-16,2017,0.07082555670852811,-0.3619754951871168
2017-10-17,2017,0.1756244063438087,0.19238749807659605
2017-10-18,2017,0.11019783296748353,0.2825485901487568
2017-10-19,2017,0.12863476883539088,-0.23726126340462006
2017-10-20,2017,0.04748539070137665,-0.18426900105135147
2017-10-23,2017,0.13062219274430859,0.20176596452237128
2017-10-24,2017,0.04066247095539053,0.4655717075368049
2017-10-25,2017,0.1334788640794386,0.5189492278083963
2017-10-26,2017,0.09932475314318705,0.5007098435363178
2017-10-27,2017,0.241845438537166,0.8559067933749942
2017-10-30,2017,0.06750879159697425,0.2725699948033178
2017-10-31,2017,0.02787573732077932,0.43117345142582586
2017-11-01,2017,-0.06300055779264965,0.11687561769180288
2017-11-02,2017,-0.050721245961006335,-0.41933501475179824
2017-11-03,2017,-0.15086202228814832,-0.6305106024848239
2017-11-06,2017,-0.23054648197530572,-0.9481568561280684
2017-11-07,2017,-0.2232227930542811,-1.4128708140150548
2017-11-08,2017,-0.248280932038472,-1.7408279331065146
2017-11-09,2017,-0.04746452647823923,-1.1005029195021554
2017-11-10,2017,0.11076377522757083,-0.28911724668698735
2017-11-13,2017,0.06464058568122222,-0.18130049644700108
2017-11-14,2017,0.16804470971632016,0.8614059087617143
2017-11-15,2017,0.25062394040780606,1.805533998391451
2017-11-16,2017,0.3388133830053355,2.1602742201441094
2017-11-17,2017,0.20641068707519322,1.4245480132017319
2017-11-20,2017,0.36074151322796744,0.8099732290626438
2017-11-21,2017,0.2378711442393286,-0.6695277218059958
2017-11-22,2017,0.21165657498738222,-1.0075222289673835
2017-11-23,2017,0.1694204153258231,-2.7097342409694636
2017-11-24,2017,0.35025729840175424,-2.3375520195612842
2017-11-27,2017,0.46142684920602167,-0.9284778154075912
2017-11-28,2017,0.4831767900449164,-1.3096019732755981
2017-11-29,2017,0.47646203117997643,-2.9834181947160254
2017-11-30,2017,0.7812846923441935,-1.938176818390147
2017-12-01,2017,0.7369879539199043,-1.9032354531021034
2017-12-04,2017,0.39465688234782,-1.671375096116745
2017-12-05,2017,0.38038470829463933,-1.1694118871754533
2017-12-06,2017,0.5176155402466216,0.7387010867891952
2017-12-07,2017,0.36213262321931833,1.759890148091503
2017-12-08,2017,0.4702168685443951,0.8926184436011564
2017-12-11,2017,0.45099527050791544,0.3191990138535994
2017-12-12,2017,0.490067034649836,0.23038738787046764
2017-12-13,2017,0.26662337087182025,0.32299655228398283
2017-12-14,2017,0.24832827261177096,-0.46536300496963223
2017-12-15,2017,0.24103503683682526,0.4368323128188356
2017-12-18,2017,0.25799584089320815,0.15200085280377973
2017-12-19,2017,0.33982809117018736,-0.4340166651699451
2017-12-20,2017,0.29487965184059733,-0.16992685053672796
2017-12-21,2017,0.4700583393973748,0.7500259796719755
2017-12-22,2017,0.33951525196078863,1.0020622039674354
2017-12-25,2017,0.12128235186691065,1.7889301866763407
2017-12-26,2017,0.2711218592308412,3.642902308693885
2017-12-27,2017,0.3161115627663747,3.4516200090209725
2017-12-28,2017,0.03686771429536142,2.9539234871740483
2017-12-29,2017,-0.04362547222654524,2.5640664257539747
2018-01-02,2018,0.19840562936639977,1.9061259129863117
2018-01-03,2018,0.24204537096697437,0.2732936045408252
2018-01-04,2018,0.1363443496971787,-0.3555287626179515
2018-01-05,2018,0.1561729353586135,0.03823599698524749
2018-01-08,2018,0.11664279929356562,0.3715731855346682
2018-01-09,2018,0.061843029702745966,0.6525031402057291
2018-01-10,2018,0.0834357628962158,1.6038090349170586
2018-01-11,2018,0.127732105194213,2.41913550896109
2018-01-12,2018,0.03344606047916439,2.452140581185547
2018-01-15,2018,0.04335988591674915,2.5113382151472408
2018-01-16,2018,0.041187618292981856,2.430341585875251
2018-01-17,2018,0.09630397773276866,1.3390520500145442
2018-01-18,2018,0.0847199143557912,0.8524536267214167
2018-01-19,2018,0.11198762429712024,-0.03362972329463698
2018-01-22,2018,0.005085332259710098,-0.0859193729043195
2018-01-23,2018,0.07499575747936123,-1.5669446046470692
2018-01-24,2018,0.20908869808701666,-0.4337276366192633
2018-01-25,2018,0.1992798975804279,-0.051048052337698824
2018-01-26,2018,0.16944367515739717,-0.18722358281526574
2018-01-29,2018,0.15938374245437234,-2.455575348361805
2018-01-30,2018,0.31612208396503066,-6.0737867864126605
2018-01-31,2018,0.4058385092623279,-4.9735270569778445
2018-02-01,2018,0.2333834657187268,-5.66053627830917
2018-02-02,2018,0.277336289095995,-6.781092966800073
2018-02-05,2018,0.6360141245970994,-4.797624757336982
2018-02-06,2018,0.9081977289296027,2.9838523644752035
2018-02-07,2018,0.8362679901941998,1.0504627760497431
2018-02-08,2018,1.137016244005529,2.5267558973150805
2018-02-09,2018,1.2862955372874691,4.482850049413067
2018-02-12,2018,1.217483275296006,3.784440974984382
2018-02-21,2018,1.052175842417602,0.665923744031427
2018-02-22,2018,1.1477697295542066,0.33566614583235843
2018-02-23,2018,1.177340149431286,-1.4048756085246694
2018-02-26,2018,0.9067136458559725,-0.4831729216458913
2018-02-27,2018,0.7957194170957221,-0.648607966181769
2018-03-01,2018,0.8002617268327177,0.34721610563528404
2018-03-02,2018,0.7800370136689649,1.5577430532511594
2018-03-05,2018,0.7965612909899021,3.375019966362558
2018-03-06,2018,0.5334574552714695,2.886500240163037
2018-03-07,2018,0.4392184617092859,2.7312355518495535
2018-03-08,2018,0.3778167944256473,1.8036188793743912
2018-03-09,2018,0.3862521085606895,1.4991504691288071
2018-03-12,2018,0.19536131111098734,0.4071949900473548
2018-03-13,2018,0.16900211388541225,-0.7641747246438402
2018-03-14,2018,0.1080457109307759,-0.251204841105912
2018-03-15,2018,0.027730116132967518,-0.11444440915011622
2018-03-16,2018,-0.042000278487684437,-1.8532422898700607
2018-03-19,2018,0.10147889996001999,-1.872471009966603
2018-03-20,2018,0.623330081573797,-0.21842111955127086
2018-03-21,2018,0.4629763475836933,-1.3205801071103918
2018-03-22,2018,0.6270723347285051,-1.453046746091169
2018-03-23,2018,1.011744220678752,0.7658456316124385
2018-03-26,2018,0.9463267107864535,0.7328379481644554
2018-03-27,2018,0.6866299989963641,-0.8967132347118767
2018-03-28,2018,0.9147432669966744,-0.40614191866853444
2018-03-29,2018,0.8749164807016715,0.43896691105964614
2018-03-30,2018,0.6493059358736716,0.19218390973225752
2018-03-31,2018,0.7623357284942204,0.4993822971585793
2018-04-02,2018,0.48769290176994795,0.6155247803370179
2018-04-03,2018,0.5003347660489058,1.3293868796741215
2018-04-09,2018,0.46100645949882085,0.5601490058777969
2018-04-10,2018,0.4868732239003718,-1.0682536573937584
2018-04-11,2018,0.6076290683386504,-1.1493509215401598
2018-04-12,2018,0.45980162679332254,0.14540920413790293
2018-04-13,2018,0.2573182030456377,-1.6963372939767796
2018-04-16,2018,0.3049467336979118,-2.3498911411240053
2018-04-17,2018,0.28245621987850456,-2.136358800974991
2018-04-18,2018,0.256225286490945,-2.6541567069725103
2018-04-19,2018,0.40049994122520055,-4.399146129600895
2018-04-20,2018,0.31155544116963985,-2.096131688464442
2018-04-23,2018,0.36838800790942183,-0.3669208469935348
2018-04-24,2018,0.34873431090804835,0.37156765442600825
2018-04-25,2018,0.5603036622533926,-0.43361865611359907
2018-04-26,2018,0.5438191846642247,0.38889916461524177
2018-04-27,2018,0.4955757523452773,0.48780349137673706
2018-04-30,2018,0.24329040201585514,0.31432142227159066
2018-05-02,2018,0.12086990143373626,0.7961344067743958
2018-05-03,2018,0.33347052743273975,2.3399827661310546
2018-05-04,2018,0.28664069973998885,3.130386718293665
2018-05-07,2018,-0.1327877917166351,3.2765954637993033
2018-05-08,2018,-0.12523977616142457,1.7149329646874323
2018-05-09,2018,-0.044864603349420384,1.8145720732293924
2018-05-10,2018,-0.03555765671457878,0.6840015204164329
2018-05-11,2018,0.09313645392096374,-0.2591403612493992
2018-05-14,2018,0.30529121812031246,0.12609120018554076
2018-05-15,2018,0.11973101237990066,0.5885203586663668
2018-05-16,2018,0.26631786448400424,-0.10451871380500188
2018-05-17,2018,0.4445727201763237,0.9518350423350697
2018-05-18,2018,0.37397678778017185,1.0290983894139183
2018-05-21,2018,0.21760177668014763,0.19669530010395508
2018-05-22,2018,0.46064562994500075,0.23211104031273244
2018-05-23,2018,0.4402942435769698,-0.5971791757990452
2018-05-24,2018,0.3803392509057657,-0.5666123857426264
2018-05-25,2018,0.3402295035932049,0.06196137923470957
2018-05-28,2018,0.4095706259766687,1.10786811154584
2018-05-29,2018,0.3270505422673752,1.2403184204477835
2018-05-30,2018,0.47273079760080866,3.517734219127866
2018-05-31,2018,0.5255649838380644,3.464748376085991
2018-06-01,2018,0.1979957460148656,1.8936750850299777
2018-06-04,2018,0.2753832295304517,0.35762185516898803
2018-06-05,2018,0.21943794388386312,0.4025185336001158
2018-06-06,2018,0.2747078948682395,-0.2554939683962476
2018-06-07,2018,0.2111066761456603,-2.113182393849844
2018-06-08,2018,0.2992383551461629,-0.618029798089359
2018-06-11,2018,0.35321451163804196,-2.197819939134804
2018-06-12,2018,0.30427855897871964,-1.9502386316835096
2018-06-13,2018,0.28427011021873316,-2.077648231797302
2018-06-14,2018,0.39960562779721853,-1.0414037432426637
2018-06-15,2018,0.2769536235147797,-2.7148664212845675
2018-06-19,2018,0.41567161891551035,-1.4858508518285185
2018-06-20,2018,0.6784707672856087,-2.071939996925165
2018-06-21,2018,0.6476594034379547,-2.6212244323452705
2018-06-22,2018,0.9873354392794583,-0.5722396341776737
2018-06-25,2018,0.6821872822443343,-0.07898791633212943
2018-06-26,2018,0.717178103557865,-0.2462258556697683
2018-06-27,2018,0.5827925250633481,0.19474760840778593
2018-06-28,2018,1.0188934049773903,-0.39861914648386954
2018-06-29,2018,0.6559622123094921,-2.1070581927874255
2018-07-02,2018,0.0019980103793522464,-0.5349816384206951
2018-07-03,2018,0.20724282331215838,0.3842019015054543
2018-07-04,2018,0.25381176440383635,-0.41998270824026296
2018-07-05,2018,0.4038107951240211,1.1927277250534996
2018-07-06,2018,0.253699918981156,2.4128605457663044
2018-07-09,2018,0.15609140735672772,0.9064128922005699
2018-07-10,2018,0.24620256803876073,0.20544971641431875
2018-07-11,2018,0.383314965636535,1.5512080353362823
2018-07-12,2018,0.24540410767626578,0.903301987823113
2018-07-13,2018,0.2511095533648402,0.6219315313855889
2018-07-16,2018,0.18426523955149895,1.1965851471464894
2018-07-17,2018,0.25662464631865955,2.0076092472485874
2018-07-18,2018,0.4649406450552527,1.1374724924048785
2018-07-19,2018,0.3660511843434824,1.617202165498588
2018-07-20,2018,0.45312590469320274,1.3142019244226422
2018-07-23,2018,0.3424731014130494,0.7915490152911042
2018-07-24,2018,0.3618355866539698,0.5649640440220871
2018-07-25,2018,0.3706433119416917,1.2068441945358943
2018-07-26,2018,0.2655894991511777,-0.7342009207482625
2018-07-27,2018,0.0957247703015059,-0.5719687462192313
2018-07-30,2018,-0.04494759934228868,-0.08555730980266407
2018-07-31,2018,-0.027715557083519176,-0.6698614787596813
2018-08-01,2018,0.0262485720660419,-0.20616085773007553
2018-08-02,2018,0.029969842081351505,0.8993784864640197
2018-08-03,2018,-0.09015445359065931,-0.261068628813077
2018-08-06,2018,-0.12297159139400941,-2.4961674875953577
2018-08-07,2018,-0.06980865002781127,-1.4495458617700963
2018-08-08,2018,0.056051844195043984,-3.2369472472404737
2018-08-09,2018,0.04121044061609893,-3.1208543289986346
2018-08-10,2018,0.09701809952195192,-2.66504486656568
2018-08-13,2018,0.5297527217972994,-0.46395358789534935
2018-08-14,2018,0.6194802527043427,-0.2959101940738451
2018-08-15,2018,0.47002918175070124,0.8160123171670586
2018-08-16,2018,0.5561477097863368,1.6775709244751358
2018-08-17,2018,0.68750838214566,1.107384182524318
2018-08-20,2018,0.6985489109038954,1.8988601791747772
2018-08-21,2018,0.5701142254490945,1.8286354960063589
2018-08-22,2018,0.3185298114080287,2.7338442457562673
2018-08-23,2018,0.32479626969875236,2.1229608777580733
2018-08-24,2018,0.4282054897842283,2.35527575663661
2018-08-27,2018,0.3926716995028065,0.5687837603568502
2018-08-28,2018,0.3783093140103039,0.2896387932171951
2018-08-29,2018,0.4034005507862613,-0.9409373516271358
2018-08-30,2018,0.3838590551529011,-1.5274366197183142
2018-08-31,2018,0.4489684675335588,-1.9608746974405178
2018-09-03,2018,0.2571511245904703,-2.174527690980299
2018-09-04,2018,0.28128567450811226,-2.4414365533172777
2018-09-05,2018,0.30677572979785506,-2.4789156653900357
2018-09-06,2018,0.27563605847053263,-1.8039599791290994
2018-09-07,2018,0.2628058274083556,0.1949849681801119
2018-09-10,2018,0.6045007414519563,0.9585298998676217
2018-09-11,2018,0.4675300598636376,0.07356565572016471
2018-09-12,2018,0.5378955977644344,1.2562286839815417
2018-09-13,2018,0.6277378739549081,0.9711733597582928
2018-09-14,2018,0.5153375918559424,0.9594097978126825
2018-09-17,2018,0.38522335573703936,1.3874356911921293
2018-09-18,2018,0.5930016026051736,1.9886228986237375
2018-09-19,2018,0.5319709821982299,1.6295072334021388
2018-09-20,2018,0.5205902479159823,1.6150251906261515
2018-09-21,2018,0.5826131490654676,0.723542047736081
2018-09-25,2018,0.5830462418243082,-0.5394007569098913
2018-09-26,2018,0.6208093397022535,-1.0046299544658854
2018-09-27,2018,0.680569147256802,-2.8573008077620643
2018-09-28,2018,0.655075426501875,-4.444892670951461
2018-10-01,2018,0.39017988341505416,-5.391610416402748
2018-10-02,2018,0.3038733698424986,-4.146660646926669
2018-10-03,2018,0.3102469287754971,-9.737075131121852
2018-10-04,2018,0.24192386985757594,-6.279556410120057
2018-10-05,2018,0.2643756533981619,-5.857116777216575
2018-10-08,2018,0.27273091832837915,-4.541250754356618
2018-10-09,2018,0.26758902959116365,-4.65938588856416
2018-10-11,2018,0.7122515814853335,1.5053879672979331
2018-10-12,2018,0.7614555928523001,-1.2597291806235589
2018-10-15,2018,0.6128595150195995,0.7389063055492695
2018-10-16,2018,0.49381135166846163,-2.062898878881081
2018-10-17,2018,0.5298873210689388,-2.2019933581450934
2018-10-18,2018,0.5011564343412422,-4.3495252533472195
2018-10-19,2018,0.650116404686817,-4.335807308206463
2018-10-22,2018,0.6826750562963191,-4.591409104216049
2018-10-23,2018,0.7677963991680432,-2.548183157377859
2018-10-24,2018,0.6680671820163931,0.4378342930917878
2018-10-25,2018,0.8973016822281668,3.402553779675843
2018-10-26,2018,0.758709285428567,4.398799474770221
2018-10-29,2018,0.829887713863053,3.924731408779869
2018-10-30,2018,0.7590992310176891,3.137062242615296
2018-10-31,2018,0.7329557179426113,1.083642024743603
2018-11-01,2018,0.5067213492653639,1.02156075223927
2018-11-02,2018,0.595138653550842,-0.7730207871729844
2018-11-05,2018,0.5793123178232974,-0.5925290779094872
2018-11-06,2018,0.5405733615130488,-0.4998498720095279
2018-11-07,2018,0.4247209618527615,-1.1754732119878764
2018-11-08,2018,0.3256462344661156,-1.195035649969689
2018-11-09,2018,0.03639592083130453,-0.3348928434457332
2018-11-12,2018,0.24042511397702543,-0.025632653559415353
2018-11-13,2018,0.6548286141309567,-0.32580320463510004
2018-11-14,2018,0.593924595614524,-0.5143036883621832
2018-11-15,2018,0.5488784347310067,-1.1372355863657924
2018-11-16,2018,0.7862582247061489,-1.3247811339897941
2018-11-19,2018,0.8653508968540715,-0.6443381569670059
2018-11-20,2018,0.8038970526384377,0.3553985584960673
2018-11-21,2018,0.9863998936715997,1.4657876799513803
2018-11-22,2018,0.91610534557263,1.756614453751082
2018-11-23,2018,1.0781621572857858,2.283264199931745
2018-11-26,2018,0.9275735067654848,3.814605913146063
2018-11-27,2018,0.576700455628109,3.11823140688563
2018-11-28,2018,0.7890821953086349,0.3280957396115669
2018-11-29,2018,0.6137597494722885,-2.0296681152735085
2018-11-30,2018,0.7401297550752248,-1.2858982021697107
2018-12-03,2018,0.4242286950903469,-4.836617553785949
2018-12-04,2018,0.3114750933871707,-3.7338077698903405
2018-12-05,2018,0.6682281811022129,-1.0113202524216547
2018-12-06,2018,0.7141846231816263,1.7970576330549548
2018-12-07,2018,0.6005739408593092,0.13605330666908166
2018-12-10,2018,0.42566399013193845,1.4510434784411386
2018-12-11,2018,0.3957560249037711,0.12135522260132703
2018-12-12,2018,0.497751245274217,-0.3386152835291978
2018-12-13,2018,0.4637481729870389,-1.868794858582623
2018-12-14,2018,0.5522305845769245,-0.997425865752144
2018-12-17,2018,0.8753952629464505,-1.4443889316303582
2018-12-18,2018,0.9423173346116069,-0.8140905994760583
2018-12-19,2018,0.8234222158472668,-2.61795463861042
2018-12-20,2018,0.7778702620567535,-2.021082182888667
2018-12-21,2018,0.9799626827588597,-0.36283142858029027
2018-12-22,2018,0.9497877932393399,0.8423040878442922
2018-12-24,2018,1.0353192874420643,-0.8875794889882549
2018-12-25,2018,1.2486045817187457,-0.36390965132060415
2018-12-26,2018,1.2200747118654196,-1.01782995867703
2018-12-27,2018,1.0274441978897884,-0.5316567028572194
2018-12-28,2018,0.995833335289316,-1.6840042724630688
2019-01-02,2019,0.48926334054268794,1.9276460257019457
2019-01-03,2019,0.40623628380838817,2.404760851289778
2019-01-04,2019,0.5228465137112688,4.016942161532455
2019-01-07,2019,0.53161352555367,1.2295757171308486
2019-01-08,2019,0.3067400971612744,2.535028650299065
2019-01-09,2019,0.8823191395484333,0.26185241587093344
2019-01-10,2019,0.6550872432223107,0.7042709931085023
2019-01-11,2019,0.748340244184601,0.785499108551746
2019-01-14,2019,0.599885081293662,1.8662535459641472
2019-01-15,2019,0.8286308333353023,0.9037287222976698
2019-01-16,2019,0.7130995592277803,0.8458788116524119
2019-01-17,2019,0.654323608626254,0.8986479929309565
2019-01-18,2019,0.666422259358422,1.3577591027301716
2019-01-21,2019,0.6410692368865399,1.253159949036342
2019-01-22,2019,0.6653696490593213,0.3732316219051457
2019-01-23,2019,0.6733391148054384,0.8719938251543713
2019-01-24,2019,0.6858936830136624,1.2871160824207806
2019-01-25,2019,0.8004620852581565,1.2852057402445993
2019-01-28,2019,0.7038414814895274,0.7714716283194534
2019-01-29,2019,0.8364539508094497,1.5850432810859072
2019-01-30,2019,0.7431028185334323,1.3342381290864402
2019-02-11,2019,0.5066575105096275,1.409700877127218
2019-02-12,2019,0.47661189503436335,0.5399227946055296
2019-02-13,2019,0.4940622186107664,1.8024731977745567
2019-02-14,2019,0.4145646255501082,2.2848624394266714
2019-02-15,2019,0.4305727022467397,2.564785320692553
2019-02-18,2019,0.35346157885859786,2.4213230191773905
2019-02-19,2019,0.45369031796847603,2.3570121332589844
2019-02-20,2019,0.42659320124392136,1.1361446041162626
2019-02-21,2019,0.2940366043881329,0.294102541491692
2019-02-22,2019,-0.0018398737785388863,-0.17107562588879466
2019-02-25,2019,0.09483453940812864,-0.32509120935277913
2019-02-26,2019,0.11510500514806807,-0.7686052610053284
2019-02-27,2019,-0.06875796651536643,-1.4189776469150095
2019-03-04,2019,-0.047495889242038576,-0.9623299980289435
2019-03-05,2019,-0.07516231648172929,0.3694229936944904
2019-03-06,2019,-0.0969953430913399,0.1561240302592859
2019-03-07,2019,-0.07242676171434867,0.3585254779046698
2019-03-08,2019,0.12956072765051974,1.928283740571679
2019-03-11,2019,0.2500946476069349,2.560125186824158
2019-03-12,2019,0.09635466743313358,1.6338065207239794
2019-03-13,2019,0.08160041843043157,1.7182541365734272
2019-03-14,2019,-0.0914043496423677,2.521101786223312
2019-03-15,2019,-0.10402172065827779,1.9142198091048668
2019-03-18,2019,-0.022955833430504766,-0.31599874437585607
2019-03-19,2019,-0.0141195264212283,0.44595293902773836
2019-03-20,2019,0.031284383240642775,-0.08396862644005632
2019-03-21,2019,0.040123376090718685,-0.6907927291920912
2019-03-22,2019,0.04607287915889828,0.018516656061118297
2019-03-25,2019,0.16692778860359875,1.556852057544833
2019-03-26,2019,0.24778573961050646,1.2415713311614285
2019-03-27,2019,0.11020466606938879,1.5335729936353903
2019-03-28,2019,0.2840726070256395,2.508575149056691
2019-03-29,2019,0.18633762261106573,1.9787539563802081
2019-04-01,2019,0.015986155229075368,2.1189311288656976
2019-04-02,2019,0.0633434849392083,1.1082008923977815
2019-04-03,2019,-0.1260908330481021,0.9427916422996896
2019-04-08,2019,0.027635349538262355,0.694685558262198
2019-04-09,2019,-0.08458803738816634,0.702661358693657
2019-04-10,2019,-0.1582688901905355,1.188059778398154
2019-04-11,2019,-0.141467529942092,1.417830150886723
2019-04-12,2019,-0.0876481335924472,1.5103699110621704
2019-04-15,2019,-0.0986589417124075,1.0308396778108575
2019-04-16,2019,-0.011948451618150693,0.8952355678381485
2019-04-17,2019,0.2496802461936854,0.2762506297022904
2019-04-18,2019,0.2729439965101365,0.7100881041997686
2019-04-19,2019,0.09508842854679511,-0.1461457811004263
2019-04-22,2019,-0.020778082577026936,-0.4427674192347575
2019-04-23,2019,-0.020927652551927182,-0.5255911653521683
2019-04-24,2019,-0.12577697669489923,-0.209927056015613
2019-04-25,2019,-0.05396389491546465,0.5112383671531884
2019-04-26,2019,-0.20516950805385262,-0.5053654563764942
2019-04-29,2019,-0.21755087003198087,0.4395258824798409
2019-04-30,2019,-0.13238084753731255,-0.40135926030272495
2019-05-02,2019,-0.29541803465707933,-2.4609954663959877
2019-05-03,2019,-0.23706215496615496,-3.454394708145958
2019-05-06,2019,-0.22681977659524746,-3.1093536640873887
2019-05-07,2019,-0.27203663972742953,-4.2585240563058235
2019-05-08,2019,0.13840889534894177,-3.323046840313415
2019-05-09,2019,0.14555139587857857,-2.4135267806817184
2019-05-10,2019,0.3070262870459619,-3.069917922074039
2019-05-13,2019,0.11585045623923403,-1.514260358448205
2019-05-14,2019,0.5160644529725968,-0.5204743684197988
2019-05-15,2019,0.3353412686994225,-0.9799530523989408
2019-05-16,2019,0.6715734829866448,-1.5870757956620851
2019-05-17,2019,0.5055055087791248,-0.5376483877770899
2019-05-20,2019,0.7890656360973143,-0.6181714319785536
2019-05-21,2019,0.6013538037411557,-1.4543456447990821
2019-05-22,2019,0.692098179228101,-1.4864371219119321
2019-05-23,2019,0.7449957353973387,0.7238777808712626
2019-05-24,2019,0.9236391593856815,1.6479994732907954
2019-05-27,2019,0.9073796170035706,1.605747169814986
2019-05-28,2019,0.9694539082155098,1.1327238998827704
2019-05-29,2019,0.9919671536854512,1.5515765236687296
2019-05-30,2019,0.9735135636012245,0.25243210289136453
2019-05-31,2019,0.9135573983064876,0.6475216912146475
2019-06-03,2019,0.6491702472483256,1.0256122102043186
2019-06-04,2019,0.7723663330521896,1.788645638366404
2019-06-05,2019,0.5501507103582408,0.9500440658330112
2019-06-06,2019,0.387169923506692,1.1093071513661013
2019-06-10,2019,0.548994766214671,-0.3400378745219368
2019-06-11,2019,0.4409195188245472,-0.3866980399254927
2019-06-12,2019,0.29075167642388744,1.5041928622431477
2019-06-13,2019,0.26223945111812563,2.121009259531048
2019-06-14,2019,0.22540148580781255,2.651864619033195
2019-06-17,2019,0.237220014354706,2.36369644861516
2019-06-18,2019,0.2804957997061687,1.324722667539846
2019-06-19,2019,0.3736533907601539,-1.1395464087444185
2019-06-20,2019,0.4520222276840505,-0.10301334908359161
2019-06-21,2019,0.41117070147226,-0.6751346983506767
2019-06-24,2019,0.3931071257160286,1.0762144636321747
2019-06-25,2019,0.4083582091166754,1.4794446852070653
2019-06-26,2019,0.32201638273499145,0.856320787041609
2019-06-27,2019,0.3911966619918766,0.01856338002024227
2019-06-28,2019,0.3477854690548273,0.5116100059361584
2019-07-01,2019,0.09348300626407284,-1.3238541557676342
2019-07-02,2019,0.1219388243738928,-1.494139043103071
2019-07-03,2019,0.04981100634079623,0.5092253464100471
2019-07-04,2019,-0.006775847434133184,0.6265833944264498
2019-07-05,2019,-0.14207096101733577,0.35806570348044797
2019-07-08,2019,-0.4827780167236376,1.1646120161246998
2019-07-09,2019,-0.3273442453636702,1.7123588450850935
2019-07-10,2019,-0.2599585615459497,0.27781687793095866
2019-07-11,2019,0.0005573857650584574,-0.40706714302313207
2019-07-12,2019,-0.0654845133545972,0.4512049222355152
2019-07-15,2019,-0.045539779903741126,0.6261245647698699
2019-07-16,2019,-0.1519982327694091,0.5622792472935734
2019-07-17,2019,-0.08074874643938389,0.9907207659800799
2019-07-18,2019,0.08952775805708998,1.3161062589357675
2019-07-19,2019,0.33267627861349575,0.17281037119740716
2019-07-22,2019,0.1501952383667644,-0.5372546833897984
2019-07-23,2019,0.1306469448133843,-1.0629143730942814
2019-07-24,2019,0.18608478788368066,-1.0237057140976114
2019-07-25,2019,0.22041841270069215,-1.916206412153465
2019-07-26,2019,-0.03349745260657096,-3.1485551754593666
2019-07-29,2019,0.0831853971748427,-4.247027989854601
2019-07-30,2019,0.21567162518486152,-4.026904504704132
2019-07-31,2019,0.16443476100996074,-4.043215836198155
2019-08-01,2019,-0.20202140220534304,-2.2108230251356997
2019-08-02,2019,0.027679220733759186,-0.7268907881665121
2019-08-05,2019,0.42665971051426466,-0.5828227038944034
2019-08-06,2019,0.6413052624714656,0.31727554775247135
2019-08-07,2019,0.6819432334524393,-0.5685439690049754
2019-08-08,2019,0.6592544108661355,-0.701320407185102
2019-08-12,2019,0.44766294937231577,0.1565072247325272
2019-08-13,2019,0.6713373921938501,1.5424611055462556
2019-08-14,2019,0.5308542915491482,0.9404731422850476
2019-08-15,2019,0.6832485166646254,1.962307049490053
2019-08-16,2019,0.2740400722038987,1.1248559384083423
2019-08-19,2019,0.30222379867867455,-1.2792754141341955
2019-08-20,2019,0.4530366064402546,-1.2855310049893154
2019-08-21,2019,0.45710102360815447,-0.8693875999923883
2019-08-22,2019,0.30363351734730504,-0.6396145028671141
2019-08-23,2019,0.4948777936775518,0.7585800489841033
2019-08-26,2019,0.6226455928970938,2.706824136588981
2019-08-27,2019,0.527007383465631,1.6460596328376154
2019-08-28,2019,0.4670155414118101,2.1373759019540195
2019-08-29,2019,0.4017592012059029,2.814833647632531
2019-08-30,2019,0.4963468911868337,1.5312604480107073
2019-09-02,2019,-0.1702880972406118,1.5636327733818511
2019-09-03,2019,-0.20189320749031642,1.8504083552041584
2019-09-04,2019,-0.006059014150978376,1.2483450326583378
2019-09-05,2019,-0.04521354268132318,0.6565070145478247
2019-09-06,2019,-0.0859190749354267,1.0898239807655141
2019-09-09,2019,-0.021928479518883014,0.6791875672382819
2019-09-10,2019,0.031545043632623795,1.6354553553328266
2019-09-11,2019,0.28219333871378094,0.9670677966887142
2019-09-12,2019,0.24243475334884673,0.9433343646531478
2019-09-16,2019,0.1149472998176609,0.1916842614283487
2019-09-17,2019,-0.007806236287027267,0.40011034990115046
2019-09-18,2019,0.0037726555901635753,-0.5101812076545476
2019-09-19,2019,-0.010050278236101634,-0.20844998026564587
2019-09-20,2019,0.044693990059039415,-0.915030526940841
2019-09-23,2019,0.018354551086756942,0.44536963939987295
2019-09-24,2019,0.00655479374174899,0.27358465507907326
2019-09-25,2019,0.034625456905550585,0.020416252440513816
2019-09-26,2019,0.05895574161875907,0.20686185325777817
2019-09-27,2019,0.12451410333912716,0.9730666095397078
2019-10-01,2019,-0.03859245761638505,0.45278614835446707
2019-10-02,2019,0.08241155993499039,-0.5290522000606535
2019-10-03,2019,0.3134754739607734,1.7565426709121423
2019-10-04,2019,0.2316165732689429,1.9947716641822266
2019-10-07,2019,0.10865654805236727,2.0829332440791326
2019-10-08,2019,0.36163947122707374,1.5391234339416693
2019-10-09,2019,0.5325372926585326,2.665390873795692
2019-10-14,2019,0.39458835495539696,1.0590090313952638
2019-10-15,2019,0.2871019598736985,1.4349610324160045
2019-10-16,2019,0.2617056196263413,0.6883559097468961
2019-10-17,2019,0.23404574398548744,1.1912168540290091
2019-10-18,2019,0.19319862822597006,1.0366522304570136
2019-10-21,2019,0.1456759169625117,1.1701380972179543
2019-10-22,2019,0.3111547780138239,0.5555728069202681
2019-10-23,2019,0.05076025418226521,1.25101537678598
2019-10-24,2019,0.18213054780102014,0.3407201677717797
2019-10-25,2019,0.03448000897825916,0.9154470738625298
2019-10-28,2019,0.11650985443583102,2.137247658422159
2019-10-29,2019,-0.1142187973326346,2.736576297416504
2019-10-30,2019,-0.06897262319638223,2.397041197580374
2019-10-31,2019,-0.18795349692468982,2.182025951890676
2019-11-01,2019,-0.2736669071463827,1.579100190972782
2019-11-04,2019,-0.23225235629937863,-1.1211532554285975
2019-11-05,2019,-0.2997967672634131,-1.0620034472600959
2019-11-06,2019,-0.43308741360051906,-1.5896240218242874
2019-11-07,2019,-0.4307390923200347,-1.345273707282768
2019-11-08,2019,-0.23211529377776174,-0.46582161294835833
2019-11-11,2019,-0.2216835682256857,1.5095455786503953
2019-11-12,2019,-0.2845394993666771,1.1807780479272667
2019-11-13,2019,-0.5129909852800754,1.4245938420782478
2019-11-14,2019,-0.4589623900651894,0.9418868478186848
2019-11-15,2019,-0.3086327262883307,0.3574651211216695
2019-11-18,2019,-0.3912512058553686,-0.32931659048707207
2019-11-19,2019,-0.2394647236235395,-0.6827150749802668
2019-11-20,2019,-0.22557404753661792,0.1397964096567783
2019-11-21,2019,-0.1453554775735333,0.5088131701370457
2019-11-22,2019,-0.17200644904583456,-0.6676868278175485
2019-11-25,2019,-0.11450411933207882,-0.5081485402514185
2019-11-26,2019,-0.13206553562354056,-0.39078088801587363
2019-11-27,2019,0.00855375991401857,-1.1761362563168287
2019-11-28,2019,-0.06478507768862671,-0.19307777858119657
2019-11-29,2019,0.16149769884881127,1.0450347576105967
2019-12-02,2019,0.022997876682277207,1.3730534138120865
2019-12-03,2019,0.060011521877585614,0.8347511789364548
2019-12-04,2019,0.17233331429218207,1.6532774074386358
2019-12-05,2019,0.03481463515588178,2.085185840021042
2019-12-06,2019,0.00013823569926537104,2.7398782391185206
2019-12-09,2019,0.0013308863586467975,2.39263787897368
2019-12-10,2019,0.02157496940800561,4.034885240938979
2019-12-11,2019,0.07449926569324775,3.6038653866369508
2019-12-12,2019,0.1291088742257249,1.541682366796704
2019-12-13,2019,0.12569520714852875,0.2628329112077443
2019-12-16,2019,0.012164331579472923,0.690633069146207
2019-12-17,2019,0.15035221448155786,-0.9971885614709852
2019-12-18,2019,-0.0858495699146194,-0.9430436916630036
2019-12-19,2019,-0.19863967773966823,-0.14884889632161835
2019-12-20,2019,-0.08751082280190331,1.1080283767647803
2019-12-23,2019,-0.12036261867893736,0.2590201651440749
2019-12-24,2019,-0.01982607413477565,0.17334119324872166
2019-12-25,2019,0.026439431256650475,0.7690622936294078
2019-12-26,2019,0.006772288729866913,0.9117565938200123
2019-12-27,2019,0.04345004948982051,-1.1431912593794502
2019-12-30,2019,0.01707948881150681,-1.435698066183988
2019-12-31,2019,-0.06711953663137613,-1.5006909980211924
2020-01-02,2020,0.015271760215580285,-1.0730979266938223
2020-01-03,2020,0.13304287609728715,-0.7083150639572766
2020-01-06,2020,0.17494750278239177,1.3390377266308429
2020-01-07,2020,0.0822491432156532,2.520891693153038
2020-01-08,2020,0.03910478210870808,2.325274390501897
2020-01-09,2020,-0.12077784149295298,0.8044689377251002
2020-01-10,2020,-0.052187165768250256,0.5458786742233768
2020-01-13,2020,-0.05770178422191817,0.04367057362824056
2020-01-14,2020,0.19126991450346376,-6.223988715751716
2020-01-15,2020,-0.07128174970050717,-4.9353781215162424
2020-01-16,2020,0.10492974194961231,-5.9005065911545085
2020-01-17,2020,0.14706425873784562,-4.41982781223611
2020-01-20,2020,0.18899938496819707,-4.497920983338977
2020-01-30,2020,0.6487442192982594,2.871191254572425
2020-01-31,2020,0.6251181399545922,1.0240015310871486
2020-02-03,2020,0.6376781100159252,1.9300003874972216
2020-02-04,2020,0.4187102807768988,0.9356243380016505
2020-02-05,2020,0.2468181109960609,1.73299278877308
2020-02-06,2020,0.2366717782795204,0.35830763050568315
2020-02-07,2020,0.29769111463836706,1.7471223588434004
2020-02-10,2020,0.25826606568955557,1.6367621761402829
2020-02-11,2020,0.32182649416659004,-0.1291147835569939
2020-02-12,2020,0.42608361554329094,-0.1303699023032623
2020-02-13,2020,0.394786135791869,-0.5655634687892763
2020-02-14,2020,0.42839454643836383,-1.0947298932775906
2020-02-17,2020,0.39336403538171105,-1.9436375707590603
2020-02-18,2020,0.5453789881637369,-0.9335581312698626
2020-02-19,2020,0.3749763038050764,-2.765749002452622
2020-02-20,2020,0.457797547533232,-3.692253108504928
2020-02-21,2020,0.5803938169711937,-4.4144664501747926
2020-02-24,2020,0.6227630907110943,-1.7958589910419542
2020-02-25,2020,0.8073192861156585,-1.2814302661212085
2020-02-26,2020,0.7182244324332405,0.7101862752129096
2020-02-27,2020,0.8467081894898622,0.26248276460592024
2020-03-02,2020,0.9272697357288667,-1.7261598895658703
2020-03-03,2020,0.6584555645125504,-2.861829211880229
2020-03-04,2020,0.0938918839343266,-4.376621153668914
2020-03-05,2020,0.28822635433046917,-9.487773147995371
2020-03-06,2020,0.3972288979547649,-10.536654474858686
2020-03-09,2020,0.8365567367169893,-11.476692622458007
2020-03-10,2020,0.7788808859650074,-14.212789702223116
2020-03-11,2020,0.5701579310605569,-15.376523235800343
2020-03-12,2020,1.1249494001651068,-16.70434221939069
2020-03-13,2020,1.264734590998627,-8.833956798734711
2020-03-16,2020,1.1791062244561321,-8.517797807521676
2020-03-17,2020,1.1931129256187036,-1.631525811922696
2020-03-18,2020,1.572493158576583,4.621924854669923
2020-03-19,2020,1.5488381513883127,12.152732181898184
2020-03-20,2020,1.4187719116315145,5.033847406728764
2020-03-23,2020,1.4614158228009975,8.317182281724577
2020-03-24,2020,1.3326653273306075,4.549400040061924
2020-03-25,2020,1.3250786778174044,0.19575416677466428
2020-03-26,2020,1.163553357379425,0.846106758583276
2020-03-27,2020,1.1780083825697658,3.067042516073948
2020-03-30,2020,0.7651915300612135,5.275909373659693
2020-03-31,2020,0.9338795900760491,4.237406855746673
2020-04-01,2020,1.033587334389841,5.111743723631812
2020-04-06,2020,0.6429187110345417,2.8565783389722155
2020-04-07,2020,0.500911934233039,3.3667153842537267
2020-04-08,2020,0.660772438594233,3.05539745123784
2020-04-09,2020,0.6677404461328693,2.530280855739897
2020-04-10,2020,0.5458220352449188,4.326116084393861
2020-04-13,2020,0.5789909941356308,4.827006442081672
2020-04-14,2020,0.7538620089057122,-0.43085510996870857
2020-04-15,2020,0.7986293860060736,-1.33499757351484
2020-04-16,2020,0.8203275187461546,-0.08645383153357278
2020-04-17,2020,0.4929132413982372,-2.3561296362002992
2020-04-20,2020,0.45767721158572766,-0.18362645241060127
2020-04-21,2020,0.43204283931410037,3.184551175010353
2020-04-22,2020,0.5697047985850776,4.506128404480503
2020-04-23,2020,0.3837968038046427,6.035107282971786
2020-04-24,2020,0.0978229245236218,3.6059439315921926
2020-04-27,2020,0.27000785569116725,1.9620961705341111
2020-04-28,2020,0.24775474137911574,1.4969772213043298
2020-04-29,2020,0.3675305152220372,0.6563178249237467
2020-04-30,2020,0.3285620109913457,-0.8253169992376352
2020-05-04,2020,-0.021906773538141605,2.7310344312941215
2020-05-05,2020,0.04985993763579911,0.9732138796670897
2020-05-06,2020,-0.007818728940212053,1.51545524910488
2020-05-07,2020,-0.01780320750894565,-0.5721705961124979
2020-05-08,2020,-0.10354673998053107,-0.7934746115643598
2020-05-11,2020,-0.027833395726236786,-2.476196875402936
2020-05-12,2020,-0.014198295205689567,-0.17491660898921735
2020-05-13,2020,0.1574573451815599,-0.2785632462903309
2020-05-14,2020,0.22444461912586638,2.1095680501035163
2020-05-15,2020,0.3310336042725912,-0.03485924999907519
2020-05-18,2020,0.3498673077910449,1.2162319434293467
2020-05-19,2020,0.3957994731821851,1.2593412421596062
2020-05-20,2020,0.12093411727802961,0.9796659271347208
2020-05-21,2020,0.4544863184040402,-0.5824690620086059
2020-05-22,2020,0.2954079850468946,1.2118044796344485
2020-05-25,2020,0.18649395412011302,1.911843976458849
2020-05-26,2020,0.18098291630658442,1.1886651250635483
2020-05-27,2020,0.29258264886207114,2.773576306486092
2020-05-28,2020,0.36598032041497486,4.102998942818048
2020-05-29,2020,0.415045056043949,4.90981670894961
2020-06-01,2020,0.41266904969581414,4.79555050898004
2020-06-02,2020,0.4158759186718234,4.57569377233682
2020-06-03,2020,0.7579825709241848,3.533518960862736
2020-06-04,2020,0.668073421936541,1.2510938513485614
2020-06-05,2020,0.5013581306532127,-0.4308587556840826
2020-06-08,2020,0.5431687752136424,-2.6188769990835747
2020-06-09,2020,0.42999010250830605,-1.0781886568056898
2020-06-10,2020,0.30112088617677885,-1.5833401591787144
2020-06-11,2020,0.25971344740716223,0.10887873111200541
2020-06-12,2020,0.3837435445374341,1.0491743613702198
2020-06-15,2020,0.4423157091339457,2.3586048790670056
2020-06-16,2020,0.4509771952113614,0.8749404950120221
2020-06-17,2020,0.5294675416906769,1.0930600914293542
2020-06-18,2020,0.619824531599195,-0.049444378537844
2020-06-19,2020,0.45791425365149135,0.6180161491134983
2020-06-22,2020,0.20783545648949303,1.1275450555736422
2020-06-23,2020,0.33138302695478766,1.6601276570826107
2020-06-24,2020,0.7416652883925989,2.131009624661351
2020-06-29,2020,0.7715893653562228,4.973567526263523
2020-06-30,2020,0.4753530422641575,4.059205386000109
2020-07-01,2020,0.3357665449378196,3.9883213624735347
2020-07-02,2020,0.4728325641347249,3.2828920283876517
2020-07-03,2020,0.423377902712984,1.381457634291583
2020-07-06,2020,0.419926257063641,0.7828864294733506
2020-07-07,2020,0.19230004445041865,0.9595657642415434
2020-07-08,2020,-0.12285739675631105,0.268360641863441
2020-07-09,2020,-0.04289299024649335,-0.28664716317728933
2020-07-10,2020,0.0417997884528992,0.8935138251138008
2020-07-13,2020,0.023072330104863186,-0.30315537081255783
2020-07-14,2020,-0.024558281461289348,1.5442693551729336
2020-07-15,2020,0.03084478080521776,2.216039695644878
2020-07-16,2020,0.03964131085105532,2.099896855830119
2020-07-17,2020,-0.02481054759179582,1.005454145446083
2020-07-20,2020,-0.05512298023046867,3.398567830899557
2020-07-21,2020,0.04436025987261978,1.5259466588156467
2020-07-22,2020,-0.012549614890566038,0.5427606393511697
2020-07-23,2020,0.08516516400917978,2.4964070042471365
2020-07-24,2020,-0.007384190036271531,2.932045084378787
2020-07-27,2020,0.23917659706931554,-0.5979361788327142
2020-07-28,2020,0.06113715969679094,0.9787291854198799
2020-07-29,2020,-0.03808418804280639,2.0838101040031143
2020-07-30,2020,-0.01614396373703633,1.497926576603481
2020-07-31,2020,0.029895262732113514,1.295480386583292
2020-08-03,2020,-0.15067414449307742,3.044586323216669
2020-08-04,2020,-0.031766278011181905,0.5528752344625243
2020-08-05,2020,-0.014411100095862328,-1.0306741757340365
2020-08-06,2020,-0.07092711325955517,-1.1644403143996618
2020-08-07,2020,-0.10620028960228758,-0.2604282372492772
2020-08-10,2020,-0.17528779006156978,0.481696913293006
2020-08-11,2020,-0.16238043791696527,0.7194728716865662
2020-08-12,2020,0.02601315258940744,0.8546725228584684
2020-08-13,2020,0.19126818405467214,-3.137866651832266
2020-08-14,2020,0.1062677715298975,-1.4663013287525395
2020-08-17,2020,0.07515660848822721,-2.384820752525263
2020-08-18,2020,-0.026009649682215585,-0.884779065485608
2020-08-19,2020,-0.06656758265218443,0.42766679396244456
2020-08-20,2020,0.2805710391852247,3.515996583254055
2020-08-21,2020,0.23762700209143758,0.9597996167464151
2020-08-24,2020,0.16962980507329753,-0.440257987385273
2020-08-25,2020,0.2968963955087486,-0.43085846413104534
2020-08-26,2020,0.2764340067475374,-1.0425230007270248
2020-08-27,2020,-0.040316801765596766,-0.3074083537868533
2020-08-28,2020,0.08764775244950716,-0.7141257851259075
2020-08-31,2020,0.12437192178262454,0.07902187595549837
2020-09-01,2020,-0.0792732002209248,-0.3126751516143944
2020-09-02,2020,-0.11121706095227495,-0.7159336981770958
2020-09-03,2020,-0.1206165348182778,-0.5190480930743591
2020-09-04,2020,-0.08494953413536224,0.30068167701249315
2020-09-07,2020,-0.0017722005692468105,1.4793594362531248
2020-09-08,2020,-0.01012597982152456,1.43790529677279
2020-09-09,2020,-0.19579454661965967,2.920075059998828
2020-09-10,2020,-0.11422905752701565,1.4260444777119075
2020-09-11,2020,-0.2253218337397766,1.5751876585186952
2020-09-14,2020,-0.1669439564604958,0.05708557048818008
2020-09-15,2020,0.12796195063355595,-1.558037156547154
2020-09-16,2020,0.15203515583292262,-3.0275662029659256
2020-09-17,2020,0.0989010212397233,-4.725955779422253
2020-09-18,2020,0.26861120601891914,-4.991681953956395
2020-09-21,2020,0.3165690883257482,-2.5975528170114948
2020-09-22,2020,0.673699320365712,-1.4058744961650493
2020-09-23,2020,0.7356118217211625,-0.542519477299519
2020-09-24,2020,0.8455465159121258,2.3148336891061883
2020-09-25,2020,0.892157069343488,3.852885372327597
2020-09-28,2020,0.8941324827725419,2.2756596452150335
2020-09-29,2020,0.7056434011221234,3.3643654458349825
2020-09-30,2020,0.41568369932879445,3.518006713216537
2020-10-05,2020,-0.08649829706640136,3.1785232717153056
2020-10-06,2020,-0.05243377268950074,1.6929794249631813
2020-10-07,2020,0.05994186365867582,0.6390054580245108
2020-10-08,2020,0.13296001393507717,-1.0616744224303365
2020-10-12,2020,0.16334134292728247,-0.3671683424784522
2020-10-13,2020,0.20705564375454757,-0.6546624618737784
2020-10-14,2020,0.1627695312007928,-0.3255591823402293
2020-10-15,2020,0.2105643471390038,0.6954416260908092
2020-10-16,2020,0.0334974052091917,1.1642799385429559
2020-10-19,2020,0.06243346929660147,0.005345381358101697
2020-10-20,2020,0.0680063126237195,0.09827115842568901
2020-10-21,2020,-0.008749105973749121,-0.6484303713914064
2020-10-22,2020,0.34516584502526665,-1.9673253062042928
2020-10-23,2020,0.2509754349738004,-2.7326530643888347
2020-10-26,2020,0.25341263940874365,-2.4612228804178238
2020-10-27,2020,0.0645582204352442,-1.0796108119527692
2020-10-28,2020,0.14685309675304026,0.5795798729848478
2020-10-29,2020,0.46245950506387495,2.0207835323792
2020-10-30,2020,0.29386425036739,3.404897364490367
2020-11-02,2020,-0.07682019457094898,4.25817488410658
2020-11-03,2020,-0.014381773374858492,2.71442940135882
2020-11-04,2020,0.08903376079705533,3.064136339262813
2020-11-05,2020,0.1671485168593152,2.345264266030922
2020-11-06,2020,0.3816311378919871,2.3108591108202514
2020-11-09,2020,0.3786643638023107,3.2326107010718808
2020-11-10,2020,0.2582137475283893,3.9084310014279477
2020-11-11,2020,0.1903187904838607,3.853812982622018
2020-11-12,2020,0.2743078179433299,3.786555214199594
2020-11-13,2020,0.34031396879700393,3.338348402397906
2020-11-16,2020,0.24467007297509627,2.4069074066011664
2020-11-17,2020,0.20471733154274077,1.5752213821662586
2020-11-18,2020,0.3586622835100962,-0.2501943979978716
2020-11-19,2020,0.3151621212314141,0.8980187911324711
2020-11-20,2020,0.35323096430680206,1.0983170560291189
2020-11-23,2020,0.4527677603219057,-1.1177395029979165
2020-11-24,2020,0.5753864215021391,0.5688365359057368
2020-11-25,2020,0.41101377929363514,1.8219164222863293
2020-11-26,2020,0.1756219687899601,0.9492505232686632
2020-11-27,2020,0.17017170765245013,1.913523313110388
2020-11-30,2020,0.5191959111962017,3.889195351707997
2020-12-01,2020,0.3999774669246106,3.418848352294135
2020-12-02,2020,0.16695669211671244,2.866509306504894
2020-12-03,2020,0.16470542998430232,1.9489035271290422
2020-12-04,2020,0.2695033922938935,0.9145625242350297
2020-12-07,2020,0.26835018598274707,-0.31950114333011426
2020-12-08,2020,0.29094418523217314,-2.0325339127043707
2020-12-09,2020,0.28358868614005306,-0.5954076888758597
2020-12-10,2020,0.33973976108336484,0.06624798501559948
2020-12-11,2020,0.374719522973056,-0.08224831699470414
2020-12-14,2020,0.5575801388769562,1.2237660130672845
2020-12-15,2020,0.49077458429460574,0.7743529525493731
2020-12-16,2020,0.12288506985013506,-0.5688435634759959
2020-12-17,2020,0.06798683992865898,0.14973073014594718
2020-12-18,2020,0.061716288208201645,0.5716507274406535
2020-12-21,2020,0.0025913667612415025,0.6820317887571425
2020-12-22,2020,0.0461728652532294,2.077875726681655
2020-12-23,2020,0.13919865585147312,3.266589749484816
2020-12-24,2020,0.2501872741600727,3.1669547095715123
2020-12-25,2020,0.45041951339407965,3.9815314881567865
2020-12-28,2020,0.3783958648675167,3.569408971992827
2020-12-29,2020,0.36442936364059764,3.531496919924959
2020-12-30,2020,0.4242196372886487,3.583270355467505
2020-12-31,2020,0.4039966835228507,4.964659837787533
2021-01-04,2021,0.5485235743884534,4.397186155174815
2021-01-05,2021,0.20454839591904123,3.3377933244133517
2021-01-06,2021,0.21937630779400036,5.251572935695004
2021-01-07,2021,0.019786751207276698,3.241685289864593
2021-01-08,2021,0.19270228575742593,0.9857765965358034
2021-01-11,2021,0.3530328546797032,0.35160342732993843
2021-01-12,2021,0.25609533591460354,2.430019289451435
2021-01-13,2021,0.3125339873152358,0.22955006918208287
2021-01-14,2021,0.40797977927467877,2.8431565416856763
2021-01-15,2021,0.3610631341444126,2.5783167556650444
2021-01-18,2021,0.18701852620869802,2.1428388419164834
2021-01-19,2021,0.20085704842727775,-1.3762984675673606
2021-01-20,2021,0.26660224437077923,-0.6625889367323334
2021-01-21,2021,0.4759769703206979,-4.567912010632824
2021-01-22,2021,0.31238717061362725,-5.497960862798812
2021-01-25,2021,0.4649237106375404,-3.3640526408863614
2021-01-26,2021,0.09024237474465381,0.6462798992262986
2021-01-27,2021,0.25272378760275355,0.44499074926200866
2021-01-28,2021,0.351732047506874,1.883382589900795
2021-01-29,2021,0.3721164826959417,4.386817286738087
2021-02-01,2021,0.2646880615255046,6.1790683896070675
2021-02-02,2021,0.46119924319177824,4.216103375306535
2021-02-03,2021,0.4067614382884285,3.6145357522388677
2021-02-04,2021,0.3904416080406335,4.481918628416004
2021-02-05,2021,0.5384242657404295,4.056345871513201
2021-02-17,2021,0.6182145285490412,-0.9152753068182973
2021-02-18,2021,0.5766653878868688,0.16846773511052238
2021-02-19,2021,0.5770122969620124,-2.371770315603705
2021-02-22,2021,0.5799679456772617,-2.82312908588338
2021-02-23,2021,0.4191702385293118,-1.4088935378328227
2021-02-24,2021,0.41861910475022485,-1.8881692123314586
2021-02-25,2021,0.34396476330920167,-3.6283945349491753
2021-02-26,2021,0.2529965576021242,-0.8379821735260529
2021-03-02,2021,0.32062557582893236,-0.5881401252157081
2021-03-03,2021,0.38015619607430917,-1.8508820465181652
2021-03-04,2021,0.3276683862732404,1.7172322353063985
2021-03-05,2021,0.3613827625507992,2.5225114993601583
2021-03-08,2021,0.5946121536326345,2.7131290490394866
2021-03-09,2021,0.6899125732954603,2.9020840731996067
2021-03-10,2021,0.459949635603963,1.91149012014451
2021-03-11,2021,0.16931720112622295,0.6692394601583773
2021-03-12,2021,0.31752947248293545,-1.137729634491902
2021-03-15,2021,0.23691343243636248,-0.3699229445152552
2021-03-16,2021,0.35490906994147464,-0.8310468358061818
2021-03-17,2021,0.5299600978458818,-1.1328443458301751
2021-03-18,2021,0.6235432680681955,-1.3979754221554286
2021-03-19,2021,0.5133394917383123,1.466312886428578
2021-03-22,2021,0.6040552600559108,1.771240368590954
2021-03-23,2021,0.6505717632653438,2.3323004229925504
2021-03-24,2021,0.5572859071005076,2.488816201475541
2021-03-25,2021,0.43681624570683325,3.18266216857388
2021-03-26,2021,0.3446954564291313,2.6615552181176394
2021-03-29,2021,0.5107829727797066,2.059909067569321
2021-03-30,2021,0.5070747473666812,2.244290210149247
2021-03-31,2021,0.7449009246046331,2.5741990964711414
2021-04-01,2021,0.3434083111683063,1.7404811215548932
2021-04-06,2021,0.14728582889123287,0.5080087240820985
2021-04-07,2021,0.11536771460210762,0.3009748230189624
2021-04-08,2021,-0.13814812738634216,0.8879008226183371
2021-04-09,2021,-0.15000451793441508,1.8079280412481413
2021-04-12,2021,-0.2785872846705403,2.3937555235264973
2021-04-13,2021,-0.321375249023466,2.9656027877712265
2021-04-14,2021,-0.33097672285766666,1.9930072210492478
2021-04-15,2021,-0.3721844845740341,0.11852386258963676
2021-04-16,2021,-0.2181488569826945,0.8244161454086907
2021-04-19,2021,-0.032544588017203786,1.78998429035504
2021-04-20,2021,-0.09224257969358324,1.570261148346197
2021-04-21,2021,-0.08280110989569048,2.124274289607486
2021-04-22,2021,0.006599848251353273,2.747211932874638
2021-04-23,2021,-0.07194382005085134,-0.4503975949508465
2021-04-26,2021,-0.143035167324647,-3.6336186120306535
2021-04-27,2021,-0.28172175526897353,-4.276337101256555
2021-04-28,2021,-0.29052582655327347,-3.262666977087836
2021-04-29,2021,-0.29904006292376467,-1.603378217600837
2021-05-03,2021,-0.44858762498104054,0.07699297714889308
2021-05-04,2021,-0.5886742866255912,-2.070713095363219
2021-05-05,2021,-0.36542698311912136,-5.587160342542841
2021-05-06,2021,-0.3226534068672729,-7.792349932565868
2021-05-07,2021,-0.5450174136378012,-8.434538617298237
2021-05-10,2021,-0.4670843658661454,-10.917629257102012
2021-05-11,2021,-0.7273931472436378,-2.6361127241962268
2021-05-12,2021,-0.22855706568183282,1.4481489237138767
2021-05-13,2021,-0.21231134473022437,2.3756070478171853
2021-05-14,2021,0.25285815223540836,3.000993865581103
2021-05-17,2021,-0.07374998273276046,6.411404536570231
2021-05-18,2021,0.2866650460947552,2.7851514742369243
2021-05-19,2021,0.2710696219718865,3.1676735268703293
2021-05-20,2021,0.33880164346929187,3.4860830950059762
2021-05-21,2021,0.7212500496276417,3.4891295946647194
2021-05-24,2021,0.30364561059746775,4.468888727033238
2021-05-25,2021,0.38251106618210157,3.414806392269809
2021-05-26,2021,0.4826830977293051,3.132418351940003
2021-05-27,2021,0.502749655357112,3.882454773964694
2021-05-28,2021,0.29233536552772726,1.6392169693779657
2021-05-31,2021,0.26431153407559826,0.09069375449293204
2021-06-01,2021,0.1167959357315621,-0.5020865404448682
2021-06-02,2021,0.07412114563074876,-1.15828451317328
2021-06-03,2021,0.12409355000696813,-0.5041122197636971
2021-06-04,2021,0.027204991503346255,0.3855392738611796
2021-06-07,2021,0.14291580074517168,1.682167606830065
2021-06-08,2021,0.060547333633496146,1.3565656547910976
2021-06-09,2021,-0.07976471772376878,2.501382158194332
2021-06-10,2021,-0.008861997254188745,0.9284804320942364
2021-06-11,2021,0.04216562342985435,-0.8745451249947744
2021-06-15,2021,-0.04291971670846992,-1.7024642384071753
2021-06-16,2021,0.11750436964589388,0.16668727387441074
2021-06-17,2021,0.10362330793259855,0.09976648317682191
2021-06-18,2021,0.20059391842825888,1.0650435891247145
2021-06-21,2021,0.40877493494663375,3.0943598363240232
2021-06-22,2021,0.10129225162293665,3.060750605397766
2021-06-23,2021,0.017704302836241484,2.415394847119212
2021-06-24,2021,0.08628355644478145,1.7577016491306274
2021-06-25,2021,-0.10374471723000886,1.1835692073183024
2021-06-28,2021,-0.07548361385097263,1.8666395315323658
2021-06-29,2021,-0.05057091930551659,1.7892749197502722
2021-06-30,2021,-0.08302751893191324,0.5363420604140856
2021-07-01,2021,-0.2689272898560405,0.8589280532733001
2021-07-02,2021,-0.3077561949170641,-0.27481416024145444
2021-07-05,2021,-0.2548916553233809,-0.5859594080805497
2021-07-06,2021,-0.24747092135070609,-0.3659339242240378
2021-07-07,2021,-0.2084625465360491,-0.027674000276733945
2021-07-08,2021,-0.19403851650703818,0.9408885771872821
2021-07-09,2021,0.046962052930638445,1.3236150084817488
2021-07-12,2021,-0.14232430020154901,-0.1407855361386101
2021-07-13,2021,-0.09677202749271804,-1.7861305100092317
2021-07-14,2021,-0.08203424317744554,-2.168359413305687
2021-07-15,2021,-0.05035096334781277,-2.5610243653859555
2021-07-16,2021,-0.08962931956342192,-1.801204230172826
2021-07-19,2021,-0.08613269892031732,-2.1681071433590438
2021-07-20,2021,0.2522794337882027,-1.4768317631501326
2021-07-21,2021,0.03845449105506977,-1.8533357695464603
2021-07-22,2021,0.11036089191750027,-0.9646984776634615
2021-07-23,2021,0.18207834833093078,-1.8523387120637835
2021-07-26,2021,0.11754046870920809,0.5729862166131472
2021-07-27,2021,0.03408277480469318,1.6438456108818444
2021-07-28,2021,0.3833596654663812,2.85184549716897
2021-07-29,2021,0.08048200802409568,1.1510210132731347
2021-07-30,2021,0.177301447403763,1.6168804475570564
2021-08-02,2021,-0.35842808495412604,-0.10358058603872067
2021-08-03,2021,-0.23517833051373788,-1.3109442079645595
2021-08-04,2021,-0.339830539593083,-2.2509786431939793
2021-08-05,2021,-0.37444449896528426,-2.176773208385785
2021-08-06,2021,-0.3281434104264832,-3.1048802141697918
2021-08-09,2021,-0.07754401401069268,-3.5823541691092253
2021-08-10,2021,-0.13667412879389165,-3.822984084176295
2021-08-11,2021,-0.16586240341176836,-2.3271945843719055
2021-08-12,2021,-0.11638235970173424,-4.904430561314377
2021-08-13,2021,-0.17229428216860465,-3.7696729087257075
2021-08-16,2021,-0.24729962286295343,-0.693585593729551
2021-08-17,2021,0.06402714046606908,0.9445207354021434
2021-08-18,2021,-0.09422134579929795,1.30504265056961
2021-08-19,2021,0.21369048091261353,4.223164014314151
2021-08-20,2021,0.6232274555170878,5.311425693644689
2021-08-23,2021,0.5821380386039003,3.910442340865772
2021-08-24,2021,0.4711667571825444,3.992929311547311
2021-08-25,2021,0.45916111138005344,2.5116362565455796
2021-08-26,2021,0.5636039893876382,1.4812245414531855
2021-08-27,2021,0.6444782895310617,1.7837957504766022
2021-08-30,2021,0.3421973790369909,0.5678147123677535
2021-08-31,2021,0.3323282479082132,-0.3511662756878309
2021-09-01,2021,0.21523420361495557,-1.1645880534440045
2021-09-02,2021,0.3702809136633647,-0.08908899430475348
2021-09-03,2021,0.3909145193069619,-0.2417662465775905
2021-09-06,2021,0.35818056264330506,-0.2800180619937809
2021-09-07,2021,0.35377556859332854,0.034597767956290326
2021-09-08,2021,0.3293277907044651,0.4835415787276309
2021-09-09,2021,0.367681036773123,-0.14811321790557663
2021-09-10,2021,0.2873942343973559,-1.1318161190804643
2021-09-13,2021,0.5904094516698126,-2.9833815861348367
2021-09-14,2021,0.6022916155149458,-2.045781736631702
2021-09-15,2021,0.4054132314475539,-0.5405670162498599
2021-09-16,2021,0.2018257444075599,0.20296665837129524
2021-09-17,2021,0.2623627955442585,-0.5518965039223223
2021-09-22,2021,0.7825599351490462,-0.41569625577962954
2021-09-23,2021,0.8902047693502306,-0.8399587310621404
2021-09-24,2021,0.30470613287329706,-3.993582921161354
2021-09-27,2021,0.21647345721239777,-5.2294791948836234
2021-09-28,2021,0.3524673881962627,-4.194584388735745
2021-09-29,2021,0.9158318285952344,-2.7427314353924426
2021-09-30,2021,1.079694582678774,-1.3044759391476868
2021-10-01,2021,0.5455053777728324,0.41965156971051076
2021-10-04,2021,0.5938238870495547,0.3320870166714007
2021-10-05,2021,0.21047470356102055,-0.6850234649089515
2021-10-06,2021,0.32559000247254327,-0.03586861837499011
2021-10-07,2021,0.2612057935010634,0.4028393201809699
2021-10-08,2021,0.18632327954898326,0.3907951897877515
2021-10-12,2021,0.3979010834885205,2.6595046784151366
2021-10-13,2021,0.4184065371557354,3.3021184867375153
2021-10-14,2021,0.3041855013159724,3.064755102738226
2021-10-15,2021,0.24829822023532974,0.6408961462208707
2021-10-18,2021,0.3536583383927203,1.1300496963268403
2021-10-19,2021,0.4607606419653233,0.7909153897449173
2021-10-20,2021,0.47335585969441996,1.1057081375808187
2021-10-21,2021,0.4756322378164657,0.9006774027192188
2021-10-22,2021,0.35157375478743874,0.5842354136542882
2021-10-25,2021,0.3834416272458374,1.0299368305410672
2021-10-26,2021,0.13986927849900596,0.18568374236982432
2021-10-27,2021,0.1827207688601723,0.27883604545946294
2021-10-28,2021,0.3349694966212569,0.21846501772424531
2021-10-29,2021,0.22108231137943407,1.8218786736765802
2021-11-01,2021,0.09850766831947048,2.0333672364578836
2021-11-02,2021,0.20515666218548514,2.785601990393749
2021-11-03,2021,0.4811244468105539,2.5551098693155527
2021-11-04,2021,-0.01194963412632694,2.1878509455549144
2021-11-05,2021,0.21082634633060274,1.2790153148830141
2021-11-08,2021,0.41765556893920863,1.2584910969090535
2021-11-09,2021,0.31606870658618813,0.8652122754450042
2021-11-10,2021,0.6169429714968384,1.1639753639736572
2021-11-11,2021,0.7026198963334465,2.2280450043890454
2021-11-12,2021,0.5131608377580227,1.7135390592489141
2021-11-15,2021,0.5614352068303223,0.958747271678706
2021-11-16,2021,0.1283788574558688,-0.15265812210729646
2021-11-17,2021,0.08379019430081261,-0.6840786217549688
2021-11-18,2021,0.2686100154130512,-1.049134679679864
2021-11-19,2021,0.015921796688769207,-2.5194308551147793
2021-11-22,2021,0.2901913808789657,-2.6705363090711254
2021-11-23,2021,1.0232357655517181,-1.3492492975254344
2021-11-24,2021,1.0913406747450254,-0.3204190784536376
2021-11-25,2021,0.7482189448116723,0.4004148590221579
2021-11-26,2021,0.8567308231834485,1.8869401861550728
2021-11-29,2021,0.9866419730946031,2.078244053441547
2021-11-30,2021,0.9003518266684736,2.1182297667629024
2021-12-01,2021,0.5753060900323685,1.4012859099771902
2021-12-02,2021,0.6995218104167847,1.067651797924718
2021-12-03,2021,0.8786690361143759,0.7296094171148404
2021-12-06,2021,0.5895649231531989,0.4488300398966194
2021-12-07,2021,0.5555474057023939,-1.1100235321617413
2021-12-08,2021,0.7891224138712072,-0.9663298643706186
2021-12-09,2021,0.7820174221474822,-0.716641397958695
2021-12-10,2021,0.6340898383430614,-0.07668462145171695
2021-12-13,2021,0.4459502976228792,-0.5543236002611418
2021-12-14,2021,0.686625549840143,1.0790158965917618
2021-12-15,2021,0.7340524997904214,0.9441056392659242
2021-12-16,2021,0.558081647677496,0.9047697762364582
2021-12-17,2021,0.8251946099115604,0.836767701945651
2021-12-20,2021,0.5885726477867957,2.149683826746207
2021-12-21,2021,0.9132721364602776,2.2909315559323185
2021-12-22,2021,0.9168510036430302,2.3641331633273976
2021-12-23,2021,0.47172730608034597,1.5166053182040562
2021-12-24,2021,0.5617588088893167,1.719609122552268
2021-12-27,2021,0.618472015537529,2.645086082617598
2021-12-28,2021,0.6636392875923206,1.6659513398227466
2021-12-29,2021,0.6137690085914147,0.6556234340989953
2021-12-30,2021,0.28136278196366066,-0.2693914650987783
2022-01-03,2022,0.23760158871028486,-0.17038385901650965
2022-01-04,2022,0.1781733598862849,-1.2854123990964195
2022-01-05,2022,0.01663382679686313,-0.6732987530783774
2022-01-06,2022,0.34954684655261353,0.37570938897819595
2022-01-07,2022,0.2579384638289979,1.2854875353334627
2022-01-10,2022,0.05995784251687748,1.568364714151449
2022-01-11,2022,0.20895065242384087,0.494471574856159
2022-01-12,2022,-0.034521279017696825,-0.8050981203130414
2022-01-13,2022,-0.13970837681502415,-1.185934968565816
2022-01-14,2022,0.3120418818319185,-2.7387978153953774
2022-01-17,2022,0.21889120509701948,-2.895477786222611
2022-01-18,2022,0.251189626301076,-3.686453404604473
2022-01-19,2022,0.12319177389695328,-3.0342132145674605
2022-01-20,2022,0.2862600732191341,-1.7453897953044972
2022-01-21,2022,0.279985133099755,0.37576888481674064
2022-01-24,2022,0.3512028621932225,0.9045507709138256
2022-01-25,2022,0.42725592184074107,3.598246890592227
2022-01-26,2022,0.43269634411038094,3.6014801068211533
2022-02-07,2022,-0.02985292750837367,0.5439573638430506
2022-02-08,2022,0.5784714951032981,-0.08209696235673691
2022-02-09,2022,0.6722045687908853,0.43913097132179946
2022-02-10,2022,0.5878771833140055,-0.37888434157393736
2022-02-11,2022,0.9174410842380386,-0.4291969718649091
2022-02-14,2022,0.9487083225178019,1.2436054222574544
2022-02-15,2022,0.7540500520949238,0.09737179704998322
2022-02-16,2022,0.7986221997640673,-0.9639376309206082
2022-02-17,2022,0.7814773352126518,-3.6895060751881537
2022-02-18,2022,0.8942507287444045,-3.1820911731071377
2022-02-21,2022,0.8519764705962232,-1.7739493312566745
2022-02-22,2022,1.0773303983891478,-0.5659099496975295
2022-02-23,2022,0.6550752270624465,-0.6719750461487761
2022-02-24,2022,0.9795302475087351,0.8068975904470532
2022-02-25,2022,1.3094680722538548,-2.6823315873733544
2022-03-01,2022,1.1221721008330288,-5.994999511125387
2022-03-02,2022,0.7705312959452739,-4.769750833911646
2022-03-03,2022,1.0120630476258667,-2.7946293157284363
2022-03-04,2022,1.3247466822065859,-2.659935545417025
2022-03-07,2022,0.6363852695035035,0.4910153218901092
2022-03-08,2022,0.5859762673383402,0.5991590020950843
2022-03-09,2022,0.72718444882623,-0.4380160043631065
2022-03-10,2022,0.9372332974141309,0.08615744671087722
2022-03-11,2022,0.6718131856427154,1.1108189292164283
2022-03-14,2022,0.9164879745688378,1.7222922498007387
2022-03-15,2022,0.8835693285523807,3.7436355536964783
2022-03-16,2022,1.2772909136526422,4.666477380388079
2022-03-17,2022,1.2309829024420345,1.4376251560331177
2022-03-18,2022,0.9144170311685824,1.2627373611693526
2022-03-21,2022,1.2405443974396035,-0.22977888835993276
2022-03-22,2022,1.3263593343276052,-0.06292814630765031
2022-03-23,2022,1.12075229444744,0.05182904648655118
2022-03-24,2022,1.2265245534277975,-0.03158359822499346
2022-03-25,2022,1.0245368968682467,-0.29054786034921065
2022-03-28,2022,0.8546524737859584,0.0142123206550826
2022-03-29,2022,0.8416707306470169,-2.108594046496992
2022-03-30,2022,0.9172378432890269,-2.5704938288306556
2022-03-31,2022,0.7107331427131836,-3.64597786641061
2022-04-01,2022,0.5103208623087936,-3.600900735805157
2022-04-06,2022,0.12514874991621777,-1.2603795120559202
2022-04-07,2022,0.0023061025930665785,0.3901358839441871
2022-04-08,2022,-0.09709999961878502,-1.622027546003546
2022-04-11,2022,0.09443735993238887,-0.8769166788379135
2022-04-12,2022,0.18415895220725595,0.014654894882037972
2022-04-13,2022,-0.15776303310044182,-0.8829793690197207
2022-04-14,2022,-0.40741275507397834,-0.6824909469924312
2022-04-15,2022,-0.45324824397055796,0.12296976390511194
2022-04-18,2022,-0.24745457633617143,-1.644902884038979
2022-04-19,2022,-0.37021961026428624,-2.0514435015947408
2022-04-20,2022,-0.4056069075241006,-4.930526075172259
2022-04-21,2022,-0.1915083599335234,-4.1369223987692605
2022-04-22,2022,-0.1499485699608401,-2.5427765726935947
2022-04-25,2022,0.0737337242530349,-0.7340156068564307
2022-04-26,2022,0.09231320900326744,-0.47438267469880335
2022-04-27,2022,0.5636775623921173,2.409136772503806
2022-04-28,2022,0.0759928538397584,-0.06809026893829229
2022-04-29,2022,0.22182732203742567,-3.2741930234604477
2022-05-03,2022,-0.2382638708476846,-2.649873627938837
2022-05-04,2022,-0.25406065061533184,-3.3779170738803987
2022-05-05,2022,-0.09476389992240983,-6.465214672630514
2022-05-06,2022,-0.3245828052317255,-3.5083677673358404
2022-05-09,2022,-0.02123189294009821,-0.9214327194602467
2022-05-10,2022,0.1859779642398761,-0.034927809634099916
2022-05-11,2022,0.18811171217605105,1.8156032799687694
2022-05-12,2022,0.1304089797497364,2.5846722862989946
2022-05-13,2022,0.6966619952627264,1.9725830473189987
2022-05-16,2022,0.17953590449030504,1.6059955826788652
2022-05-17,2022,0.5191790617900163,-0.5758562638849218
2022-05-18,2022,0.12721987074340677,-1.1832340708578193
2022-05-19,2022,0.28178426877876683,-0.3214043165180258
2022-05-20,2022,0.272624561831615,0.7517567521531543
2022-05-23,2022,0.756253916827997,2.81132999224456
2022-05-24,2022,0.7278583414985066,5.2878950464274155
2022-05-25,2022,0.9601066993522324,3.5460689032496884
2022-05-26,2022,0.6876892422146451,3.6554963638538274
2022-05-27,2022,0.7217530155393106,2.088622925301631
2022-05-30,2022,0.43419187268275855,-0.588418734520435
2022-05-31,2022,0.4525910715684092,-0.8166461106976275
2022-06-01,2022,0.48886987427419426,-0.3223370908342904
2022-06-02,2022,0.5387976025160431,-0.5585235404532374
2022-06-06,2022,0.5182281854545798,-3.221614408320861
2022-06-07,2022,0.38204813070036114,-2.8190721424730336
2022-06-08,2022,0.35295461601989186,-4.02663145878559
2022-06-09,2022,0.3279245258092597,-4.709187105251445
2022-06-10,2022,0.38115759928673726,-4.974811848273275
2022-06-13,2022,0.36732710810207386,-4.376833273390912
2022-06-14,2022,0.17525372531822075,-1.9861821594442053
2022-06-15,2022,0.7850601957394282,-4.072065878088038
2022-06-16,2022,0.9283540553282768,-4.180733031497086
2022-06-17,2022,0.6688609353260971,-2.1605676269047414
2022-06-20,2022,0.8143663531378206,1.1740950754770774
2022-06-21,2022,0.8816540587371098,-1.83563232421875
2022-06-22,2022,1.3102769567105421,-0.7012102751217664
2022-06-23,2022,1.34726127004119,-2.3108845025579194
2022-06-24,2022,1.4827354343398824,-6.274716858825402
2022-06-27,2022,1.4963673557153183,-8.560259480152121
2022-06-28,2022,1.4718328727969017,-7.064285307177753
2022-06-29,2022,1.2925644641197274,-8.232344474751851
2022-06-30,2022,1.4353372235717885,-3.301422594368031
2022-07-01,2022,1.1186720965352854,0.8467497915371158
2022-07-04,2022,0.9778418809484256,0.8684636626700604
2022-07-05,2022,1.0199339335614561,-2.7777158308477157
2022-07-06,2022,1.283800080510267,2.4251528903844077
2022-07-07,2022,1.513037019793822,0.713225964633768
2022-07-08,2022,1.518820964394576,0.5951800715267019
2022-07-11,2022,1.5497516610494817,2.643626142130029
2022-07-12,2022,1.5317460116229547,5.329225511124225
2022-07-13,2022,1.6926131613028699,2.8520008823931686
2022-07-14,2022,1.6898755248475428,3.45727955496824
2022-07-15,2022,1.6490317728520325,2.7403643281179724
2022-07-18,2022,1.4617823517255846,1.4721148071556112
2022-07-19,2022,1.1698723947272878,0.7669755438925119
2022-07-20,2022,1.1526479670823866,1.2785392466819978
2022-07-21,2022,1.0578695907459321,-0.3066067734658007
2022-07-22,2022,1.014825740614323,0.33921184585827824
2022-07-25,2022,0.9598413457586231,0.3036890588250296
2022-07-26,2022,0.8453242731358556,-0.4021806226607083
2022-07-27,2022,0.636711612140029,-0.9688645781046112
2022-07-28,2022,0.5023332871758492,-1.273846856344718
2022-07-29,2022,0.37453617046643933,0.23979888093856871
2022-08-01,2022,0.11524494725902698,0.25844881318461965
2022-08-02,2022,0.28269249257924,2.054962186119025
2022-08-03,2022,0.33315628633724065,1.0962968176262855
2022-08-04,2022,0.4078177045593249,3.3712641645468056
2022-08-05,2022,0.29783748979211133,1.6821583342422564
2022-08-08,2022,0.20820173016046875,2.6426708724994974
2022-08-09,2022,0.20895695540522546,2.4603528970889466
2022-08-10,2022,0.21486386986594636,3.5238589947667265
2022-08-11,2022,0.2968210584967673,1.308803547870263
2022-08-12,2022,0.3393848957919729,0.7836368309964703
2022-08-15,2022,0.5045665053967523,-1.1169883280849224
2022-08-16,2022,0.3587354877199557,-2.105499342760997
2022-08-17,2022,0.37797291035906067,-2.562227416596352
2022-08-18,2022,0.48702624549047047,-1.2776714061919492
2022-08-19,2022,0.5650222725477816,-0.8458813741256566
2022-08-22,2022,0.9118733382797759,-2.092142151531562
2022-08-23,2022,1.317338595807319,-0.9423757062352767
2022-08-24,2022,1.2919173513180826,0.1741964896587067
2022-08-25,2022,1.0668245661690654,-2.6195983694779823
2022-08-26,2022,0.5925073008218554,-3.962446427776656
2022-08-29,2022,0.8177458679349536,-1.7760057992026068
2022-08-30,2022,0.9846926499709285,-1.848581247496417
2022-08-31,2022,0.78976173795389,-4.540377756461567
2022-09-01,2022,0.36468338482264484,-1.4757604787506429
2022-09-02,2022,0.23262769163340896,0.9158974554693389
2022-09-05,2022,0.23677395047816402,1.591353991173916
2022-09-06,2022,0.20418494596865347,-0.1287030223748431
2022-09-07,2022,0.429844573896257,1.8042269110794207
2022-09-08,2022,0.0779680661985822,-0.148524831623853
2022-09-12,2022,0.8503210206051524,-2.5780976172097403
2022-09-13,2022,0.780079167642627,-2.317043776826344
2022-09-14,2022,0.6561157789931623,-1.5949314757294553
2022-09-15,2022,0.6869889475129926,-2.6271912005693343
2022-09-16,2022,0.9640753393966828,-3.0448242520135005
2022-09-19,2022,1.1770563417389157,-4.488453923835822
2022-09-20,2022,1.3801591429414521,-4.967318015299704
2022-09-21,2022,1.2830266729226434,-6.644588520103278
2022-09-22,2022,1.175207785483353,-5.252988701842465
2022-09-23,2022,1.247571156414788,-4.91416153978006
2022-09-26,2022,1.2394398124674955,-3.467146265220622
2022-09-27,2022,1.7111618230703225,-1.808616585868239
2022-09-28,2022,1.6148165375740096,2.4904073720098063
2022-09-29,2022,1.6460307389480817,2.6435874587897645
2022-09-30,2022,1.5407991425242542,2.0685935798363975
2022-10-03,2022,1.1695165440831776,-1.4619773120969959
2022-10-04,2022,1.1061149643600403,-3.648062979320188
2022-10-05,2022,1.2632509666534084,-7.178241674956876
2022-10-06,2022,1.0723574434675336,-5.499044417490573
2022-10-07,2022,0.9602812057751425,-5.373047405249354
2022-10-11,2022,1.3828069535020813,0.14230091034432846
2022-10-12,2022,1.3882986806203759,-0.7987010405741346
2022-10-13,2022,1.5427511919311303,1.056692319641428
2022-10-14,2022,1.7649178533376364,-2.353116820991885
2022-10-17,2022,1.6848697907720003,-0.8411968178435147
2022-10-18,2022,1.7786561602127087,-3.493875660206569
2022-10-19,2022,1.6426776192046113,-1.9088740178596297
2022-10-20,2022,1.883281841588601,-0.15240110921435068
2022-10-21,2022,1.949716247316097,-0.24010858711932537
2022-10-24,2022,1.656017405370226,0.7215535841231802
2022-10-25,2022,1.6520948166554974,2.9297843380609034
2022-10-26,2022,1.7734706526822681,2.91553572340435
2022-10-27,2022,1.7000136549112337,0.46594674297579797
2022-10-28,2022,1.692995023852299,1.8633263530600352
2022-10-31,2022,1.6387913876255624,2.1157165196239225
2022-11-01,2022,1.0991344843637534,2.3820280566164254
2022-11-02,2022,1.3123632076454235,4.111702367221182
2022-11-03,2022,0.9573878537789179,3.9822586358246204
2022-11-04,2022,1.2294140629458064,7.529529712413963
2022-11-07,2022,0.6997352773719709,7.192902456417372
2022-11-08,2022,0.34067507029390376,8.979409279159945
2022-11-09,2022,0.6627116380861328,6.588111426143484
2022-11-10,2022,0.5229493389360874,7.6383910851496095
2022-11-11,2022,0.8079857792607047,3.5511538055164493
2022-11-14,2022,0.8433274215252199,1.936451050801069
2022-11-15,2022,0.4871064563996369,-0.02825458827702132
2022-11-16,2022,0.5821521403987726,0.4897041070071273
2022-11-17,2022,0.5383532138648229,1.7114968252996299
2022-11-18,2022,0.15352220350774556,1.8856958881047214
2022-11-21,2022,0.21043886759389308,0.7438376291317494
2022-11-22,2022,0.5073704671341142,1.1514076274566243
2022-11-23,2022,0.5868625781311805,1.8551477423479623
2022-11-24,2022,0.4329922167618078,1.5476190476190421
2022-11-25,2022,0.38866451984574907,1.300334066154174
2022-11-28,2022,0.3681315104113271,2.9118210164684966
2022-11-29,2022,0.29862948438223047,0.1307985783472576
2022-11-30,2022,0.3753208964306123,-1.677066846779629
2022-12-01,2022,0.11764877016873698,-3.0624533731215875
2022-12-02,2022,0.3467877219926838,-1.771796605097431
2022-12-05,2022,0.4074452485712044,-2.4574887488869046
2022-12-06,2022,0.7660253134613548,-1.3980696427698502
2022-12-07,2022,0.9719007299207693,0.7474362628596909
2022-12-08,2022,0.7751781643665334,1.2443448241741706
2022-12-09,2022,0.3553622213188522,-1.2028209987739347
2022-12-12,2022,0.7814823098398731,-1.226818791193074
2022-12-13,2022,0.40914511839151757,-2.4301519800371207
2022-12-14,2022,0.18355825093230901,-3.4259289412837513
2022-12-15,2022,0.21359409366100285,-1.9762958518758755
2022-12-16,2022,0.2012060321781433,-1.7683801893513151
2022-12-19,2022,0.7059363926918975,-1.0267215027450427
2022-12-20,2022,1.0487609335464925,1.1178522557820925
2022-12-21,2022,1.2378379868256313,-0.43064688360591186
2022-12-22,2022,0.9206555957577895,-2.478165802807464
2022-12-23,2022,1.0442270086479721,-0.9385052723480003
2022-12-26,2022,1.0428022090837892,-0.42708746787742946
2022-12-27,2022,0.8769540044097017,-0.902401728591351
2022-12-28,2022,0.9573770967537263,0.9027665083855885
2022-12-29,2022,1.2071130431988943,2.0469974483529274
2022-12-30,2022,1.251334096293076,4.346678983624619
2023-01-03,2023,-0.1416364068905831,4.069425736003329
2023-01-04,2023,-0.18285388079964887,3.889745357638108
2023-01-05,2023,-0.09519107140238339,3.0108978012103993
2023-01-06,2023,-0.0634412016940571,3.1362926083986054
2023-01-09,2023,0.6882554646880532,1.1849072105128755
2023-01-10,2023,0.7807030901176631,0.8780000756605455
2023-01-11,2023,0.7102448159227179,5.032593428166998
2023-01-12,2023,0.8323137308809452,3.6218642323597505
2023-01-13,2023,0.9389367763763359,4.020472027700772
2023-01-16,2023,0.7651321054866923,4.476114104566142
2023-01-17,2023,0.7477565851129055,4.484920240033263
2023-01-30,2023,0.6706227987429844,-0.6518728112240857
2023-01-31,2023,0.7077417578198582,0.8890155386106935
2023-02-01,2023,0.7475155044002455,1.2842952685872433
2023-02-02,2023,0.6822249763982027,0.022763472769748994
2023-02-03,2023,0.7159279590275451,-0.10261070868685662
2023-02-06,2023,0.713575080501432,0.9839652513314645
2023-02-07,2023,0.9984980466462524,1.6464611506722626
2023-02-08,2023,0.9415814821675147,-1.1863105600720236
2023-02-09,2023,0.9750737107189528,-0.30906401875538947
2023-02-10,2023,0.9290025836986884,-0.6861641212191127
2023-02-13,2023,0.8186500490933266,0.0447109805021384
2023-02-14,2023,0.847684258235455,-0.584369458455336
2023-02-15,2023,0.6775510390934193,-0.09149290897556561
2023-02-16,2023,0.8318954590863672,0.4174142310536588
2023-02-17,2023,0.5720396259036856,0.1556231709916922
2023-02-20,2023,0.7075133094885137,0.3038987912853175
2023-02-21,2023,0.7284925268072554,0.22951873032190928
2023-02-22,2023,0.710880529127498,1.2299943510409639
2023-02-23,2023,0.5962400707453734,0.9484221035502838
2023-02-24,2023,0.5339569084181811,2.283957664545233
2023-03-01,2023,0.10437266116254244,1.4085337747435922
2023-03-02,2023,0.2267728654501858,1.1022699298403937
2023-03-03,2023,0.25028058445778695,-0.5267669629597349
2023-03-06,2023,-0.016765267345115235,-1.287911131467545
2023-03-07,2023,0.3936797306816602,-3.137050389427598
2023-03-08,2023,0.20860005844394963,-2.7222439974206925
2023-03-09,2023,0.2043455000032997,-3.4845719836709366
2023-03-10,2023,-0.08216872330431382,-0.47171877214000624
2023-03-13,2023,-0.08510543311774625,-0.903056394753643
2023-03-14,2023,-0.16876882015067485,0.996261820965838
2023-03-15,2023,-0.1359909508539232,2.4231864768946787
2023-03-16,2023,0.046155167581478106,4.2232766051381265
2023-03-17,2023,0.3335470691650748,2.988035949099732
2023-03-20,2023,0.15707736351633872,2.661094671390418
2023-03-21,2023,0.3112403274267267,1.2120450318916731
2023-03-22,2023,0.3534056026669324,0.05900842995700817
2023-03-23,2023,0.48671275730321506,-0.09152827637505245
2023-03-24,2023,0.7467448010750134,-0.29306238886062097
2023-03-27,2023,0.5037232585492161,-0.12343409573153385
2023-03-28,2023,0.39794527258564427,0.8599189375778638
2023-03-29,2023,0.48629648899747135,0.67477247592862
2023-03-30,2023,0.465613244152926,0.406639229297201
2023-03-31,2023,0.3364031306613975,0.4090607169370486
2023-04-06,2023,0.5763880368193375,-0.038012063928571926
2023-04-07,2023,0.4445840506617341,0.5868089539986743
2023-04-10,2023,0.46168791500225204,0.5503846330695561
2023-04-11,2023,0.48565153697209523,-0.2792530797014803
2023-04-12,2023,0.6198220221165173,-1.0198977340696636
2023-04-13,2023,0.45005101021740634,-0.6152576818629352
2023-04-14,2023,0.37526011361936773,-2.049288643724234
2023-04-17,2023,-0.026874443217738776,-2.109054690216139
2023-04-18,2023,-0.20810486041357032,-3.142580960638819
2023-04-19,2023,-0.35308391079411605,-2.5100076281810213
2023-04-20,2023,-0.17399735537702052,-1.8846386953510152
2023-04-21,2023,-0.14975696532556418,-0.1525989569947761
2023-04-24,2023,-0.1712386658721236,0.06149664008210376
2023-04-25,2023,-0.3655313737193685,1.1884926740629798
2023-04-26,2023,-0.5332087681907487,1.524589534837606
2023-04-27,2023,-0.004636139044813167,1.3923377947232973
2023-04-28,2023,-0.5686402670785409,0.7727621094306691
2023-05-02,2023,-0.7118975181292467,0.5833793795023023
2023-05-03,2023,-0.5946346941394938,0.568042635023458
2023-05-04,2023,-0.5297859753612725,-0.604714066152745
2023-05-05,2023,-0.0632453377921783,-0.7916897850835158
2023-05-08,2023,-0.2539680390787115,-1.4301028626898749
2023-05-09,2023,-0.28834696362444134,-0.34207163157995435
2023-05-10,2023,-0.46641914209128743,1.8126476815908177
2023-05-11,2023,-0.21657911823620796,3.785070101529908
2023-05-12,2023,-0.11945311229431133,4.33843621229284
2023-05-15,2023,0.03572032555214749,4.561148429245776
2023-05-16,2023,0.18689962610847988,3.2801663912619183
2023-05-17,2023,0.28480222582688786,1.469549377122803
2023-05-18,2023,0.12561238526516166,1.1807316909578258
2023-05-19,2023,0.02607508650798674,2.040999275421451
2023-05-22,2023,-0.06897299033761897,2.8144928987218876
2023-05-23,2023,0.2757485898585051,2.6853792586250425
2023-05-24,2023,0.2237988601070517,2.596891453353223
2023-05-25,2023,0.4537347478240571,1.3543456911367713
2023-05-26,2023,0.33633472428777333,1.2230196212674294
2023-05-29,2023,0.3956543406321079,0.4696356762020404
2023-05-30,2023,0.39587400443418064,0.8357226305651055
2023-05-31,2023,0.07805291987331739,2.072023818140578
2023-06-01,2023,-0.014368576821359664,1.3386100958961533
2023-06-02,2023,0.017808714562364863,1.0743458844274745
2023-06-05,2023,-0.0014893393165102894,1.4415089237263867
2023-06-06,2023,-0.0529930293870847,2.714170314873332
2023-06-07,2023,-0.18523560571958192,1.8653294316199442
2023-06-08,2023,-0.10052705238099995,3.593289943819933
2023-06-09,2023,-0.05417731858618331,2.3836341671404027
2023-06-12,2023,-0.06940353289210502,1.882530431361884
2023-06-13,2023,-0.12124999525389679,-0.18406654043190418
2023-06-14,2023,-0.12084989878127869,-0.2073309533395018
2023-06-15,2023,-0.1168138925277112,-1.5906565799325922
2023-06-16,2023,-0.13231489204385935,-2.31946374872678
2023-06-19,2023,-0.036985623455950675,-1.9620181353389055
2023-06-20,2023,-0.11888185749247071,-1.4117618305827695
2023-06-21,2023,-0.04453242756571265,-1.667558015160675
2023-06-26,2023,0.027416839524728127,0.14631366930766276
2023-06-27,2023,-0.23350880511558972,1.4973442523937175
2023-06-28,2023,-0.28225037399988323,0.7132890834294248
2023-06-29,2023,-0.03374675497349662,-1.0631968504866585
2023-06-30,2023,-0.19576048231251889,-1.485793536594171
2023-07-03,2023,-0.4439948785925232,-2.5251401880099777
2023-07-04,2023,-0.5772058388359034,-1.4110217919031665
2023-07-05,2023,-0.4924052012368062,-0.5534569660825994
2023-07-06,2023,-0.4804871565129033,1.7851507292910407
2023-07-07,2023,-0.3646638507750226,3.717547966570267
2023-07-10,2023,-0.09538817298505799,4.092344830899308
2023-07-11,2023,-0.20656795588582927,1.9468711295580698
2023-07-12,2023,-0.2534279034894575,0.9103273605812534
2023-07-13,2023,-0.21261832168475162,0.6065739036655637
2023-07-14,2023,-0.12251840760952548,-1.4638639505059836
2023-07-17,2023,-0.2359874630512599,-1.7345965713046252
2023-07-18,2023,-0.24021695671590965,-0.16844759462988357
2023-07-19,2023,-0.20439023102486056,0.26939013019062763
2023-07-20,2023,-0.17196651881520117,0.44818230702323714
2023-07-21,2023,-0.37969461501715684,1.539748806566954
2023-07-24,2023,-0.22925104518242584,0.656466832339131
2023-07-25,2023,-0.12071791606630769,0.08128431544127679
2023-07-26,2023,-0.17045677081976623,-1.5663173595998225
2023-07-27,2023,-0.13512080053664127,-2.3091529780498776
2023-07-28,2023,-0.01091579166479057,-1.7170600933445024
2023-07-31,2023,-0.3268650667580079,-1.56519842313666
2023-08-01,2023,-0.2689163233133388,-1.9864787220260194
2023-08-02,2023,-0.4925047163822237,-1.5332907534333695
2023-08-04,2023,-0.49109808176889336,-1.439293551052978
2023-08-07,2023,-0.2271009116990857,-3.544010355377736
2023-08-08,2023,-0.1876265628337874,-2.5020338245915985
2023-08-09,2023,-0.14649808984969642,-2.514145625554942
2023-08-10,2023,-0.12041682027028666,-0.7096010147462861
2023-08-11,2023,-0.04502581309861116,-1.3248399969881808
2023-08-14,2023,-0.2643106597732482,-0.07423601563043558
2023-08-15,2023,-0.2544047260369034,-0.10446799718014654
2023-08-16,2023,-0.27260799574773903,0.7911579044652006
2023-08-17,2023,-0.09112039096822983,1.5391126293088364
2023-08-18,2023,-0.23504703483520845,0.6121000090957507
2023-08-21,2023,-0.2661754291696094,0.7799656807774946
2023-08-22,2023,-0.11953383064286376,1.1317947073814283
2023-08-23,2023,-0.3824652077391752,0.862163613220801
2023-08-24,2023,0.15216200340269526,-0.8130764832116721
2023-08-25,2023,-0.2984742328072159,0.9911671089786189
2023-08-28,2023,-0.13528072901693083,1.6986224700562103
2023-08-29,2023,-0.29766747051951137,1.010367759186459
2023-08-30,2023,-0.21576997608429557,0.10969017609041565
2023-08-31,2023,0.08209378252927861,-0.0923982732283557
2023-09-01,2023,-0.150826361867697,-0.41405976831396796
2023-09-04,2023,-0.041255691980811734,-2.1247563236724276
2023-09-05,2023,-0.13215431669369104,-1.3036272281216732
2023-09-06,2023,-0.012260604212387416,-0.9358854258771698
2023-09-07,2023,0.2273053335152853,1.1337530100835602
2023-09-08,2023,0.37370206665485667,2.0807166014519707
2023-09-11,2023,0.0667752582066569,1.6143784287057539
2023-09-12,2023,0.09208986223964218,0.38382376811034735
2023-09-13,2023,0.14855572688667926,-0.2820008551693953
2023-09-14,2023,-0.01503459218923375,-2.92064999321735
2023-09-15,2023,0.011524975936301352,-3.4066705592840085
2023-09-18,2023,0.032224933946579236,-1.4732690391322745
2023-09-19,2023,-0.14848077962248543,-2.1654428383200086
2023-09-20,2023,-0.11279856794218639,-1.3570812984774472
2023-09-21,2023,0.04411590141288657,0.22719096482308743
2023-09-22,2023,-0.07292212233188067,1.3021521639110079
2023-09-25,2023,0.30195124743283425,0.012825009132511056
2023-09-26,2023,0.3934775919659656,-0.016527331229221343
2023-09-27,2023,0.021000087150853244,0.8777243420746039
2023-09-28,2023,0.18936584011880261,1.0201336208109035
2023-10-02,2023,-0.045438694288013115,0.6928661721016027
2023-10-03,2023,-0.09062213099513919,2.258188417159235
2023-10-04,2023,-0.23541690482541333,3.128975050051075
2023-10-05,2023,-0.08102959472497256,1.2077658762380317
2023-10-06,2023,0.171793047938312,0.73835224813672
2023-10-11,2023,-0.11270364311617649,-1.3862738970599198
2023-10-12,2023,-0.051032365312525266,-2.2178889581603634
2023-10-13,2023,-0.17610284896011047,-2.036934748372854
2023-10-16,2023,-0.16832417015974036,-2.4073638141175024
2023-10-17,2023,-0.11675139354350905,-1.9996334696305462
2023-10-18,2023,-0.16347654757342295,-0.498877495223804
2023-10-19,2023,-0.0026445013747855685,-2.3035082931525674
2023-10-20,2023,0.07935765523165236,-1.8619014252417188
2023-10-23,2023,-0.0073708903227595645,-0.6256707130972483
2023-10-24,2023,0.2459345059226891,-1.8914441414220717
2023-10-25,2023,0.261386888180713,-1.9581401916633712
2023-10-26,2023,0.11432197809451408,2.0107952474035296
2023-10-27,2023,-0.23763349167226128,2.3120484474059344
2023-10-30,2023,-0.332949252126327,3.094055114404748
2023-10-31,2023,-0.37974199978518824,4.27266085754443
2023-11-01,2023,-0.15305920743582802,4.378634989674901
2023-11-02,2023,-0.4509230684692743,2.126615010718469
2023-11-03,2023,0.1314551002422367,1.0602357088985714
2023-11-06,2023,0.1559211032405415,1.14076456992942
2023-11-07,2023,0.23553131475177333,1.3830428020461527
2023-11-08,2023,0.2755828187981237,2.317388086492711
2023-11-09,2023,0.2730096448091061,2.5411375491545485
2023-11-10,2023,0.27506573781137034,3.1546509042017945
2023-11-13,2023,0.23104629719135872,2.2042497041146136
2023-11-14,2023,0.10525572997534993,2.9616847297571303
2023-11-15,2023,0.058587312722219974,1.0595033621775718
2023-11-16,2023,0.035886658228550534,0.7184712990021547
2023-11-17,2023,0.06597592089448472,0.45598365966545984
2023-11-20,2023,0.17555307159601352,-0.4244509301605581
2023-11-21,2023,0.01550412310914719,-0.43320491252648585
2023-11-22,2023,0.06288465398958051,0.3483483205913851
2023-11-23,2023,0.058196715572880954,0.8054560540748268
2023-11-24,2023,-0.0031608005444682813,0.873062608532682
2023-11-27,2023,0.013836015486961345,1.6575423838594228
2023-11-28,2023,0.045404435464718826,-0.07634974410726247
2023-11-29,2023,0.06845337087795696,-0.05664756922056924
2023-11-30,2023,-0.10498011606484817,-0.8897059456172696
2023-12-01,2023,-0.11623771123851363,-0.31172674020188973
2023-12-04,2023,-0.038718478780067477,-0.018023727031224457
2023-12-05,2023,-0.14066313177889633,0.7076404041779893
2023-12-06,2023,-0.1514848440542657,0.6233036417844451
2023-12-07,2023,-0.1611845939192665,2.1666510405272454
2023-12-08,2023,-0.11832188798777721,1.6675113135706798
2023-12-11,2023,0.12136802041107883,1.3416318661824134
2023-12-12,2023,0.07015280801303123,0.7215785332678415
2023-12-13,2023,0.06869336769418681,0.9518041459894766
2023-12-14,2023,0.19412699691134977,-0.6195508893333757
2023-12-15,2023,-0.06610030440267176,-0.4370293546348214
2023-12-18,2023,-0.20773257783326637,-0.2673346918173114
2023-12-19,2023,-0.2771699291944181,0.996668857085159
2023-12-20,2023,-0.09030496749652804,1.4533433133732565
2023-12-21,2023,-0.20173951427029668,2.089805252471799
2023-12-22,2023,-0.08046657360174062,1.8991136370998252
2023-12-25,2023,-0.045809698442880596,1.413929351246579
2023-12-26,2023,-0.004800890366585747,-1.083950691003066
2023-12-27,2023,0.06775935392893254,-1.9106838442835894
2023-12-28,2023,-0.028954101754359418,-2.1843769838367333
2023-12-29,2023,-0.044260744765219705,-1.9974000059116204
2024-01-02,2024,-0.05931913842127048,-1.782649705160133
2024-01-03,2024,0.054354378526246507,-0.5335061571326016
2024-01-04,2024,0.06605521363262072,-0.024672856723650938
2024-01-05,2024,0.31720711403766844,-0.036017749729710946
2024-01-08,2024,0.03835462508853142,-0.14704660535171943
2024-01-09,2024,0.07070249327896712,-1.0756471589901562
2024-01-10,2024,0.00512388878656346,-1.7396452346694624
2024-01-11,2024,-0.02153312109943799,-1.8097703547156674
2024-01-12,2024,-0.03925144935157841,0.9632366670606629
2024-01-15,2024,-0.10702576954371915,1.5289380070006908
2024-01-16,2024,-0.016347263613643394,3.0421626495154452
2024-01-17,2024,-0.11432592868870199,4.160638255100424
2024-01-18,2024,-0.041610299685335195,4.497558885962727
2024-01-19,2024,0.11779515352787714,1.773094168374656
2024-01-22,2024,0.09364136241709446,1.7093925939231536
2024-01-23,2024,0.2883446991586879,0.8953492080098213
2024-01-24,2024,0.1581340493135855,0.0768076223593539
2024-01-25,2024,0.24985985438623165,-0.19169432004896292
2024-01-26,2024,0.3349008056454434,0.36065513644600866
2024-01-29,2024,0.25092237050176847,-0.13002473008555393
2024-01-30,2024,0.3332690458466602,3.3820488693141915
2024-01-31,2024,0.4512251664354062,4.011781172929907
2024-02-01,2024,0.5926275238841309,3.71597235324137
2024-02-02,2024,0.5203262282121659,3.8384977128925746
2024-02-05,2024,0.2424934702304736,3.206442061729442
2024-02-15,2024,0.4890047606209893,1.1167326465560734
2024-02-16,2024,0.3033970074523002,1.5152158432868879
2024-02-19,2024,0.3760318258277423,1.675538479700367
2024-02-20,2024,0.4602936737807612,0.539909007335293
2024-02-21,2024,0.3308489836268107,1.5552322701861243
2024-02-22,2024,0.5403435265906509,0.44104901240029637
2024-02-23,2024,0.47596754272103714,2.2029531176297246
2024-02-26,2024,0.40845356446446984,2.3161750153709804
2024-02-27,2024,0.24860907336147875,3.421162476046713
2024-02-29,2024,0.30535914228247724,3.8317014441573427
2024-03-01,2024,0.16324858808587833,4.4855995982241215
2024-03-04,2024,0.37087126148197536,2.179555780249065
2024-03-05,2024,0.235939506050091,2.7215772283580852
2024-03-06,2024,0.13097198735700427,2.200369754018694
2024-03-07,2024,0.15666310580134107,1.2410173498693888
2024-03-08,2024,0.33255627089972883,-0.5196782260787236
2024-03-11,2024,0.1728669268572904,0.7795263934851526
2024-03-12,2024,0.1306662701778039,-0.28798039624293725
2024-03-13,2024,0.10501719260299525,-0.7228839486745242
2024-03-14,2024,0.13077280685543016,1.3099159791994497
2024-03-15,2024,0.11736146070055867,2.7736822050044463
2024-03-18,2024,0.09694577134017036,1.5714404283734718
2024-03-19,2024,0.028491763443433814,1.3561327881070895
2024-03-20,2024,-0.0546229184059255,2.100993456982625
2024-03-21,2024,0.1070150185743561,-0.2601107277605097
2024-03-22,2024,0.044203716579634594,0.3263723383376771
2024-03-25,2024,0.08397773729843758,0.14896804467061653
2024-03-26,2024,0.16174119291272498,1.6897134075539055
2024-03-27,2024,0.32573360364585213,0.6805900162969225
2024-03-28,2024,0.17593620906928356,1.3458880056386846
2024-03-29,2024,-0.037688997110736894,2.4723508151243356
2024-04-01,2024,-0.16226752025442787,2.676249472736303
2024-04-02,2024,-0.009307699340096526,1.4005766476747228
2024-04-03,2024,-0.22438957246256713,1.9617358980410726
2024-04-08,2024,-0.2594074146016417,0.15706960137527037
2024-04-09,2024,0.2634040444368615,-4.300016349140712
2024-04-10,2024,0.18676589961518075,-2.6498384426925314
2024-04-11,2024,0.18799144490250272,-2.1780716438220216
2024-04-12,2024,0.20160384332735518,-5.832449628844117
2024-04-15,2024,0.1630041518702619,-5.0785412256470375
2024-04-16,2024,-0.2224220552280392,-1.5208552323489721
2024-04-17,2024,-0.42308864261838053,-0.4036445256669685
2024-04-18,2024,-0.5079357871971771,-2.185979153941653
2024-04-19,2024,-0.3220766964361342,3.038799372360068
2024-04-22,2024,-0.40831082376964745,5.5859446237794375
2024-04-23,2024,-0.48570282451922403,4.068108624398437
2024-04-24,2024,-0.2518559173737395,0.4505323434536468
2024-04-25,2024,-0.03912110066225609,2.3814775534787502
2024-04-26,2024,0.22519143870440517,2.001937326638359
2024-04-29,2024,0.3992996779186984,0.7709489683598969
2024-04-30,2024,0.2756633436671391,1.4900032358334148
2024-05-02,2024,-0.15936556708805133,1.6730424221805151
2024-05-03,2024,0.007972149808209978,1.8618496905115078
2024-05-06,2024,0.02815098881332998,1.6293668029182307
2024-05-07,2024,0.03835646336266586,1.6090227675365831
2024-05-08,2024,0.0289000139595953,2.1579178484008477
2024-05-09,2024,-0.028348997226414714,3.61606107164274
2024-05-10,2024,-0.054024223067271004,2.6540839564166863
2024-05-13,2024,-0.12132288259973374,1.9844939832800446
2024-05-14,2024,-0.0985331919612163,1.1955674895227197
2024-05-15,2024,-0.09490348678155831,1.9133493259867462
2024-05-16,2024,-0.2098865570088378,1.4230487235886269
2024-05-17,2024,-0.24718514829968644,1.4435187480566603
2024-05-20,2024,-0.27296261800789956,2.501641858193282
2024-05-21,2024,-0.14327464334665443,2.9272840712444292
2024-05-22,2024,-0.22410295674617658,0.5135062776571608
2024-05-23,2024,-0.01942898007786169,-1.1243817520177113
2024-05-24,2024,0.15122027462476953,-1.8136509788391875
2024-05-27,2024,0.19077150033054463,-1.2246047357865275
2024-05-28,2024,0.13854461945334295,-2.295638154833768
2024-05-29,2024,0.14537059061535357,-0.8199422965954994
2024-05-30,2024,0.27477530803747535,2.5192281768617875
2024-05-31,2024,0.19096111621818987,3.231098949571698
2024-06-03,2024,-0.19803486133942744,1.1856936697999254
2024-06-04,2024,-0.28569797956280873,3.241805117101859
2024-06-05,2024,-0.06967257642771126,3.8499633230439256
2024-06-06,2024,-0.1192897473843523,2.7486109018522775
2024-06-07,2024,-0.025124011293353732,2.9194752767588428
2024-06-11,2024,-0.17035120254442168,4.429628691471965
2024-06-12,2024,-0.13583660134068865,5.263649623383615
2024-06-13,2024,-0.1423180875568501,4.903451230815281
2024-06-14,2024,-0.12100228132571875,3.3267243493809273
2024-06-17,2024,-0.11387693222414501,1.4098618764760706
2024-06-18,2024,0.12787271560524946,0.5208848275046973
2024-06-19,2024,0.07204473374839789,-0.9601655181447066
2024-06-20,2024,0.182216663878439,-2.1367079522004895
2024-06-21,2024,0.08873275175465833,-0.9510011228470283
2024-06-24,2024,0.1743080555898071,1.0733462787710923
2024-06-25,2024,0.11633670405010174,0.014862757732236886
2024-06-26,2024,0.09856833882494188,0.808032822472482
2024-06-27,2024,0.21833806814717635,2.6916551922249177
2024-06-28,2024,0.13566684976725307,2.2765470155976963
2024-07-01,2024,0.010464528918732811,3.5543401000148744
2024-07-02,2024,0.10516740623233152,4.461267945752012
2024-07-03,2024,0.1634198678773436,3.6019096831881647
2024-07-04,2024,0.08576513524439454,3.6879536342391717
2024-07-05,2024,0.07725403007464811,1.5296781070604837
2024-07-08,2024,0.15156409152425115,0.0050673942495471636
2024-07-09,2024,0.1941640044702591,0.406567676760905
2024-07-10,2024,0.30557132195224146,-0.9882917872561015
2024-07-11,2024,0.2641247422098476,-4.065431653835594
2024-07-12,2024,0.10388871434033509,-4.380453511382953
2024-07-15,2024,0.13189205338220908,-6.794026305562628
2024-07-16,2024,0.34324122589633727,-4.689745700028125
2024-07-17,2024,0.4677319296418808,-6.94414177305508
2024-07-18,2024,0.2166311310448818,-5.2737636264251435
2024-07-19,2024,0.24319584610194528,-2.823396996667138
2024-07-22,2024,0.03260914117167376,-0.25897482094390245
2024-07-23,2024,0.4400965232380307,-1.0044666279582337
2024-07-26,2024,0.7657806352761773,-2.1751228909169806
2024-07-29,2024,0.7939457989098646,-10.528597770578074
2024-07-30,2024,0.7726380461083805,-7.751004901552716
2024-07-31,2024,0.5831830772374572,-4.072506627446293
2024-08-01,2024,0.2846283129366246,-7.82612920179665
2024-08-02,2024,0.4375642276682882,-0.7814460518465349
2024-08-05,2024,0.6916727918373536,9.79472418773144
2024-08-06,2024,0.7903868095886365,6.31944166680487
2024-08-07,2024,0.7458761602486697,3.4372405528361183
2024-08-08,2024,0.5522010473811177,4.911667888510363
2024-08-09,2024,0.5109734616188673,4.100470445759008
2024-08-12,2024,0.9611570352819372,2.9227134567814117
2024-08-13,2024,0.38130962115563755,2.901970355886263
2024-08-14,2024,0.6291268520787093,0.9562700745667341
2024-08-15,2024,0.5350203685721424,1.1585203494652196
2024-08-16,2024,0.7484348694767491,-0.8558645829651379
2024-08-19,2024,0.4392759957767879,-0.7564158801372511
2024-08-20,2024,0.32601431492103006,-1.08831830077889
2024-08-21,2024,0.4509994852287121,0.5970440540896682
2024-08-22,2024,0.6598960064792366,0.23938059030657044
2024-08-23,2024,0.7915288174673923,0.49661409735966
2024-08-26,2024,0.780399151061155,-0.022571820655648
2024-08-27,2024,0.7519234019414458,-0.41825557809330727
2024-08-28,2024,0.6147220770662544,-5.712437630360478
2024-08-29,2024,0.640212954066653,-4.567817546735964
2024-08-30,2024,0.6076039549653907,-3.7403297723334172
2024-09-02,2024,0.1807114899300748,-4.905127478626136
2024-09-03,2024,0.16810828265970157,-4.653812361913989
2024-09-04,2024,0.1378748613095407,-0.29275461947825265
2024-09-05,2024,-0.060991847189773685,2.197217160325504
2024-09-06,2024,-0.1342012506497681,1.5136791416358042
2024-09-09,2024,-0.2174898766155649,3.3372366447160795
2024-09-10,2024,-0.14412960645219625,2.9185229072430374
2024-09-11,2024,0.08058141508541569,4.81047025819028
2024-09-12,2024,-0.021553284326968052,2.337616754990579
2024-09-13,2024,-0.042330812047888265,2.4167668138044274
2024-09-16,2024,-0.10451317721383464,2.662232815623544
2024-09-18,2024,-0.2462174710672628,4.9945476787503384
2024-09-19,2024,-0.20532928514084087,3.702451923971184
2024-09-20,2024,0.1425668556407336,2.9936252844162903
2024-09-23,2024,-0.08155175383644608,-0.2736753400076064
2024-09-24,2024,-0.13099145163339546,-0.18451500505086704
2024-09-25,2024,-0.13561416422603284,-2.0160709264726573
2024-09-26,2024,-0.1608748023722937,-0.6835438940172356
2024-09-27,2024,-0.13768240228342116,-0.9262671215920615
2024-09-30,2024,0.03986897920425764,1.9552260699209123
2024-10-01,2024,-0.06099364965846661,2.2833456674939523
2024-10-04,2024,-0.0335847587206413,3.0156873312705113
2024-10-07,2024,-0.2914707455578235,2.596535368698505
2024-10-08,2024,-0.31980378273443866,1.7672067042318051
2024-10-09,2024,-0.17071461423760154,1.7421713502931313
2024-10-11,2024,-0.20983787775083668,2.557153112178878
2024-10-14,2024,-0.2020119408555836,2.4689133412461706
2024-10-15,2024,0.03215608134522825,1.0449492616361633
2024-10-16,2024,0.05940963468157595,1.4070674086892332
2024-10-17,2024,0.03501445961978752,0.6015483754550299
2024-10-18,2024,-0.06632532712085062,-0.5910435738167963
2024-10-21,2024,0.05277482149428016,-1.4631392632822315
2024-10-22,2024,0.08935548824410229,-2.5869083335209986
2024-10-23,2024,0.054406994742511226,-2.2041366613584135
2024-10-24,2024,0.13560689840256185,-1.7783319794485442
2024-10-25,2024,0.09260107616430657,-1.6406228250697596
2024-10-28,2024,0.34756909214881027,-0.39348100941155595
2024-10-29,2024,0.21782261228799701,1.2683525984457322
2024-10-30,2024,0.2819983712881896,2.5783475596209193
2024-11-01,2024,0.281692363303965,3.3968713015933183
2024-11-04,2024,0.2572958722606179,2.4569580573201577
2024-11-05,2024,-0.1958090592634814,-0.5410530843964034
2024-11-06,2024,-0.3047351265487837,-1.5382872658327607
2024-11-07,2024,-0.11563930655310355,-2.962302243342463
2024-11-08,2024,-0.17154916979759086,-3.443677456250327
2024-11-11,2024,-0.06383626955028941,-4.178134472095618
2024-11-12,2024,-0.096414650936921,-0.5785890294785823
2024-11-13,2024,-0.08195493197877202,-0.7518297060003287
2024-11-14,2024,-0.14910328906649867,-0.7031359369731094
2024-11-15,2024,-0.10924211637687906,0.71033563633629
2024-11-18,2024,-0.3255554129095536,1.7822246783763651
2024-11-19,2024,-0.2973044992758376,-0.7441966317705995
2024-11-20,2024,-0.0884055353638006,-1.5584202648406542
2024-11-21,2024,0.19480485890562382,-1.138339556457224
2024-11-22,2024,0.18845520500393725,-2.8021788029507055
2024-11-25,2024,0.18341730537161433,-0.921372629079964
2024-11-26,2024,0.22304976878897742,1.537562018381955
2024-11-27,2024,-0.009783210024878121,4.121598690472905
2024-11-28,2024,0.24010506137929996,4.345685213171935
2024-11-29,2024,0.294816789031278,4.180887142055023
2024-12-02,2024,-0.16587590660151136,2.358805696283528
2024-12-03,2024,-0.1091096068124171,0.42392864866556135
2024-12-04,2024,-0.10519186828863665,-1.5123414718260286
2024-12-05,2024,-0.15547560225395757,-0.9504064390745359
2024-12-06,2024,-0.2587241395081713,-0.745000597155987
2024-12-09,2024,-0.19738137139581974,-1.0026532607177674
2024-12-10,2024,-0.2944941774517701,-0.4630038036625317
2024-12-11,2024,-0.19539979795252052,1.157196479335365
2024-12-12,2024,-0.3374877575680728,-0.49703212593504853
2024-12-13,2024,-0.28192512419976323,-2.2164177289092146
2024-12-16,2024,-0.26953920948123494,0.2805567732498737
2024-12-17,2024,-0.33778794704570425,0.44413048738793925
2024-12-18,2024,0.1431584917023234,0.2221102894555571
2024-12-19,2024,-0.03256485917435829,1.3722595907510016
2024-12-20,2024,-0.14266171188471907,3.4003620572850224
2024-12-23,2024,-0.19674671532260296,0.3707496448749792
2024-12-24,2024,-0.49277382121542634,-0.3682487725041095
2024-12-25,2024,-0.41592376064833514,-1.6712654063521626
2024-12-26,2024,-0.27027056274335914,-1.4567078505816178
2024-12-27,2024,-0.1811985247811284,1.1687306235521389
2024-12-30,2024,-0.17052252808878104,1.988210537209678
2024-12-31,2024,-0.3048887262976877,1.6159252618829667
2025-01-02,2025,-0.14335831265198618,1.0908783526322186
2025-01-03,2025,-0.055357660473117534,0.4520632259923385
2025-01-06,2025,0.13923598444792695,-4.498866344115826
2025-01-07,2025,0.12221246251092019,-3.6097427326312714
2025-01-08,2025,-0.06178352568064921,-3.814018941929742
2025-01-09,2025,-0.113751193137233,-0.24275241290180327
2025-01-10,2025,-0.13165098384432355,0.5919556263596304
2025-01-13,2025,0.008101271514858763,3.4617510504337146
2025-01-14,2025,0.12481086186083452,2.204143257687674
2025-01-15,2025,0.16579884334718215,4.489714882407259
2025-01-16,2025,0.21376820564239923,-1.4349123347998427
2025-01-17,2025,0.19343482958851446,-1.5298029037397631
2025-01-20,2025,-0.001704719407339053,-0.45231793601359094
2025-01-21,2025,-0.06446256500477206,0.07120168617953393
2025-01-22,2025,0.28255721293463215,-0.20037907947193512
2025-02-03,2025,0.2970616930290463,2.4562111611031945
2025-02-04,2025,0.133403875744421,2.5887998399576118
2025-02-05,2025,0.4636405068823744,0.5533733018213693
2025-02-06,2025,0.30841172347949686,0.355154696653881
2025-02-07,2025,0.5833223515679322,-1.387069830954324
2025-02-10,2025,0.5994126297315111,1.0888890226878223
2025-02-11,2025,0.5574001595070304,1.2062067948024557
2025-02-12,2025,0.3597066310817033,1.349649523932217
2025-02-13,2025,0.21168700291178122,0.3762915389746935
2025-02-14,2025,0.07963041307679869,2.494923898428736
2025-02-17,2025,0.4041443442503076,0.2551761664269403
2025-02-18,2025,0.39174335992587084,-1.6073194961064519
2025-02-19,2025,0.23699408044477505,-0.8537930730619592
2025-02-20,2025,0.03509772745308551,-1.8489866507489516
2025-02-21,2025,0.24868949258948056,-4.10446581894417
2025-02-24,2025,-0.16821868258944722,-4.109557650631379
2025-02-25,2025,-0.37008307521872863,-1.7771406681863389
2025-02-26,2025,-0.13692188315147047,-2.9360902978521564
2025-02-27,2025,-0.08883777639640884,-2.0696060153089557
2025-03-03,2025,-0.20219388133896082,-1.3055753913759904
2025-03-04,2025,-0.023639624678996825,-2.3268256502667617
2025-03-05,2025,-0.44111411208726,-2.595062063055542
2025-03-06,2025,-0.4570981554877914,-3.318229062800049
2025-03-07,2025,-0.3202649362598403,-2.693205681945532
2025-03-10,2025,-0.32148197351461627,-1.5161749220251042
2025-03-11,2025,-0.48787081368432206,0.9087906397010626
2025-03-12,2025,-0.27882639861003156,-1.4252844464314185
2025-03-13,2025,-0.14961715644611512,1.8922960356402507
2025-03-14,2025,-0.06865716104718164,1.0972753612632946
2025-03-17,2025,0.12313479073193345,-0.05420769731218078
2025-03-18,2025,0.1332943577665481,0.0068248137656601315
2025-03-19,2025,0.2593308037099057,1.363609663204901
2025-03-20,2025,0.14155736019360815,-1.901483917155189
2025-03-21,2025,0.27698604639245444,-2.7295568032923434
2025-03-24,2025,0.41360347943786235,-6.381521569989824
2025-03-25,2025,0.5136016385399725,-4.45836451805961
2025-03-26,2025,0.7290101384196471,-4.321911349762287
2025-03-27,2025,0.5560940756966585,-12.388118310331386
2025-03-28,2025,0.6446728785915392,-14.54870158576005
2025-03-31,2025,0.7226079972115536,-15.965191173130922
2025-04-01,2025,0.964303087697072,-10.714858011002725
2025-04-02,2025,0.9007393845955189,-8.30797127647287
2025-04-07,2025,1.5435330576290864,1.4597280103575638
2025-04-08,2025,1.350964333627956,7.57163480941172
2025-04-09,2025,1.3946903168944162,11.938067222638772
2025-04-10,2025,1.374720562775011,1.7826287642703775
2025-04-11,2025,1.1324052159469797,-0.6848357577051822
2025-04-14,2025,1.0815825851597514,-2.0852156167987745
2025-04-15,2025,0.9338805841396294,-5.359339741268732
2025-04-16,2025,0.67876301199518,0.8790836244092937
2025-04-17,2025,0.7538757254914932,0.7243495307085901
2025-04-18,2025,0.8166450428434636,2.4630021196151874
2025-04-21,2025,0.8812411902599676,4.858161225152036
2025-04-22,2025,0.9579811359489272,7.6579953739152495
2025-04-23,2025,0.8605804110194682,3.034195998399114
2025-04-24,2025,0.8268021121491163,6.719250303278268
2025-04-25,2025,0.8969899005843788,3.3224423619704124
2025-04-28,2025,0.9752933589643584,2.4367076444976377
2025-04-29,2025,1.1690213530994231,1.5512565593301497
2025-04-30,2025,1.1858826596602678,1.5239414026072762
2025-05-02,2025,1.0642335220940011,0.6128641827547687
2025-05-05,2025,0.8066690636042363,2.905324553316402
2025-05-06,2025,0.6238170713977358,3.9349321893581646
2025-05-07,2025,0.4234909583376577,6.017475490947599
2025-05-08,2025,0.2495875417465318,5.777281267949785
2025-05-09,2025,0.4624722617534623,4.440106258462806
2025-05-12,2025,0.32241279677110213,1.866060501080491
2025-05-13,2025,0.3790723316405375,0.9183718437853594
2025-05-14,2025,0.4884987526386627,0.09658965967294098
2025-05-15,2025,0.49536265621878384,-0.27284545736934174
2025-05-16,2025,0.52882502649163,-0.8764544818205988
2025-05-19,2025,0.42241925739915853,0.05919020917743989
2025-05-20,2025,0.30288923925765976,-0.8802830805308637
2025-05-21,2025,0.10428004335816872,-2.0463760857570845
2025-05-22,2025,0.21051052569755205,-1.4935194379944394
2025-05-23,2025,0.1514637094077606,-2.999828193295484
2025-05-26,2025,0.17638977389476673,-1.9020670422448815
2025-05-27,2025,0.2707966241743229,1.3195672775435874
2025-05-28,2025,0.23415392278612074,1.4828830043656316
2025-05-29,2025,-0.01632347691843245,1.4679139750694459
2025-06-02,2025,-0.02735464669966839,3.74989703709665
2025-06-03,2025,0.04198708074112749,5.278618332147644
2025-06-04,2025,0.2556052748507128,3.941189994120653
2025-06-05,2025,0.3271929341374752,2.830016752458997
2025-06-06,2025,0.09801758973024385,1.9034046053998388
2025-06-09,2025,0.13205934104985578,1.1914022254866818
2025-06-10,2025,0.551323216672102,-0.13735189149964855
2025-06-11,2025,0.5097759204773074,-0.5045371404666654
2025-06-12,2025,0.3190451680930323,-1.2756743369248258
2025-06-13,2025,0.25494363938410475,-0.12327305593498039
2025-06-16,2025,0.38631774762553717,-1.4416391911074466
2025-06-17,2025,0.28646788512491617,-0.10278417708953214
2025-06-18,2025,0.19025014980350743,0.33045977654155845
2025-06-19,2025,0.1085656765275215,2.221646556229695
2025-06-20,2025,0.272609160699213,2.4237789250893815
2025-06-23,2025,0.28300283924825254,2.411188651584162
2025-06-24,2025,0.3296929026943372,1.6447967349234593
2025-06-25,2025,0.2640302088292537,0.65593401160291
2025-06-26,2025,0.08946468621514155,0.980911723724609
2025-06-27,2025,0.10075863755701661,-0.14428646842704618
2025-06-30,2025,0.21798976738635326,0.7759698274893756
2025-07-01,2025,0.16494466617508008,-0.8488621832673293
2025-07-02,2025,0.034853840943946154,-0.2246903365881736
2025-07-03,2025,0.056531406997673575,-0.08682263922331623
2025-07-04,2025,-0.21659949091418476,0.902672136600513
2025-07-07,2025,-0.18366362800659264,0.8304085119436255
2025-07-08,2025,-0.14296028575878097,2.1181660001421854
2025-07-09,2025,-0.17510263622986005,2.290095312249618
2025-07-10,2025,-0.07484334185587012,1.8509028014938256
2025-07-11,2025,-0.37264245433703674,2.778335750073735
2025-07-14,2025,-0.5193518175027209,3.2084499780455245
2025-07-15,2025,-0.2841010513557446,0.6655298621383698
2025-07-16,2025,-0.0925856117565741,1.196767767945861
2025-07-17,2025,-0.04256848113977858,1.1268413656564613
2025-07-18,2025,0.3193161921300794,-0.08018601444717
2025-07-21,2025,0.25619664365402695,0.31027533186862577
2025-07-22,2025,0.1557189166725665,0.9291836756000649
2025-07-23,2025,0.34442172374285696,0.6134569424414149
2025-07-24,2025,0.34739822945933785,0.722135491425635
2025-07-25,2025,0.14301636754017624,0.29960135899176343
2025-07-28,2025,0.33033652100197675,-0.14538943782466118
2025-07-29,2025,0.5304906004915277,1.9786203662518709
2025-07-30,2025,0.6509239477234746,-0.06120608378243908
2025-07-31,2025,0.7178801770026407,1.9592210179708802
2025-08-01,2025,0.5813191962074754,2.5043547130327193
2025-08-04,2025,0.6775623145464349,3.236074860536875
2025-08-05,2025,0.7143848670183996,2.103793692380451
2025-08-06,2025,0.4904964181031836,3.9350272269458086
2025-08-07,2025,0.5041021370287239,0.976221651848852
2025-08-08,2025,0.37119069113263775,1.3039282702073107
2025-08-11,2025,0.46767949724040453,1.4377990926228934
2025-08-12,2025,0.1986058366440301,0.8077535064466179
2025-08-13,2025,0.4022420979059168,-3.05531140310924
2025-08-14,2025,0.17935186227429917,-1.1385793440904957
2025-08-15,2025,0.24840970704030957,-2.3423964678924603
2025-08-18,2025,0.37951039637932044,-0.8379039412609424
2025-08-19,2025,0.07913752471815653,-0.19873940090747721
2025-08-20,2025,-0.13588006275294356,3.7860035622617083
2025-08-21,2025,-0.038082093168393574,1.1448064091130528
2025-08-22,2025,0.03993709276587791,1.9719774941330481
2025-08-25,2025,0.18815097277182272,-0.8470848172249301
2025-08-26,2025,-0.061247601326015554,-1.1862530909150792
2025-08-27,2025,0.09764992184918653,-1.7112630965053
2025-08-28,2025,0.02912979290317344,-0.23353255117809502
2025-08-29,2025,-0.07518499836509374,1.0790200180744725
2025-09-01,2025,-0.2622166052198512,1.9759693216897967
2025-09-02,2025,0.07543645932226808,3.490892617578223
2025-09-03,2025,0.046167516935603496,4.532267233187981
2025-09-04,2025,-0.10179125384645109,4.283980256287778
2025-09-05,2025,-0.20372951968297226,4.001130045912182
2025-09-08,2025,-0.29095476702018247,3.2988449276460496
2025-09-09,2025,0.1634206413656008,3.1158897260048057
2025-09-10,2025,0.22837700289510082,0.975128003909087
2025-09-11,2025,0.2732481849911109,2.19565501030905
2025-09-12,2025,0.17613765978068008,0.4071892674440081
2025-09-15,2025,0.040398981048637,2.0642690269730535
2025-09-16,2025,0.12156728174512095,2.410217232860079
2025-09-17,2025,0.024790862266708937,2.9816516466344867
2025-09-18,2025,-0.015364413100128163,0.9875681817476112
2025-09-19,2025,-0.11165452957868034,0.007623628870812027
2025-09-22,2025,0.0068164206036876295,-0.2320657171781093
2025-09-23,2025,0.17078828902271015,-1.007567615345839
2025-09-24,2025,-0.011450512133111601,0.6934453269549223
2025-09-25,2025,-0.012983910394519089,2.8328245052134937
2025-09-26,2025,0.05722847946460554,6.378458127185271
2025-09-30,2025,0.0589674914309295,4.814539122729422
2025-10-01,2025,-0.06737116409687557,5.076452175680091
2025-10-02,2025,0.021458555892608762,2.0661988847689328
2025-10-03,2025,0.09523852467083274,0.11991303782437068
2025-10-07,2025,-0.024105368817408455,0.23430882388066898
2025-10-08,2025,0.017939154904551873,2.158575626078929
2025-10-09,2025,-0.04335681996827575,0.0016482357284797189
2025-10-13,2025,0.06386394011972878,2.842172354032302
2025-10-14,2025,0.06381794545558292,3.5802434577494546
2025-10-15,2025,0.32995976060548704,1.3682503590190631
2025-10-16,2025,0.3063224250506809,-0.4181515610425013
2025-10-17,2025,0.2208216638650561,2.5318681125484854
2025-10-20,2025,0.17170435454449826,0.9407471586712735
2025-10-21,2025,0.12055090012714813,1.9541726286113503
2025-10-22,2025,-0.1489631909569719,2.3097474728660083
2025-10-23,2025,0.2858050430738378,2.5464309867769597
2025-10-27,2025,0.05484206431150731,1.2179913787529584
2025-10-28,2025,0.16914368346295916,0.5991246232885494
2025-10-29,2025,0.19186030013265953,-2.041651557851387
2025-10-30,2025,0.05137002235537221,-1.3719119343399644
2025-10-31,2025,0.23882975162542158,-2.061179420791359
2025-11-03,2025,0.22312430252335919,-1.6413860232316835
2025-11-04,2025,-0.051393635817015004,-1.17941170612621
2025-11-05,2025,-0.20324894092745632,0.8299220768725135
2025-11-06,2025,-0.150257683210777,0.014731473201079481
2025-11-07,2025,-0.13313161014953775,-0.9182533548922067
2025-11-10,2025,0.0510358785008022,-1.5149171980418652
2025-11-11,2025,-0.018524229990141177,-3.702831928795991
2025-11-12,2025,-0.11763608780992227,-4.891278483734807
2025-11-13,2025,-0.02819948497396548,-1.7101760492209572
2025-11-14,2025,-0.06980123983799198,-3.5133132585089877
2025-11-17,2025,-0.08883546074006406,-3.435928693923007
2025-11-18,2025,-0.016117288925205232,0.583231051437938
2025-11-19,2025,0.09442411329150775,3.120452428356235
2025-11-20,2025,0.5232221872353908,0.467324136341829
2025-11-21,2025,0.5458559080867157,4.507443557655133
2025-11-24,2025,0.1680685219061005,3.162852434176555
2025-11-25,2025,0.36552376546603893,2.4230673334777686
2025-11-26,2025,0.3343494317627781,1.399147887925145
2025-11-27,2025,0.27147985344221326,0.8752825760410365
2025-11-28,2025,0.5237999000579545,1.2828633977256532
2025-12-01,2025,0.2290383703451385,3.5155854268057896
2025-12-02,2025,0.4871150366048035,2.2432300946116035
2025-12-03,2025,0.32099130397282455,2.1864826589678588
2025-12-04,2025,0.3785038061120885,0.8240120507805093
2025-12-05,2025,0.5720528356618487,0.7759939015520967
2025-12-08,2025,0.402427757938341,-1.5433980902904154
2025-12-09,2025,0.4020748556666411,-2.2919815772852736
2025-12-10,2025,0.5417818072753388,-3.082878503475095
2025-12-11,2025,0.3761891612069066,-1.9847456266335994
2025-12-12,2025,0.37344388771729986,-1.779096546495118
2025-12-15,2025,0.40789416227912295,1.014463733728932
2025-12-16,2025,0.25628557263991286,2.8101084154723344
2025-12-17,2025,0.26549689672723165,3.0764932605320983
2025-12-18,2025,0.13049754935414487,3.9590396719445975
2025-12-19,2025,0.30716260784583904,4.024140365066153
2025-12-22,2025,0.2896589920137732,1.980451615011769
2025-12-23,2025,0.460002262156173,2.3070263404316504
2025-12-24,2025,0.16496939107965353,3.446463729355509
2025-12-26,2025,0.4349464236178321,5.424495430385612
2025-12-29,2025,0.44048163352879166,6.127578842583481
2025-12-30,2025,0.23195592082929842,6.02059488357074
2025-12-31,2025,0.3389920143612807,4.823122816224501
2026-01-02,2026,0.4847457111845358,3.199850356782541
2026-01-05,2026,0.5352147687523299,1.5354571859064192
2026-01-06,2026,0.2821141197914643,0.42817476280649913
2026-01-07,2026,0.1456074318921944,1.663552427480175
2026-01-08,2026,0.2687889207227837,1.482285399968064
2026-01-09,2026,0.3865515193437932,3.696858525350488
2026-01-12,2026,0.3767658213314229,3.507016814379038
2026-01-13,2026,0.32204989728947425,3.42841195002348
2026-01-14,2026,0.5073684165193275,0.9843971484510661
2026-01-15,2026,0.5215484018892684,3.0362946754004527
2026-01-16,2026,0.4343725183978977,1.7600537430711771
2026-01-19,2026,0.4713106165960091,1.3439934966935185
2026-01-20,2026,0.5157186090635753,1.7567071022377423
2026-01-21,2026,0.390959745933391,4.9844189901098845
2026-01-22,2026,0.42958070390874514,2.4890947165760346
2026-01-23,2026,0.3498147721167207,0.319884761389555
2026-01-26,2026,0.20860113798812935,-1.3737614035700618
2026-01-27,2026,0.2791806280022796,-0.3792323268329123
2026-01-28,2026,0.4871496016238998,-1.566921169546709
2026-01-29,2026,0.2711411638574059,-2.259017398122154
2026-01-30,2026,0.421694442973926,-0.8758488947799403
2026-02-02,2026,0.38969767725516935,2.4683444836094637
2026-02-03,2026,0.3926073824899615,2.725889693421668
2026-02-04,2026,0.7470492706995733,4.075279476714155
2026-02-05,2026,0.19097353694577782,6.2009787659423665
2026-02-06,2026,0.4794679644999455,9.180717190239296
2026-02-09,2026,0.5741809346882618,9.284015674308165
2026-02-10,2026,0.5065979928267641,7.07986007909176
2026-02-11,2026,0.6671046606897099,4.431925407914306
2026-02-23,2026,0.7246715216572748,1.629662046246061
2026-02-24,2026,0.6537214402030751,-5.394512291064024
2026-02-25,2026,0.7155287633025963,-4.913807246872404
2026-02-26,2026,0.6339666865342506,-5.124879674957894
2026-03-02,2026,0.5506802125367714,-8.50452299737655
2026-03-03,2026,0.7637497748646143,-4.5210226767840815
2026-03-04,2026,0.5914246637605609,3.9151807798499583
2026-03-05,2026,0.9289738175517039,-0.2704842523403084
2026-03-06,2026,0.9638979909780531,-0.5929247840893104
2026-03-09,2026,0.726987066632558,3.8370410601916927
2026-03-10,2026,0.8749895423843306,3.248822847155197
2026-03-11,2026,0.5799574329449311,0.6870747920440179
2026-03-12,2026,0.5768652648582397,0.3210661946658089
2026-03-13,2026,0.46440511265289597,0.42981624128151097
2026-03-16,2026,0.6003355891811376,-1.8595180746740492
2026-03-17,2026,0.7338447911985688,-3.6183632088004125
2026-03-18,2026,0.8190625622303191,-2.6477659338464687
2026-03-19,2026,0.7551335332868919,-1.0450084417542582
2026-03-20,2026,0.8140565215182176,-1.2857486969307108
2026-03-23,2026,0.424369115073025,-0.6244632897853153
2026-03-24,2026,0.724447599943221,-2.726736955204545
2026-03-25,2026,0.5090710589858758,-0.7903619444417087
2026-03-26,2026,0.5690015246732762,-2.2952748276571677
2026-03-27,2026,0.4517466171214851,0.35403452282047887
2026-03-30,2026,0.40098251272471686,6.898360792861591
2026-03-31,2026,0.24418970010805854,9.892415563602297
2026-04-01,2026,0.5430449937661828,6.761182125479515
2026-04-02,2026,0.46557123709210674,8.856754009449098
2026-04-07,2026,0.5953394889035348,9.227555250073593
2026-04-08,2026,0.7909816440584073,5.640627616049776
2026-04-09,2026,0.8767369701481655,6.51401158194389
2026-04-10,2026,0.6078945971411691,3.914723177563384
2026-04-13,2026,0.613529656282057,4.2347003958847385
2026-04-14,2026,0.6033052346194067,3.606418537298195
2026-04-15,2026,0.6268357524878623,3.1488633287711565
2026-04-16,2026,0.6545789801971107,1.5677304924429203
2026-04-17,2026,0.4173639768260555,5.78208982962336
2026-04-20,2026,0.5109608395337539,7.19133196965267
2026-04-21,2026,0.5590149771367623,5.096700953673583
2026-04-22,2026,0.5001008618199403,3.7621107716335977
2026-04-23,2026,0.3757397015514715,3.214920659752374
2026-04-24,2026,0.552354938779025,4.5533797043079804
2026-04-27,2026,0.5260408017096989,2.909535717702405
2026-04-28,2026,0.4940566110346329,4.091723717559925
2026-04-29,2026,0.47066963473953366,6.692228427493729
2026-04-30,2026,0.5576738961935466,6.877836586419139
2026-05-04,2026,0.21842378019749487,2.665314503278937
2026-05-05,2026,0.28933601114790003,2.7693148445803173
2026-05-06,2026,0.17983209000294825,0.5728162065784526
2026-05-07,2026,-0.0019553880170292163,-0.43408917583867
2026-05-08,2026,-0.18211899806061138,-1.0373536737145583
2026-05-11,2026,-0.05128788727431174,-2.149410649326655
2026-05-12,2026,0.05395039556202399,-4.111763908433563
2026-05-13,2026,-0.05956730466125214,-3.271773677023293
2026-05-14,2026,-0.001983622535120155,-0.9186201775973513
2026-05-15,2026,0.07999215057038858,2.6610327899590835
2026-05-18,2026,0.39831504022719827,6.731370724022567
2026-05-19,2026,0.5767132694217761,8.33792982599373
2026-05-20,2026,0.704977826571574,10.584440798564355
2026-05-21,2026,0.5993733211400099,5.483026700937765
2026-05-22,2026,0.4529839396242217,5.831768121345782
2026-05-25,2026,0.40220485330981515,3.880245804730964
2026-05-26,2026,0.20908223467019535,4.668403737865967
2026-05-27,2026,0.24623900503295384,4.976320023137681
2026-05-28,2026,0.2759819496451309,4.677329314673684
2026-05-29,2026,0.20860193881378555,0.7555953174551044
2026-06-01,2026,0.01933282919683566,-4.047672246029876
2026-06-02,2026,0.02283137037776447,-1.87208156056623
2026-06-03,2026,0.09101477525798421,-6.9601344492668415
2026-06-04,2026,0.036148691656667536,-5.534458352106264
2026-06-05,2026,0.02874987826299307,-2.001067650242039
2026-06-08,2026,0.3298712356862388,4.35422747695664
2026-06-09,2026,0.5211293279216296,2.471231045506883
2026-06-10,2026,0.5038355113360363,6.13491468238454
2026-06-11,2026,0.5887288113434621,7.684314009955151
2026-06-12,2026,0.5037700189873215,8.088176695712646
2026-06-15,2026,0.4240459162774667,3.7528038753230186
2026-06-16,2026,0.21902699680506926,0.5117095499832969
2026-06-17,2026,0.2733333613450804,0.8236519121946673
2026-06-18,2026,0.34640054450921,-4.07496362869415
2026-06-22,2026,0.31696215403044514,-5.742612665581792
2026-06-23,2026,0.3630418031073207,-2.0694831175365858
2026-06-24,2026,0.46763981602337734,2.1184051638012624
2026-06-25,2026,0.4872466714032531,1.056960873206636
2026-06-26,2026,0.45488651693571003,4.955738790660269
2026-06-29,2026,0.5813801623873872,3.45887435305412
2026-06-30,2026,0.6707379688450212,-1.4022487578022935
2026-07-01,2026,0.604455560994884,-2.732045073703193
2026-07-02,2026,0.40475862651371636,-2.9726708106424526
2026-07-03,2026,0.316536261214201,-2.9929060367306026
2026-07-06,2026,0.32601971390573714,-3.90588703290784
2026-07-07,2026,-0.04489228849468842,0.33527481078674537
2026-07-08,2026,0.2620296968364567,-0.23927279263031842
2026-07-09,2026,0.35217554526662165,-5.9163555810534
2026-07-13,2026,0.11196939939690773,-6.45832176449278
2026-07-14,2026,0.10380926884218841,-1.1289743942223374
2026-07-15,2026,0.23921220664699674,-1.7659038398618154
2026-07-16,2026,-0.17971602771454093,-1.6968117027119867
2026-07-17,2026,0.0026005798505992716,2.304993500310637
2026-07-20,2026,0.5447404161208909,2.790337740902782
2026-07-21,2026,0.1414900938688056,-5.944696783184089
2026-07-22,2026,-0.0850989490239561,-10.678230250538856
2026-07-23,2026,0.13571893763407356,-10.964149811341183
2026-07-24,2026,0.11528452230666528,-1.2257289226120127
2026-07-27,2026,0.18153664647705559,-0.5678574530660452
2026-07-28,2026,0.005288959334393245,4.223937681956458
2026-07-29,2026,0.21965161313885898,11.41986424297401
2026-07-30,2026,0.590038558256592,11.17713787741057
2026-07-31,2026,0.6144428053333899,2.565320995599474
2026-08-03,2026,0.3603659388967901,3.5549150067959
2026-08-04,2026,0.5030963023913672,4.059117181334404
2026-08-05,2026,0.5150496860731619,2.031915465932621
2026-08-06,2026,0.5436166871119543,3.6596864181347
2026-08-07,2026,0.33444800069270475,3.5840980999599426
2026-08-10,2026,0.37921216227681576,2.0666272561272514
2026-08-11,2026,0.3096872024473173,0.41657136676895856
2026-08-12,2026,0.3214929851360862,-1.7547316922707834
2026-08-13,2026,0.2877857734923796,-2.3635484995267575
2026-08-14,2026,0.23010848961739266,-1.2807401539498886
2026-08-17,2026,0.3983871759294441,-2.387734812822473
2026-08-18,2026,0.3873392491566634,-0.3072700418551122
2026-08-19,2026,0.4463031823926128,2.489459260923965
2026-08-20,2026,0.40150238786943326,2.317812850655221
2026-08-21,2026,0.6189255701526775,2.448153414901588
2026-08-24,2026,0.4556549072982564,3.052008921789584
2026-08-25,2026,0.48115216136475025,3.9390774208945656
2026-08-26,2026,0.4434067939914438,0.7245930954852708
2026-08-27,2026,0.23236205924293613,-0.25570296346596466
2026-08-28,2026,0.03181493081464594,0.4741487693564528
2026-08-31,2026,0.13441263890767802,2.596661020840263
2026-09-01,2026,0.05052054244757763,0.33453521203559156
2026-09-02,2026,-0.3898586083596481,2.2065334740468456
2026-09-03,2026,-0.20934665638838293,2.361284897659388
2026-09-04,2026,-0.30794929819426453,-0.786833746033655
2026-09-07,2026,-0.07563532524056368,-3.0928911152305005
2026-09-08,2026,-0.03823591919051851,-3.3844891221416984
2026-09-09,2026,0.045996013081017785,-2.8282428381531055
2026-09-10,2026,0.002209513614397514,-1.3900366187059365
2026-09-11,2026,-0.3693994312401487,2.1563348154210793
2026-09-14,2026,0.15006031300421965,4.047575231365386
