date,year,pred,actual
2014-01-02,2014,-1.251776298395368,-2.614675809923672
2014-01-03,2014,-2.0078893127829334,-1.8088021585343284
2014-01-06,2014,-1.5456871134467653,-0.8170578622848756
2014-01-07,2014,-1.503769588617494,-0.01679921995229039
2014-01-08,2014,-1.933253730165319,-1.0321399811360599
2014-01-09,2014,-1.4821946184020462,-0.011744422573722879
2014-01-10,2014,-0.8684298271512236,-0.11489738373968716
2014-01-13,2014,-0.31729296247587085,-0.11638766314119309
2014-01-14,2014,-0.7923824965683638,0.3377342907346037
2014-01-15,2014,-0.9392599626274434,-0.90589418253888
2014-01-16,2014,-1.3030008433815325,-0.1190184519240911
2014-01-17,2014,-0.9307425709093156,-0.41170311772916746
2014-01-20,2014,-0.9856044751500462,-0.5328502034434468
2014-01-21,2014,-0.7068855572759438,0.011162920499097062
2014-01-22,2014,-1.115634142412593,0.1655594588014342
2014-01-23,2014,-1.1861409751754366,0.0800456073809297
2014-01-24,2014,-1.117243355763743,-0.5090535233086335
2014-01-27,2014,-0.3575105279313143,2.013100039349758
2014-02-05,2014,0.06157049261269091,5.436639691789447
2014-02-06,2014,-0.37098302679826195,4.848387861403114
2014-02-07,2014,-0.5487478454837146,3.3132038128848684
2014-02-10,2014,-0.1265852096638691,3.6985444384201482
2014-02-11,2014,-0.2640934907446641,3.014864967451758
2014-02-12,2014,-0.2629249179667381,2.7837342128360643
2014-02-13,2014,-0.033984597572917954,2.5972814341556516
2014-02-14,2014,0.12493561461719054,2.1896524182257293
2014-02-17,2014,-0.14586040093041103,2.4929720466456695
2014-02-18,2014,-0.11159379869942736,1.5571110173522529
2014-02-19,2014,0.05421368591218445,0.2369123972106868
2014-02-20,2014,0.15709346187769047,0.6164497655027246
2014-02-21,2014,-0.07225448119477101,0.04092138211966301
2014-02-24,2014,-0.034480195194257046,1.503280724153977
2014-02-25,2014,0.3227700639101451,1.8849949041585212
2014-02-26,2014,0.253672104831502,2.077815474266509
2014-02-27,2014,0.42186995738713196,1.563270436757347
2014-03-03,2014,1.1937955569052892,2.8749194952790047
2014-03-04,2014,0.9847052884634564,3.7244550846684765
2014-03-05,2014,0.4584684288021717,3.156749794102365
2014-03-06,2014,0.34790974717848416,2.0054419489108577
2014-03-07,2014,0.02227324607649272,1.864594283196186
2014-03-10,2014,0.1992850275642326,2.573615964474163
2014-03-11,2014,-0.7336798520957869,2.6227458623150346
2014-03-12,2014,-0.777231314526536,3.032564052077613
2014-03-13,2014,-0.2621360695069123,1.8320055694066584
2014-03-14,2014,0.27602387228113917,1.9543880206684738
2014-03-17,2014,0.352580338231288,2.4897414972241627
2014-03-18,2014,-0.18538232504507252,2.1974498221471794
2014-03-19,2014,0.6804697884400793,2.931137262844885
2014-03-20,2014,0.9021031252311845,4.295868601065678
2014-03-21,2014,0.966005062547065,4.360645760781234
2014-03-24,2014,0.9756273066307269,4.29184998222043
2014-03-25,2014,0.543659366298073,3.079879852232059
2014-03-26,2014,0.6258507246799718,2.382666439288239
2014-03-27,2014,0.1316515165255067,-0.0620759331037779
2014-03-28,2014,-0.11619149619561471,0.39967451656135466
2014-03-31,2014,-0.3138778901695515,0.25798709047515356
2014-04-01,2014,-1.3068052768424432,-0.9208680119236035
2014-04-02,2014,-0.5636523655056112,-0.42816477550264853
2014-04-03,2014,-1.0849677206337995,-0.2037454970107655
2014-04-07,2014,-0.9299915396311272,0.40500470909508035
2014-04-08,2014,-1.4021768449474137,0.05591651899978789
2014-04-09,2014,-1.4220071356524446,0.0036951728725087563
2014-04-10,2014,-1.7721559911503202,-0.6527642739799444
2014-04-11,2014,-1.6551206003676924,-1.1162936894157371
2014-04-14,2014,-1.4458427112329022,-0.4457279885113241
2014-04-15,2014,-1.2102901619642235,-0.4659790438401479
2014-04-16,2014,-0.9057237124723425,-0.48376143848710695
2014-04-17,2014,-1.105594496368914,-0.6228645283626322
2014-04-18,2014,-1.1247830153998266,-0.7445358695433946
2014-04-21,2014,-1.1843941420752033,-0.7082857139665166
2014-04-22,2014,-1.3519084435254158,-1.2511824894620438
2014-04-23,2014,-1.386719419147839,0.14190145719732428
2014-04-24,2014,-1.5968663000712051,0.7016975110251344
2014-04-25,2014,-0.04165818705269866,2.986054441926944
2014-04-28,2014,-0.6145997754128018,2.7876059484364557
2014-04-29,2014,-0.6462469308082178,2.813310475185715
2014-04-30,2014,-0.4133740188696902,3.6121500004549834
2014-05-02,2014,-0.26614148482430067,2.3523454662739196
2014-05-05,2014,-0.7567051534168916,2.8525110958544264
2014-05-06,2014,-1.2200667000069079,2.329004902164278
2014-05-07,2014,-1.004278053820761,2.783018974004925
2014-05-08,2014,-0.949410494459826,2.2792775644111973
2014-05-09,2014,-0.2516977327524301,3.071535677847015
2014-05-12,2014,0.015166323049876468,4.697222376742749
2014-05-13,2014,-0.060259064280979005,4.6707054028491735
2014-05-14,2014,0.10735441969225959,3.71249645076821
2014-05-15,2014,0.25032045821057414,3.5553703839245943
2014-05-16,2014,0.6687848142877915,3.5380746924379425
2014-05-19,2014,0.9913481906574967,3.828132900369674
2014-05-20,2014,0.6683742365586681,4.412120448390433
2014-05-21,2014,0.7530888978737246,5.127154885460183
2014-05-22,2014,0.8083122829548735,3.3909982908994163
2014-05-23,2014,0.6680130224864973,2.4436570154814374
2014-05-26,2014,0.405393345118987,2.3248916570386413
2014-05-27,2014,0.33627303663649344,2.0636556090417812
2014-05-28,2014,0.34553653307197896,2.184129949318736
2014-05-29,2014,-0.1710090082252445,2.1718081018772706
2014-05-30,2014,0.3867920449017882,3.494525617816824
2014-06-03,2014,-0.06878140012602219,3.490561694795624
2014-06-04,2014,-0.18087754349625335,4.00221053601113
2014-06-05,2014,-0.408716397509618,4.217501465967666
2014-06-06,2014,-0.46414696089112295,4.111792049010021
2014-06-09,2014,-0.8639879803011293,3.9012347834818106
2014-06-10,2014,-0.6999130604614185,3.346319872223713
2014-06-11,2014,-0.9697565357561876,2.818912652495187
2014-06-12,2014,-1.033321924966248,3.916172803963236
2014-06-13,2014,-0.9482005612130792,3.256168996747655
2014-06-16,2014,-0.7602044958447063,3.4485756166785952
2014-06-17,2014,-0.6252653240343904,3.5557214899465395
2014-06-18,2014,-0.9617113293518912,2.206913198698679
2014-06-19,2014,-0.6778255212689668,0.9813444730546239
2014-06-20,2014,-0.665498619148868,1.371391847346115
2014-06-23,2014,-0.46911556977617713,2.303987169970778
2014-06-24,2014,-0.985448511016668,2.737989660617335
2014-06-25,2014,-1.0542429908889601,3.0878063136756007
2014-06-26,2014,-0.47990874196849254,1.269721723345496
2014-06-27,2014,-0.29132450372453006,1.2179227513557267
2014-06-30,2014,-0.43815636446571987,-0.012668914423086264
2014-07-01,2014,-1.509869659937414,0.05401443774148973
2014-07-02,2014,-1.4330660365058878,-1.7829279195694991
2014-07-03,2014,-1.3114092477381,-2.726367093803106
2014-07-04,2014,-1.096635450998404,-1.8912624013543433
2014-07-07,2014,-0.912457903714485,-3.9784878468939744
2014-07-08,2014,-0.8028754323157044,-4.060547813551185
2014-07-09,2014,-1.2162594310234522,-3.77809015403614
2014-07-10,2014,-1.0210127394937267,-5.0094510053193435
2014-07-11,2014,-0.9596803524754275,-3.4007523294411035
2014-07-14,2014,-1.2897976001604738,-3.7517725281766223
2014-07-15,2014,-0.968498782777426,-3.5307137400631516
2014-07-16,2014,-1.081930388769838,-2.6792539165584994
2014-07-17,2014,-0.8202480219908186,-2.140995552834535
2014-07-18,2014,-0.9163549257780321,-2.7620554049209822
2014-07-21,2014,-0.9690193837791122,-2.0886624997219383
2014-07-22,2014,-1.3263927431327915,-2.224465648212104
2014-07-24,2014,-1.220459424285209,-2.877552862543764
2014-07-25,2014,-0.6635379963236199,-0.627059874206648
2014-07-28,2014,-0.6157016769415404,-0.3137944285565575
2014-07-29,2014,-0.46848107566144376,0.022146790631905056
2014-07-30,2014,-0.6682678352940841,0.40827689578299964
2014-07-31,2014,-0.30169894229382893,1.7445536370809034
2014-08-01,2014,-0.18458351902809556,1.831973418255628
2014-08-04,2014,0.2648865904936111,1.9599815223483974
2014-08-05,2014,-0.06888544245397084,2.8253754331921233
2014-08-06,2014,0.23408202785824925,3.3506234163060533
2014-08-07,2014,0.0022787267478669797,3.257427087074971
2014-08-08,2014,0.08624183988503865,3.5437091952859268
2014-08-11,2014,0.03995234752484143,2.8547102282699965
2014-08-12,2014,0.43636125174731155,2.1225303171845455
2014-08-13,2014,0.5732926081362913,0.9927085104931122
2014-08-14,2014,0.9312424128507985,-0.08049305517187078
2014-08-15,2014,0.7620375043245309,0.11567524473732327
2014-08-18,2014,0.8546587480916822,-0.08653026754370519
2014-08-19,2014,0.862565086756382,-0.525867123622592
2014-08-20,2014,1.1060306360316838,-0.5493079817614932
2014-08-21,2014,1.0570757703958702,-0.1397327246908553
2014-08-22,2014,0.9257153514821967,-2.616709843178655
2014-08-25,2014,0.8691412504410312,-3.255589087834465
2014-08-26,2014,0.8438693962394325,-3.1453189070423937
2014-08-27,2014,1.0041182004823477,-4.997053425248188
2014-08-28,2014,0.7618650618510834,-5.154367259349457
2014-08-29,2014,0.6360225821366631,-5.039173317423096
2014-09-01,2014,0.9507656624235231,-5.7409498100506
2014-09-02,2014,0.7630427728949634,-4.356087202597514
2014-09-03,2014,0.2793479812579837,-5.0279619273360225
2014-09-04,2014,0.2623335968848907,-3.421505606704489
2014-09-05,2014,0.521410602540407,-3.3248511363805577
2014-09-09,2014,0.5694584914541723,-4.175618483545451
2014-09-10,2014,0.48111555991795923,-4.3005639260452195
2014-09-11,2014,0.7198097457827918,-3.824004204677711
2014-09-12,2014,0.371516882884072,-5.548953831541848
2014-09-15,2014,0.45229630181832753,-4.871949539244003
2014-09-16,2014,0.5575394439602657,-5.232334070554224
2014-09-17,2014,1.4673122903519673,-6.106249259121899
2014-09-18,2014,1.1440541417492287,-7.839641096759475
2014-09-19,2014,1.2404234840751935,-6.247639454788468
2014-09-22,2014,1.2967585402824153,-5.254826402763113
2014-09-23,2014,1.4277608009731186,-3.699215181234794
2014-09-24,2014,1.1743752263936647,-4.0382525012392145
2014-09-25,2014,1.4994571853654217,-4.056775774308418
2014-09-26,2014,0.9632156182901503,-4.027221902107037
2014-09-29,2014,1.3601883515806876,-2.0892201107941877
2014-09-30,2014,1.6825527050042435,-0.7052588848790897
2014-10-01,2014,0.4849668404959739,-1.1366745789332056
2014-10-02,2014,0.39698567458322476,-0.004790984926228425
2014-10-03,2014,0.276499616384125,-1.1137368936602
2014-10-06,2014,0.30665965869496975,-1.1650178007155398
2014-10-07,2014,0.28477144177273556,-0.8650773547945301
2014-10-08,2014,0.17022250946222717,-0.7164568439718688
2014-10-09,2014,-0.21002930136314885,-0.6002382216353408
2014-10-13,2014,0.016890093181499442,3.8867505644908595
2014-10-14,2014,-0.4264262782889968,3.030773038151824
2014-10-15,2014,-0.5475993021250922,3.0436103707349504
2014-10-16,2014,0.4975576245869687,4.018907326994592
2014-10-17,2014,-0.14152989387557746,5.521045756547727
2014-10-20,2014,-0.38643914640788807,2.5539238659423757
2014-10-21,2014,-0.37427716436219016,2.3620855402419982
2014-10-22,2014,-0.4176275099128386,2.450727697303523
2014-10-23,2014,0.12349671162185835,3.983475106716594
2014-10-24,2014,0.16088334684284294,5.152897116704702
2014-10-27,2014,0.24498427365900696,5.73206549077514
2014-10-28,2014,-0.010249684409816929,3.905944572037545
2014-10-29,2014,0.37475471957707407,2.4564000503162653
2014-10-30,2014,0.48977482562909885,3.1192373597417555
2014-10-31,2014,0.21992372058217882,2.3665256786810973
2014-11-03,2014,0.1044090209864238,1.2532121543255448
2014-11-04,2014,-0.24125486852683467,0.5073877706309293
2014-11-05,2014,-0.4529619333080036,2.3727489790908773
2014-11-06,2014,-1.1412586056579586,3.7576116126158743
2014-11-07,2014,-1.2277811446226052,3.298132311261992
2014-11-10,2014,-1.1622268007819352,1.5172409220794103
2014-11-11,2014,-1.18055664900134,1.0489100235329563
2014-11-12,2014,-1.0297934902485348,1.2693198190369737
2014-11-13,2014,-1.094883355900499,0.36077486423617966
2014-11-14,2014,-0.9414205309345153,0.49483016582656525
2014-11-17,2014,-0.6542257466646728,1.139526742972774
2014-11-18,2014,-0.043620684660994016,1.0366776648113252
2014-11-19,2014,0.2838457432367124,-1.504812991730664
2014-11-20,2014,0.5358470340469185,-2.205560824199504
2014-11-21,2014,0.8906813063522636,-1.012040877608067
2014-11-24,2014,0.9486971266847221,-0.2995945114899312
2014-11-25,2014,1.004482109440464,-0.20326362623187544
2014-11-26,2014,1.354380061092419,0.6992685031006252
2014-11-27,2014,1.3397929488482743,-0.07211976463424863
2014-11-28,2014,1.0278618979028877,0.2930179653102494
2014-12-01,2014,1.713324440596566,1.1054310786370758
2014-12-02,2014,0.7107282612567649,2.7835732761912535
2014-12-03,2014,0.042134582275341115,1.015448063597102
2014-12-04,2014,0.7111940171348492,0.8905042866697466
2014-12-05,2014,0.6605211135212127,0.7336065440223694
2014-12-08,2014,0.35998284016194526,-1.5124155218786073
2014-12-09,2014,0.903430804781266,-0.5346755907064349
2014-12-10,2014,0.7302407760746091,2.2792997466829723
2014-12-11,2014,1.039446890030487,2.24684818824219
2014-12-12,2014,1.0867194401640914,1.6723660262779827
2014-12-15,2014,0.4472142824139122,2.739596444545356
2014-12-16,2014,1.3991011231978099,2.561974145645518
2014-12-17,2014,1.6397379425747427,3.8141851940790783
2014-12-18,2014,1.5966462503040124,2.924550296611095
2014-12-19,2014,1.4276135273101793,1.9394367699610449
2014-12-22,2014,1.7468729124584939,1.7228147333699928
2014-12-23,2014,1.7957240989772718,2.4401745054524637
2014-12-24,2014,1.3829962261514113,1.9957153027700292
2014-12-25,2014,1.1933578148735293,3.409217465360803
2014-12-26,2014,0.8638284154582638,2.8608421685530905
2014-12-27,2014,0.9227627172018877,3.287845094104247
2014-12-29,2014,1.0670430166739844,2.4190526238708987
2014-12-30,2014,0.9011669132197732,1.7097825629583285
2014-12-31,2014,0.7124156753103293,0.5871760324735797
2015-01-05,2015,0.4537964708520105,1.2171518345156507
2015-01-06,2015,0.4296199071478215,4.425010554422126
2015-01-07,2015,0.06954080615216152,4.77781607891552
2015-01-08,2015,-0.24117860109270106,2.9662168232837294
2015-01-09,2015,-0.28925188937791585,2.6107960649248474
2015-01-12,2015,0.033623269538737,2.6497281631674863
2015-01-13,2015,0.6346337042910658,1.7537208345068223
2015-01-14,2015,0.7451340742807122,3.0717095323319787
2015-01-15,2015,1.071539277754812,3.6139306869872545
2015-01-16,2015,0.6997726777635227,4.281107296879383
2015-01-19,2015,1.6322374229198613,4.96301528439973
2015-01-20,2015,1.328644554473223,4.840737205851053
2015-01-21,2015,0.7717555387782704,3.2446288564773162
2015-01-22,2015,1.055724400060179,2.4745157430858145
2015-01-23,2015,1.1169848942322735,1.4236179302160146
2015-01-26,2015,0.42214428793822806,1.5199938381479816
2015-01-27,2015,0.0812417165229516,0.7719298982627798
2015-01-28,2015,0.09321574414726047,1.4178439099477247
2015-01-29,2015,0.8007498659786452,1.443528625529078
2015-01-30,2015,0.8713358010850459,1.8652176745984628
2015-02-02,2015,0.43036993934648854,1.450837808498795
2015-02-03,2015,0.9213988574358067,1.5586221640368603
2015-02-04,2015,0.4647762670627322,0.6877291379368433
2015-02-05,2015,1.1472121024921822,0.009041163576739564
2015-02-06,2015,0.9896779651748163,0.8804823935246509
2015-02-09,2015,1.0834526856319338,2.461709918802746
2015-02-10,2015,1.446075733397444,3.6517027369407096
2015-02-11,2015,0.4518250962958209,3.0380819723067276
2015-02-12,2015,0.5321427685650144,2.7566496881420433
2015-02-13,2015,0.8167597040421454,2.121305292717035
2015-02-24,2015,0.437142752980017,0.3994030762136891
2015-02-25,2015,0.31314822521399605,-0.8291114836373681
2015-02-26,2015,0.09646795880893179,-1.2302927635339578
2015-03-02,2015,-0.3615862380372296,-0.8279035469975105
2015-03-03,2015,-0.5797360135215249,-0.2012332171184572
2015-03-04,2015,-0.6321702491679483,-1.1855456347247273
2015-03-05,2015,-0.6400604868018954,0.05450704474891932
2015-03-06,2015,-0.34799920613153507,-0.040121213754851226
2015-03-09,2015,-0.4591083024231537,0.09400835304476107
2015-03-10,2015,-0.5304899919990109,0.3304136829643589
2015-03-11,2015,-0.6327442404333873,0.9925256059425624
2015-03-12,2015,-0.6225387714542722,0.7348895373072262
2015-03-13,2015,-0.7854349586148672,0.6563075782803462
2015-03-16,2015,0.23386082130314687,0.2854016278930338
2015-03-17,2015,-0.32688708324141913,1.2309946915122882
2015-03-18,2015,-0.9009675347850041,-0.8546185138339379
2015-03-19,2015,-0.6298937019340685,-1.8885190407867847
2015-03-20,2015,-0.7473907808290312,-2.212480601947353
2015-03-23,2015,-0.266380397780279,-1.4868688442102873
2015-03-24,2015,-0.06262033410179171,0.6764519105681766
2015-03-25,2015,0.4653815598912769,2.5388323956875514
2015-03-26,2015,0.398295148375926,3.680170327431198
2015-03-27,2015,0.6048313132241784,4.767712011717529
2015-03-30,2015,0.7327425160386589,3.4862899829550154
2015-03-31,2015,0.489224334241801,2.4368795924242903
2015-04-01,2015,-0.4435860898851698,3.548507203665263
2015-04-02,2015,0.2079214284255214,2.2896111796273377
2015-04-07,2015,0.6904757517276389,1.828477789647276
2015-04-08,2015,0.42106647496898164,1.3804890738270403
2015-04-09,2015,0.5583141391862643,1.2955631456390115
2015-04-10,2015,0.16130241686184804,0.4784927789388105
2015-04-13,2015,0.10450343690636736,0.14700223037866778
2015-04-14,2015,0.2215828594579194,0.8492857453988867
2015-04-15,2015,0.7956293297916359,0.7418192338413121
2015-04-16,2015,1.1839816722061365,-0.801398382705798
2015-04-17,2015,1.0446391747763233,0.3674669023804311
2015-04-20,2015,0.33478055183533384,1.7159277074380919
2015-04-21,2015,0.9256143348243396,1.587269954415671
2015-04-22,2015,1.6622123338410588,-0.3582648496827212
2015-04-23,2015,-0.06335652744924869,-1.6197005559587252
2015-04-24,2015,-0.16078000027074918,-2.704553891345751
2015-04-27,2015,-0.2744024336456685,-3.0452857280369727
2015-04-28,2015,-1.0125327969035243,-2.644315510056905
2015-04-29,2015,-1.4132754588847845,-1.4308142113269695
2015-04-30,2015,-1.5186351666259386,-1.211602792246469
2015-05-04,2015,-1.1881323948425508,-2.228025482882756
2015-05-05,2015,-0.5223744850287018,-2.096408092357216
2015-05-06,2015,-0.049269739575545306,-2.6652543236031057
2015-05-07,2015,0.48927879712377226,-3.6631901328406324
2015-05-08,2015,0.6431846902852505,-3.630520016508465
2015-05-11,2015,0.5943788537744246,-3.055655586047601
2015-05-12,2015,0.7042090478344456,-5.0498257879312725
2015-05-13,2015,0.6882617360098665,-4.3768529973437165
2015-05-14,2015,0.7380096030170935,-3.208255686553607
2015-05-15,2015,0.746406905106071,-2.897338895221868
2015-05-18,2015,0.7989203381734005,-3.6083322055777134
2015-05-19,2015,0.693927516567938,-5.186805903607883
2015-05-20,2015,0.6260156831414896,-5.115788756374339
2015-05-21,2015,0.5578829049200509,-3.760377342732091
2015-05-22,2015,0.8998830728564267,-3.081607669004427
2015-05-25,2015,0.8145816298031319,-2.633753474537004
2015-05-26,2015,0.9580765261291582,-2.814028984188288
2015-05-27,2015,0.8955368461518669,-2.240667496085025
2015-05-28,2015,0.8791867116174258,-2.576692295971106
2015-05-29,2015,0.5376357896482782,-4.792976444866381
2015-06-01,2015,1.1790333504736885,-3.1443979600423444
2015-06-02,2015,1.1313849729211665,-2.4862027862778913
2015-06-03,2015,1.195509959336637,-1.8550685814501588
2015-06-04,2015,1.1114795766148493,0.10268884317810034
2015-06-05,2015,1.0057720342294754,-0.9011651872083193
2015-06-08,2015,1.41415026599727,-1.2624313785767782
2015-06-09,2015,1.3613979043286304,-2.3472916827587897
2015-06-10,2015,1.6053087921002642,-4.133677474861541
2015-06-11,2015,2.028188944722833,-2.8870764709233776
2015-06-12,2015,1.5378397209553638,-2.796946440147363
2015-06-15,2015,2.2964260190459105,-2.2169711474078313
2015-06-16,2015,1.833161751041618,-1.8514498338178198
2015-06-17,2015,1.5474771435997738,-1.5653173127250453
2015-06-18,2015,1.6834593330584475,-2.6400545866568703
2015-06-22,2015,1.3220243420707487,-3.5947149201917994
2015-06-23,2015,1.4927903432489331,-5.030699148346196
2015-06-24,2015,1.5348583796578956,-6.450675778494041
2015-06-25,2015,1.6616509285400727,-7.476304142738643
2015-06-26,2015,1.9861979780374326,-9.573403420001114
2015-06-29,2015,1.99208487617331,-7.076688212557258
2015-06-30,2015,1.5060258122660009,-8.146930930106343
2015-07-01,2015,0.02585625265442907,-7.719703943263257
2015-07-02,2015,-0.9779136804541068,-7.611490909711227
2015-07-03,2015,-0.527957737208175,-8.910018240628837
2015-07-06,2015,-1.1824068393938212,-8.049948357598769
2015-07-07,2015,-0.7579979840612541,-7.652732493275782
2015-07-08,2015,-1.3760799946615074,-5.866126863418575
2015-07-09,2015,-0.44449234427649686,-5.293169383888263
2015-07-13,2015,-0.5371081633610733,-6.277230703836212
2015-07-14,2015,-0.6261550799101439,-7.1625435755870654
2015-07-15,2015,-0.5992575897155905,-8.513397097479636
2015-07-16,2015,-0.32694454844626825,-8.07844542429339
2015-07-17,2015,-0.4288546630502542,-8.184187893406802
2015-07-20,2015,-0.4102743664069882,-8.48557103064067
2015-07-21,2015,-0.1393198595101316,-9.202128368324969
2015-07-22,2015,-0.06232354621158196,-10.055949858163194
2015-07-23,2015,-0.005973297099411606,-8.659988715886035
2015-07-24,2015,0.19159241993587597,-11.187906741211663
2015-07-27,2015,-0.05361375229984111,-13.397018469780342
2015-07-28,2015,0.022333579792538062,-10.566280881189483
2015-07-29,2015,-0.005931189556345718,-9.901231742235627
2015-07-30,2015,-0.09510579231420499,-9.55835353216613
2015-07-31,2015,-0.015950327640072214,-7.456833776862759
2015-08-03,2015,0.12429697680719902,-4.099873187704484
2015-08-04,2015,0.06920501798573933,-5.796124010969517
2015-08-05,2015,0.13653085804043652,-5.934956399177271
2015-08-06,2015,0.4997137089713005,-4.184951642452384
2015-08-07,2015,0.580275351235462,-5.23187429003269
2015-08-10,2015,1.0072106619628385,-5.672482295638037
2015-08-11,2015,1.1094928809898277,-4.67754886146764
2015-08-12,2015,0.9185489665933689,0.04273617774388505
2015-08-13,2015,0.8563101313513831,-0.5180624032994241
2015-08-14,2015,0.6493544275667331,0.0021672020458440855
2015-08-17,2015,0.7014448159665896,1.1428856676025445
2015-08-18,2015,0.7056437637278046,1.0122021909646506
2015-08-19,2015,0.7730543470476073,3.8825257048258344
2015-08-20,2015,1.0356122040193827,5.17683481925475
2015-08-21,2015,0.1594025913971596,8.67120761482074
2015-08-24,2015,0.07852559150444322,12.10065934896376
2015-08-25,2015,0.40174621978974007,8.99312630608
2015-08-26,2015,0.28118279368909416,6.193045509157424
2015-08-27,2015,1.02824738557118,3.8155548881405377
2015-08-28,2015,1.1029525410659002,1.4112415483877427
2015-08-31,2015,1.0575537911735302,0.07730962504830519
2015-09-01,2015,1.1176335423289767,3.472128677552777
2015-09-02,2015,1.0987227942364528,3.3569416909657424
2015-09-03,2015,1.0457429778660845,3.1671391251181236
2015-09-04,2015,1.0263795797271782,4.9183811214158935
2015-09-07,2015,1.251404256198073,6.369075046077399
2015-09-08,2015,1.2325951336141094,5.554708492157712
2015-09-09,2015,1.4332008530880205,3.4608756932611895
2015-09-10,2015,1.237528410424492,3.618957318459537
2015-09-11,2015,1.6461416523514862,2.6088935228550714
2015-09-14,2015,0.86280674151242,3.541828923752499
2015-09-15,2015,0.9135841006251366,4.176276242465193
2015-09-16,2015,0.6334497510087801,3.578538608400761
2015-09-17,2015,0.740863452483663,2.464034101000534
2015-09-18,2015,0.570184548959489,1.738212792508742
2015-09-21,2015,0.7194766719178467,3.628488607253577
2015-09-22,2015,0.2665744332123011,3.680288599460657
2015-09-23,2015,0.19610095370294622,6.7363811448699185
2015-09-24,2015,-0.3234168877841964,7.118218414152233
2015-09-25,2015,0.07413561124123111,6.561940890394524
2015-09-30,2015,0.5297994718284493,4.765047841158565
2015-10-01,2015,-0.48539858638458167,3.1144150030014472
2015-10-02,2015,0.32461027474465565,3.7295470335447334
2015-10-05,2015,0.8745116539251985,4.320096355999969
2015-10-06,2015,0.6952063798037525,5.51482588961294
2015-10-07,2015,0.7381258035348447,4.17822707566482
2015-10-08,2015,-0.524135003350244,2.931697521655341
2015-10-12,2015,-0.07516336532903281,0.8019856025155869
2015-10-13,2015,-0.05470277443672422,-0.3620481983958812
2015-10-14,2015,0.3337663774369731,-1.261365489744215
2015-10-15,2015,-0.3987340831538232,-2.0162715427040845
2015-10-16,2015,-0.04124036886629108,-3.2010645035706276
2015-10-19,2015,-0.6213603749483478,-3.8938770781440146
2015-10-20,2015,-0.786034493663022,-2.706156975131735
2015-10-21,2015,-1.164219813592918,-3.12176582574748
2015-10-22,2015,-0.342771461455713,-1.5247791126403398
2015-10-23,2015,-0.01655074986159826,-2.4021739005119835
2015-10-26,2015,-0.5481596498229944,-2.968774298599497
2015-10-27,2015,-0.38869504273338723,-3.4613139155898254
2015-10-28,2015,-0.37572608377350536,-3.2294059882367776
2015-10-29,2015,-0.3648591478144377,-1.0054742226183855
2015-10-30,2015,-0.5975535497249759,-1.8225900160270037
2015-11-02,2015,-0.6576401147529649,-3.41460073803479
2015-11-03,2015,-0.11472226609018583,-2.8679507734825194
2015-11-04,2015,-0.101236982555552,-4.511901294114729
2015-11-05,2015,0.33918313160797137,-4.453242758904352
2015-11-06,2015,-0.8672273944673543,-3.392967446054951
2015-11-09,2015,-0.7528918311077888,-2.177731391915272
2015-11-10,2015,0.37065749827618727,-2.2612423713525898
2015-11-11,2015,-0.8738692739080381,-2.2030871026891163
2015-11-12,2015,0.4741771462095935,-2.514448706646466
2015-11-13,2015,0.5238037750740094,-2.5644996698481304
2015-11-16,2015,-0.29714689831774893,-3.07688598500373
2015-11-17,2015,0.05226932609056458,-4.110378149563743
2015-11-18,2015,0.08449615648999959,-1.8681201419104565
2015-11-19,2015,-0.5174157825955581,-1.858278676921632
2015-11-20,2015,0.4765283342654728,-2.4585816465752086
2015-11-23,2015,0.4414947881391466,-2.3988507765389633
2015-11-24,2015,-0.3129111411460956,-1.278550119402766
2015-11-25,2015,0.26010026644958256,-0.8398391153010776
2015-11-26,2015,-0.5347926680843118,-1.8920670838784126
2015-11-27,2015,-0.3618805303324387,-0.418174890455314
2015-11-30,2015,-0.05893617581329058,0.4552550834614255
2015-12-01,2015,-0.379587614813233,-2.001465149527959
2015-12-02,2015,0.07369965561554652,-2.0976895972757537
2015-12-03,2015,-0.39412632826879135,-1.395448944307398
2015-12-04,2015,-0.270412500109802,-3.3855642607101166
2015-12-07,2015,0.32395501997980897,-4.484834290837658
2015-12-08,2015,0.25021883238329,-4.236288720088788
2015-12-09,2015,0.34523085732288317,-4.587818149562195
2015-12-10,2015,0.3454985393633138,-3.921535216530325
2015-12-11,2015,0.9911217374520642,-4.034924081031166
2015-12-14,2015,1.51604576897049,-3.3794103599928405
2015-12-15,2015,0.875336689482744,-3.0810010714263703
2015-12-16,2015,0.9712483441224646,-5.39765854659815
2015-12-17,2015,1.3943271060244782,-6.702910091385839
2015-12-18,2015,1.1936931080141224,-5.402963673443672
2015-12-21,2015,0.8103206779905415,-5.15915514895251
2015-12-22,2015,1.099437923855462,-7.158309557516573
2015-12-23,2015,1.004532565172297,-7.836862801688382
2015-12-24,2015,0.8452312226815263,-6.825509708854494
2015-12-25,2015,1.0625950466044596,-5.60940205278313
2015-12-28,2015,1.1296939316674366,-6.338704718196708
2015-12-29,2015,1.6354677552205459,-5.354290075489121
2015-12-30,2015,0.9697162254366178,-4.527662473022298
2015-12-31,2015,1.3100444000190161,-3.087768617640063
2016-01-04,2016,-1.0277973699123695,0.38142726508640923
2016-01-05,2016,0.4225864572852539,1.0136084833519243
2016-01-06,2016,-0.030389232768842755,1.7627424944214098
2016-01-07,2016,0.08141361919093215,2.6864287842935486
2016-01-08,2016,0.40863655801217436,2.185718972836237
2016-01-11,2016,0.1678484507571863,5.439485800714383
2016-01-12,2016,0.31672764125865494,5.738596502519799
2016-01-13,2016,1.5126469726079685,6.2630597563329005
2016-01-14,2016,1.902186339105721,7.5186493914409125
2016-01-15,2016,2.385923371560731,7.274790936883613
2016-01-18,2016,2.006565488085217,6.7014202719691385
2016-01-19,2016,1.8304681882039104,5.448587374982172
2016-01-20,2016,1.9564933924856482,8.659950747617916
2016-01-21,2016,1.8117698015939108,9.748812958229426
2016-01-22,2016,1.609853730977914,9.405532104721658
2016-01-25,2016,2.0846935733904757,8.232678629111433
2016-01-26,2016,1.851023026601424,10.003231711133576
2016-01-27,2016,2.0102195485374006,10.111301773414194
2016-01-28,2016,2.009744233325363,9.543838787618109
2016-01-29,2016,3.0910037174716214,7.223597257629377
2016-01-30,2016,2.3086629560194973,6.002300738716371
2016-02-01,2016,2.38628776348867,6.1755850218709
2016-02-02,2016,2.702081748319897,7.070262346210421
2016-02-03,2016,2.7928805389566014,8.494356939104541
2016-02-15,2016,2.236545061207235,6.752238576534331
2016-02-16,2016,2.5423278732312062,5.931147688706995
2016-02-17,2016,3.2128158158040434,6.333992756490248
2016-02-18,2016,2.294652972647367,5.965841097722446
2016-02-19,2016,2.7863451090983644,5.857749632434195
2016-02-22,2016,2.3249729927947334,5.512401101039077
2016-02-23,2016,2.382993251812939,5.176588310952845
2016-02-24,2016,2.3074392471913923,5.559915294958495
2016-02-25,2016,2.765747251061294,4.053498385103249
2016-02-26,2016,2.285790908239317,3.320469471511678
2016-03-01,2016,2.4248367295636184,1.5515532620211214
2016-03-02,2016,2.3151287931380486,2.2587648714602837
2016-03-03,2016,2.1757303365732765,1.5448588504828775
2016-03-04,2016,2.151374855883953,0.16197048666346525
2016-03-07,2016,1.3134312110502517,-1.688886835921033
2016-03-08,2016,1.6107127596529307,-2.008930890053562
2016-03-09,2016,2.0935384893498146,-1.0726062095572142
2016-03-10,2016,1.9312843983372923,-1.1328183634117361
2016-03-11,2016,2.0480277795640056,-2.0096162018988784
2016-03-14,2016,1.3735068933822947,-1.0953485979492195
2016-03-15,2016,0.45233062478359204,0.6564721675774932
2016-03-16,2016,0.4616782368335519,0.014369236499245375
2016-03-17,2016,0.2906861635669424,-0.7845862518232272
2016-03-18,2016,-0.1333525501807501,-2.008805192771068
2016-03-21,2016,0.4081114503869408,-3.3839799380439683
2016-03-22,2016,-0.13699063335536196,-2.470269802678915
2016-03-23,2016,0.25955503912773387,-2.627625315277393
2016-03-24,2016,0.015061864197549391,-2.09415580702198
2016-03-25,2016,0.018228219764256946,-1.4175809910889958
2016-03-28,2016,-0.1327700199263144,-1.4659770207526845
2016-03-29,2016,0.08153588310389058,-1.6650130260462803
2016-03-30,2016,-0.1698315630039807,-4.110545447886249
2016-03-31,2016,0.05754156882684817,-5.154016716162568
2016-04-01,2016,-0.7093836674228834,-5.452812862761391
2016-04-06,2016,0.004452875421503055,-4.0564763370255825
2016-04-07,2016,-0.2531864759097114,-4.049586290156348
2016-04-08,2016,-0.5028245402397571,-4.796230170344784
2016-04-11,2016,-0.6446209544691123,-4.7450596139719465
2016-04-12,2016,0.18505508663642137,-4.637342079290319
2016-04-13,2016,-0.3581004208789695,-6.2878521696516865
2016-04-14,2016,-0.45368511470977496,-7.083993350031315
2016-04-15,2016,-0.6537383130524297,-7.2731222393478845
2016-04-18,2016,-0.598867871751324,-6.064267177166894
2016-04-19,2016,0.3861750359446866,-5.490564901340312
2016-04-20,2016,0.8414837140934729,-4.915156298446877
2016-04-21,2016,1.1942199583761055,-5.104538054419305
2016-04-22,2016,0.6765676036041993,-2.2412793251911034
2016-04-25,2016,0.3357494441292996,-3.032844720032535
2016-04-26,2016,0.1895120680458765,-2.16009424848832
2016-04-27,2016,0.8202901632465365,-1.9727783908770613
2016-04-28,2016,0.5890077889974135,-0.12107809064807462
2016-04-29,2016,1.1414300231776013,1.8855560462645915
2016-05-03,2016,0.47409985621545864,2.9113395996199554
2016-05-04,2016,0.6749161245003078,5.029521823426131
2016-05-05,2016,1.2302380696301611,4.7510026983481835
2016-05-06,2016,0.5059652332886616,5.412554947381865
2016-05-09,2016,0.6800733026125476,5.653585970193675
2016-05-10,2016,0.45564357207400874,5.404663149544708
2016-05-11,2016,-0.4530328239163781,6.690873154398713
2016-05-12,2016,-0.014436042793639591,7.491690357114211
2016-05-13,2016,0.046757078691808916,5.991415115307386
2016-05-16,2016,0.657997895257669,6.30323764192573
2016-05-17,2016,0.15280228559232029,5.723126891780361
2016-05-18,2016,0.36576189280936816,4.098935252362823
2016-05-19,2016,-0.12206526776708664,5.831289108915794
2016-05-20,2016,0.7205204701925076,6.083436023445321
2016-05-23,2016,0.3773524470817969,4.079482865237205
2016-05-24,2016,-0.17766104159110954,5.006710309782592
2016-05-25,2016,-0.3760749584395978,3.340558824230011
2016-05-26,2016,-0.28186218365912097,0.9872386861278892
2016-05-27,2016,0.03453002797861524,-0.056004470905435255
2016-05-30,2016,0.3021114556198548,-0.3556755198942829
2016-05-31,2016,0.7839727608002548,0.5971467701705313
2016-06-01,2016,0.5718321387335846,0.8074759571765622
2016-06-02,2016,1.029736529058889,2.129728542009013
2016-06-03,2016,0.3836237697014244,2.017150789066724
2016-06-04,2016,0.3026640989585994,1.4490948685746519
2016-06-06,2016,0.2625033836921987,-0.24845558565611547
2016-06-07,2016,0.7343543900094506,-0.44919872348759826
2016-06-08,2016,0.8195724905137947,0.8145277139067542
2016-06-13,2016,0.2166273243772741,3.575821616593755
2016-06-14,2016,1.3627140690172834,3.283885953088328
2016-06-15,2016,1.3384037738991859,3.0209019598274267
2016-06-16,2016,0.8543467275022115,5.364992806805646
2016-06-17,2016,0.9398110569573863,5.136856798722689
2016-06-20,2016,0.33795333593610366,4.740943574714351
2016-06-21,2016,0.8646629887066165,3.7171626452961126
2016-06-22,2016,0.7247574196079942,3.9043166499354687
2016-06-23,2016,0.6719374947606498,3.877750475988506
2016-06-24,2016,0.23762032503858904,6.071494716874737
2016-06-27,2016,1.302781185232901,6.690255317790683
2016-06-28,2016,1.332625391241954,6.559042314922903
2016-06-29,2016,0.9690178162926972,5.707524317072266
2016-06-30,2016,0.049003119711850195,3.6673059038282663
2016-07-01,2016,-1.7918347712197111,3.9192102757534597
2016-07-04,2016,-1.6951011678925543,3.517803615742343
2016-07-05,2016,-2.0865649320496593,3.27716505259823
2016-07-06,2016,-0.936699273014151,5.2352272396000155
2016-07-07,2016,-0.9904927416959662,5.221787982978654
2016-07-11,2016,-1.6655044898263847,4.140343050166906
2016-07-12,2016,-2.2177673861724934,3.5471517147620535
2016-07-13,2016,-1.9045709651079796,3.868589653128618
2016-07-14,2016,-1.8720856593649642,2.994126112632456
2016-07-15,2016,-1.7990210286749242,2.2407079448258704
2016-07-18,2016,-1.4885991789256583,1.5574681318486272
2016-07-19,2016,-1.94182099682008,0.8355405224424794
2016-07-20,2016,-1.853435172474353,1.2214021812497755
2016-07-21,2016,-1.6488240394955422,0.7280910191066026
2016-07-22,2016,-1.7859073127030114,0.23443550194495177
2016-07-25,2016,-0.9896326296344637,-0.10965704924670305
2016-07-26,2016,-0.6703870733649726,0.06803482407899963
2016-07-27,2016,-1.0015130641305008,-0.5076466973174543
2016-07-28,2016,-0.16549297127730656,0.4278014771986083
2016-07-29,2016,-0.7156628770051416,1.6396179604448058
2016-08-01,2016,-0.8688786401975751,0.32442397125336253
2016-08-02,2016,-0.29989288834384453,0.4609229927795999
2016-08-03,2016,-0.8070949001218013,0.7458582869255048
2016-08-04,2016,-0.807110430188068,-0.2610610202433028
2016-08-05,2016,-0.9494855756638652,-1.1501168044416699
2016-08-08,2016,-0.9505456922140219,-0.6571397971205317
2016-08-09,2016,-0.8441936268752146,0.2924059647758437
2016-08-10,2016,-0.5823524961777198,0.6374708980676935
2016-08-11,2016,-0.11882976219347577,1.435199735430892
2016-08-12,2016,-0.10523512450294588,0.1583539062269379
2016-08-15,2016,-0.19977532930376468,-1.0364529305865067
2016-08-16,2016,-0.07288111208689105,-1.7924648422235956
2016-08-17,2016,-0.33300696387808687,-1.9398532524649958
2016-08-18,2016,-0.35975676430918274,-2.4138120032885846
2016-08-19,2016,0.3776960506185995,1.3128896966771997
2016-08-22,2016,0.7590713151678301,2.0014896774703583
2016-08-23,2016,0.37814791580697016,2.1877038134499927
2016-08-24,2016,0.6038411309455005,2.416222894011355
2016-08-25,2016,0.37867640135230907,1.8556366265261248
2016-08-26,2016,0.13712746914934176,0.6877127200571209
2016-08-29,2016,0.4984461020003018,1.7642919945511482
2016-08-30,2016,0.579478031907429,0.6178544458299129
2016-08-31,2016,0.8787885015110124,1.8232741747851167
2016-09-01,2016,0.9953224490773825,3.1842597890269664
2016-09-02,2016,1.176228760082409,3.168049134636264
2016-09-05,2016,1.0985233245136583,2.1361630691750344
2016-09-06,2016,0.9779527743132842,0.9144126728273694
2016-09-07,2016,0.7619911570720761,-0.42390866469310673
2016-09-08,2016,0.28544690682714957,-0.1110884400008949
2016-09-09,2016,0.9297162541347156,0.5923700037534729
2016-09-10,2016,2.0639864991240318,1.2313211519280998
2016-09-12,2016,1.8708600788410272,2.561288289113972
2016-09-13,2016,1.7450120229136434,3.151273427634793
2016-09-14,2016,2.0660326628834276,4.287543668490179
2016-09-19,2016,0.10229343365888896,1.7957189431086151
2016-09-20,2016,0.01634885611378138,1.582587282979575
2016-09-21,2016,-0.0658578619790191,1.0185837351682325
2016-09-22,2016,-0.3954055332327169,1.6284327674586319
2016-09-23,2016,-0.1038902315348551,0.8361139174247301
2016-09-26,2016,-0.23247661746102583,1.1423108547264915
2016-09-29,2016,-0.060825276832152456,0.3885275431727342
2016-09-30,2016,-0.12979585093760315,1.3447367416288047
2016-10-03,2016,-0.6634791299616281,0.41692837495397317
2016-10-04,2016,-0.3263476032338914,-1.6013531773504286
2016-10-05,2016,-0.2574639568163183,-2.2109988050403984
2016-10-06,2016,-0.33043300012420174,-2.328229022943007
2016-10-07,2016,-0.36391109520760034,-0.8198959400203432
2016-10-11,2016,0.01346055637168192,-0.025922414971213392
2016-10-12,2016,0.015989374257525633,-3.3439249508246283
2016-10-13,2016,0.11012674055923062,-0.7266380813023221
2016-10-14,2016,0.4157103499044027,-2.2630240355607123
2016-10-17,2016,0.8663795838656598,-2.569903511467686
2016-10-18,2016,0.8695880316285051,-3.161262900403128
2016-10-19,2016,0.7281197324991946,-3.465858967965285
2016-10-20,2016,0.9878011532433547,-3.4557444049954644
2016-10-21,2016,0.9935339860001479,-3.199675068258223
2016-10-24,2016,0.7870685274410237,-3.0183963529096247
2016-10-25,2016,0.9305572264994565,-2.68772008331869
2016-10-26,2016,1.3280253443216703,-1.965553152287114
2016-10-27,2016,1.4299001238797675,-1.5854530595566296
2016-10-28,2016,1.1199080073679997,-1.5886028890331083
2016-10-31,2016,0.910691861667934,-0.7306687104149501
2016-11-01,2016,1.075461150582155,-0.8661986260744103
2016-11-02,2016,0.3875264089030636,1.112480085435652
2016-11-03,2016,1.9994670100749588,2.1644883189758435
2016-11-04,2016,2.4859229399341927,1.338089908084883
2016-11-07,2016,2.6061714836988417,-0.3175245706127705
2016-11-08,2016,2.271736822898121,0.3617060286869478
2016-11-09,2016,1.3054711887204777,3.585852938545475
2016-11-10,2016,0.13376348771319319,2.444007875719234
2016-11-11,2016,0.5556182070942116,4.855231665059123
2016-11-14,2016,0.5460074128879894,4.580779383472788
2016-11-15,2016,0.797301364169636,5.051041145310209
2016-11-16,2016,0.7187011393740181,4.533474964908257
2016-11-17,2016,0.9521749037209373,4.058693133939428
2016-11-18,2016,0.9951596559736124,3.529774808825592
2016-11-21,2016,-0.07739423530236525,2.192319305925916
2016-11-22,2016,-1.1784751597076113,1.1936422292270432
2016-11-23,2016,-0.0019081343442542004,0.2836058804366548
2016-11-24,2016,-0.32678223342951623,-0.3645061084274648
2016-11-25,2016,-0.4220680570921371,-0.8781459252959145
2016-11-28,2016,-0.5865895022596492,-1.2112024844289304
2016-11-29,2016,-0.5050788208987608,-0.9041184111187595
2016-11-30,2016,-0.29241450912326983,-0.42540021275421225
2016-12-01,2016,-0.46275322940769376,-1.1922021086993917
2016-12-02,2016,-1.072864593220262,0.6965566097792086
2016-12-05,2016,-1.0220205161949631,1.225020904607299
2016-12-06,2016,-1.1370917450761246,0.39121067759764205
2016-12-07,2016,-0.49307525022306375,1.0173911823218917
2016-12-08,2016,0.790892360167772,-0.03882310529381705
2016-12-09,2016,0.49023664835685804,-0.5350975440449379
2016-12-12,2016,0.177073234766367,-0.003208576739544
2016-12-13,2016,-0.006736697993409169,-0.38797118781002116
2016-12-14,2016,0.1487274645695472,0.4446806966308392
2016-12-15,2016,0.03119830584412908,0.19742851495936353
2016-12-16,2016,0.03485681520746801,-0.3693664909004024
2016-12-19,2016,0.19999040130823567,1.2469532389829618
2016-12-20,2016,0.5251757249136665,1.0772082173372555
2016-12-21,2016,0.42172278457531676,1.2370358942489723
2016-12-22,2016,0.4733127688742738,2.3326662097326922
2016-12-23,2016,0.511203651649516,3.8046447485526436
2016-12-26,2016,0.5987953475722542,3.703512634816386
2016-12-27,2016,0.5689355834009839,3.5096116373759756
2016-12-28,2016,0.8197922995526288,2.762188362640461
2016-12-29,2016,0.6212672572670692,4.205355786952825
2016-12-30,2016,0.7833484826605577,3.2534716593721313
2017-01-03,2017,-0.5154420858935976,2.9157068785533813
2017-01-04,2017,-0.3508182068204909,3.2650081404464126
2017-01-05,2017,0.7196510610625386,3.2853750852199326
2017-01-06,2017,1.5707107169682628,3.607469735025437
2017-01-09,2017,0.9862205328714058,4.028506532568654
2017-01-10,2017,1.4693203073360162,4.8143030105971985
2017-01-11,2017,1.4795553443658627,4.552983498363972
2017-01-12,2017,1.5800018886326388,3.7149129984761275
2017-01-13,2017,1.7638597831293938,4.276546221650257
2017-01-16,2017,1.7631863256540548,4.959681802088389
2017-01-17,2017,1.74599160801993,4.376489251731508
2017-01-18,2017,1.9459265495338858,4.675780376087713
2017-01-19,2017,1.3650929685329156,4.842071147398808
2017-01-20,2017,0.4076209520996944,4.490294123320471
2017-01-23,2017,-0.32052401201680225,2.660533422466993
2017-01-24,2017,1.0569683384793953,2.5809831762445556
2017-02-02,2017,-0.41958997439540074,2.3251744358079307
2017-02-03,2017,-0.5452464882626425,2.4014442296384386
2017-02-06,2017,-0.6858158588250374,2.097502518869243
2017-02-07,2017,-0.6029287332162527,2.081623852903758
2017-02-08,2017,-0.10392797032936348,1.2088125114609882
2017-02-09,2017,-0.031248802806263565,0.3932147258966845
2017-02-10,2017,-0.14450036506476033,0.3284848622794989
2017-02-13,2017,0.1264142313192999,0.34901012530996756
2017-02-14,2017,-0.250116208907831,0.22152986280170595
2017-02-15,2017,-0.33197791740920934,0.38847890152411413
2017-02-16,2017,-0.8047810358242629,1.406575412562372
2017-02-17,2017,-0.5766462134286037,1.569813192127656
2017-02-18,2017,-0.4911293992973375,1.9690345115297436
2017-02-20,2017,-0.5038483175241915,1.7374810318664613
2017-02-21,2017,-0.49272197329455986,1.708430928939464
2017-02-22,2017,-0.5787119189549621,1.2700970877757678
2017-02-23,2017,-0.5926494847708271,1.0999753309087534
2017-02-24,2017,-0.3703173421783627,1.2920402811351872
2017-03-01,2017,0.43709161893370563,1.8757015663405152
2017-03-02,2017,0.13349333116803255,1.6132194226046837
2017-03-03,2017,-0.012535451139652315,1.6926455788172312
2017-03-06,2017,0.17709211657427398,2.7559660959883825
2017-03-07,2017,-0.5877917994487498,1.640263419753607
2017-03-08,2017,-0.3175881468807281,1.229513659269288
2017-03-09,2017,-0.22367139247470877,2.318449549158741
2017-03-10,2017,-0.6015009864131733,2.1243491564610695
2017-03-13,2017,-0.47283996565137193,1.240958860883512
2017-03-14,2017,-0.7317132003761715,0.9489738008520154
2017-03-15,2017,-0.4269154447804643,-0.0757676090391346
2017-03-16,2017,-0.715730523580754,-1.2343169174502955
2017-03-17,2017,-0.5715491337291521,-1.6362405121161383
2017-03-20,2017,-0.3970660728769574,-2.7542704154254416
2017-03-21,2017,-0.5789620824445694,-3.407373685007453
2017-03-22,2017,-0.5099490842220822,-2.0684977616889033
2017-03-23,2017,-0.5862731474297256,-2.142740621544814
2017-03-24,2017,-0.485968963645119,-0.6187026531407791
2017-03-27,2017,-0.15104569250988883,-0.2057352758037312
2017-03-28,2017,-0.13785614542176866,-0.16028026264497397
2017-03-29,2017,-0.05931852810084963,0.1597970830691242
2017-03-30,2017,-0.07911687496594193,0.9455583028284531
2017-03-31,2017,0.07362385471439478,1.465726003718082
2017-04-05,2017,-1.0615461841838738,0.18252210165756733
2017-04-06,2017,-0.6316213827431013,0.021620966275337494
2017-04-07,2017,-0.9691051927949316,0.6469928707219408
2017-04-10,2017,-1.1147322346445516,0.33331511939236336
2017-04-11,2017,-0.882869908345395,1.3821622754113472
2017-04-12,2017,-0.7850406678205382,1.8721327238206964
2017-04-13,2017,-0.6534919108561426,1.5263279887116399
2017-04-14,2017,-0.7768609774591388,3.1222869166838807
2017-04-17,2017,-0.772947349325936,3.2428677287884344
2017-04-18,2017,-0.7052844122689326,2.7405566681988347
2017-04-19,2017,-0.47941688016232875,3.4181748019178615
2017-04-20,2017,-0.4546416251567367,3.2693878864574755
2017-04-21,2017,-0.5056885284651701,2.879882602463013
2017-04-24,2017,-0.40060942040290765,2.983036545773543
2017-04-25,2017,-0.7391586754954199,2.059703039410854
2017-04-26,2017,-0.690010608200329,2.557107274931636
2017-04-27,2017,-0.5326235135036048,2.4474120288582313
2017-04-28,2017,-0.4906871580268878,1.7090761750405026
2017-05-02,2017,-0.4208586445344523,1.4701340975549426
2017-05-03,2017,-0.24352112806722032,1.9808484500262846
2017-05-04,2017,-0.2317895946078905,1.9112849179946378
2017-05-05,2017,-0.13709056545130305,3.302040214385138
2017-05-08,2017,0.11131291006400028,2.7062819190419862
2017-05-09,2017,0.2303976773761563,2.970204165607715
2017-05-10,2017,0.17755419479741139,2.5827822541812484
2017-05-11,2017,0.4055586750599807,1.9814067518007406
2017-05-12,2017,0.4889350708857035,1.2330251271175374
2017-05-15,2017,0.4022680238755466,0.9099495656990975
2017-05-16,2017,0.21078165418486394,0.40841390461436866
2017-05-17,2017,0.3409675916560865,0.7457805180318466
2017-05-18,2017,0.2212054658116603,1.8785389364508465
2017-05-19,2017,0.2433828045355504,3.045753657658823
2017-05-22,2017,0.23869362881609688,3.272896773715983
2017-05-23,2017,0.15522820692362768,3.4161217605397365
2017-05-24,2017,0.15015110834856205,3.5307165570535703
2017-05-25,2017,0.2779284717238574,2.663206868681689
2017-05-26,2017,0.3244829928851342,4.078519493761079
2017-05-31,2017,0.6530153883701837,4.694284872001209
2017-06-01,2017,0.7298456342855046,3.005030027499589
2017-06-02,2017,0.7757471196398813,2.6507678381644695
2017-06-03,2017,0.702563649664177,2.3323144470203783
2017-06-05,2017,0.4926574476049824,1.8182547101548652
2017-06-06,2017,0.6533641819545343,1.3873946961546757
2017-06-07,2017,0.37078393065200743,1.9079352673215366
2017-06-08,2017,0.35914418148991706,1.3927543913520468
2017-06-09,2017,0.6614598086077637,0.9568955797502943
2017-06-12,2017,0.4611771780946007,1.7799279126722523
2017-06-13,2017,0.8862127963539962,2.837833167952697
2017-06-14,2017,0.7202284586360348,3.4571494947609693
2017-06-15,2017,1.0608833274535239,3.6854391451525803
2017-06-16,2017,0.266808380768685,2.827484830255411
2017-06-19,2017,0.2210859235397744,2.0188086551031104
2017-06-20,2017,0.24632626311422107,1.5187234974032737
2017-06-21,2017,0.27977674344378145,1.5109587505748978
2017-06-22,2017,0.28727194768477105,0.9645102538114125
2017-06-23,2017,0.10430642292071526,0.568526744847131
2017-06-26,2017,0.864020347596604,-0.5010481302953229
2017-06-27,2017,0.8296426049417832,-0.4652751220978524
2017-06-28,2017,0.25423225875086797,0.2748651418837511
2017-06-29,2017,0.09900272207566192,0.8321139167022595
2017-06-30,2017,0.16488325708314805,0.2691660566018328
2017-07-03,2017,-0.2573861553763676,0.13963596692143643
2017-07-04,2017,0.24958934245794157,0.8650164576363251
2017-07-05,2017,-0.4203889299814653,1.1002624752638024
2017-07-06,2017,0.08228419833046229,0.9806909588935264
2017-07-07,2017,0.23642360368715415,2.0326786277889752
2017-07-10,2017,0.5566521643482542,2.813144138286927
2017-07-11,2017,0.08819745671186117,1.472795055863485
2017-07-12,2017,0.5295906236554944,0.47693624600313456
2017-07-13,2017,0.323708643895186,-1.2467316434276787
2017-07-14,2017,0.5273488119215313,-1.0948007020359252
2017-07-17,2017,0.3812001837662557,-2.220981225029983
2017-07-18,2017,-0.0508518195758418,-1.6228964838197024
2017-07-19,2017,-0.044438806844219206,-2.0531881478379366
2017-07-20,2017,-0.15430150345371035,-1.2380754636473035
2017-07-21,2017,-0.4861924024988209,-1.105426044630975
2017-07-24,2017,-0.225914655162582,-1.2894215621797822
2017-07-25,2017,-0.24219121255166537,-0.6793365286744457
2017-07-26,2017,0.14280026151311404,-0.11805230965026281
2017-07-27,2017,-0.06117904194779276,-0.18470990267759335
2017-07-28,2017,-0.23711045677520529,0.887072402032052
2017-07-31,2017,-0.21309677259601773,0.946071525500769
2017-08-01,2017,0.16059465107234816,0.5679635230984248
2017-08-02,2017,-0.28277638437043834,0.476553981407446
2017-08-03,2017,-0.06002242832967667,1.1069849893217576
2017-08-04,2017,0.05596115369086609,0.8400465994578665
2017-08-07,2017,0.26030755376255055,-0.08989184621402968
2017-08-08,2017,0.6076226203302518,0.4623913210085817
2017-08-09,2017,0.7696773059204685,0.7399922447896001
2017-08-10,2017,0.7496760633305062,2.0210576452069473
2017-08-11,2017,0.8277887346828526,2.7143433850586263
2017-08-14,2017,0.8564296511732927,3.392376541278086
2017-08-15,2017,1.1181611706528294,2.9016133975226843
2017-08-16,2017,1.4645264531021591,2.356470454472559
2017-08-17,2017,1.4661276799406466,1.7763856434865222
2017-08-18,2017,1.4217556226098038,2.510141619345574
2017-08-21,2017,1.3375654484562909,2.9553406369505764
2017-08-22,2017,1.013902650321854,1.7712544276549336
2017-08-23,2017,0.9197843920302908,1.0796776341645664
2017-08-24,2017,0.6551310142295762,0.8530874366953656
2017-08-25,2017,0.26699846133122573,-0.6260276486827587
2017-08-28,2017,0.3005396655974173,-1.8059126086122146
2017-08-29,2017,0.25809950073008975,-2.282174081628563
2017-08-30,2017,0.3827266432251466,-2.296440668344457
2017-08-31,2017,0.39283007689356675,-2.7331949086415896
2017-09-01,2017,0.5976369063287154,-2.5000896664596373
2017-09-04,2017,1.1189548189140497,-1.759056639296419
2017-09-05,2017,1.4257543992238477,-1.4379572493087078
2017-09-06,2017,1.5208589237880021,-0.7443215969874517
2017-09-07,2017,1.1485798511046528,-0.19205751097640666
2017-09-08,2017,1.1781759247270158,-0.7270533791394085
2017-09-11,2017,1.33657888495296,0.6529413100066606
2017-09-12,2017,1.1850814115608705,0.9527489668107014
2017-09-13,2017,1.7722001211656788,1.8153629396708393
2017-09-14,2017,1.9284694313473771,2.0906669496672636
2017-09-15,2017,1.8055959003173137,1.3490970576754524
2017-09-18,2017,2.0525281804314934,0.834401692318254
2017-09-19,2017,2.07429726242262,1.7411834563460848
2017-09-20,2017,2.170303084007001,1.993598354242776
2017-09-21,2017,2.1432522565434757,1.4819765485269976
2017-09-22,2017,1.9530895543102609,2.814440250801953
2017-09-25,2017,1.6647892721849373,4.012039601814643
2017-09-26,2017,1.889838759907591,4.657688100442425
2017-09-27,2017,2.166570488587907,3.703319944067207
2017-09-28,2017,2.0802891485934367,4.471638283097579
2017-09-29,2017,1.9708086859931861,4.490442345260459
2017-09-30,2017,1.958820086713691,4.068012719642056
2017-10-02,2017,0.9437007395492557,3.0897759804914715
2017-10-03,2017,1.0506570643245234,3.165621552436404
2017-10-05,2017,0.8600610409054752,2.5471869423393745
2017-10-06,2017,0.47951099478803494,2.919733670312108
2017-10-11,2017,0.5022995252677673,1.670865758434914
2017-10-12,2017,0.5615995291279738,0.29715892541057887
2017-10-13,2017,0.418020586664985,0.08000678845476727
2017-10-16,2017,0.1109311807195823,-0.8380196784729343
2017-10-17,2017,0.5071829745578244,-0.3354424772571418
2017-10-18,2017,0.3963499704211153,-0.8360789083867282
2017-10-19,2017,0.642491472385861,-1.2569363836848257
2017-10-20,2017,0.3868684773639862,-0.2538941622983959
2017-10-23,2017,0.323034288584237,-0.6582078971906435
2017-10-24,2017,0.06783988909202211,0.3300514344113381
2017-10-25,2017,0.11570994408086407,0.6699179671403543
2017-10-26,2017,-0.07235333344592838,1.116093885657432
2017-10-27,2017,0.3447491013203705,1.3538006426304205
2017-10-30,2017,0.735316651093152,-0.05522052418593937
2017-10-31,2017,-0.059235284368458416,-0.8035168337378829
2017-11-01,2017,0.17356259697431287,-0.8588460869340064
2017-11-02,2017,0.46591129372177653,-2.1140083292317424
2017-11-03,2017,0.13245063947331143,-1.855423270748291
2017-11-06,2017,0.1942170488539598,-1.2523421152418002
2017-11-07,2017,0.2845909695967949,-2.522891348426337
2017-11-08,2017,0.5298890271813634,-3.9289249735881104
2017-11-09,2017,0.892520967867957,-3.6070023372771987
2017-11-10,2017,1.2339723042992876,-3.1124594346047973
2017-11-13,2017,1.5546661528172627,-1.9733393735632654
2017-11-14,2017,1.4012093715120648,-2.28217359490529
2017-11-15,2017,1.3337927890112637,-1.5046116653261943
2017-11-16,2017,1.397894159975217,-0.8191027986718225
2017-11-17,2017,1.2666758555281126,-1.9641849286651247
2017-11-20,2017,1.6194135059686328,-1.4818252997078951
2017-11-21,2017,1.2535651367586222,-2.893524960943439
2017-11-22,2017,0.8651042517392392,-2.9389452986761877
2017-11-23,2017,0.7755169946799444,-3.3681665878980027
2017-11-24,2017,1.0584824471011898,-2.91889969587501
2017-11-27,2017,1.5193176032234188,-2.1248394324956066
2017-11-28,2017,1.6891072033863133,-2.6632869683302696
2017-11-29,2017,1.5639841411421858,-2.117692081522926
2017-11-30,2017,1.9138133532802768,0.0681789773910868
2017-12-01,2017,1.6523870404995116,0.40083506519112966
2017-12-04,2017,1.6550392261201616,0.559753866028978
2017-12-05,2017,1.3394658493979466,2.2212863814665695
2017-12-06,2017,1.5334460115470614,4.374769095779052
2017-12-07,2017,1.4212660745671348,5.0603721986604455
2017-12-08,2017,2.1073288759409294,4.973063733456939
2017-12-11,2017,2.1013764900948955,4.218430281798402
2017-12-12,2017,2.1652097993752966,3.7134884825457126
2017-12-13,2017,2.073633386061651,3.2410440562713028
2017-12-14,2017,2.120964706844797,3.2828778868116304
2017-12-15,2017,2.051679228313895,4.43094560899171
2017-12-18,2017,2.047823310159156,4.564689354800633
2017-12-19,2017,1.9127775290865217,5.13463783540038
2017-12-20,2017,2.0078970158670173,5.3981524143892345
2017-12-21,2017,1.8704803703210158,6.310247812702308
2017-12-22,2017,1.9601314426596363,6.587949250612346
2017-12-25,2017,1.384551322244595,6.943413583666991
2017-12-26,2017,1.2708754230146693,7.006873020396442
2017-12-27,2017,1.6609242649615115,6.477556745849733
2017-12-28,2017,2.1490365901416495,5.483343490126469
2017-12-29,2017,1.718876283175144,5.439797197369867
2018-01-02,2018,1.7627818421798065,3.4176008544702485
2018-01-03,2018,0.9974602672166792,2.7979265977075674
2018-01-04,2018,1.3339941381314504,2.872436427456737
2018-01-05,2018,1.1213938797146554,2.2650232541039372
2018-01-08,2018,1.1046053385247472,0.2794127751185149
2018-01-09,2018,1.1374124772607614,-4.680670167083678
2018-01-10,2018,1.3381320858032666,-2.5809960031723422
2018-01-11,2018,1.405332035856481,-2.60442587737717
2018-01-12,2018,1.4806902827883637,-4.706099618153681
2018-01-15,2018,0.797925117534213,-4.8850388497587165
2018-01-16,2018,0.7330201508430969,-2.472849807620714
2018-01-17,2018,0.629417270270065,-3.1115513230590253
2018-01-18,2018,0.26476136997075245,-2.502084166924834
2018-01-19,2018,0.1800188576829293,-2.8172740194693624
2018-01-22,2018,0.2942580700946843,-3.7037927393232972
2018-01-23,2018,0.3326805039423061,-4.15280753498366
2018-01-24,2018,0.389835915848082,-4.0708705757449675
2018-01-25,2018,0.3851798438028303,-4.684330486882004
2018-01-26,2018,0.5223255528374655,-3.254299324487986
2018-01-29,2018,0.5128039229405716,-4.246106465890975
2018-01-30,2018,0.7405814409521301,-2.288932343153882
2018-01-31,2018,0.7761632628767885,-2.1521480503503887
2018-02-01,2018,0.4930902789902129,-1.4170829506507387
2018-02-02,2018,0.9572355554304132,-0.27502577243145865
2018-02-05,2018,2.360586140845803,0.8454950325453847
2018-02-06,2018,3.335387165050247,5.905901576316808
2018-02-07,2018,3.4828906612579535,4.5127062021278475
2018-02-08,2018,3.542931979933048,4.923579002556866
2018-02-09,2018,3.5669210376675435,6.161833827464025
2018-02-12,2018,3.730086642278939,5.66140394143031
2018-02-21,2018,3.30623004283432,2.7196941697372745
2018-02-22,2018,2.9935985641275695,1.5095128854908602
2018-02-23,2018,2.8717532513273265,0.42150900222797105
2018-02-26,2018,2.6243147954157076,1.385015733572037
2018-02-27,2018,2.173836533533005,0.4640575028177274
2018-03-01,2018,2.7443829932193458,0.5574927752162617
2018-03-02,2018,3.0784128428383193,1.9447251258860154
2018-03-05,2018,2.477178437928337,2.5988217497110666
2018-03-06,2018,1.031411387708038,0.9637121975011986
2018-03-07,2018,1.1136578576764817,0.7092389989316272
2018-03-08,2018,1.354301762263731,0.6494358436106129
2018-03-09,2018,0.810882028844156,0.5739625690991623
2018-03-12,2018,0.7552816404071055,-0.2552240026903907
2018-03-13,2018,0.7731459531185016,-1.2648222768783635
2018-03-14,2018,0.7252256452356566,-0.6650179367322484
2018-03-15,2018,0.4039371787928124,-0.5799363794363188
2018-03-16,2018,0.6399224497298512,-1.9700390833990777
2018-03-19,2018,0.5751043090073893,-1.801500873548234
2018-03-20,2018,1.2889487546467138,-0.3598272248075629
2018-03-21,2018,1.0411817956958347,-2.1041551820122906
2018-03-22,2018,1.6468900921259884,-2.8049653638432037
2018-03-23,2018,2.333776871954727,-2.252818679648494
2018-03-26,2018,2.4556617708853143,-2.583751919963473
2018-03-27,2018,2.3344007270841285,-4.534627493562738
2018-03-28,2018,2.1456969217730424,-2.873548408472193
2018-03-29,2018,2.0201333281600062,-1.733739507575205
2018-03-30,2018,1.6197773810048108,-2.6352851858847504
2018-03-31,2018,1.7193810570544699,-3.7118033900850667
2018-04-02,2018,1.4539257516356514,-3.2962077538488677
2018-04-03,2018,2.161208185410644,-2.0017502146184585
2018-04-09,2018,2.360588489286041,-1.8556886518878768
2018-04-10,2018,2.595209305923821,-2.0483784471382327
2018-04-11,2018,2.693098827201484,-1.9483288712796365
2018-04-12,2018,2.518063758773399,-0.8791186723491662
2018-04-13,2018,2.357336271792757,-0.11855483480295304
2018-04-16,2018,2.3430757406473637,-0.728647000561411
2018-04-17,2018,2.0404223862058504,0.8058868964751609
2018-04-18,2018,2.3552566125851713,-0.1297948264593396
2018-04-19,2018,2.038494857562247,-1.2795295327228784
2018-04-20,2018,1.4680130792179775,1.733123797472591
2018-04-23,2018,1.419563849805402,2.2585497231500495
2018-04-24,2018,1.7535335300148802,2.8988137435606687
2018-04-25,2018,2.0333154033156524,3.5697071109103584
2018-04-26,2018,2.150959976708927,4.325847731532773
2018-04-27,2018,1.9832339450272685,4.11562875766458
2018-04-30,2018,1.9844012100391866,2.873366936013566
2018-05-02,2018,1.828549805432163,1.9056749296766817
2018-05-03,2018,1.774668620155881,3.431366021886628
2018-05-04,2018,1.8811109182858545,3.9860884364401494
2018-05-07,2018,0.961846457374309,4.758079040746233
2018-05-08,2018,1.205355619594237,3.8229863684575927
2018-05-09,2018,1.332747027363282,4.657233482974954
2018-05-10,2018,1.3390670701690672,4.568126458498489
2018-05-11,2018,1.2073930746871566,2.739115460199759
2018-05-14,2018,1.8377834471768193,1.797233297937706
2018-05-15,2018,0.8616283818805286,2.483372000960027
2018-05-16,2018,1.0633884305766181,2.5293712267964175
2018-05-17,2018,0.929295322028905,1.663034518788864
2018-05-18,2018,1.3400637096651202,2.3694376428790243
2018-05-21,2018,1.4402993717527863,-0.5654647918148514
2018-05-22,2018,1.7150353234801976,-0.1032112503005278
2018-05-23,2018,1.6258495658280403,0.504217273644203
2018-05-24,2018,2.0845002321354418,-0.3442465115896298
2018-05-25,2018,2.349765767052873,-1.4241978377489195
2018-05-28,2018,2.1319746835920443,-2.235212422538879
2018-05-29,2018,1.9596600755593296,-2.3995541821869915
2018-05-30,2018,2.1586874062847814,-1.5422546730159414
2018-05-31,2018,1.6692715397507834,-0.3498863444095335
2018-06-01,2018,2.018912551326399,-1.5630536994889033
2018-06-04,2018,0.813154983829242,-3.5445339574238344
2018-06-05,2018,0.9299396581611538,-3.4075337992146015
2018-06-06,2018,0.4951280288948691,-5.267175095497789
2018-06-07,2018,0.44714568852882497,-5.716266358566447
2018-06-08,2018,1.7407458402964526,-3.9093185806916453
2018-06-11,2018,1.720226805145272,-3.518987409892882
2018-06-12,2018,1.6377864219430083,-4.198822947763037
2018-06-13,2018,1.5710139300917936,-3.8917195685035932
2018-06-14,2018,1.8730295140304272,-1.356821058327673
2018-06-15,2018,2.0748915076069823,-2.4353617191297805
2018-06-19,2018,1.9376722196820275,-1.148182487649252
2018-06-20,2018,2.167328876513385,-0.7776752835064848
2018-06-21,2018,2.110480918943854,-0.965993271224852
2018-06-22,2018,2.1101839958683355,0.3012125571597357
2018-06-25,2018,1.9376555466714467,1.4873276311227146
2018-06-26,2018,2.4986531571278983,2.3572518401775433
2018-06-27,2018,2.259298391123019,2.4741543571039415
2018-06-28,2018,2.970547784186568,3.3444775245253577
2018-06-29,2018,2.22657921417767,2.204226112425034
2018-07-02,2018,1.8217285163117118,2.3715106968493105
2018-07-03,2018,2.004120601456264,3.1896130171374493
2018-07-04,2018,1.9922732112106392,3.5092759005658447
2018-07-05,2018,2.4492964064008094,2.9962843284981666
2018-07-06,2018,2.288683501892625,3.806922139364688
2018-07-09,2018,2.0190997456597755,2.834067766886683
2018-07-10,2018,2.0928887819324054,2.106092002428217
2018-07-11,2018,2.2952653721894274,3.731534798685754
2018-07-12,2018,1.7226508038194226,2.697706730437921
2018-07-13,2018,0.8429075790730052,1.096594977790133
2018-07-16,2018,1.1096095340971437,-0.6335134435564771
2018-07-17,2018,1.706626549471991,0.4197053712824639
2018-07-18,2018,1.7844653928563516,-1.1594232305214835
2018-07-19,2018,1.037968475045529,-1.3980128061959918
2018-07-20,2018,1.0081761623517285,-2.205887061143741
2018-07-23,2018,1.0136548378396288,-2.2640220190392024
2018-07-24,2018,1.0250319846799467,-1.8479562798590976
2018-07-25,2018,0.8938293698582582,-1.4735828426406083
2018-07-26,2018,0.6208742236343953,-1.3394353264714831
2018-07-27,2018,0.6204531282834493,-2.4055190695373208
2018-07-30,2018,0.2659100509458117,-1.1902798195320918
2018-07-31,2018,0.3612582963263202,-0.6146049155732247
2018-08-01,2018,0.4963708628305996,0.012975158878125725
2018-08-02,2018,0.7231516222568282,1.5003060448664396
2018-08-03,2018,0.17943005109103236,0.46774417635344623
2018-08-06,2018,0.6954968313609646,-0.543173592402113
2018-08-07,2018,1.5085433728125193,0.3454291187460212
2018-08-08,2018,1.3066428179108318,-0.723414821335866
2018-08-09,2018,1.6070173649614223,-0.9409624712211739
2018-08-10,2018,1.8323325036909863,-1.2444827234588063
2018-08-13,2018,2.2137507085856387,-0.21509137662203415
2018-08-14,2018,2.212884218887003,-0.6645276384555809
2018-08-15,2018,2.190633889212294,0.054307509272866206
2018-08-16,2018,2.396574632980335,0.4055635114518008
2018-08-17,2018,2.418487729332783,1.65728802651961
2018-08-20,2018,2.345197451293952,1.2109486356265409
2018-08-21,2018,2.2573395791288866,-0.2964177832138204
2018-08-22,2018,1.7426732214227603,0.4911978674959627
2018-08-23,2018,1.5639150703878029,-0.29199687382918116
2018-08-24,2018,1.775135121175732,1.508508837256639
2018-08-27,2018,1.57121689581435,0.7029767359095107
2018-08-28,2018,1.033342863214584,-0.139769144323465
2018-08-29,2018,1.1401171797834608,-0.5890318273590656
2018-08-30,2018,1.4031329216528046,-0.7879211267605601
2018-08-31,2018,1.4373084530430436,-0.10972583003885372
2018-09-03,2018,1.228239704033667,-0.406686476557383
2018-09-04,2018,1.3093370581490615,-1.4284962500158649
2018-09-05,2018,1.4550298793691692,-2.5122031299311565
2018-09-06,2018,1.5233169191964584,-3.7272868742161847
2018-09-07,2018,2.1850260864445388,-3.605239794634263
2018-09-10,2018,2.4855084538416556,-2.4144585951630604
2018-09-11,2018,2.4050779844100894,-8.79988467583679
2018-09-12,2018,2.3735555847336927,-6.311546578851901
2018-09-13,2018,2.393418912101773,-7.701056097426817
2018-09-14,2018,2.387089766755967,-8.16183818022218
2018-09-17,2018,2.2821021831034933,-7.844681819734955
2018-09-18,2018,2.3325814045006887,-7.495021007954305
2018-09-19,2018,2.159164685728746,-8.639464616795934
2018-09-20,2018,2.0062353988150052,-7.913374159042997
2018-09-21,2018,2.29018478032947,-10.911094281019384
2018-09-25,2018,1.9700340974176456,-11.107265332890059
2018-09-26,2018,1.6054829837601328,-13.2438020482605
2018-09-27,2018,1.5337533985667697,-14.002024616215603
2018-09-28,2018,1.3628904564571365,-13.537833648606167
2018-10-01,2018,1.119055444968334,-13.804900559184919
2018-10-02,2018,1.610429825752353,-10.233863235292773
2018-10-03,2018,2.028572747053137,-9.381495111350036
2018-10-04,2018,1.7795477407823377,-7.578382503444847
2018-10-05,2018,1.1695544190987104,-5.964655723239831
2018-10-08,2018,1.489908389717694,-6.0346616704587746
2018-10-09,2018,1.7813122274301603,-5.335712914034141
2018-10-11,2018,3.0534092713037646,1.419523134046008
2018-10-12,2018,3.2893007978286093,-2.148159282327655
2018-10-15,2018,3.2585505318425696,-0.7060817362076421
2018-10-16,2018,2.623598102254844,-2.0564867599763614
2018-10-17,2018,1.7382803289013187,-1.876514409057295
2018-10-18,2018,1.921779449124348,-1.2786161569582455
2018-10-19,2018,2.366353026161918,-1.2316442960462748
2018-10-22,2018,2.3575184361424784,-1.4596542306813176
2018-10-23,2018,2.32177533545649,-0.3192773549390404
2018-10-24,2018,2.779655148608174,-0.1832079840973777
2018-10-25,2018,2.9239614640240617,2.0368057692691233
2018-10-26,2018,2.781759539523969,1.8770852697493234
2018-10-29,2018,2.793887945762543,2.6169779914925195
2018-10-30,2018,2.856145859915268,2.650714719859426
2018-10-31,2018,2.851445311756007,0.8383892072437282
2018-11-01,2018,2.618510554446345,0.4126061226604305
2018-11-02,2018,2.588215715323736,-0.18735003669274608
2018-11-05,2018,2.5867388894152463,2.5082382775806655
2018-11-06,2018,2.572518431252599,2.6319726817948252
2018-11-07,2018,2.533237294278766,0.08467605605373407
2018-11-08,2018,1.927349299935699,-2.620230038078253
2018-11-09,2018,1.3108760535215946,-0.7032546253767924
2018-11-12,2018,1.5645169049522987,-1.8682339203414222
2018-11-13,2018,2.755537889849997,-0.7037758392117621
2018-11-14,2018,2.4868150194552756,0.25092219267395244
2018-11-15,2018,2.880560376546639,0.32870433503011665
2018-11-16,2018,2.323097395819138,-0.23404909008695185
2018-11-19,2018,2.160925661827135,-0.4187740176971655
2018-11-20,2018,3.0336294445917575,-0.2583130729813976
2018-11-21,2018,3.103379227940231,0.42796196076175796
2018-11-22,2018,3.3707498835323597,-0.41370251916936773
2018-11-23,2018,3.287594492699963,0.0969246842448257
2018-11-26,2018,3.2440848707008554,-1.220641123317534
2018-11-27,2018,2.8176080329227857,-1.420650357616926
2018-11-28,2018,3.1664836265219654,-3.61401048732789
2018-11-29,2018,2.6384651852125844,-4.110826515169919
2018-11-30,2018,2.624090518680055,-2.4926097513862877
2018-12-03,2018,2.6598677808894817,-4.0487794773458425
2018-12-04,2018,2.165466543206023,-5.250140327702391
2018-12-05,2018,3.2663184607624958,-4.278825501122341
2018-12-06,2018,2.7867558329099618,-3.120482574612371
2018-12-07,2018,2.7765085041129614,-1.7475883321995567
2018-12-10,2018,2.698309916502313,-0.8700663588852797
2018-12-11,2018,2.6327314040679353,0.3221373353772039
2018-12-12,2018,2.703880788411637,-0.9755054016472364
2018-12-13,2018,2.552866741009456,-1.007834656691109
2018-12-14,2018,2.604021855329018,-0.674635978948579
2018-12-17,2018,3.1879326113604884,0.18911819427374077
2018-12-18,2018,3.1530341077409703,0.4629162799599129
2018-12-19,2018,3.1847793215975306,0.06071626797339302
2018-12-20,2018,3.2258890803549383,1.6697469228447392
2018-12-21,2018,2.989723278166373,2.1983802279089693
2018-12-22,2018,3.260574928610746,2.576154656360674
2018-12-24,2018,3.002670282617607,2.1442576013776193
2018-12-25,2018,2.980386427060341,3.6740494736588136
2018-12-26,2018,3.0342558460157525,5.175867893098318
2018-12-27,2018,3.192451278081754,3.8559112840660603
2018-12-28,2018,3.014432083086135,2.099017107328671
2019-01-02,2019,2.8203212661932517,3.9576560527687654
2019-01-03,2019,2.7689810545958062,5.3919864481344115
2019-01-04,2019,3.2501122325435174,7.623013458019234
2019-01-07,2019,2.888215625986778,5.21652085961859
2019-01-08,2019,2.7009214628138616,5.4938516876489984
2019-01-09,2019,2.625710981322624,3.3524297337012454
2019-01-10,2019,2.1058721465476067,4.36789980958141
2019-01-11,2019,2.198857907286052,4.025452384367889
2019-01-14,2019,1.8993938511003248,5.811982011120476
2019-01-15,2019,2.0835794080997325,5.236466504317749
2019-01-16,2019,1.234778505422541,5.726350676631364
2019-01-17,2019,0.6508321707776028,6.14741831517549
2019-01-18,2019,1.1874311798216786,5.647484866908092
2019-01-21,2019,0.6969451352552121,5.053592735656354
2019-01-22,2019,0.7629910150542825,4.600663388130566
2019-01-23,2019,2.1513831934506698,4.660180370490741
2019-01-24,2019,2.3888421260620696,4.8600199248363785
2019-01-25,2019,1.4486915296258966,3.4311271955472566
2019-01-28,2019,1.2962598404744006,2.281159214766726
2019-01-29,2019,2.1964726626283104,3.208851754854969
2019-01-30,2019,1.659658368089382,4.138735796284032
2019-02-11,2019,1.4723773172349983,3.689132118849492
2019-02-12,2019,0.9881675043307773,2.484813433500954
2019-02-13,2019,0.9925424204790939,3.4553018756107168
2019-02-14,2019,0.5877161531533399,4.199520071840546
2019-02-15,2019,0.8101251979165708,4.446594957862948
2019-02-18,2019,0.6376746496578991,4.004620868029263
2019-02-19,2019,0.8840314577019222,4.504317265318258
2019-02-20,2019,0.9768989024452164,3.5688627651020433
2019-02-21,2019,0.8856962058167979,1.549973690662254
2019-02-22,2019,0.5100202911704302,2.288887252831562
2019-02-25,2019,0.9383986447147488,1.4606007354490913
2019-02-26,2019,0.8960270054019409,1.3925737738835986
2019-02-27,2019,-0.4520241422457957,2.4243515121997294
2019-03-04,2019,-0.8707079256015987,2.828535210070071
2019-03-05,2019,-1.2202504064102415,3.736344352301635
2019-03-06,2019,-1.1136445494319402,3.3525632051288223
2019-03-07,2019,-1.1207933511998962,4.741128506703074
2019-03-08,2019,-0.39005150915363807,5.954548783166946
2019-03-11,2019,-0.2836222311114775,6.027737778870423
2019-03-12,2019,-0.3424370161555241,4.499904769547136
2019-03-13,2019,-0.23536954199519072,4.16433697215548
2019-03-14,2019,-0.23475257823126605,5.091968517632739
2019-03-15,2019,-0.08795994780888053,4.680513140803355
2019-03-18,2019,-0.16962481741586388,4.609282106404633
2019-03-19,2019,-0.2578118373634645,4.277837813156382
2019-03-20,2019,-0.2694358749394694,3.9514536239191322
2019-03-21,2019,-0.2776904576242888,3.5643359049158496
2019-03-22,2019,-0.2304147549577306,3.6338702536969913
2019-03-25,2019,-0.06313719960068354,5.230793894353525
2019-03-26,2019,0.08585371561742358,4.5520493976816345
2019-03-27,2019,0.2544432859141746,3.8867652498885352
2019-03-28,2019,0.29027168968338307,3.822988422836948
2019-03-29,2019,0.22268982143505583,3.0700946524023776
2019-04-01,2019,-0.17223196178194994,3.400099411517643
2019-04-02,2019,-0.4402878855664333,3.797835420895579
2019-04-03,2019,-0.2838126691403695,1.8005713549033242
2019-04-08,2019,-0.19149648462491134,1.727408831200572
2019-04-09,2019,-0.985420638221993,0.664510302628174
2019-04-10,2019,-1.1540533700730058,-1.2372862329708578
2019-04-11,2019,-1.0047634146605717,-0.886132279621088
2019-04-12,2019,-0.6585330693002891,-2.2860077924722
2019-04-15,2019,-1.0921614825713633,-3.2766008312185124
2019-04-16,2019,-0.3394361257011101,-3.359672762711796
2019-04-17,2019,0.04772920264493054,-4.752547452729128
2019-04-18,2019,0.0874461009324948,-5.271929808557186
2019-04-19,2019,0.14206188958537297,-5.197520171399916
2019-04-22,2019,0.09971175841299827,-4.761774746512238
2019-04-23,2019,-0.34002007082773616,-5.155781774910939
2019-04-24,2019,-0.04505207573426963,-6.522429096343362
2019-04-25,2019,-0.051026725551156935,-6.445552751574746
2019-04-26,2019,-0.7729009619616115,-5.645667141749766
2019-04-29,2019,-0.82206479210185,-5.72946852837447
2019-04-30,2019,-0.6048318443238541,-6.071903666483392
2019-05-02,2019,-0.5350310900717451,-5.647694713703222
2019-05-03,2019,-0.5241650659498154,-5.387471499508845
2019-05-06,2019,-0.27121980428643727,-3.643623269267482
2019-05-07,2019,0.004049181728941542,-5.078846724443286
2019-05-08,2019,0.413069122623947,-4.230156238127869
2019-05-09,2019,0.5454331316527259,-3.022917604137254
2019-05-10,2019,0.5842665070014446,-1.367685398754226
2019-05-13,2019,0.26610010112031607,0.4685417809133785
2019-05-14,2019,1.1819430364379884,0.9165102074767617
2019-05-15,2019,0.7479949854705046,0.0028407180956646627
2019-05-16,2019,0.847612594827582,0.47791755492567756
2019-05-17,2019,0.6494711063306278,1.410135293250936
2019-05-20,2019,0.6191156629193217,1.6188051827154437
2019-05-21,2019,0.8184895624929753,2.970423813846823
2019-05-22,2019,0.8605493763550378,3.1345807011806226
2019-05-23,2019,1.2521402604702965,4.805803439341028
2019-05-24,2019,1.7532796783666367,4.368297528726961
2019-05-27,2019,1.6943103121044842,3.605431710264928
2019-05-28,2019,1.7804556682020494,3.299357757864141
2019-05-29,2019,2.0944561913416577,4.582897324540025
2019-05-30,2019,1.8097860596558106,3.350094722233199
2019-05-31,2019,1.4215405453855663,3.7812104407395575
2019-06-03,2019,1.795808876531709,3.4766434890434184
2019-06-04,2019,1.7508481218831826,3.017033076616249
2019-06-05,2019,0.9590800356276132,3.004123644330403
2019-06-06,2019,1.1985441414265683,3.6172808669254097
2019-06-10,2019,1.4339715774710473,1.7484552551608967
2019-06-11,2019,0.997359283187448,0.8957593309049328
2019-06-12,2019,0.6249964158279828,1.7221727146498722
2019-06-13,2019,0.977201357445009,2.67408136153644
2019-06-14,2019,1.4919771559565969,2.847405191801733
2019-06-17,2019,1.406447795497416,3.284636875221958
2019-06-18,2019,1.349567642095728,3.0218402269763356
2019-06-19,2019,0.9874393922683782,0.49316309276550285
2019-06-20,2019,1.1704685517059232,0.13231327555560668
2019-06-21,2019,1.080055881101011,0.6425534790170495
2019-06-24,2019,1.1294578687078727,1.5314324942367286
2019-06-25,2019,0.9990078143562023,2.2466264178011564
2019-06-26,2019,0.7398960993148991,2.6586122571590876
2019-06-27,2019,0.799153321923779,1.5547758935947176
2019-06-28,2019,0.6339758970696204,1.5017477678800129
2019-07-01,2019,-0.18869521081812562,-0.08930325107888715
2019-07-02,2019,-0.3403871330066003,-0.31495280309836726
2019-07-03,2019,0.21998964142016558,0.7449898871624949
2019-07-04,2019,0.04505493351053506,-0.40971055781883203
2019-07-05,2019,-0.13799223293835783,-2.194473623945703
2019-07-08,2019,-0.20371616197786774,-3.049049317193764
2019-07-09,2019,0.21347217729782733,-2.8780372949831823
2019-07-10,2019,0.20844832770700367,-3.818129959031269
2019-07-11,2019,0.14418515872664694,-3.2178961988007515
2019-07-12,2019,-0.10979325407822196,-3.25183498316296
2019-07-15,2019,-0.3504576543572255,-4.723700699586175
2019-07-16,2019,-0.3274845053099352,-4.2101588730531265
2019-07-17,2019,0.5169499341186642,-4.629920358166617
2019-07-18,2019,0.6562064206295137,-3.503844700757841
2019-07-19,2019,0.809943294950596,-3.535668925126856
2019-07-22,2019,0.19709779325995855,-3.8560815311393104
2019-07-23,2019,0.16388290996920038,-3.8499131289473465
2019-07-24,2019,0.208672024196088,-3.712407733893208
2019-07-25,2019,0.49519725213212656,-3.685996594588803
2019-07-26,2019,0.566651111299849,-4.933997308111104
2019-07-29,2019,1.06310511049992,-4.579389714791748
2019-07-30,2019,1.2237663868591682,-3.6618378897413817
2019-07-31,2019,1.2285018622258879,-3.3387504030466086
2019-08-01,2019,0.9386283539506234,-1.0594730589139734
2019-08-02,2019,1.2967161774545333,0.8134389479990567
2019-08-05,2019,2.1760421249361306,1.2932428063368917
2019-08-06,2019,2.9403448296000536,2.525890473556358
2019-08-07,2019,3.1484396667306402,3.56964735831653
2019-08-08,2019,2.799443993704611,2.7266689472285055
2019-08-12,2019,2.4375275434353485,3.1395024617182576
2019-08-13,2019,2.932962598885287,3.772390486612509
2019-08-14,2019,1.9371751425728774,3.4774586607056346
2019-08-15,2019,2.3362327717840228,4.8456831665719236
2019-08-16,2019,2.1052715882383515,4.579647227827954
2019-08-19,2019,1.490687785536457,3.677749970206179
2019-08-20,2019,1.3167491624147285,3.867426942266583
2019-08-21,2019,1.4645438536290325,3.504721731364846
2019-08-22,2019,0.8070436673258232,3.797895112718397
2019-08-23,2019,0.8896036674719147,3.6145950270019878
2019-08-26,2019,1.750510621803636,5.441462079062687
2019-08-27,2019,1.673004369672837,4.683250491228175
2019-08-28,2019,1.5301861514710409,4.1948230306039
2019-08-29,2019,1.0422972167302094,3.510178801674191
2019-08-30,2019,0.5567929096048201,3.292506627864822
2019-09-02,2019,0.036357439366812364,2.9434359675970967
2019-09-03,2019,0.4767386629184961,3.009032781124832
2019-09-04,2019,0.49976132223412295,2.2254208613618376
2019-09-05,2019,0.15259177898384646,1.6559557420193327
2019-09-06,2019,-0.13959470877949476,2.1953242108075255
2019-09-09,2019,0.11799029129531646,0.8223206068989075
2019-09-10,2019,0.13867336354796855,2.91409930460369
2019-09-11,2019,0.2577097421833929,2.9790507258800503
2019-09-12,2019,0.3571932918008678,3.0965453865371195
2019-09-16,2019,-0.021991704264277243,2.6495371224237507
2019-09-17,2019,-0.07519017322107299,2.811347648167728
2019-09-18,2019,-0.6133591545746254,2.3304008893402672
2019-09-19,2019,-0.6878927543150525,3.456267726509221
2019-09-20,2019,-0.7011818568538659,2.836128014609751
2019-09-23,2019,-0.5941358429518122,3.6735897543918705
2019-09-24,2019,-0.43387656749927545,3.463176897621456
2019-09-25,2019,-0.15783779244012602,4.0586958061154865
2019-09-26,2019,-0.24211145972310227,4.248348278466052
2019-09-27,2019,-0.17691985692654505,5.0841760790715895
2019-10-01,2019,-1.007123524759138,3.565576946747928
2019-10-02,2019,-0.6787754996094384,4.12545625271743
2019-10-03,2019,1.0495950123103694,6.260993332971676
2019-10-04,2019,-0.3456607868150101,6.880089733516437
2019-10-07,2019,-0.09506261303908589,6.566127666423416
2019-10-08,2019,0.6629574144931853,5.348401742349096
2019-10-09,2019,2.0023097998893524,6.332254663928993
2019-10-14,2019,-0.0009525918209466619,3.2559106167462604
2019-10-15,2019,-0.2801932177134519,3.6769020320740253
2019-10-16,2019,-0.30102263282657,2.732282046756951
2019-10-17,2019,-0.28285164864771933,2.3557953602791892
2019-10-18,2019,-0.8718971336465987,3.0892057580262478
2019-10-21,2019,-0.8682756603826995,3.7162412878940287
2019-10-22,2019,-0.44229422414531766,3.41710103138515
2019-10-23,2019,-0.8053638726536342,3.4834652618804807
2019-10-24,2019,-0.6405422974010769,2.1035958919236153
2019-10-25,2019,-1.6415750822525381,2.396221003317933
2019-10-28,2019,-1.2738067379215867,2.179050501015456
2019-10-29,2019,-1.2966505493727556,2.143574966008943
2019-10-30,2019,-1.3159232802398162,2.34774539817999
2019-10-31,2019,-1.3839176158916338,2.2746421028444264
2019-11-01,2019,-0.9713952593545793,0.789857125688509
2019-11-04,2019,-0.9638501525997801,-0.46742840826003995
2019-11-05,2019,-0.8593727677708222,-0.9657309367976596
2019-11-06,2019,-1.1095870340729985,-1.2237118630541222
2019-11-07,2019,-1.183161076227186,-0.10261438358997177
2019-11-08,2019,-1.0571915961925447,0.2599412411891988
2019-11-11,2019,-1.5256105749700006,2.0432683893280013
2019-11-12,2019,-1.5000007140364975,0.9328693436061464
2019-11-13,2019,-1.4385663415971977,2.031247411236481
2019-11-14,2019,-1.4093963169627348,3.3710553848679714
2019-11-15,2019,-1.3503334574100114,3.4890157562295965
2019-11-18,2019,-1.193823873482236,2.931003863866377
2019-11-19,2019,-0.9372631724703684,3.7799835283621075
2019-11-20,2019,-0.9056385830461295,4.223553889538478
2019-11-21,2019,-0.40927991936214775,3.98528499507278
2019-11-22,2019,-0.45558401331375126,3.391430646332605
2019-11-25,2019,-0.3763354955396143,3.9843170224138857
2019-11-26,2019,-0.31533466132886045,3.4513795671004655
2019-11-27,2019,-0.10874926077517258,3.096554957046438
2019-11-28,2019,-0.13728197150165866,3.3048752354292166
2019-11-29,2019,0.3137314048331868,5.2397087097254325
2019-12-02,2019,0.9314492915084717,4.786126544511227
2019-12-03,2019,0.9206431821868748,4.0372611558866955
2019-12-04,2019,1.3498989657795657,5.1258549824637845
2019-12-05,2019,1.0185437467197607,4.448430957381211
2019-12-06,2019,1.0570824025011492,2.9606430518086757
2019-12-09,2019,1.0332547657959803,1.8828087682031258
2019-12-10,2019,1.1075948353602942,1.6276453752373632
2019-12-11,2019,0.8621147686111282,2.3063439414670928
2019-12-12,2019,0.6697004728671432,1.5902612445316988
2019-12-13,2019,0.6406952262098473,1.556792449191935
2019-12-16,2019,0.4649262685530367,2.010423986391685
2019-12-17,2019,0.7251628000891939,-0.04240717334283994
2019-12-18,2019,0.4927031022907943,-0.4579932274416554
2019-12-19,2019,0.17940059848239523,0.5939811463611555
2019-12-20,2019,0.3770322294186729,1.334801673707342
2019-12-23,2019,0.35289146248675424,-4.994830409998807
2019-12-24,2019,0.40770980065625595,-4.018576564871845
2019-12-25,2019,0.5772180739584275,-5.439731248745638
2019-12-26,2019,0.576338944521439,-3.708771178425818
2019-12-27,2019,-0.04802434273915507,-4.283721164875742
2019-12-30,2019,0.5667187837627106,-2.5195443266074147
2019-12-31,2019,-0.3136773144621793,-3.2035135040518026
2020-01-02,2020,0.5285537623509686,-4.350323292960279
2020-01-03,2020,1.2967910702554224,-3.6859962858461603
2020-01-06,2020,1.5853839737136095,-1.4989090933427929
2020-01-07,2020,1.5346637124144213,-0.7452661207778877
2020-01-08,2020,1.0540591234751873,-0.011847238324125264
2020-01-09,2020,0.589741120480693,-1.7302347495495196
2020-01-10,2020,0.3635976692281675,-3.1241657761348574
2020-01-13,2020,0.3200505874143232,-2.927166729131825
2020-01-14,2020,0.450503685949536,-3.7333915717897015
2020-01-15,2020,0.4558499490087298,-3.3537382110970237
2020-01-16,2020,1.0761866587906035,-4.40924079281142
2020-01-17,2020,1.326418196793591,-4.549601374326018
2020-01-20,2020,1.601606477610814,-5.65315945344016
2020-01-30,2020,2.4326800463364604,-1.1344155969230552
2020-01-31,2020,2.549270870185412,-2.8241598594183737
2020-02-03,2020,3.1946739989140376,-0.23954373963005482
2020-02-04,2020,2.9450884307659964,-1.415464973796976
2020-02-05,2020,2.517796341761246,-0.5080519318934051
2020-02-06,2020,2.2312082829093107,-3.641545982528893
2020-02-07,2020,2.2471169983877926,-5.469563352883588
2020-02-10,2020,2.2246721227384336,-4.92938093514208
2020-02-11,2020,2.3379595884645097,-6.603972551534465
2020-02-12,2020,1.9009023899664794,-11.481639076658357
2020-02-13,2020,1.7125151657623197,-14.10228141976868
2020-02-14,2020,1.7085720400863784,-17.755444027861234
2020-02-17,2020,1.7133979617052588,-19.754988094539815
2020-02-18,2020,2.030716335044604,-20.862856662128358
2020-02-19,2020,0.8948378640459518,-26.171799259110596
2020-02-20,2020,0.9525787388483907,-21.24503948370545
2020-02-21,2020,1.5415213841699948,-23.928087041719614
2020-02-24,2020,1.8472131238070097,-19.49956956602025
2020-02-25,2020,3.0892550862464083,-16.424975932022146
2020-02-26,2020,2.897553319610873,-14.844467456501087
2020-02-27,2020,3.1691246223797385,-14.109334166949306
2020-03-02,2020,2.772900437114346,-13.795582276826545
2020-03-03,2020,2.102019057830107,-14.298199461144867
2020-03-04,2020,2.1034104556771145,-15.17439334290117
2020-03-05,2020,2.2604589870142027,-14.729539845173434
2020-03-06,2020,2.4909967392150802,-11.706785399154374
2020-03-09,2020,3.021033293135889,-7.653466500996576
2020-03-10,2020,2.721347661281004,-8.034777898748956
2020-03-11,2020,2.667410113589025,-6.757452667814112
2020-03-12,2020,2.989430414403724,-3.100077525925138
2020-03-13,2020,2.8080899468060934,2.014736095931724
2020-03-16,2020,2.5721399661158832,7.506248861621523
2020-03-17,2020,2.7617398198796037,9.91405383473718
2020-03-18,2020,3.5854652594410132,14.951939921919323
2020-03-19,2020,3.638485949946772,21.94787901406925
2020-03-20,2020,3.8905327018935028,11.417800779502896
2020-03-23,2020,3.646498270584587,15.947190279447865
2020-03-24,2020,3.913470668101688,11.640472041716098
2020-03-25,2020,3.756538616367819,7.284895927836388
2020-03-26,2020,3.561352667420234,8.534092823190598
2020-03-27,2020,3.322071916162855,9.456104391004349
2020-03-30,2020,2.641492976573459,11.867680641533296
2020-03-31,2020,2.5991274845629104,13.22694750547484
2020-04-01,2020,2.6767210225059954,10.936366562047596
2020-04-06,2020,2.4238633164040873,9.735159501117252
2020-04-07,2020,1.670115709823,7.788711724932695
2020-04-08,2020,1.418635197503121,6.958836869554252
2020-04-09,2020,1.5169351674961382,7.727609163757254
2020-04-10,2020,1.596864660531431,8.42373353574315
2020-04-13,2020,1.5677328442077125,7.725844174104535
2020-04-14,2020,1.5965305777642318,5.858255249715949
2020-04-15,2020,1.6171205096126529,3.1938670707298833
2020-04-16,2020,1.6379330459083417,4.235370315397469
2020-04-17,2020,0.6985139730879071,1.354246091361344
2020-04-20,2020,0.6532843005543238,2.5856002478579443
2020-04-21,2020,1.0633911225307628,6.0201663617931445
2020-04-22,2020,1.0808040081709371,6.796543180173353
2020-04-23,2020,0.5449989282592098,4.289196653454241
2020-04-24,2020,0.5318695802019565,5.062354069057218
2020-04-27,2020,0.76898977894736,4.068600499466735
2020-04-28,2020,0.98506251230186,3.7546886509684407
2020-04-29,2020,0.949467173995259,1.5964211648109794
2020-04-30,2020,0.9605276758936835,-0.45468853198740167
2020-05-04,2020,1.1872971454318768,3.3444398012029364
2020-05-05,2020,1.2917627094575492,3.279190615716021
2020-05-06,2020,0.9761875253854759,5.0596845655398015
2020-05-07,2020,0.831930048111629,5.075293371158307
2020-05-08,2020,0.5547244064018773,5.301878103953417
2020-05-11,2020,0.6776265519143616,5.421283071497451
2020-05-12,2020,0.7827660362660629,6.96394217733034
2020-05-13,2020,0.6867253504200774,7.148205337772784
2020-05-14,2020,1.1114635347167858,7.002118565460336
2020-05-15,2020,0.9251477947293498,5.686773457408845
2020-05-18,2020,1.443772224086497,5.267048707933952
2020-05-19,2020,1.0642813093972203,5.996073823896619
2020-05-20,2020,0.5153449249341199,5.746254973505205
2020-05-21,2020,1.0517604490937693,4.905566794539773
2020-05-22,2020,0.8555098482779592,6.832853119233384
2020-05-25,2020,0.3375253572946801,6.4551410242494445
2020-05-26,2020,0.39991211783556324,5.59369149084179
2020-05-27,2020,0.7228781986579638,5.865001734052622
2020-05-28,2020,0.6742217085529327,5.468015449293184
2020-05-29,2020,0.4901841342411789,6.206087280756267
2020-06-01,2020,1.2596248906591376,5.635877541515399
2020-06-02,2020,1.104515643658177,6.085678109046322
2020-06-03,2020,1.9198897956164913,5.203106669870383
2020-06-04,2020,2.0359134760958506,6.3499990784000815
2020-06-05,2020,1.2957709230046746,5.3449657647612225
2020-06-08,2020,1.2715428091868684,4.822175443915411
2020-06-09,2020,1.1356446853761786,4.774209404224927
2020-06-10,2020,1.1254280805666284,3.0163410738419882
2020-06-11,2020,0.9571494664694316,5.8582131925307035
2020-06-12,2020,0.683623071846922,6.816046278458154
2020-06-15,2020,0.5999103477279135,7.930031681564009
2020-06-16,2020,0.5760787375550311,5.6125799625422745
2020-06-17,2020,0.8618718672591518,5.608955324809983
2020-06-18,2020,0.7994144612467028,5.42251563645999
2020-06-19,2020,0.7275232107364665,7.339396321687008
2020-06-22,2020,0.4066216884142202,7.77970660843883
2020-06-23,2020,0.2614382545643462,6.895066980355424
2020-06-24,2020,1.04633983869371,5.517435962084516
2020-06-29,2020,1.8565928943583145,9.059295030071146
2020-06-30,2020,0.6583713676625402,8.307977461957595
2020-07-01,2020,0.73367846309889,7.156455121665295
2020-07-02,2020,0.624818805432765,7.774410129824805
2020-07-03,2020,0.7689579994047957,6.34503189141804
2020-07-06,2020,0.3233930141326741,3.2709401074549893
2020-07-07,2020,-0.015690225641388656,5.101724390286266
2020-07-08,2020,-0.12860690942737815,5.19392055506116
2020-07-09,2020,-0.16958900812910105,5.911820935330914
2020-07-10,2020,0.2540832297732374,6.254845250163998
2020-07-13,2020,-0.108844387063628,5.58847518253196
2020-07-14,2020,-0.07146914384914109,4.678348203498883
2020-07-15,2020,0.11803940371448193,3.831072249515488
2020-07-16,2020,0.4522616518832979,4.979461643364624
2020-07-17,2020,0.45534488314888105,5.039584421042953
2020-07-20,2020,0.6305769654823179,6.41970867071775
2020-07-21,2020,0.14891473724667564,3.8280950671705227
2020-07-22,2020,-0.1590045822334574,2.4481952206598434
2020-07-23,2020,0.6008495165927293,-0.40602463216102835
2020-07-24,2020,0.5818547938227496,2.469107707712248
2020-07-27,2020,0.6303087919139116,0.46733871928694715
2020-07-28,2020,0.2899963950638964,1.3627050075754488
2020-07-29,2020,0.4748555137527145,2.3309201760310483
2020-07-30,2020,0.43816931661473413,0.5846928220880176
2020-07-31,2020,0.6175049310185547,0.5057324237256022
2020-08-03,2020,0.574770323017072,0.6267067209141164
2020-08-04,2020,0.8180066372511365,-0.05224265770358283
2020-08-05,2020,0.90904521266946,-0.8029807144028789
2020-08-06,2020,0.8260265683125871,-1.204398497696213
2020-08-07,2020,0.7422633089501457,-1.4882058981032675
2020-08-10,2020,0.6822532409714841,-2.2692725298588567
2020-08-11,2020,0.7471059914190967,-0.9125842417053387
2020-08-12,2020,0.6220289450994754,-0.48751613017793405
2020-08-13,2020,0.7046613267576545,-0.5592672016973776
2020-08-14,2020,0.8500192635189847,-0.9340031542437566
2020-08-17,2020,0.8657797858254164,-1.298923828216969
2020-08-18,2020,0.6695794941928168,-0.20579328689712684
2020-08-19,2020,0.4952479328998306,1.5503997295486904
2020-08-20,2020,0.5363968316901668,4.1261413419787285
2020-08-21,2020,0.6020267316194677,2.1239165471643062
2020-08-24,2020,0.5904899863130847,1.1701469028941869
2020-08-25,2020,0.7158820025795734,-0.8836635118452785
2020-08-26,2020,0.6776623278280199,-1.943461107790767
2020-08-27,2020,0.36920057374616205,-4.164390797753592
2020-08-28,2020,0.3425448780728656,-3.896188579486759
2020-08-31,2020,0.3187182627411629,-1.0220427353481942
2020-09-01,2020,0.23941295824010989,-1.854245517693076
2020-09-02,2020,0.299556238736758,-1.4480097641639378
2020-09-03,2020,0.19759775887080955,-1.6436000398182382
2020-09-04,2020,0.548063595775597,0.5244521461154505
2020-09-07,2020,0.5453121959523262,1.1504277302522015
2020-09-08,2020,0.5162144839597851,1.7659331183332405
2020-09-09,2020,0.6825292987750698,2.7547114742500822
2020-09-10,2020,0.5981915872687603,2.0121732621584787
2020-09-11,2020,0.49633035857399044,1.9198561054595498
2020-09-14,2020,0.44294055520329617,0.3127976465105098
2020-09-15,2020,0.813704086194349,-0.7417296905956383
2020-09-16,2020,0.6547228981230324,-0.5272502535301538
2020-09-17,2020,1.1418665438907898,-0.08055782995693983
2020-09-18,2020,1.7280203541829722,0.012659584548146974
2020-09-21,2020,1.803703988827604,0.9527851243286589
2020-09-22,2020,1.821504195375503,2.0031615964876126
2020-09-23,2020,1.8522654323260834,2.5838612574182296
2020-09-24,2020,1.9933703310567161,4.978890086575927
2020-09-25,2020,1.8620529222775217,4.584681813239855
2020-09-28,2020,2.353682228604039,1.6059845491688707
2020-09-29,2020,2.220931479586085,0.6305077187266805
2020-09-30,2020,1.2823494984354036,0.6048446699761234
2020-10-05,2020,0.689749138004104,1.4960616116312275
2020-10-06,2020,0.07194507057687656,1.2883110586001667
2020-10-07,2020,0.35812817046243717,1.3527773005177046
2020-10-08,2020,0.8012725425949869,0.6699676190077053
2020-10-12,2020,0.4679067892399161,1.324183326373829
2020-10-13,2020,0.8730598174821651,1.03953540282673
2020-10-14,2020,0.9275027061037996,2.6540117080556147
2020-10-15,2020,0.7143476025432134,3.0711375744280955
2020-10-16,2020,0.3187054261114214,4.101528034088409
2020-10-19,2020,0.5241127555940029,4.985071666844854
2020-10-20,2020,0.4755227055850101,5.680446138619866
2020-10-21,2020,0.3914837439415212,6.95831796385098
2020-10-22,2020,0.8066987241877319,6.235179449145822
2020-10-23,2020,0.5853040196086142,6.33871935572401
2020-10-26,2020,0.4867437908166249,7.506218515256369
2020-10-27,2020,0.20854294227310993,7.2397613671756345
2020-10-28,2020,0.3795644028766699,7.387044455300429
2020-10-29,2020,1.271120055453459,9.340270127482553
2020-10-30,2020,0.9780353195343565,10.526974400502453
2020-11-02,2020,1.028987659872376,8.986991822137647
2020-11-03,2020,1.1456010759399509,9.026845927413696
2020-11-04,2020,1.2046346849415475,8.7134652895966
2020-11-05,2020,1.2981572623900939,8.191859925070455
2020-11-06,2020,1.5716236397987948,8.932881027754203
2020-11-09,2020,1.2092518510509924,8.601276559763615
2020-11-10,2020,1.3110099361360552,9.774555639472492
2020-11-11,2020,1.2368583539248375,8.505005583542369
2020-11-12,2020,1.0316561477679562,7.772856604783929
2020-11-13,2020,0.7074961708216252,7.446209805678006
2020-11-16,2020,0.6312359179133569,4.864435282910118
2020-11-17,2020,0.5135517365145157,3.498195028179918
2020-11-18,2020,0.9851705846166438,3.856522297867815
2020-11-19,2020,1.049247813111403,3.9096574003292472
2020-11-20,2020,1.4546332600252618,3.889639002540002
2020-11-23,2020,1.166813520903588,3.6529012444867837
2020-11-24,2020,0.9583131115255942,2.682164939418974
2020-11-25,2020,0.4881345147472622,3.5247542913042773
2020-11-26,2020,-0.17534011789419296,3.1390341811080136
2020-11-27,2020,-0.20666748776004326,3.3484314300981755
2020-11-30,2020,1.265906698126684,5.53950370512335
2020-12-01,2020,1.1566624470785154,4.2229147027115
2020-12-02,2020,0.949217020780134,4.993587883172235
2020-12-03,2020,0.5397332455074991,5.404844642196638
2020-12-04,2020,1.1824725281732356,5.445556464418044
2020-12-07,2020,1.4270774581372652,5.214637431084546
2020-12-08,2020,1.5213275864388747,4.336439096403999
2020-12-09,2020,1.651570749830047,5.7251701512285536
2020-12-10,2020,1.630343404309902,8.522831343437565
2020-12-11,2020,1.7398646979293733,9.084547483503002
2020-12-14,2020,1.8223247453329265,9.074980384982112
2020-12-15,2020,1.537748080255064,12.094093763949587
2020-12-16,2020,0.7791983387076635,9.80624224892097
2020-12-17,2020,0.7826392816702759,9.520069177701274
2020-12-18,2020,0.6603134820310169,9.558202268637949
2020-12-21,2020,0.6603245916489122,10.374794229528629
2020-12-22,2020,0.5380202993080923,11.488094482368494
2020-12-23,2020,0.6388779046438654,13.57426550770613
2020-12-24,2020,0.9931817100657062,12.175881705400737
2020-12-25,2020,1.7020328142584158,11.269783454814664
2020-12-28,2020,1.5909653336851268,8.118306408793163
2020-12-29,2020,1.616971764660588,8.494995525858485
2020-12-30,2020,1.602565045013197,4.9577537667572
2020-12-31,2020,1.4885384830985153,2.7543130745364186
2021-01-04,2021,2.4298065354171055,3.40933416453999
2021-01-05,2021,2.1835263695050693,5.066789866420263
2021-01-06,2021,2.09820013302814,5.260516327362841
2021-01-07,2021,2.27993629006544,3.235309583278556
2021-01-08,2021,2.0943525691822744,2.1886387371919724
2021-01-11,2021,1.9718469844864603,5.1743554472819975
2021-01-12,2021,2.154718325433946,5.959795364080311
2021-01-13,2021,2.377769796064876,3.623340042282863
2021-01-14,2021,2.1701747403024547,4.475466331024203
2021-01-15,2021,2.095504271880832,5.295782187816789
2021-01-18,2021,2.052320222005215,3.8465923648475675
2021-01-19,2021,2.0273149942447395,3.6203099127878113
2021-01-20,2021,1.8668839836224087,0.933938497473763
2021-01-21,2021,2.0309269749525782,-1.280753656886291
2021-01-22,2021,1.988294593116812,1.2029442481848118
2021-01-25,2021,2.427275418580553,-0.2516533367112883
2021-01-26,2021,1.8267768389818386,1.2541150850796878
2021-01-27,2021,1.9231343194713812,0.7557263819583548
2021-01-28,2021,1.6981421625507287,2.8361014745833524
2021-01-29,2021,1.5888407439707375,5.1086283739730565
2021-02-01,2021,1.6520149404651794,4.993286865943025
2021-02-02,2021,2.412685264484887,3.14167785000683
2021-02-03,2021,1.5408913765905046,3.030881372009442
2021-02-04,2021,1.2995364315408902,3.8643289091837563
2021-02-05,2021,1.2892323626634712,2.6161848833088586
2021-02-17,2021,2.390556828550223,-0.45500965940586946
2021-02-18,2021,1.6535402071103456,-2.156959324813945
2021-02-19,2021,1.6372388820115726,-0.9311331111570786
2021-02-22,2021,1.583893737430396,-1.417231763736615
2021-02-23,2021,1.6520281441552853,-2.501185886130608
2021-02-24,2021,1.3066022852198778,-0.9399520000888284
2021-02-25,2021,1.4897417989011648,-0.8892438570450967
2021-02-26,2021,1.2295599911753405,3.2730133259787797
2021-03-02,2021,1.3827836250240415,3.8127834410242256
2021-03-03,2021,1.6721725430810288,1.3533410684732683
2021-03-04,2021,1.7521637489060027,4.179887227853429
2021-03-05,2021,2.1320959656948517,5.579483867468338
2021-03-08,2021,2.3798347708863496,6.291043488319614
2021-03-09,2021,2.427422676541477,6.770604342749564
2021-03-10,2021,1.9462134384407808,5.9228855299286565
2021-03-11,2021,1.650253267867717,4.203698988105997
2021-03-12,2021,1.6357997756552103,3.5049135106470564
2021-03-15,2021,1.6547165215655437,3.79486415747603
2021-03-16,2021,1.1692385893125656,4.6806995088627845
2021-03-17,2021,0.9527205165023573,5.8152470858704675
2021-03-18,2021,0.8469526834977849,5.988762168587103
2021-03-19,2021,2.1517081025964457,7.8009413673971295
2021-03-22,2021,2.1388404048787937,6.256570730399624
2021-03-23,2021,0.7985840064300056,5.683046733166064
2021-03-24,2021,1.8145801491067686,7.9100580584476665
2021-03-25,2021,1.9532576660917325,9.415546813415077
2021-03-26,2021,0.37935891944234257,7.9113792079912315
2021-03-29,2021,0.5138718010792687,6.6251637991571855
2021-03-30,2021,1.7675533404529156,6.111544014158943
2021-03-31,2021,1.2773594442125669,4.815371797313994
2021-04-01,2021,1.437200009574142,2.1875196122447926
2021-04-06,2021,1.2216373412204076,0.6187025347269781
2021-04-07,2021,0.8038820093183983,1.0645029306538767
2021-04-08,2021,0.3201151473007574,2.1183426639033387
2021-04-09,2021,0.1686411653071329,2.2636035148717593
2021-04-12,2021,0.04863635417682793,-1.6404206480542305
2021-04-13,2021,-0.3919694428218081,-5.483179404822957
2021-04-14,2021,-0.03375969111834174,-7.090431205557701
2021-04-15,2021,0.07421950822960463,-7.3177944489372315
2021-04-16,2021,0.2966912496078693,-10.518911276481301
2021-04-19,2021,0.4012698332565228,-6.47211885574468
2021-04-20,2021,0.30870500928683264,-6.876119481386079
2021-04-21,2021,0.5811642911806081,-6.741905498802181
2021-04-22,2021,0.35798772535826306,-4.649420335884091
2021-04-23,2021,0.5940595765985955,-5.560491252448663
2021-04-26,2021,-0.22732818939422814,-5.557727535796431
2021-04-27,2021,0.1289915697919815,-5.411544734853024
2021-04-28,2021,0.19524082289862263,-5.498325604111665
2021-04-29,2021,-0.5040846667301557,-3.960912319131804
2021-05-03,2021,-0.9433493016626663,-0.8937224014144318
2021-05-04,2021,-1.5268782614857719,1.3499643907030956
2021-05-05,2021,-0.7958799142791458,1.9093486841168072
2021-05-06,2021,-1.2713748524598278,1.481668035748318
2021-05-07,2021,-1.5868072100112305,-0.7960080995082497
2021-05-10,2021,-1.7278102967737752,-0.8801545173045877
2021-05-11,2021,-1.103525302191518,2.9733831912310826
2021-05-12,2021,0.621495821066267,6.689883331855562
2021-05-13,2021,1.5784669694504516,9.502938717685282
2021-05-14,2021,2.1338786458838817,8.759854148804358
2021-05-17,2021,0.5451378688162529,13.13934123534819
2021-05-18,2021,1.6422310829436089,7.19609463160491
2021-05-19,2021,2.680872323772674,7.797536178162812
2021-05-20,2021,2.309279243550587,7.955063968144338
2021-05-21,2021,2.4378842623483625,4.667630961976577
2021-05-24,2021,1.8314071181387468,4.512467338993242
2021-05-25,2021,0.35835176711223876,4.465261119316066
2021-05-26,2021,0.70366113101259,4.5919504629081676
2021-05-27,2021,-0.10533803107755069,5.429473406494911
2021-05-28,2021,0.13040703929344058,4.268365690901366
2021-05-31,2021,-0.05004813219565566,3.1037418204251876
2021-06-01,2021,-0.7636849625327257,3.455697869409713
2021-06-02,2021,-0.15599114066854866,3.1977787409758207
2021-06-03,2021,-0.7624836681277135,2.690396006995188
2021-06-04,2021,-0.6667161325988291,4.5016710978509344
2021-06-07,2021,-1.3763284742809643,4.85345567847173
2021-06-08,2021,-0.9407326823242238,4.535432628200287
2021-06-09,2021,-0.594540956765798,5.303892086746487
2021-06-10,2021,0.06633364817462228,2.9270561249287397
2021-06-11,2021,-0.19144735565547027,3.490337827475165
2021-06-15,2021,-0.3727358475358131,2.7414774607988246
2021-06-16,2021,0.7866811335394476,3.1077787779656196
2021-06-17,2021,1.1705258082200078,3.700732751755109
2021-06-18,2021,1.0614332890716427,3.330015116747709
2021-06-21,2021,1.779634948629769,4.25640773182645
2021-06-22,2021,0.6762438537684461,2.6540287135700114
2021-06-23,2021,0.3730261898962535,0.7041705144747779
2021-06-24,2021,0.36424534318785307,0.944223217424689
2021-06-25,2021,0.0555002768969158,0.3995317371488838
2021-06-28,2021,-0.8110217038273488,-1.0653761560618924
2021-06-29,2021,-0.7627937317532811,-1.8656464102274173
2021-06-30,2021,-0.5756992896998482,-3.4932353202902
2021-07-01,2021,-0.9070513597101915,-1.7564133106468538
2021-07-02,2021,-0.9368121067872648,-2.612851952129158
2021-07-05,2021,-0.5634089672946605,-2.321794397446797
2021-07-06,2021,-0.6432785013387422,-2.0058538262843872
2021-07-07,2021,-0.4938489637891821,-1.2705391220171336
2021-07-08,2021,-0.7492894881512576,-1.4718945219687196
2021-07-09,2021,-0.7798811812636022,-0.7655077603915483
2021-07-12,2021,-0.7948508920304136,-1.847838229111065
2021-07-13,2021,-0.7710252072305437,-2.9353097797341077
2021-07-14,2021,-0.6307297850188942,-3.4662034377933137
2021-07-15,2021,-0.47280620032532117,-4.515035052863481
2021-07-16,2021,-0.8992968411327196,-5.102694849191824
2021-07-19,2021,-0.812132067871089,-5.230574644799524
2021-07-20,2021,-0.2823261892735969,-4.9483305702520575
2021-07-21,2021,-0.9238274660189927,-3.622931486088099
2021-07-22,2021,-0.8741930769960969,-6.811447315182462
2021-07-23,2021,-0.7336282535945309,-7.0049826665118715
2021-07-26,2021,-0.7588185133771538,-3.8022105822027252
2021-07-27,2021,-0.8836289378916506,-2.612295286530819
2021-07-28,2021,-0.48554829875264216,-0.5214989944687054
2021-07-29,2021,-0.5933860069106234,-1.9298607523727584
2021-07-30,2021,-0.865610493763915,-0.21730799001125067
2021-08-02,2021,-0.9840336660015383,-0.6099428221453262
2021-08-03,2021,-0.659342302795701,-0.3615749560208048
2021-08-04,2021,-0.47492069098098977,-0.8505500204551764
2021-08-05,2021,-1.5311656083497316,-1.6097146414953745
2021-08-06,2021,-1.2064738993325885,-0.05340551446171293
2021-08-09,2021,-0.22697973886681777,0.058049258942571846
2021-08-10,2021,-0.608689671564432,0.6074358506641842
2021-08-11,2021,-0.9425637465304071,0.2514050471406293
2021-08-12,2021,-0.36243069129692157,0.4900713939770096
2021-08-13,2021,-0.48364471505670237,2.899875221630288
2021-08-16,2021,-0.1293927440406784,3.485070381765687
2021-08-17,2021,0.39884719918482703,4.642718241488097
2021-08-18,2021,0.4916810986895019,3.1363457260581207
2021-08-19,2021,1.7913353238072394,5.516201130964737
2021-08-20,2021,1.990296992210642,5.720557045246766
2021-08-23,2021,0.2609706565862416,1.098923415825248
2021-08-24,2021,-0.4869130250221089,1.5428632245122031
2021-08-25,2021,-0.33781276322384046,1.2573727579599847
2021-08-26,2021,-0.4954448842888799,1.4461274884338016
2021-08-27,2021,0.9504372724098106,-0.16554396211955202
2021-08-30,2021,0.12287956074793956,-3.1101622623375347
2021-08-31,2021,0.06890744822482417,-3.1761623163480968
2021-09-01,2021,-0.04757122701108476,-5.168252929067729
2021-09-02,2021,-0.0015989951590834218,-5.262255366125168
2021-09-03,2021,-0.2744668017541213,-6.0294275477652315
2021-09-06,2021,-0.12515521042086342,-6.299634759049566
2021-09-07,2021,-0.03922753319125094,-4.102446113832958
2021-09-08,2021,0.35282881284206224,-3.6481883258668524
2021-09-09,2021,0.3841593539736084,-4.862886919054377
2021-09-10,2021,1.1315846184386371,-6.446968366031324
2021-09-13,2021,2.8745260506750308,-6.070223445530898
2021-09-14,2021,1.6353896640608891,-3.7494336073049084
2021-09-15,2021,1.534558537810352,-3.7371211248127256
2021-09-16,2021,1.3909857202274643,-2.187838205420556
2021-09-17,2021,1.1116428590991982,-2.251402025492011
2021-09-22,2021,2.5340129530225517,-0.2145243184672907
2021-09-23,2021,2.830423309867803,-1.1094833068083232
2021-09-24,2021,1.3131227549639215,-2.120196822862308
2021-09-27,2021,1.004571278206305,-1.6139177082749812
2021-09-28,2021,1.1515244478370597,-0.6221248044401384
2021-09-29,2021,2.526759230535757,1.104508568736784
2021-09-30,2021,3.3108033990175665,0.3108397693030396
2021-10-01,2021,3.1839682742841653,3.0013475437951964
2021-10-04,2021,3.2991433432527417,4.007837472993958
2021-10-05,2021,3.392882410358034,4.018103670853401
2021-10-06,2021,3.5932684438357727,4.182842112198015
2021-10-07,2021,3.0889589680606893,3.48836235316079
2021-10-08,2021,1.1275034509307236,4.656550341547661
2021-10-12,2021,2.0059560150475155,6.551239032876466
2021-10-13,2021,1.580766089681672,7.411675686124108
2021-10-14,2021,1.4197424948635655,6.500407633237493
2021-10-15,2021,0.42075478089908963,4.391464490897268
2021-10-18,2021,0.41861269385909966,5.561115946522888
2021-10-19,2021,0.16603928174660332,4.688926533681825
2021-10-20,2021,0.003934189968165025,5.188473112574621
2021-10-21,2021,-0.6237977296908036,5.63580589371746
2021-10-22,2021,-0.9051010040104698,5.50408141755987
2021-10-25,2021,-0.7825118486078863,5.382307816155096
2021-10-26,2021,-1.0398230170670764,3.7088610418718915
2021-10-27,2021,-1.0406761150686383,3.3264127019452916
2021-10-28,2021,-0.9559958938230004,3.594491841449421
2021-10-29,2021,-1.1418491957484975,2.248606467966563
2021-11-01,2021,0.5849414264228787,1.522418245817958
2021-11-02,2021,0.6156697207247948,2.119949818264044
2021-11-03,2021,1.5518011061553567,2.7089456003214663
2021-11-04,2021,0.35892841605914916,3.782570967851484
2021-11-05,2021,1.0777620122353284,2.313940648324264
2021-11-08,2021,1.486640431676427,1.5670703347056891
2021-11-09,2021,1.4059690705118844,1.4568995790520178
2021-11-10,2021,2.199006089295005,1.5533908705469557
2021-11-11,2021,2.46955409495654,2.6448902508061867
2021-11-12,2021,1.792962349356209,1.7589206153852954
2021-11-15,2021,1.3531325383782937,0.7549418837084376
2021-11-16,2021,0.981999542619918,-0.5299231961784168
2021-11-17,2021,1.054383874729339,-0.585114647343743
2021-11-18,2021,1.2834781646199502,-0.3118034097157163
2021-11-19,2021,1.0158573417943153,-0.032101809879847565
2021-11-22,2021,1.069848849567031,-0.7550745525889857
2021-11-23,2021,2.056481294713599,0.6970970422481182
2021-11-24,2021,2.2443836762734857,1.0446920281229843
2021-11-25,2021,2.0066272040989066,1.6566605434743975
2021-11-26,2021,2.21357908244066,3.4097340205960114
2021-11-29,2021,3.269491658209264,4.160008402541759
2021-11-30,2021,2.9833166590002653,4.412787415020647
2021-12-01,2021,3.468160351333677,3.766009192544728
2021-12-02,2021,3.461615853649377,2.7868171745027315
2021-12-03,2021,3.6482962060311586,3.2399020406687074
2021-12-06,2021,2.9646250151145654,4.738410500553747
2021-12-07,2021,2.7860350363418753,3.9503464644444097
2021-12-08,2021,2.821984522517945,3.0029575346475657
2021-12-09,2021,1.9138307077619197,1.4270307444630204
2021-12-10,2021,2.1934730361246677,2.317479942511791
2021-12-13,2021,1.5849400733482326,2.9301087372520795
2021-12-14,2021,2.1938079047361,4.409419200800957
2021-12-15,2021,2.0987228037194403,4.398785963839402
2021-12-16,2021,1.4998511309591056,3.47238855397638
2021-12-17,2021,2.912844398420672,4.001944691928561
2021-12-20,2021,2.4394451265772874,4.015652174897322
2021-12-21,2021,3.3414501016503637,2.46322642806589
2021-12-22,2021,2.9530723056290307,2.19584749503976
2021-12-23,2021,1.9541284995818693,-0.26389311437337026
2021-12-24,2021,1.7469825123694054,0.15254731750553585
2021-12-27,2021,1.8367253169326396,-1.9270937794684917
2021-12-28,2021,1.6704925935742398,-2.8708878094567125
2021-12-29,2021,1.433819663329659,-1.906919446654698
2021-12-30,2021,0.6634977781263841,-1.384720432255837
2022-01-03,2022,-0.08311092203284223,-0.64995448950248
2022-01-04,2022,-0.15443078278867212,-1.0163901685976917
2022-01-05,2022,-0.40272211116052314,-1.0217319388798662
2022-01-06,2022,0.3024840858394818,-2.0157426643844234
2022-01-07,2022,0.6637797015569158,-1.199520522010178
2022-01-10,2022,0.4328966187823425,-0.04336770219163233
2022-01-11,2022,0.33017649548078704,-0.10739159272558085
2022-01-12,2022,-0.10044576852840706,-0.7784864547166426
2022-01-13,2022,-0.27551833801033854,-1.168524260817816
2022-01-14,2022,0.7300933627952737,-2.3584862087459246
2022-01-17,2022,0.20136331911250238,-2.535486336626813
2022-01-18,2022,0.2666350484144512,-4.266311326627004
2022-01-19,2022,0.7024650422666664,-3.1561171989953563
2022-01-20,2022,1.1242101563707245,-1.7566422296726114
2022-01-21,2022,0.9230982212537228,-0.1771018978395822
2022-01-24,2022,1.0376749689203553,-0.30374049977096584
2022-01-25,2022,0.4141964505749741,0.1999873454335166
2022-01-26,2022,1.150236028255295,-2.8046779522926
2022-02-07,2022,1.0871942492258149,-6.005765266503904
2022-02-08,2022,1.5001723894023133,-5.294280040252564
2022-02-09,2022,1.8028161830667986,-3.9586243978545155
2022-02-10,2022,1.4591601145885693,-5.852912387085851
2022-02-11,2022,2.8696740190861183,-5.722808332068141
2022-02-14,2022,1.9561076785813618,-5.954159621773247
2022-02-15,2022,1.5781948176476743,-5.631632687734545
2022-02-16,2022,1.4854885892513523,-4.29614287822101
2022-02-17,2022,2.051899093368012,-4.445066034177825
2022-02-18,2022,2.0443292544026237,-3.685701514067019
2022-02-21,2022,1.9482190014260201,-3.6318654511788173
2022-02-22,2022,2.21188784342115,-1.3240367315570212
2022-02-23,2022,2.427734204427719,-1.9753839916746507
2022-02-24,2022,2.421676415960162,0.4683268398453011
2022-02-25,2022,2.8169981098426278,-0.7487460472304419
2022-03-01,2022,2.9907738677018947,-1.9532077158381456
2022-03-02,2022,2.894187220276578,-0.7110076339295501
2022-03-03,2022,2.6226474466489345,-1.3433959318404853
2022-03-04,2022,3.398785134737394,-0.625432722991881
2022-03-07,2022,2.317488874286545,2.00137495932462
2022-03-08,2022,2.775252907921794,2.1002956865425526
2022-03-09,2022,3.273198048796617,1.5819823970812275
2022-03-10,2022,3.65149825032607,-2.20745474152767
2022-03-11,2022,4.056329298996402,-1.5860650087982875
2022-03-14,2022,4.1104623356838434,0.2236570152186479
2022-03-15,2022,4.129935214978412,1.8881535336634725
2022-03-16,2022,4.232013924055643,0.3739486199908715
2022-03-17,2022,4.018561740512134,-3.148458696646428
2022-03-18,2022,3.652780632319211,-2.652991546997907
2022-03-21,2022,3.5866461524858027,-2.3432321433045744
2022-03-22,2022,3.7030241194216513,-2.458810538442824
2022-03-23,2022,3.162242725599988,-3.9832229545714637
2022-03-24,2022,3.1269877825307533,-6.091622944947361
2022-03-25,2022,2.666047080404832,-5.839016346145687
2022-03-28,2022,2.016634841660003,-6.944402428994034
2022-03-29,2022,1.4636115038719137,-6.435135218301557
2022-03-30,2022,1.371078223063654,-6.473189121425715
2022-03-31,2022,1.3650170040889336,-6.751473848826716
2022-04-01,2022,1.2593412808025783,-6.012621421467301
2022-04-06,2022,1.0993594887483333,-4.716107861321161
2022-04-07,2022,0.42507467147976075,-4.484816309566019
2022-04-08,2022,-0.25320301385138433,-7.148700515026729
2022-04-11,2022,0.405317944797481,-5.787474110428148
2022-04-12,2022,0.35322683025623236,-5.795216383348512
2022-04-13,2022,0.8463585284767138,-9.738782139275736
2022-04-14,2022,0.7494421916257786,-8.194008344133163
2022-04-15,2022,-0.35821752177279254,-6.487463670697435
2022-04-18,2022,0.1337560708536671,-4.9871973688181415
2022-04-19,2022,0.1367980741515522,-4.098885449645162
2022-04-20,2022,-0.1928071464181464,-6.580954557965313
2022-04-21,2022,-0.08881055452365565,-5.739741183270619
2022-04-22,2022,0.2938202738326484,-5.102351881840272
2022-04-25,2022,0.2530072592757032,-3.9544789993321783
2022-04-26,2022,0.6331548842829927,-3.2488244069165173
2022-04-27,2022,2.058496852894444,-2.0518482397789417
2022-04-28,2022,1.1765007381247832,-0.9328001422709065
2022-04-29,2022,1.0984010380729683,0.11113669210434107
2022-05-03,2022,0.917587095735039,1.8720641982192587
2022-05-04,2022,1.2120209047133872,0.6595504119020879
2022-05-05,2022,0.9780449116330295,-0.8597805957312188
2022-05-06,2022,1.4135886453095563,1.2052510330200716
2022-05-09,2022,1.6501446420809542,2.8909110394967463
2022-05-10,2022,2.2547451001210996,3.7904455941774495
2022-05-11,2022,2.2788891636467388,3.8428114017961645
2022-05-12,2022,1.8704557832552229,5.4008918669012695
2022-05-13,2022,3.088301423100389,1.5060123012479387
2022-05-16,2022,1.698869251297967,0.9202542726765017
2022-05-17,2022,2.929355396217459,-0.35400897727903
2022-05-18,2022,2.635079698982866,-2.8118913704848647
2022-05-19,2022,3.3654365763191776,-2.3661200275649885
2022-05-20,2022,3.2393675047323898,-4.81435256444006
2022-05-23,2022,3.4773161321162775,-2.6476797753956505
2022-05-24,2022,3.981799741123818,-3.8580197611696065
2022-05-25,2022,3.8326555081506135,-5.759986785916316
2022-05-26,2022,3.1787491128331893,-4.167556420852369
2022-05-27,2022,2.5509831028724,-4.415346650912133
2022-05-30,2022,2.620833496419183,-7.04790068040807
2022-05-31,2022,2.236379747167879,-9.32687679567249
2022-06-01,2022,2.6455736746976024,-11.090554833587108
2022-06-02,2022,2.934387023757858,-13.348319928566987
2022-06-06,2022,2.6555613194737635,-14.385798833671771
2022-06-07,2022,2.6405212295181184,-13.102983852604755
2022-06-08,2022,2.5842716453506744,-16.10628589047365
2022-06-09,2022,2.9053497210724046,-13.747808540105666
2022-06-10,2022,2.0521533652604615,-12.123787675910002
2022-06-13,2022,2.4635775098114947,-10.767544978588727
2022-06-14,2022,1.8906699360702344,-13.066003962019945
2022-06-15,2022,3.0275806224958988,-10.46655311967748
2022-06-16,2022,2.8560597729740818,-8.839727728632752
2022-06-17,2022,2.640537927728856,-6.972839784007167
2022-06-20,2022,3.4411632312007696,-4.21627868538833
2022-06-21,2022,3.175673469145177,-6.5775553385416625
2022-06-22,2022,3.589055088867485,-4.004039680083404
2022-06-23,2022,3.846576576555473,-1.5730961938372867
2022-06-24,2022,3.880199633399485,-2.312962154617426
2022-06-27,2022,3.8949627987481024,-3.9341369088391365
2022-06-28,2022,4.021445575427476,-4.100668915382977
2022-06-29,2022,3.3222998633245213,-2.090139651039713
2022-06-30,2022,3.803073012948827,0.4463186635666583
2022-07-01,2022,4.112059133624706,4.580536398040036
2022-07-04,2022,3.5353863051757832,5.378256826657557
2022-07-05,2022,3.850311712629955,2.773882864549937
2022-07-06,2022,3.6044783823351083,5.659500440098353
2022-07-07,2022,4.827503482978804,2.552477039006651
2022-07-08,2022,4.798012002236178,3.9511135169963962
2022-07-11,2022,4.767448635073594,4.740968430037107
2022-07-12,2022,4.729090028810893,7.882517049421467
2022-07-13,2022,5.067372106765954,4.288682190457305
2022-07-14,2022,5.062384802814235,5.259057022464897
2022-07-15,2022,5.017867204712641,5.074354219957633
2022-07-18,2022,4.424207256414814,4.739993641148832
2022-07-19,2022,4.372666663170173,4.944099936845303
2022-07-20,2022,4.540724683567145,4.9699251080212115
2022-07-21,2022,4.084927923858725,3.073163873956486
2022-07-22,2022,3.70420820868578,3.0731750389314305
2022-07-25,2022,3.798057959679403,2.0675092208059187
2022-07-26,2022,2.940944003136208,1.952551466287722
2022-07-27,2022,2.862097866587694,0.9891707251036941
2022-07-28,2022,2.16117181929386,2.0691785467267465
2022-07-29,2022,2.035507132590371,1.8557913396404224
2022-08-01,2022,2.252499001889753,-0.37045219865048384
2022-08-02,2022,2.7454280560806925,1.3995848711927605
2022-08-03,2022,3.1759188385876405,2.154832300423215
2022-08-04,2022,3.2874057010562767,0.677857735576981
2022-08-05,2022,3.0308873240882743,-2.4141994833746128
2022-08-08,2022,3.0750145107732294,-2.3921450879170414
2022-08-09,2022,2.236780475258038,-2.478890758178587
2022-08-10,2022,1.892405523057791,-3.54086144874296
2022-08-11,2022,2.125775172177618,-4.042874485535785
2022-08-12,2022,2.9975769050715915,-3.1495908488276103
2022-08-15,2022,2.2659149512307564,-3.391892899882276
2022-08-16,2022,2.082742824234951,-4.943137640178019
2022-08-17,2022,1.8519844306172282,-5.1431416479960195
2022-08-18,2022,1.9334985099564268,-5.423218910991667
2022-08-19,2022,1.9027467154797588,-6.38012873180096
2022-08-22,2022,3.089215876427681,-4.564339848633725
2022-08-23,2022,3.127229902264271,-4.447369449565408
2022-08-24,2022,3.394103051478718,-5.206384682919262
2022-08-25,2022,3.352666083633339,-7.11616548377505
2022-08-26,2022,2.4783143635235487,-9.81939255578449
2022-08-29,2022,2.973156901342885,-7.366916808643065
2022-08-30,2022,3.639698507255563,-9.947818690177568
2022-08-31,2022,3.4650293695569383,-10.342063563566217
2022-09-01,2022,2.4164027335595533,-9.304776561864525
2022-09-02,2022,2.8439287912649958,-9.354298768353397
2022-09-05,2022,2.9345758389662406,-7.397671388913518
2022-09-06,2022,2.8754032532675287,-5.966873790641269
2022-09-07,2022,3.008601998459968,-3.5947134118202273
2022-09-08,2022,2.9115768755473974,-6.042066950002123
2022-09-12,2022,4.379233732054457,-11.49017756626234
2022-09-13,2022,3.9356247810619527,-12.173493277007951
2022-09-14,2022,4.092169555020122,-12.604317960255996
2022-09-15,2022,4.217974043945845,-10.51067345419644
2022-09-16,2022,4.579757025879429,-10.95822208304491
2022-09-19,2022,4.685982445930015,-9.018638982703065
2022-09-20,2022,5.003823113861765,-10.808355041135997
2022-09-21,2022,4.719580365291257,-10.249353184716025
2022-09-22,2022,4.9434243793226695,-10.258788642057926
2022-09-23,2022,5.2275257312693135,-8.934452819657778
2022-09-26,2022,5.54660563901911,-8.071234320327992
2022-09-27,2022,5.838227821161105,-7.937893580412824
2022-09-28,2022,5.890820140882607,-4.0078508428962545
2022-09-29,2022,5.518719211186515,-5.5107556674690805
2022-09-30,2022,5.796129021176469,-3.537019407683517
2022-10-03,2022,5.898534211455511,-1.9794022471369521
2022-10-04,2022,5.009277747188325,-3.508631077772506
2022-10-05,2022,4.383788229750427,-5.90395343091259
2022-10-06,2022,4.687989557064482,-6.2290302727099345
2022-10-07,2022,4.523839397366179,-3.4924844624398377
2022-10-11,2022,4.5089785095680694,1.8444181800285842
2022-10-12,2022,4.960416931446263,4.262363506823519
2022-10-13,2022,5.322737444207214,5.409761972971094
2022-10-14,2022,5.516843597469498,6.698902813197916
2022-10-17,2022,5.516949436268048,9.323194033649429
2022-10-18,2022,5.492058748838835,10.831730754578395
2022-10-19,2022,5.389438222797972,12.026037315940187
2022-10-20,2022,5.416999983898675,12.274970840639266
2022-10-21,2022,5.351481924942979,13.150508612081868
2022-10-24,2022,4.459050780630799,12.38556799497239
2022-10-25,2022,4.487071110984899,14.811797140718696
2022-10-26,2022,4.983086596644158,14.765359551576918
2022-10-27,2022,5.371366598575305,14.370855855124054
2022-10-28,2022,5.2467117171947555,15.561656561170189
2022-10-31,2022,5.183703855047222,12.410432633834635
2022-11-01,2022,4.22178862716032,12.828128104095903
2022-11-02,2022,4.982349098471232,13.582877168769558
2022-11-03,2022,4.687021455575953,15.602236151109604
2022-11-04,2022,4.735585224266387,14.922954452812732
2022-11-07,2022,4.173637544054077,13.28679578303551
2022-11-08,2022,3.2817404209432737,10.347204324920423
2022-11-09,2022,3.9052873897485902,7.267496211179725
2022-11-10,2022,3.957798267743165,7.770280277493091
2022-11-11,2022,3.925285554078941,4.982095382779028
2022-11-14,2022,4.041149034330367,3.0877819243874782
2022-11-15,2022,3.3040061938730054,-0.16052180931108717
2022-11-16,2022,3.181856201446593,1.3895930138574153
2022-11-17,2022,3.301696929150205,1.3683993992527066
2022-11-18,2022,2.2458435994098758,0.1624268613766633
2022-11-21,2022,2.2769429547526636,-0.11121576758603702
2022-11-22,2022,2.9069744246814295,-2.5592413802588365
2022-11-23,2022,3.096318336691569,-2.5611046689128503
2022-11-24,2022,2.830109807153007,-2.306953463203465
2022-11-25,2022,2.4929090353804857,-3.4298450926378954
2022-11-28,2022,3.014783313768991,-1.8667474532643502
2022-11-29,2022,3.0718151248175216,-2.5915658031059885
2022-11-30,2022,3.116362771162911,-4.747791431864535
2022-12-01,2022,3.140294375012023,-6.179926462751773
2022-12-02,2022,2.2197419435458867,-5.564142710952336
2022-12-05,2022,1.7918174822879056,-5.050618327265532
2022-12-06,2022,4.285923474241359,-3.5966753751812797
2022-12-07,2022,4.298370000928424,-2.2485288800212833
2022-12-08,2022,3.108752620558645,-1.2347935551609845
2022-12-09,2022,1.1045101695907287,0.31811378518002975
2022-12-12,2022,1.8155983408512082,1.3027806843276757
2022-12-13,2022,1.5865067070889503,1.5732330048420007
2022-12-14,2022,1.6624464531759415,-0.05237676534124436
2022-12-15,2022,1.5579028431418032,0.6108266996422529
2022-12-16,2022,1.2946181910558732,2.7425999153391167
2022-12-19,2022,1.8682168593228012,3.461504352428957
2022-12-20,2022,2.376672453145006,9.342182056071868
2022-12-21,2022,3.324289189358786,7.241611869836451
2022-12-22,2022,2.5081879968328353,6.7658662294519
2022-12-23,2022,3.8692499334037067,9.273853091763185
2022-12-26,2022,3.7169770918199823,9.223087224267479
2022-12-27,2022,4.142112359650986,7.428517988362993
2022-12-28,2022,4.267717487796299,8.662960114583251
2022-12-29,2022,3.9430441794040063,10.884968569444698
2022-12-30,2022,3.336658739690415,10.334220088288815
2023-01-03,2023,1.698087789546395,9.579010863237936
2023-01-04,2023,1.3198396709639053,9.473467740629182
2023-01-05,2023,1.7612790641199063,9.463850556427666
2023-01-06,2023,2.3530799947371257,7.371633872154981
2023-01-09,2023,3.3923742107745865,5.411324811672302
2023-01-10,2023,3.0086011771260024,4.571653236920192
2023-01-11,2023,3.294160734202105,5.421775772399173
2023-01-12,2023,3.1497859109646855,5.643363535899604
2023-01-13,2023,2.4524730602447438,4.011297796228175
2023-01-16,2023,2.536896866430206,4.611774226720544
2023-01-17,2023,2.5523538957527365,3.8228264647326426
2023-01-30,2023,2.056566136953266,0.6755596747606507
2023-01-31,2023,2.470029393508082,2.184838718130111
2023-02-01,2023,2.02123615441621,1.2210662296621377
2023-02-02,2023,1.9312149980263058,1.0795015889545345
2023-02-03,2023,2.06883036608457,1.6358108168735397
2023-02-06,2023,1.8063164964759149,2.7634962274619035
2023-02-07,2023,2.3218695267093055,2.4008321586191927
2023-02-08,2023,1.8547362123114475,-0.588865404845762
2023-02-09,2023,1.8554031336989667,-0.2450202612908292
2023-02-10,2023,1.593781397850556,-1.4514344005928104
2023-02-13,2023,1.5283043693497187,-1.0080235301988982
2023-02-14,2023,1.9598230922556865,-2.7682810288172988
2023-02-15,2023,1.2721503754946448,0.13004693223368502
2023-02-16,2023,1.4588943307641806,-0.8393942316967329
2023-02-17,2023,1.2802285441591503,0.2180274811527383
2023-02-20,2023,0.8119804939135264,1.3454241240081988
2023-02-21,2023,0.3593940862450915,1.9337531324294943
2023-02-22,2023,0.9970297150281731,3.2164044213643495
2023-02-23,2023,1.419961695286554,1.376204659371738
2023-02-24,2023,0.6972149683149997,1.2751075704714676
2023-03-01,2023,0.7066292284823745,1.0979908952725603
2023-03-02,2023,0.9809130103399447,1.60724726131376
2023-03-03,2023,1.4250153704388582,1.6634611318762538
2023-03-06,2023,1.3293054410725222,0.2998063248603966
2023-03-07,2023,1.5346485503971734,-0.13488553647427182
2023-03-08,2023,1.2826470735532196,0.36647659025679236
2023-03-09,2023,1.313789132119193,0.9081420815615804
2023-03-10,2023,1.025205187950614,2.6198941144645715
2023-03-13,2023,1.0001149514793348,1.5698091769603684
2023-03-14,2023,1.198691036593215,3.704390895561449
2023-03-15,2023,1.2624779053768926,3.743016287800738
2023-03-16,2023,1.7922693391512348,4.25934491022999
2023-03-17,2023,1.1529545087961375,2.0546872573280472
2023-03-20,2023,1.1063592730131733,1.8647896202132808
2023-03-21,2023,1.02734144074415,0.577176579033023
2023-03-22,2023,0.590755428622776,-0.8476275438660918
2023-03-23,2023,0.6666456554153943,-3.1090617406131615
2023-03-24,2023,1.5001059180154437,-3.3935292528291527
2023-03-27,2023,1.1787948339901475,-2.645684133791437
2023-03-28,2023,2.109109788171109,-0.7789074660477846
2023-03-29,2023,1.2166655339250574,-0.845161879445222
2023-03-30,2023,1.2128448579432491,-1.8677012359435086
2023-03-31,2023,1.106119885310132,-1.6323986675119584
2023-04-06,2023,1.3683258749120562,-1.1681910495187853
2023-04-07,2023,0.9438767134729158,-0.8646481230069836
2023-04-10,2023,0.8670562274691365,-0.9351751713416956
2023-04-11,2023,0.5303641806878324,-1.709953826470978
2023-04-12,2023,0.5084600891117258,-2.625561963651468
2023-04-13,2023,0.4733415330570625,-1.9133476243865744
2023-04-14,2023,0.26120815293271626,-2.8524561142489135
2023-04-17,2023,-0.279696289601706,-1.8144460348731961
2023-04-18,2023,-1.6495378623219736,0.35193428375543956
2023-04-19,2023,-1.8866235863084093,2.101459246300208
2023-04-20,2023,-1.4028486516584215,2.975644786700893
2023-04-21,2023,-1.6146987160704462,3.703777288840149
2023-04-24,2023,-1.9698418383264689,3.5909942298105735
2023-04-25,2023,-1.9225345771284386,5.130465501638515
2023-04-26,2023,-1.5260789464380642,5.9667777370902675
2023-04-27,2023,-1.686078181687368,7.095744798199255
2023-04-28,2023,-1.9551526576029634,6.785466244051341
2023-05-02,2023,-2.0527035948693575,6.307429805173559
2023-05-03,2023,-2.0881798144948367,6.5937308924538085
2023-05-04,2023,-1.827185995820558,5.789084907902664
2023-05-05,2023,-1.591533683699152,6.916902330528396
2023-05-08,2023,-1.7562547048208323,6.464253479553905
2023-05-09,2023,-1.1709023428024887,6.574133535100479
2023-05-10,2023,-0.5112273605683766,8.187825410951199
2023-05-11,2023,-0.4799591725950223,7.85741725235003
2023-05-12,2023,-0.8876091415879559,8.927930973090547
2023-05-15,2023,-0.9473700770742208,9.56584954491262
2023-05-16,2023,-0.6225828974238372,9.842476984030778
2023-05-17,2023,-0.4714700171399696,8.243805921273628
2023-05-18,2023,-0.8017511922892598,7.658111972018178
2023-05-19,2023,-0.9720239237625192,6.887143800402096
2023-05-22,2023,-0.9921070492001476,6.759022525955016
2023-05-23,2023,-0.937951093756755,6.158130421058017
2023-05-24,2023,-0.7029572034625049,6.454974590514961
2023-05-25,2023,-0.6445480929493111,4.709305180456669
2023-05-26,2023,-0.7374716871802633,2.3195930942348175
2023-05-29,2023,-0.365422528341727,1.7992582485288233
2023-05-30,2023,-0.2110518161932397,1.9224267479368562
2023-05-31,2023,-1.0021556187159706,2.0301635325738365
2023-06-01,2023,-0.8815818595545111,3.4612857415375453
2023-06-02,2023,-0.9887516921195374,2.596889550491377
2023-06-05,2023,-0.9439887649114305,2.046136182926972
2023-06-06,2023,-1.1561767814532797,0.003042658066076953
2023-06-07,2023,-1.0439814830657954,-1.5261947421418176
2023-06-08,2023,-0.970798105171727,-0.483396071039921
2023-06-09,2023,-1.0990130368319009,0.07408328595792657
2023-06-12,2023,-0.9325684280719665,0.03927959106759804
2023-06-13,2023,-1.1351533497921253,-0.9014555719479844
2023-06-14,2023,-1.005172021180603,0.26435566714273495
2023-06-15,2023,-1.1554605715241326,-0.003980391093605373
2023-06-16,2023,-1.0979433891735446,-0.3528273326658504
2023-06-19,2023,-1.1847471161525964,-0.9153344571439348
2023-06-20,2023,-1.5877127381116034,-0.11649755512248561
2023-06-21,2023,-1.3798138408551819,-0.9981165418778803
2023-06-26,2023,-1.4890365690881875,-0.15024115962962714
2023-06-27,2023,-1.9531119399349683,1.841495982330521
2023-06-28,2023,-2.090264720332749,1.3398970100314989
2023-06-29,2023,-1.7977550063560641,1.7678827549978404
2023-06-30,2023,-1.5038771829362705,2.2310254357827075
2023-07-03,2023,-1.61129878756758,0.3584013298837396
2023-07-04,2023,-2.350919734620432,0.42063454558924906
2023-07-05,2023,-2.2778055234480803,-0.9538924616698807
2023-07-06,2023,-1.966319374397245,0.4862735552735753
2023-07-07,2023,-1.8545296279212387,1.991033478334714
2023-07-10,2023,-1.862337783834932,1.3467404880860956
2023-07-11,2023,-1.8090458606898494,-0.16551363371958283
2023-07-12,2023,-1.3891172112602779,-1.9297808104336456
2023-07-13,2023,-1.220394187204794,-2.697023690904621
2023-07-14,2023,-1.2919856400926097,-5.149646690438569
2023-07-17,2023,-1.415670404597638,-5.073700739978404
2023-07-18,2023,-1.4762364443142169,-4.534096126576015
2023-07-19,2023,-1.8245848900315889,-3.504116510208888
2023-07-20,2023,-1.6803455310617348,-4.565016146331258
2023-07-21,2023,-1.9189840026907512,-3.8119983324232165
2023-07-24,2023,-1.7644775330014006,-3.498964693919848
2023-07-25,2023,-1.556086742018739,-3.61645431769142
2023-07-26,2023,-1.8070779053208887,-2.282178347623165
2023-07-27,2023,-1.889871419102756,-4.409279298821112
2023-07-28,2023,-1.7383264771281481,-4.531736380127615
2023-07-31,2023,-1.7839926372768944,-3.0432599240730607
2023-08-01,2023,-1.5417407684237077,-2.8644264437017175
2023-08-02,2023,-1.4762995091567475,-1.534415431050462
2023-08-04,2023,-1.0592186807926585,-1.1799084285619377
2023-08-07,2023,-0.2402000116152468,-1.2138738526712212
2023-08-08,2023,-0.10690435659638116,-0.5063675152144231
2023-08-09,2023,-0.3479369447045245,-0.7870337989465792
2023-08-10,2023,-0.2179849620438191,-0.09353940858567444
2023-08-11,2023,0.05970420369411863,-0.15197650779308347
2023-08-14,2023,0.040948795028094495,0.23966582203120979
2023-08-15,2023,0.22173797449776017,0.7165690254515411
2023-08-16,2023,0.6662796683665448,0.8191877072594167
2023-08-17,2023,1.2723925389278221,1.7612519722510545
2023-08-18,2023,1.1577156101992594,3.294058900051322
2023-08-21,2023,1.2195849095858253,1.9335847960106234
2023-08-22,2023,0.3982954748823097,1.2088740394740949
2023-08-23,2023,0.11730516055156062,-0.2542694955027902
2023-08-24,2023,-0.13289374387888014,-2.7082673707446214
2023-08-25,2023,0.12411696037704005,-0.8318377242958586
2023-08-28,2023,0.1549976383438551,-0.3454424971197967
2023-08-29,2023,-0.2902682898632447,-2.090876552381704
2023-08-30,2023,-0.1856755125015895,-2.448949809268275
2023-08-31,2023,-0.1629926722475265,-1.6878765890909864
2023-09-01,2023,-0.35848224570328185,-0.526466301470585
2023-09-04,2023,-0.33258715859637833,-1.997356711172149
2023-09-05,2023,-0.4075332764897225,-3.0862436657354553
2023-09-06,2023,-0.4557098444864267,-1.7005453407065052
2023-09-07,2023,0.16266268325634453,-0.5931113162293555
2023-09-08,2023,0.52619133139018,0.579210208481884
2023-09-11,2023,-0.32243691618208076,2.3912931031859763
2023-09-12,2023,-0.15382209046530043,1.2662986319075253
2023-09-13,2023,-0.35382312750684186,0.42655946291985103
2023-09-14,2023,-0.35058180255371,-0.9817605886874858
2023-09-15,2023,-0.6077134604048994,-2.836784288324734
2023-09-18,2023,-0.24156738676825057,-1.4702747115863835
2023-09-19,2023,-0.30802841462631914,-1.1757407888282945
2023-09-20,2023,-0.05175034411523618,-1.7139055625273958
2023-09-21,2023,-0.07380588932404904,-0.042349327405655224
2023-09-22,2023,-0.0021658016072537284,0.0881643221442241
2023-09-25,2023,0.14652837842517136,-2.300539197421869
2023-09-26,2023,0.3771464449860628,-0.8691287270207071
2023-09-27,2023,0.3780331957392026,-0.9851407326386452
2023-09-28,2023,0.3226743701642988,-2.155286802896461
2023-10-02,2023,0.6624000423371966,-3.1330572417862634
2023-10-03,2023,0.895521258232527,-0.34878336049941616
2023-10-04,2023,0.8340823196700888,1.4395903002326627
2023-10-05,2023,0.428687769165077,1.190262022959221
2023-10-06,2023,0.21266523959323305,0.9950019884301886
2023-10-11,2023,-0.22942153252829142,0.4126672036938617
2023-10-12,2023,-0.03188319519561163,-0.47700243255787145
2023-10-13,2023,0.09933400503672178,-0.5952604398492101
2023-10-16,2023,-0.1810672522952424,1.1232723045067727
2023-10-17,2023,0.048687912624426066,1.641335011762024
2023-10-18,2023,-0.07403453026921258,4.183892497434738
2023-10-19,2023,-0.07805732713781097,4.366752508550253
2023-10-20,2023,0.3461705340137536,4.672727228491214
2023-10-23,2023,0.19887955934516613,5.901721455927378
2023-10-24,2023,0.0639768042324798,6.786979084916034
2023-10-25,2023,-0.2509461908677052,5.815614629109911
2023-10-26,2023,-0.07531256178931867,7.595058772880492
2023-10-27,2023,0.18201133916461085,7.144951132999178
2023-10-30,2023,-0.33041500984220334,6.116158338741062
2023-10-31,2023,-0.5920601905933525,8.374210297057672
2023-11-01,2023,-0.018074770896351133,8.304984986183307
2023-11-02,2023,-0.5357850479568976,6.32373703646103
2023-11-03,2023,-0.013049465170522728,5.63799208245872
2023-11-06,2023,-0.10518510227212911,4.637535616984678
2023-11-07,2023,-0.12488456795740258,3.8541320171771476
2023-11-08,2023,0.5098409260103747,3.702863000221601
2023-11-09,2023,0.4436835858020737,3.183453613326437
2023-11-10,2023,0.49849780189709963,4.2038834311294515
2023-11-13,2023,0.143291656441944,3.4386841725512207
2023-11-14,2023,0.0830383650082221,3.162267501630156
2023-11-15,2023,-0.11796973260990531,1.9858390381568336
2023-11-16,2023,0.05948976188415532,2.8066213271306983
2023-11-17,2023,0.4070698784422945,2.7016174723036412
2023-11-20,2023,0.1836863894839298,2.565647538968996
2023-11-21,2023,0.4141459322369504,0.9177972865123563
2023-11-22,2023,0.20217990066870004,1.8771526250905612
2023-11-23,2023,-0.2212381246173149,1.4408585363597348
2023-11-24,2023,-0.08485190639080976,1.788641682795955
2023-11-27,2023,0.19118131830373608,2.727481732956316
2023-11-28,2023,0.7419644291436291,2.3670727312044892
2023-11-29,2023,0.6254241577811966,2.9989821859514043
2023-11-30,2023,0.7422523447072169,2.733303315102509
2023-12-01,2023,0.7498435738306591,2.824005711549571
2023-12-04,2023,0.35766912082861496,2.4813046882354417
2023-12-05,2023,1.0405893838801052,1.3348330246808704
2023-12-06,2023,0.5951737168803658,1.0882613163509358
2023-12-07,2023,0.6203598988834005,1.3913051530377585
2023-12-08,2023,0.9025255798173337,1.0853089538132465
2023-12-11,2023,0.6923788559017947,0.6725669610307294
2023-12-12,2023,0.7074848729602694,0.08595678207605761
2023-12-13,2023,1.0568320497390638,0.4372906640532692
2023-12-14,2023,0.8227719340856327,-0.7946475153669752
2023-12-15,2023,0.8093830121443087,-0.71885783928477
2023-12-18,2023,0.4404552771056263,-1.7287530102770066
2023-12-19,2023,0.32711273805723007,-2.359734987810458
2023-12-20,2023,0.1921960726388806,-2.310209127200147
2023-12-21,2023,0.5518246813487552,0.7853513560962311
2023-12-22,2023,0.48341660329875175,1.2415445457453878
2023-12-25,2023,0.29725923793877984,1.5322490860467886
2023-12-26,2023,0.5829820048252785,0.6990867932308742
2023-12-27,2023,0.5731690846079962,0.6210770477601102
2023-12-28,2023,0.21523437147604402,0.4726870522496096
2023-12-29,2023,0.41871832941220377,1.053047798733009
2024-01-02,2024,-0.18849760106549532,1.0130639148280496
2024-01-03,2024,-0.2278605745478559,1.880768663461141
2024-01-04,2024,-0.44001630932780084,2.3844350172225637
2024-01-05,2024,0.16484201245568292,3.086852436820542
2024-01-08,2024,-0.13416148784400345,2.9785473570876464
2024-01-09,2024,0.35646051715616295,6.3247733596266675
2024-01-10,2024,-0.2028561577642864,6.536380308067891
2024-01-11,2024,-0.1822487389141124,6.21521864519996
2024-01-12,2024,-0.18289284458902086,7.082407583468786
2024-01-15,2024,0.008372519579121874,6.437006819469282
2024-01-16,2024,0.1476699129385076,8.681162653550745
2024-01-17,2024,0.18727927266106068,10.065383622570835
2024-01-18,2024,0.08175961545489299,9.985378275449142
2024-01-19,2024,0.09928476777487147,6.633422918391618
2024-01-22,2024,-0.09020946914164402,6.4645721887612195
2024-01-23,2024,0.377753294137751,5.9377026270252875
2024-01-24,2024,0.003757365074876162,7.996719592880441
2024-01-25,2024,0.8111379061365815,7.689436315380749
2024-01-26,2024,0.18593801282562078,8.3601972322358
2024-01-29,2024,-0.21090934294008643,8.686104517586735
2024-01-30,2024,-0.3770506873565733,9.707379635734137
2024-01-31,2024,0.1544714618182362,10.265875739816966
2024-02-01,2024,0.3911545987134633,10.832747573339653
2024-02-02,2024,1.271587572466227,10.346551730820641
2024-02-05,2024,1.1718659362301864,10.178176808555662
2024-02-15,2024,0.3982498619925048,5.5669291380815
2024-02-16,2024,-0.0137198642834443,6.839269639522216
2024-02-19,2024,0.04652086728447821,6.5540518786421975
2024-02-20,2024,0.1547106964076624,5.499286520245117
2024-02-21,2024,0.20260568597223952,8.153537824120495
2024-02-22,2024,0.1802067341137272,7.2968018509737
2024-02-23,2024,-0.1440706932864386,6.8984429718796925
2024-02-26,2024,0.09080389478797324,6.219320721657384
2024-02-27,2024,0.38506027161350476,7.137375287797387
2024-02-29,2024,-0.2532896674638688,6.2202473062097585
2024-03-01,2024,-0.05906953109412146,7.174297750361358
2024-03-04,2024,-0.09926248055435025,4.750092073113565
2024-03-05,2024,0.015883073647585115,5.568960928295996
2024-03-06,2024,0.011220203080370871,4.2983263630512525
2024-03-07,2024,-0.06991641816745381,3.677250181785685
2024-03-08,2024,0.25956508667519196,5.1092426101776445
2024-03-11,2024,0.657723399358394,5.259281114139247
2024-03-12,2024,0.676018530816738,4.211342962808606
2024-03-13,2024,0.18562258545531435,4.054793860654926
2024-03-14,2024,0.09921834689125049,2.5672186466793034
2024-03-15,2024,0.12189414293573528,1.1150006350819197
2024-03-18,2024,0.2960089188072441,1.6774774457553931
2024-03-19,2024,0.181056256881639,2.2359647885905387
2024-03-20,2024,0.3481466288988685,-1.3006679488184014
2024-03-21,2024,0.15967202733512995,-3.900522251249927
2024-03-22,2024,-0.07530361515835157,-3.110226547487871
2024-03-25,2024,-0.034514176108541426,-0.29966942762692517
2024-03-26,2024,-0.12403036158296554,-1.3368948087818744
2024-03-27,2024,-0.16385777119042802,-0.3941065696639434
2024-03-28,2024,-0.32482159177116365,1.7321576150755469
2024-03-29,2024,-0.46629863429326707,0.503339582989426
2024-04-01,2024,-0.7359937993518273,0.0005439531448603319
2024-04-02,2024,-0.6683757452035188,-0.6657197566568351
2024-04-03,2024,-0.5121608069506008,0.9131362599323456
2024-04-08,2024,-0.05542935326301026,1.1550272557633745
2024-04-09,2024,-0.3108384737810851,-0.46013213952550425
2024-04-10,2024,-0.29451266142505717,-0.9765198884775339
2024-04-11,2024,-0.5772393670572092,-0.21384633324371682
2024-04-12,2024,-0.7036481069715328,0.5841853305537104
2024-04-15,2024,-0.6079398271759656,2.621447576182989
2024-04-16,2024,-1.0899658990712897,6.256921428844198
2024-04-17,2024,-0.7991107336084371,5.397082024584754
2024-04-18,2024,-0.9308591695558939,4.715337024412358
2024-04-19,2024,-0.4938159436767717,8.933780301447424
2024-04-22,2024,-0.9182001539648436,9.404509350777523
2024-04-23,2024,-1.532639636179323,9.962355760007524
2024-04-24,2024,-1.471344819237009,7.330166195271737
2024-04-25,2024,-0.77434788820143,8.600915929662566
2024-04-26,2024,-0.7577264751626089,8.36589132184027
2024-04-29,2024,-0.6728002323447353,6.649697104537955
2024-04-30,2024,-0.28433660391115173,6.206426561289624
2024-05-02,2024,-0.3756497786455357,5.647389731407282
2024-05-03,2024,-0.2600415131146823,4.150943024999121
2024-05-06,2024,-0.028581158768446198,4.938043619669519
2024-05-07,2024,-0.007505614545923365,3.404212258146666
2024-05-08,2024,0.3558337282957334,3.789133697672198
2024-05-09,2024,-0.5445807068909664,6.526652455136661
2024-05-10,2024,-0.4871042964572091,5.550962777248758
2024-05-13,2024,-0.5840711058168896,4.479926128036116
2024-05-14,2024,-0.4736793417826318,5.065841984003505
2024-05-15,2024,-0.9321055809307215,5.508197062402087
2024-05-16,2024,-1.19439877077868,5.634835474219724
2024-05-17,2024,-1.2399894587791187,5.823843390422723
2024-05-20,2024,-1.2487459705945874,6.984890203524596
2024-05-21,2024,-1.0282283279569069,9.289509929720886
2024-05-22,2024,-1.093792997216125,8.603770538279099
2024-05-23,2024,-0.6399325190248799,7.617564883931127
2024-05-24,2024,-0.6486628149088014,5.7887332172829264
2024-05-27,2024,-0.7048229707233109,4.917498212465099
2024-05-28,2024,-0.6427148558058192,5.161766111990751
2024-05-29,2024,-0.9049513129965059,5.740242354298908
2024-05-30,2024,-0.7840199987049681,7.8062747139176825
2024-05-31,2024,-0.6883197733664399,8.899265238577847
2024-06-03,2024,-1.1268606391336249,6.234038917645934
2024-06-04,2024,-0.9970733425694849,8.50232855198998
2024-06-05,2024,-0.8172276039667619,9.48411161710001
2024-06-06,2024,-0.9215207068594138,7.551078177576276
2024-06-07,2024,-0.9179013326822784,9.240254767279188
2024-06-11,2024,-1.304843537986083,9.673037776957916
2024-06-12,2024,-0.905793445802869,8.880781678591653
2024-06-13,2024,-0.44232850243638777,9.313312453724532
2024-06-14,2024,-0.4368346914190059,6.275172497147263
2024-06-17,2024,-0.5041159870714307,6.146859093380197
2024-06-18,2024,-0.4046164498833272,5.447978967748113
2024-06-19,2024,-0.7402467451642625,2.4140073435320097
2024-06-20,2024,-0.9093143021909151,-0.03259833974902371
2024-06-21,2024,-0.5576610050679902,-1.6519311807869808
2024-06-24,2024,-0.2782555795404444,-2.4402442392071344
2024-06-25,2024,-0.9196283192843909,-0.018053879245338855
2024-06-26,2024,-0.7311704245265697,-3.773836076442494
2024-06-27,2024,-0.7024640238447784,-3.237102276348791
2024-06-28,2024,-0.8279257470837015,-3.511076859620754
2024-07-01,2024,-1.1845796098656447,-3.7262501534136794
2024-07-02,2024,-0.8072855550904883,-1.0370477858437588
2024-07-03,2024,-0.6393697119206344,-6.62140310705438
2024-07-04,2024,-1.2359106758689964,-15.694102632667484
2024-07-05,2024,-0.8872257642159374,-12.971189802938365
2024-07-08,2024,-0.411413628061292,-10.816876516815588
2024-07-09,2024,-0.4075062631309175,-12.677698149964368
2024-07-10,2024,-0.2174576232803886,-10.572214530046974
2024-07-11,2024,-0.20616840507419307,-10.728851092024083
2024-07-12,2024,-0.16120097564577493,-8.865519111357523
2024-07-15,2024,-0.3171559154787901,-7.756112391621883
2024-07-16,2024,-0.19099281991780198,-8.759670378897589
2024-07-17,2024,-0.11547381699220534,-5.976023377543449
2024-07-18,2024,-0.07123596278600602,-4.226088286969187
2024-07-19,2024,0.7281743864726019,-1.9246796791850707
2024-07-22,2024,0.18889490641336484,-0.0858157369887036
2024-07-23,2024,0.4109179312806054,-3.161136139462317
2024-07-26,2024,1.6713667360241111,0.1755939746491908
2024-07-29,2024,1.6638484753229015,0.3412214763344412
2024-07-30,2024,1.6565253120972507,-0.17355447392115586
2024-07-31,2024,0.7799824071063824,0.7716892611720594
2024-08-01,2024,0.423036569583693,-1.9443867839113893
2024-08-02,2024,0.9709845123897513,2.911532394957228
2024-08-05,2024,1.8438067773725553,12.123617307956058
2024-08-06,2024,2.636039896175995,7.761516256264311
2024-08-07,2024,2.3360792376856194,-0.951055820820379
2024-08-08,2024,2.423719701855588,1.5218422527922826
2024-08-09,2024,1.7614789923972147,-0.15748288229541219
2024-08-12,2024,1.9576117497545458,-2.8880378960247532
2024-08-13,2024,1.2813547559245393,-3.3605746225208732
2024-08-14,2024,1.2770501966240164,-4.522806977720773
2024-08-15,2024,1.0393910630867065,-1.1049012179398354
2024-08-16,2024,0.5062110614774991,-2.63846835676953
2024-08-19,2024,-0.14250059182526637,-2.496917619791128
2024-08-20,2024,-0.6013195279548816,-3.3450294483505782
2024-08-21,2024,-0.06026398689571506,-0.8777811204210506
2024-08-22,2024,-0.41481416352293915,0.04781290930488957
2024-08-23,2024,-0.44909104217446527,0.5753213843275873
2024-08-26,2024,-0.5695666908816629,0.8617759256694724
2024-08-27,2024,-0.5443390855842489,2.5990534144692212
2024-08-28,2024,-0.6459560092129459,2.182099231761603
2024-08-29,2024,-0.24317023137088487,2.7967939608636305
2024-08-30,2024,-0.9620510075360208,-0.19557133099425972
2024-09-02,2024,-0.46938258870823174,0.6984002770394682
2024-09-03,2024,-0.8096153238321266,0.952824547657305
2024-09-04,2024,0.5741361561665329,7.632053667729433
2024-09-05,2024,-0.2150967976387995,6.7193670292825525
2024-09-06,2024,-0.5248605039894418,5.70972312351794
2024-09-09,2024,-0.23212971321231288,8.310458919697105
2024-09-10,2024,0.05980273385169872,9.073313432155583
2024-09-11,2024,0.1605675804539743,10.750986638771343
2024-09-12,2024,-0.43275182735930057,6.27032893445556
2024-09-13,2024,-0.4869685751846621,5.947660003722488
2024-09-16,2024,-0.7129157597014538,7.492832978185882
2024-09-18,2024,-0.6065803584176288,8.596816065804248
2024-09-19,2024,-0.06259045192041865,6.772040980479255
2024-09-20,2024,-0.24776666344709217,5.304019690046036
2024-09-23,2024,-0.45363394116257305,4.069860577693252
2024-09-24,2024,-0.7582900580608778,4.086479093500395
2024-09-25,2024,-1.1631548595722658,1.9175716997047676
2024-09-26,2024,-1.3565753046115125,0.2965158728735151
2024-09-27,2024,-1.410406154106244,-0.010340541187126018
2024-09-30,2024,-0.19598373978466055,2.499669284493633
2024-10-01,2024,-0.14732162323871364,2.5680660319002957
2024-10-04,2024,-0.11998545060660529,3.605301777227976
2024-10-07,2024,-1.009806950708699,2.267673777758983
2024-10-08,2024,-0.324625634987709,3.526673946183756
2024-10-09,2024,-0.23163882668465452,3.949012934329188
2024-10-11,2024,-0.5576587111096181,2.742161696716927
2024-10-14,2024,-0.5509616033811752,0.028204214179661236
2024-10-15,2024,-0.8561500508817359,-1.8538951504462498
2024-10-16,2024,-0.04610854205451165,-1.284604132461975
2024-10-17,2024,-0.28253711720210806,-1.3493196794980733
2024-10-18,2024,-0.6697245689459681,-4.005276049536621
2024-10-21,2024,-0.4520240782020397,-2.946709635710354
2024-10-22,2024,-0.054015109139416095,-3.5991269333086273
2024-10-23,2024,-0.1959189599727177,-3.338795856481913
2024-10-24,2024,-0.07977223016952936,-1.2426420242388492
2024-10-25,2024,-1.1877219635120453,-1.7135184562572792
2024-10-28,2024,0.7686027820113159,-2.238591400060441
2024-10-29,2024,0.02938874694957766,-2.5813258753264234
2024-10-30,2024,0.3327405803940442,-2.285364473850837
2024-11-01,2024,1.235940033564178,-2.27207279342303
2024-11-04,2024,1.0569125353173248,-0.9948013075327666
2024-11-05,2024,0.29461672112421466,-0.34331899844158853
2024-11-06,2024,0.9307812898497296,0.16345513576467852
2024-11-07,2024,0.5792295162481749,-0.6018244405313955
2024-11-08,2024,-0.13272180295560274,-1.5310422185040307
2024-11-11,2024,0.2327915015147252,-1.0896469304247702
2024-11-12,2024,-0.06468532798467294,0.623581212413149
2024-11-13,2024,0.04870088414810604,0.18984935847101703
2024-11-14,2024,-0.22178667752177694,1.4590114715228086
2024-11-15,2024,-0.18431391714806813,1.2210913622219266
2024-11-18,2024,0.7866390086631158,2.188184972062235
2024-11-19,2024,0.8895626043416154,0.7405640558803883
2024-11-20,2024,0.7128606935049764,2.116988623241167
2024-11-21,2024,0.7160572111424462,1.6696031062713335
2024-11-22,2024,0.41829768597151284,-1.7205051274170047
2024-11-25,2024,0.28740348524068937,0.6805276366034008
2024-11-26,2024,0.15977523211315486,1.9466672781051741
2024-11-27,2024,0.02609179436800326,3.963996959002958
2024-11-28,2024,-0.028148858800514896,4.251510164178485
2024-11-29,2024,0.6199086206669213,4.55106120157216
2024-12-02,2024,-0.32217920780854,1.9935409045988228
2024-12-03,2024,-0.04210136743721664,0.03317777992013493
2024-12-04,2024,-0.1452896832397402,-1.8200988762576142
2024-12-05,2024,-0.104083243847961,-1.5456460692265805
2024-12-06,2024,-0.19359862722765056,1.528201930991191
2024-12-09,2024,-0.506615280013034,1.6242682049133705
2024-12-10,2024,0.1499990369389185,1.2205363181446272
2024-12-11,2024,-0.8350186925683214,0.7749863231286902
2024-12-12,2024,-0.895460795567541,-0.15160456115381749
2024-12-13,2024,-0.9022085568967346,-2.311637289926183
2024-12-16,2024,-0.6312771076266598,-1.0520010937547508
2024-12-17,2024,-0.46481666645569764,-2.1871569262503554
2024-12-18,2024,-0.2615875210728166,-0.6196730325909949
2024-12-19,2024,-0.25846690643299713,0.9411636450849858
2024-12-20,2024,-0.036028037754907705,3.3610022101042913
2024-12-23,2024,-0.9685177571348136,0.8460242013041519
2024-12-24,2024,-1.7009022075678129,1.7524472064303742
2024-12-25,2024,-1.5452030157567918,-2.2627780292358457
2024-12-26,2024,-1.4196307238213268,-1.9485575305825176
2024-12-27,2024,-1.4989071443083257,-0.49021124194866816
2024-12-30,2024,-1.1447402800884796,0.5450578261506855
2024-12-31,2024,-1.4246250675972343,1.923890063424949
2025-01-02,2025,-0.8875124512480206,1.8398690262726891
2025-01-03,2025,-0.6645976733881284,2.0767582055412293
2025-01-06,2025,-0.689116517015327,-1.0954780740887293
2025-01-07,2025,-0.8663897798010953,-1.0648899615115837
2025-01-08,2025,-1.1844775672776429,-1.0882061303019275
2025-01-09,2025,-1.357198958230557,1.8378649572182937
2025-01-10,2025,-1.4729140987174807,2.8430991671251293
2025-01-13,2025,-1.3278140421851812,4.961462233967584
2025-01-14,2025,-1.277408224986366,3.02638181696957
2025-01-15,2025,-0.7560643571636916,5.399525729338817
2025-01-16,2025,-0.7406695499612093,2.3461787353801
2025-01-17,2025,-0.7210418399499767,0.5946065505216813
2025-01-20,2025,-1.025522377408568,0.5833629176655863
2025-01-21,2025,-0.9615190087205516,-1.0593557685168342
2025-01-22,2025,-0.4178341501658024,-3.2694860578412865
2025-02-03,2025,0.21011047944409902,-0.43106961930775567
2025-02-04,2025,0.25212473209423053,0.3419326874312345
2025-02-05,2025,1.03506809671012,-1.926250281716535
2025-02-06,2025,0.5558406011615897,-3.175977629671556
2025-02-07,2025,0.6704455155927938,-4.340694608248386
2025-02-10,2025,0.7685283936655946,-5.079317430567675
2025-02-11,2025,1.2601202286612974,-4.728393926629471
2025-02-12,2025,0.8030936299899565,-5.702379802273527
2025-02-13,2025,-0.08587391498191066,-6.117077310923658
2025-02-14,2025,-0.39151989896682904,-4.465932782524296
2025-02-17,2025,0.5467068453576055,-5.248426633448688
2025-02-18,2025,0.39906447866581063,-7.205577934016194
2025-02-19,2025,-0.09293379906388455,-5.197491281168354
2025-02-20,2025,-0.13865738262905553,-5.442734122804261
2025-02-21,2025,-0.07691851947505879,-6.84194224671042
2025-02-24,2025,0.7019672143797038,-5.483144503509618
2025-02-25,2025,0.4006395017707369,-4.403686035905263
2025-02-26,2025,0.541909501460232,-6.199281702207671
2025-02-27,2025,-0.35219953981113494,-6.291062664673596
2025-03-03,2025,-0.11851555434099863,-9.053996154902489
2025-03-04,2025,0.5216838908125444,-5.826954871646006
2025-03-05,2025,0.1427596764808991,-6.880407836690439
2025-03-06,2025,0.5386641983516205,-15.333542002066448
2025-03-07,2025,0.7000908947913806,-18.23222553792577
2025-03-10,2025,0.7455524958912785,-22.562697163516887
2025-03-11,2025,0.599527570557064,-13.91440114647714
2025-03-12,2025,1.025591847400372,-12.341976698464341
2025-03-13,2025,1.8745148527598172,-11.149374729073546
2025-03-14,2025,2.2062905364065664,-9.60658774902643
2025-03-17,2025,1.173211196545763,-11.983698809555566
2025-03-18,2025,2.129298225601109,-13.168927161726085
2025-03-19,2025,1.7733511461449758,-11.683529265515025
2025-03-20,2025,0.9305759272559586,-14.61778609177351
2025-03-21,2025,1.2313334905310258,-15.37959665182289
2025-03-24,2025,1.3652491529018262,-11.161804779016627
2025-03-25,2025,1.354859487819016,-12.545935270161113
2025-03-26,2025,1.5862004228796067,-10.725646431380731
2025-03-27,2025,1.460965993808554,-8.734379384614254
2025-03-28,2025,0.9949488905596026,-6.342947633395335
2025-03-31,2025,1.636581521070817,-2.226866190888066
2025-04-01,2025,2.6729938761787353,-2.314502186777634
2025-04-02,2025,2.9334174897216876,-3.592929362172048
2025-04-07,2025,3.339875590483694,6.708696545143988
2025-04-08,2025,3.0688272476210114,11.30306420114897
2025-04-09,2025,2.9815905312348443,18.12145521787332
2025-04-10,2025,2.505138354963667,10.078984085814602
2025-04-11,2025,2.8242715950274633,8.196983220141352
2025-04-14,2025,2.836491618417016,9.311954180501392
2025-04-15,2025,2.8615024387396106,9.69499442784576
2025-04-16,2025,2.7544512654398154,11.620351345798241
2025-04-17,2025,2.4847056161237324,12.953073960906437
2025-04-18,2025,2.365784574211036,10.976007771063024
2025-04-21,2025,2.656000690186137,12.665155813296192
2025-04-22,2025,2.8351340108531864,16.018789545069744
2025-04-23,2025,2.5570442393611237,10.345768704739623
2025-04-24,2025,1.9076085258175777,11.157919811323168
2025-04-25,2025,2.7553754545543283,8.37247826544214
2025-04-28,2025,2.7652412857840347,6.499467665880854
2025-04-29,2025,2.7789463863794466,5.560769904851726
2025-04-30,2025,2.576105865814058,5.496754884969279
2025-05-02,2025,2.4056552167171597,1.0346051788466593
2025-05-05,2025,2.247959992607349,2.892613301813318
2025-05-06,2025,2.281883684674418,5.338020201153948
2025-05-07,2025,1.6574798156153299,5.489696780325981
2025-05-08,2025,1.636060051903905,5.438535003942868
2025-05-09,2025,1.9323707187857664,4.1847875978243465
2025-05-12,2025,1.6534352851309486,5.265613922499024
2025-05-13,2025,1.7765923089171274,5.344362484259357
2025-05-14,2025,1.818740663911213,2.318105924517755
2025-05-15,2025,1.7137694190590882,1.5770642307382676
2025-05-16,2025,1.7797500686517975,0.9440254828740224
2025-05-19,2025,1.7390906551794072,3.195342092926756
2025-05-20,2025,1.7244924043906988,3.8590487888384484
2025-05-21,2025,0.924374825160081,0.91538627704848
2025-05-22,2025,0.9647750911074372,1.7294111566815706
2025-05-23,2025,0.7363468668261319,0.3684607227704806
2025-05-26,2025,0.999535038321419,3.0282909488372534
2025-05-27,2025,0.8598207937792772,5.127682370243725
2025-05-28,2025,0.7344057948828316,5.312458445938972
2025-05-29,2025,0.6071352780207617,5.774875511188782
2025-06-02,2025,0.5207433522164864,5.9673727818933875
2025-06-03,2025,1.164016798291548,6.753418504250264
2025-06-04,2025,0.9829514460062831,4.439106322528952
2025-06-05,2025,1.227926722529661,4.79154469114067
2025-06-06,2025,1.3698954543255484,4.094242742372578
2025-06-09,2025,0.9643596456581065,2.929882989166277
2025-06-10,2025,1.3512404789532035,0.5401009075565621
2025-06-11,2025,1.2091663626178255,0.25326990089051815
2025-06-12,2025,0.8027276862064749,1.819065301137579
2025-06-13,2025,0.8525906217908095,3.071995360837576
2025-06-16,2025,1.0099923503991937,2.5626873591263477
2025-06-17,2025,0.8172222343770341,2.81091988461879
2025-06-18,2025,0.6563239693944082,3.069187667427231
2025-06-19,2025,0.49473113933115,5.043652146249444
2025-06-20,2025,0.8047051800988229,6.06643278928265
2025-06-23,2025,1.1700419882688116,7.40170494965493
2025-06-24,2025,1.289362700846416,3.6016433545632998
2025-06-25,2025,1.2429669940883745,3.9591433313672653
2025-06-26,2025,0.8315408926569889,3.918622962306273
2025-06-27,2025,0.6992597939871206,3.473415506056665
2025-06-30,2025,0.6636553554146685,5.1984137325541635
2025-07-01,2025,0.05814272881338114,2.872253446438111
2025-07-02,2025,0.5936037017832063,3.915272299176098
2025-07-03,2025,0.21962540024245394,3.652318477063976
2025-07-04,2025,0.027778968845786477,3.9333850759507794
2025-07-07,2025,-0.02590812182849105,4.236621617283554
2025-07-08,2025,0.49912226363432843,5.805850658273948
2025-07-09,2025,0.43219337345539605,4.085539980672093
2025-07-10,2025,0.42184920273544746,5.7749330748130046
2025-07-11,2025,-0.04979993269009127,5.583175794678308
2025-07-14,2025,-0.7814208053404956,6.7235552379684815
2025-07-15,2025,0.23528163259889068,5.790959338656521
2025-07-16,2025,0.2817859524975148,5.759344526947552
2025-07-17,2025,0.27795051996551645,4.86655290811171
2025-07-18,2025,0.36379185897589333,4.068531458363345
2025-07-21,2025,-0.31533019835050274,4.89259897791654
2025-07-22,2025,0.5032523261134908,5.940424362012742
2025-07-23,2025,0.6298369794980202,1.3155553039688739
2025-07-24,2025,0.6664491778760361,2.517356023193562
2025-07-25,2025,0.5069877315755837,1.7123929674145
2025-07-28,2025,1.381369323383219,3.6919691555709733
2025-07-29,2025,1.3914871334141607,4.756498712153334
2025-07-30,2025,0.6491431349085148,4.510240510925878
2025-07-31,2025,1.20285383428962,2.94756041409332
2025-08-01,2025,0.7500361002664004,3.408325716319349
2025-08-04,2025,1.6322735627044842,2.96330800284359
2025-08-05,2025,1.0229839340572082,1.505414700140606
2025-08-06,2025,0.7414719932768323,2.7847058261569746
2025-08-07,2025,0.37571959348074147,0.7335514379616104
2025-08-08,2025,0.5874984106542775,1.9704212018853529
2025-08-11,2025,0.21417257504625228,1.7065318721385614
2025-08-12,2025,0.3282626168832646,2.8843845360363884
2025-08-13,2025,0.4718062010987129,3.3753357609062284
2025-08-14,2025,0.5336036619560125,4.033360700714983
2025-08-15,2025,0.4337318996647488,4.685368251139943
2025-08-18,2025,0.2131738276970388,3.5725080588109304
2025-08-19,2025,0.40705822912512063,5.240068162687095
2025-08-20,2025,-0.051826594319924243,7.673126934355512
2025-08-21,2025,-0.38786019268785615,7.542025688033571
2025-08-22,2025,-0.4707214541564747,7.632823286191526
2025-08-25,2025,-0.14326519111636507,6.6037603728243965
2025-08-26,2025,-0.645209302001072,7.991203492271182
2025-08-27,2025,-0.2710639313640459,6.838649423529453
2025-08-28,2025,-1.0271476711429848,7.374842437733231
2025-08-29,2025,-1.0350865382740664,5.559420792222203
2025-09-01,2025,-1.3793923524494267,7.264995079290104
2025-09-02,2025,-1.4320956529109796,8.186484616172528
2025-09-03,2025,-1.3785350626597443,9.452537935212435
2025-09-04,2025,-1.3193174031585,10.67504554412042
2025-09-05,2025,-1.3485310172824652,11.093760333918755
2025-09-08,2025,-1.4581227710774916,10.250788475185546
2025-09-09,2025,-1.2204096885361144,9.843984231858304
2025-09-10,2025,-1.1276349645034587,6.870393238646755
2025-09-11,2025,-1.1098753080610042,6.2557826053678545
2025-09-12,2025,-1.2569529174204024,7.0700508427204545
2025-09-15,2025,-1.2709078649232803,9.033779808148857
2025-09-16,2025,-1.2628894541485178,6.526545047062693
2025-09-17,2025,-0.9065098374577835,8.846441873949672
2025-09-18,2025,-1.2501443693834706,7.695379318694751
2025-09-19,2025,-1.0691206489162326,8.094886421613268
2025-09-22,2025,-0.7431433174033667,6.381845861378799
2025-09-23,2025,-0.46585296338577303,6.653085623435806
2025-09-24,2025,-0.46521411808701885,6.689308169378405
2025-09-25,2025,-0.5087699176155243,8.72618770858271
2025-09-26,2025,-0.9524862401400667,10.583174878187606
2025-09-30,2025,-0.4962766354897569,9.344537333456216
2025-10-01,2025,-0.3650765499511846,9.050872284898027
2025-10-02,2025,-0.256517762882068,6.589371072305794
2025-10-03,2025,-0.1121416730788031,3.572354757248042
2025-10-07,2025,-0.4679650926430507,2.5264635573709393
2025-10-08,2025,-0.49405696303559943,2.1716558871520686
2025-10-09,2025,-0.6280930317591522,2.0789380380573874
2025-10-13,2025,-0.9431393283867135,3.1999277952058147
2025-10-14,2025,-0.6545023126856084,4.306847085915622
2025-10-15,2025,-0.31614863500828994,2.30186491937332
2025-10-16,2025,-0.2679664364790709,-0.9055670472987609
2025-10-17,2025,-0.070071835480224,0.5308696644284128
2025-10-20,2025,-0.08339659386104929,-3.367844490680838
2025-10-21,2025,-0.09487262520057585,-4.224101618562138
2025-10-22,2025,-0.24988928352636383,-0.8049141901073087
2025-10-23,2025,-0.5452768725645127,-3.985579098846226
2025-10-27,2025,-0.11912815044606721,-5.320460404742078
2025-10-28,2025,-0.40537914055382956,-3.710100250061643
2025-10-29,2025,-0.03256778416395374,-3.1284966746469522
2025-10-30,2025,0.04267300314246396,-2.5912478042444897
2025-10-31,2025,0.08293584778664184,-2.1494792506025595
2025-11-03,2025,0.46878895413052585,-3.501232945315258
2025-11-04,2025,0.030945150769005468,-1.9642872385526533
2025-11-05,2025,0.0389362661321155,0.2741271981949067
2025-11-06,2025,0.2984508005424575,-0.37183528707556146
2025-11-07,2025,0.25590303317841945,1.1915486407383824
2025-11-10,2025,0.42398859629966507,1.5582261762047578
2025-11-11,2025,0.7065454699634145,1.4311704717841822
2025-11-12,2025,0.6848676320672415,1.6232101445982305
2025-11-13,2025,0.913911169751831,0.4343173415865209
2025-11-14,2025,0.6860741641572389,2.9218724336162127
2025-11-17,2025,0.8661658588094253,1.5288565618998717
2025-11-18,2025,1.1603224289061491,2.9172391213673876
2025-11-19,2025,1.7519721519147122,3.555476799954249
2025-11-20,2025,0.4912042351362544,0.15375718833996466
2025-11-21,2025,1.9578597582082782,4.771752839234744
2025-11-24,2025,2.0144132648039266,6.208063313643386
2025-11-25,2025,1.4672442602726563,5.1957906032847
2025-11-26,2025,1.6063445145987045,3.511332185800997
2025-11-27,2025,1.6172101330022546,3.634574786795497
2025-11-28,2025,1.7256032909884649,4.28722732682556
2025-12-01,2025,1.3500564529041965,4.990759816300838
2025-12-02,2025,1.870164606623538,5.0766082323239425
2025-12-03,2025,1.8559044792326653,5.601294424791248
2025-12-04,2025,1.3552248814164922,8.308224542564302
2025-12-05,2025,1.248798493519289,9.275652061103123
2025-12-08,2025,1.2495117685211912,7.5314675283654875
2025-12-09,2025,1.3625126599535264,7.727995287872669
2025-12-10,2025,1.256173500924423,6.648526287880618
2025-12-11,2025,1.3575902626791332,9.072480575205844
2025-12-12,2025,1.5164321128496423,8.898497128521798
2025-12-15,2025,1.4630262252563102,11.034006604241453
2025-12-16,2025,0.7154711833340864,11.889314099821835
2025-12-17,2025,0.428467087999859,14.109013677299732
2025-12-18,2025,0.4050272699282377,15.183775760843421
2025-12-19,2025,0.9739608479168776,14.67211383449445
2025-12-22,2025,0.5798272283760818,11.000957738713524
2025-12-23,2025,0.732770984623883,12.135474967388383
2025-12-24,2025,0.5251640801139633,12.6516725304332
2025-12-26,2025,0.5520331848025122,12.286376042599766
2025-12-29,2025,0.42586841654406893,12.172584741394665
2025-12-30,2025,0.242067763296894,14.27063590125519
2025-12-31,2025,0.7044982121511867,12.335034318938254
2026-01-02,2026,1.309715816024588,9.246874170565334
2026-01-05,2026,0.9911399663257073,5.045633555045925
2026-01-06,2026,1.062538993769915,5.2951468948172264
2026-01-07,2026,1.028271466665546,6.092693820729567
2026-01-08,2026,1.0566885617626665,4.745368578632481
2026-01-09,2026,1.341025959769313,4.9323581925559745
2026-01-12,2026,1.3915328164239344,6.010771645114765
2026-01-13,2026,1.3411099954584784,7.704214188063907
2026-01-14,2026,1.5457530137234623,8.609491761624577
2026-01-15,2026,2.223439008488413,9.615787823533338
2026-01-16,2026,1.7069777018944308,10.481554473760447
2026-01-19,2026,2.460231211179271,11.927511647701316
2026-01-20,2026,2.4852441135042924,11.506615713669932
2026-01-21,2026,1.2272886845896225,12.317334781608213
2026-01-22,2026,1.3448148046905064,8.119333158613596
2026-01-23,2026,0.7951031783909674,2.7137954370741513
2026-01-26,2026,1.2166435670331857,5.0161985895937455
2026-01-27,2026,1.2159215594689883,3.965663631817895
2026-01-28,2026,1.6180163218379058,-2.113778212415507
2026-01-29,2026,1.4221972441798196,0.7241149646225686
2026-01-30,2026,1.5036171758344958,6.394885189661226
2026-02-02,2026,0.5616019175739961,6.190956687050964
2026-02-03,2026,1.243467084854345,3.742651114943274
2026-02-04,2026,1.1781797024571896,3.260161642326165
2026-02-05,2026,0.650501245740604,6.400058865573599
2026-02-06,2026,0.9906748827012357,8.072448975739178
2026-02-09,2026,0.9349292536427678,3.9656690928639327
2026-02-10,2026,1.1331158086644855,1.4238515621669112
2026-02-11,2026,1.2486523801408778,-2.6281545606386514
2026-02-23,2026,1.8433992694524874,-3.4376900542026467
2026-02-24,2026,1.536477495454526,-3.635965951236886
2026-02-25,2026,1.6339909949777638,-5.860689287881559
2026-02-26,2026,1.3771052411479443,-6.499881828031418
2026-03-02,2026,1.1626321531242336,-7.34270805403262
2026-03-03,2026,1.8054208272860712,-7.57687483702928
2026-03-04,2026,2.6807979676950895,1.0537672927008135
2026-03-05,2026,3.4277645819090146,-3.268232592699072
2026-03-06,2026,3.3689355951077475,-1.100372207476652
2026-03-09,2026,3.1278166530453846,8.25576245966262
2026-03-10,2026,3.02020771503929,6.37525414326372
2026-03-11,2026,2.1559768552553256,3.821401006443348
2026-03-12,2026,2.6425095519838764,5.58465195197646
2026-03-13,2026,3.097886454930484,8.669976814593404
2026-03-16,2026,2.938540540813882,10.13609953179888
2026-03-17,2026,2.9322812366027846,9.73931459364823
2026-03-18,2026,2.8240591562836124,7.149524085129566
2026-03-19,2026,2.5634149553040193,9.70362437399228
2026-03-20,2026,2.7357739978890976,12.10721598097777
2026-03-23,2026,2.6706967749728334,15.756650622660251
2026-03-24,2026,3.1211816631124245,15.644156917770747
2026-03-25,2026,2.5079577577559244,16.42773985312409
2026-03-26,2026,2.91079279805769,18.834607869427966
2026-03-27,2026,2.5613533178112364,19.355598580479526
2026-03-30,2026,2.213572724152185,20.86630977890509
2026-03-31,2026,2.6413047970283614,22.707947769110028
2026-04-01,2026,2.6728839428061555,22.69890236028409
2026-04-02,2026,2.690075319405241,25.165024531482615
2026-04-07,2026,3.2816823823384014,23.801001630463237
2026-04-08,2026,3.104365864762151,20.633242984024225
2026-04-09,2026,2.9527099476622025,19.3418119190526
2026-04-10,2026,3.202171995693031,17.991587852784875
2026-04-13,2026,3.5353905316218324,18.16560148843862
2026-04-14,2026,3.4764151497144424,13.991523060867106
2026-04-15,2026,3.04833100397094,13.696396778619114
2026-04-16,2026,3.0211457642247987,10.8810132063917
2026-04-17,2026,3.00456965840255,11.105972828204514
2026-04-20,2026,2.91878802204353,8.703637563990153
2026-04-21,2026,2.762241739990056,6.423887604636702
2026-04-22,2026,2.496864103175514,9.212990915419761
2026-04-23,2026,2.405477929776681,12.074566177416157
2026-04-24,2026,2.587030999181116,12.103029867154348
2026-04-27,2026,2.7598592112429747,9.866412160751704
2026-04-28,2026,2.7633395379135126,11.980927960390385
2026-04-29,2026,2.216402733705084,11.024310812014203
2026-04-30,2026,2.513168188807267,14.916035629079637
2026-05-04,2026,2.073163026130956,11.38128993046088
2026-05-05,2026,1.9491384575535071,11.744182937696479
2026-05-06,2026,1.8805312526237796,12.932568606074323
2026-05-07,2026,0.2668637822361831,8.92759965831842
2026-05-08,2026,0.06760220274426806,8.333345351425848
2026-05-11,2026,0.4761789301432272,4.098390861367518
2026-05-12,2026,0.34904967028663786,6.697452308350327
2026-05-13,2026,0.006430566962803907,4.473866753676781
2026-05-14,2026,0.01718662050636932,3.3476680618177657
2026-05-15,2026,0.7436880019152845,7.278378018651344
2026-05-18,2026,0.6940896235335456,11.017289032378596
2026-05-19,2026,2.361364202167773,14.02253011532386
2026-05-20,2026,2.214752265719219,14.63380810288244
2026-05-21,2026,2.6436404348683795,12.321031052588438
2026-05-22,2026,2.3359670797390057,12.949616458987734
2026-05-25,2026,2.026343994774506,7.919114479749978
2026-05-26,2026,1.9214130673089056,5.7856601793390805
2026-05-27,2026,1.8295555266013146,4.515599862619979
2026-05-28,2026,1.7504065770076014,2.1434379156503036
2026-05-29,2026,1.7648746533776503,0.596786171443231
2026-06-01,2026,0.3526275383024998,1.7380598267542569
2026-06-02,2026,0.3441507718227629,3.208442289503055
2026-06-03,2026,1.8053817108679944,0.6134419993818252
2026-06-04,2026,1.905321187681901,2.415108020454726
2026-06-05,2026,1.7256834290339764,3.2958043475463272
2026-06-08,2026,2.0765746943044086,4.542997022259265
2026-06-09,2026,1.9589858757283818,2.303954596008806
2026-06-10,2026,1.2915466118435408,4.925490809368727
2026-06-11,2026,2.0416741315597497,5.170539793545492
2026-06-12,2026,1.8154316159701847,1.2880288998809997
2026-06-15,2026,1.7679720659418403,0.5167743500174682
2026-06-16,2026,1.8294124799972746,-0.40212455186393603
2026-06-17,2026,1.9928807587038755,-6.988453353601853
2026-06-18,2026,1.8994188135115588,-8.641951395883375
2026-06-22,2026,1.817694713183554,-7.349243876031575
2026-06-23,2026,1.9533929980309388,-4.829805958091882
2026-06-24,2026,1.8573190649902558,-2.590566332780231
2026-06-25,2026,1.9254341554155985,-5.6218903536592535
2026-06-26,2026,2.7463586111861034,-2.1035067944366603
2026-06-29,2026,2.8184274904809508,-7.547883439740977
2026-06-30,2026,2.929925512546114,-13.195902259706106
2026-07-01,2026,2.7132216454299907,-15.069847310629159
2026-07-02,2026,1.8397099666309848,-7.753717255802661
2026-07-03,2026,2.7027446104867257,-7.255590028520354
2026-07-06,2026,1.7068108432166311,-6.864213483906278
2026-07-07,2026,1.657594435889136,-1.9074911536307582
2026-07-08,2026,2.5731456146003984,-2.9249530058439777
2026-07-09,2026,2.060836974276538,-2.488611411276598
2026-07-13,2026,0.8918016443672705,-0.9954932204390698
2026-07-14,2026,2.1957555715006007,0.8555823411667385
2026-07-15,2026,1.1442252803154986,-0.2487750262482602
2026-07-16,2026,0.9760801036196204,0.8690414768401045
2026-07-17,2026,1.6558025330617583,7.357971768827132
2026-07-20,2026,2.047061746684342,8.027312324939873
2026-07-21,2026,1.7048808327356633,2.432150570378999
2026-07-22,2026,1.7307889651290147,-0.23743033584692208
2026-07-23,2026,1.6933778540358222,0.1849019003224317
2026-07-24,2026,2.0836592448424796,3.595134010341128
2026-07-27,2026,1.492983517275802,2.585426703234317
2026-07-28,2026,2.156963362947448,8.5716634425681
2026-07-29,2026,2.3246145334699713,14.469427196061456
2026-07-30,2026,2.646131285193966,15.130029323897599
2026-07-31,2026,1.9880366503222469,7.448327042712433
2026-08-03,2026,1.88390338322791,6.320089631753345
2026-08-04,2026,2.430402300420878,8.274920169573052
2026-08-05,2026,2.6795041992012827,3.4814263554770575
2026-08-06,2026,2.3324038814503725,3.29069502913506
2026-08-07,2026,2.437312707202015,5.257596734583858
2026-08-10,2026,1.2302588390158102,5.336247873299849
2026-08-11,2026,0.9724239215508217,4.399442207482496
2026-08-12,2026,1.0124576430387673,3.6585250648808243
2026-08-13,2026,1.0097047257199792,1.996915353439288
2026-08-14,2026,1.6672163524282848,0.8160483691584064
