date,year,pred,actual
2014-01-02,2014,-0.06167377642758989,-0.7663244524844015
2014-01-03,2014,-0.16608871904479114,-0.5444308456989733
2014-01-06,2014,-0.03634184668680181,0.1445880651905096
2014-01-07,2014,0.04270402114113721,0.5134922406400344
2014-01-08,2014,0.09673195850635892,-0.4830522638472834
2014-01-09,2014,0.06461998777694508,0.17229067915647267
2014-01-10,2014,0.11657061142693607,0.4320376113068347
2014-01-13,2014,-0.026722014086348535,-0.21082860544934245
2014-01-14,2014,-0.10235577964264811,0.6365127384436731
2014-01-15,2014,-0.007171500340967257,0.11112983940810839
2014-01-16,2014,-0.0001578648048638026,-0.18706217175582518
2014-01-17,2014,-0.03206449247126101,0.2973476035365241
2014-01-20,2014,0.005823445587141052,-0.2512306357550176
2014-01-21,2014,-0.02113912129194925,0.2953522715380297
2014-01-22,2014,0.11739700779710094,-0.3501327490058159
2014-01-23,2014,0.06693023906339071,0.03734686042047297
2014-01-24,2014,0.03433385904578359,-1.5786823224563817
2014-01-27,2014,-0.028018928197696552,-2.3407782742122074
2014-02-05,2014,0.01338813293866264,0.5630118289354114
2014-02-06,2014,0.02100022561692512,0.9185405865231866
2014-02-07,2014,0.07688787150912404,0.054844497964201544
2014-02-10,2014,-0.00325881301121926,0.4600837707564809
2014-02-11,2014,-0.11887785309414374,0.9526057580991232
2014-02-12,2014,-0.14185153692460797,-0.5072336905627806
2014-02-13,2014,-0.11685524351908924,0.5430045939275097
2014-02-14,2014,-0.01884482919385982,0.0689478580355285
2014-02-17,2014,-0.020825899834388425,0.43053917166986366
2014-02-18,2014,-0.0031579035983869234,0.24286397163237883
2014-02-19,2014,-0.03840638222915953,-0.6108189217454485
2014-02-20,2014,-0.20403523409638216,0.9060814440995602
2014-02-21,2014,-0.061681489598551686,-0.4795474467150118
2014-02-24,2014,-0.0736545088684124,0.17533797241084947
2014-02-25,2014,0.09757880921300996,0.2943227428454209
2014-02-26,2014,0.03621500553119243,0.45018753938559364
2014-02-27,2014,-0.12067546645750597,-0.43520634104898814
2014-03-03,2014,-0.1124462638582299,-0.5515009335059884
2014-03-04,2014,-0.21260559837903537,0.9163555258377309
2014-03-05,2014,0.01877457596207343,0.9366460749710814
2014-03-06,2014,0.051903317614340125,0.001950930651273275
2014-03-07,2014,-0.024960987013919543,-0.5591028648283869
2014-03-10,2014,-0.02109020981408222,0.42803199911369827
2014-03-11,2014,-0.03180024014682004,-0.20224468619324254
2014-03-12,2014,-0.0001372492313977878,0.726102020442787
2014-03-13,2014,0.08344847629121048,-0.6877165546955499
2014-03-14,2014,-0.057768017782342716,0.14353742044723727
2014-03-17,2014,0.03885745327407428,0.36597280491028616
2014-03-18,2014,0.03902625203218288,-0.4864898292933906
2014-03-19,2014,-0.025748708972362762,-1.0602500040278628
2014-03-20,2014,-0.0009890868514287041,-0.23449140605280583
2014-03-21,2014,0.061017288503767364,0.328896360920905
2014-03-24,2014,0.18634917009252144,0.97520388408181
2014-03-25,2014,0.04290839600465665,0.5520582785725203
2014-03-26,2014,0.10294270737712422,0.48413291565900796
2014-03-27,2014,-0.07715680294745489,-0.05615309178012007
2014-03-28,2014,-0.07318671760384976,0.8506331883701312
2014-03-31,2014,0.03883082484684543,0.26973945902941665
2014-04-01,2014,0.011391194896571782,0.3640195421017456
2014-04-02,2014,0.008407046302451652,-0.18988372288879507
2014-04-03,2014,-0.04777932435760737,-0.13613034311596994
2014-04-07,2014,-0.047227157523619445,0.1330488348932679
2014-04-08,2014,-0.012311531821412213,0.47613422214720647
2014-04-09,2014,0.05985432996719855,0.1962920619848596
2014-04-10,2014,0.013470839511904267,-0.44758105072586485
2014-04-11,2014,-0.05971335400406158,-0.5683623239653879
2014-04-14,2014,-0.03480670960726841,0.6693822806189464
2014-04-15,2014,0.07260862109731933,0.07973793024558251
2014-04-16,2014,0.1705037778262714,0.22792929485355717
2014-04-17,2014,0.05940037612998095,0.25156079497683503
2014-04-18,2014,0.15534471683672396,-0.17252800931449874
2014-04-21,2014,0.07820592234336934,0.2627583595030236
2014-04-22,2014,0.12770861488044877,-0.19822367519395367
2014-04-23,2014,0.07852009230243559,-0.1280574125927192
2014-04-24,2014,0.07763328695413238,-1.9152753634529285
2014-04-25,2014,0.1585133733479924,0.4056247236189803
2014-04-28,2014,0.17711825624461117,0.7083093541104146
2014-04-29,2014,0.19438141620737343,-0.9092538302613473
2014-04-30,2014,0.09072015919101892,0.8631123001465069
2014-05-02,2014,-0.05637557769884728,0.035072603672814395
2014-05-05,2014,-0.06376898661356878,0.4730323107222434
2014-05-06,2014,-0.1828152204305612,-0.21509381882973688
2014-05-07,2014,-0.33495857606853346,0.4236935553151744
2014-05-08,2014,-0.13266943403837583,-0.4614316586234235
2014-05-09,2014,-0.19839794262721827,-0.9120677998895377
2014-05-12,2014,-0.18713711962239837,0.10591909506720842
2014-05-13,2014,-0.12010973074153213,0.6489043926359184
2014-05-14,2014,-0.1926770253925677,0.06185803974239068
2014-05-15,2014,-0.12793153568033283,0.08783140873698247
2014-05-16,2014,-0.25469858189899236,0.12881886043121238
2014-05-19,2014,-0.13787577074149157,-0.1360689445948693
2014-05-20,2014,-0.13622147935585321,-0.2854477884828621
2014-05-21,2014,-0.3174289217299431,1.2097147280313747
2014-05-22,2014,-0.020914495527554304,0.4302295635382869
2014-05-23,2014,-0.032841495943120594,0.3097171250258324
2014-05-26,2014,-0.0543923720599109,0.2121485770441245
2014-05-27,2014,-0.04104960928868841,0.7334939024592035
2014-05-28,2014,0.039406973503928126,-0.13933790922973088
2014-05-29,2014,-0.153131809261228,-0.3632670984740405
2014-05-30,2014,-0.07276873070866427,0.5239144063790668
2014-06-03,2014,-0.022603729160642093,-0.03836263873574497
2014-06-04,2014,-0.18169588251193425,0.22763257733586784
2014-06-05,2014,-0.14408719337262932,-0.06848475831225942
2014-06-06,2014,-0.023562165052153108,0.3095968453526554
2014-06-09,2014,0.08222257491796676,0.6507878647653564
2014-06-10,2014,0.009483542776522056,0.08056497407931129
2014-06-11,2014,-0.02307789896120669,-0.2724869444625022
2014-06-12,2014,-0.06534805837319134,-0.08973725236701702
2014-06-13,2014,-0.12437498310945432,0.0711148613749657
2014-06-16,2014,-0.01606629261874441,0.4093261602554854
2014-06-17,2014,-0.034250308244891045,0.42562171287579
2014-06-18,2014,0.04212106791739938,0.3974167908594062
2014-06-19,2014,0.06883482861080405,-0.46174602680529864
2014-06-20,2014,0.0414982293480264,-0.48998305978462664
2014-06-23,2014,0.10569078575516475,0.19342569365055073
2014-06-24,2014,0.23011183235582436,-0.04369362548940492
2014-06-25,2014,-0.005538631054124078,0.8523981406943992
2014-06-26,2014,0.11895355236468597,-0.1513795818876673
2014-06-27,2014,-0.09376388808675633,0.9266313019578032
2014-06-30,2014,0.019048152127633618,0.520064260140729
2014-07-01,2014,-0.07886767683248479,0.45583949027314663
2014-07-02,2014,-0.07035143539906348,0.4351099003053305
2014-07-03,2014,-0.14419478445504633,-0.16984683342728957
2014-07-04,2014,-0.2559391399790718,0.10672919700738248
2014-07-07,2014,-0.030391497467142987,0.11323291527487456
2014-07-08,2014,-0.044856938965627306,-0.4301761203989507
2014-07-09,2014,-0.1717177841609856,0.7917824905848247
2014-07-10,2014,0.02074204554847751,-0.7242982837643464
2014-07-11,2014,-0.16610860781010042,0.257586479974381
2014-07-14,2014,-0.07709598245283225,0.5133241599529548
2014-07-15,2014,-0.07073639473811812,-0.8824171793374025
2014-07-16,2014,-0.23644389155149267,-0.8064541636925826
2014-07-17,2014,-0.11373597440074161,-0.07727268862189884
2014-07-18,2014,-0.19799743957989882,0.42548800815234156
2014-07-21,2014,-0.058569608008897434,0.6184745847090056
2014-07-22,2014,-0.06518530263467295,0.29665156389482306
2014-07-24,2014,-0.10258105224808463,-0.9262621831028772
2014-07-25,2014,-0.15092813105864142,-0.20245166744533583
2014-07-28,2014,-0.13898653820383283,-0.3004188879618175
2014-07-29,2014,-0.0600047486979549,0.5871029016554896
2014-07-30,2014,-0.10086616744617602,-1.3884801768176636
2014-07-31,2014,-0.17474691475323578,-0.5296349769478903
2014-08-01,2014,-0.059490597998373994,0.6872058628329292
2014-08-04,2014,-0.14251293221144032,-2.023002746996583
2014-08-05,2014,-0.17460937205857166,0.027676164805523484
2014-08-06,2014,-0.21837982786018678,-0.1370301958558362
2014-08-07,2014,-0.20676807201105882,-0.4980594517403736
2014-08-08,2014,-0.23972700020708904,0.9569709749988053
2014-08-11,2014,-0.14946578251959142,-0.10672730900007643
2014-08-12,2014,-0.21745290336592404,0.7441788386488346
2014-08-13,2014,-0.09644446168605651,-0.007582889102397683
2014-08-14,2014,-0.2579359586668783,-0.25783778103506405
2014-08-15,2014,-0.16908560262422964,-0.711429908947836
2014-08-18,2014,-0.03738966531331718,1.1209553116566573
2014-08-19,2014,0.0721206697053293,0.47891663367150006
2014-08-20,2014,0.0403755802486746,-0.3732753376650688
2014-08-21,2014,0.07123096924658853,1.3694455431420893
2014-08-22,2014,0.17604904262589358,0.11215232246990503
2014-08-25,2014,0.15751728594369488,0.03556740662489233
2014-08-26,2014,0.13920162953768575,0.9754139894144753
2014-08-27,2014,0.14464805184243906,-0.07611545512719031
2014-08-28,2014,0.0704542243259239,-0.4441691978684159
2014-08-29,2014,0.019114176142917192,0.8137749343755329
2014-09-01,2014,0.007050036199695858,-1.1914147498281347
2014-09-02,2014,-0.05671638101027319,0.5386330656657945
2014-09-03,2014,-0.06907420222807369,-0.2270815366626766
2014-09-04,2014,-0.15880534686016368,-0.2221894623863352
2014-09-05,2014,-0.14707879664958765,0.2851846419088533
2014-09-09,2014,-0.09277977952648189,-0.8178259777397834
2014-09-10,2014,-0.25295374939789655,-0.37039372232866574
2014-09-11,2014,-0.11055632911553226,-1.0701548329659638
2014-09-12,2014,-0.003452237948078825,-0.062017655515789194
2014-09-15,2014,-0.08396260555288387,-0.9119649013936582
2014-09-16,2014,-0.033297429158216416,0.6763089320515947
2014-09-17,2014,0.058896813903280346,0.45523900047526045
2014-09-18,2014,-0.04250066236766166,0.03702488786980762
2014-09-19,2014,0.040955936189750186,-1.1449658836961474
2014-09-22,2014,-0.11691507587601162,-0.5446295150881575
2014-09-23,2014,-0.06334585387771129,0.14958887824851885
2014-09-24,2014,-0.13637729468409582,-0.9551035391586971
2014-09-25,2014,0.0441194417709337,-0.24157779037884408
2014-09-26,2014,0.026877572808678158,-0.3232545256745878
2014-09-29,2014,0.08263192955913054,0.06874416902138414
2014-09-30,2014,0.20159058888644693,0.2602900438500644
2014-10-01,2014,0.0651718594338267,-0.1676258528674368
2014-10-02,2014,-0.026064357124700253,1.4605818929738446
2014-10-03,2014,0.09714821529159298,-0.12233315909461195
2014-10-06,2014,-0.0777099690578455,-0.5973519923827442
2014-10-07,2014,-0.011535720616916132,-0.9471496469895868
2014-10-08,2014,-0.2440714420957455,0.12573728277935903
2014-10-09,2014,0.04361109519623767,-2.844495697289018
2014-10-13,2014,-0.1694310273509636,0.6543157865736671
2014-10-14,2014,0.00302220206995725,-1.287351497823419
2014-10-15,2014,-0.05752980114578567,-0.2520937529966405
2014-10-16,2014,0.040666198164489055,-1.3992858210104986
2014-10-17,2014,0.12004164485654263,1.7650900752741672
2014-10-20,2014,0.19413345341854266,-0.09811684908704876
2014-10-21,2014,0.14127753199484003,1.0883179427451761
2014-10-22,2014,0.12635832877074749,-0.20299857238054164
2014-10-23,2014,-0.05276799516819346,-0.9742219453056644
2014-10-24,2014,0.05965439084553966,-0.21084870362166885
2014-10-27,2014,0.14405139573878709,1.6895423851790214
2014-10-28,2014,0.16809058138826116,1.4832080514729062
2014-10-29,2014,0.14358202641203133,-0.1753207662449796
2014-10-30,2014,0.03847392134639405,0.9753523543356568
2014-10-31,2014,0.07283677463120251,0.33538501308112423
2014-11-03,2014,-0.018531372004642534,-0.17412819299800208
2014-11-04,2014,-0.0419982989538739,-0.29568881699999494
2014-11-05,2014,-0.05742141122327658,-0.7986521768236887
2014-11-06,2014,-0.019034483991955432,0.2429417547143098
2014-11-07,2014,0.031305327650152384,1.5411854202243447
2014-11-10,2014,0.18773332994231112,-0.17502801111163313
2014-11-11,2014,0.0833085095564053,-1.2750521909113521
2014-11-12,2014,0.16704504225807099,0.6920097096631217
2014-11-13,2014,0.0730777469751471,0.024608408949444716
2014-11-14,2014,0.08690862977414074,-1.0964189658550505
2014-11-17,2014,0.07712621421627856,-0.28499424271108964
2014-11-18,2014,0.16706206262023499,1.1758570594881945
2014-11-19,2014,0.24223265191012366,1.290046902682529
2014-11-20,2014,0.26343128875325655,0.13944466657194177
2014-11-21,2014,0.3013726467343035,0.33877686154035747
2014-11-24,2014,0.1519896062466148,-0.06675925996977305
2014-11-25,2014,0.03703293988666477,0.0674620238168222
2014-11-26,2014,0.014138655438512726,0.47049073762468474
2014-11-27,2014,0.05572749574367901,0.23828981234677027
2014-11-28,2014,-0.026046683938498193,-0.7558383176502037
2014-12-01,2014,-0.11812468689392079,-0.9094388832283307
2014-12-02,2014,-0.04938771026935544,1.554767736715501
2014-12-03,2014,-0.015438562319369437,0.5433088544629872
2014-12-04,2014,-0.009940378785974719,-0.2009732133275488
2014-12-05,2014,-0.0268137791309838,-0.20941566728975847
2014-12-08,2014,-0.0823451310972376,-0.6355519418675293
2014-12-09,2014,-0.10823412116573779,-1.0597114657844853
2014-12-10,2014,-0.07620811326010832,-0.2113558661494097
2014-12-11,2014,-0.13991251316790207,0.158214681568003
2014-12-12,2014,-0.030621238441650368,-0.46193060406566344
2014-12-15,2014,-0.09896984540706988,-0.38639472134952557
2014-12-16,2014,-0.1076139275274887,-1.3691345349243766
2014-12-17,2014,-0.09612027909744239,0.569414930972445
2014-12-18,2014,0.0031104320930769452,1.3615839380625383
2014-12-19,2014,0.13938266335388813,1.0609454726474343
2014-12-22,2014,-0.01165323816405729,0.02979659153379277
2014-12-23,2014,-0.08610551742836187,0.9724425157539685
2014-12-24,2014,-0.05680415680341085,-0.29914502001919807
2014-12-25,2014,-0.05576537035090022,0.6045617827857619
2014-12-26,2014,-0.022035486376432396,0.048078644941917936
2014-12-27,2014,-0.06950148937471398,0.7352606172370768
2014-12-29,2014,-0.03157649688969708,-0.1922190586542749
2014-12-30,2014,-0.040912172594948844,0.4189490560968734
2014-12-31,2014,0.05092680596722641,-0.3561735677309885
2015-01-05,2015,-0.2449381105104139,-2.4344114960896612
2015-01-06,2015,-0.39252906818672345,0.3508930919925657
2015-01-07,2015,-0.24939248484866136,1.7394100719265948
2015-01-08,2015,-0.28949972063045637,-0.24301718006978223
2015-01-09,2015,-0.26257281612447747,-0.40453232460681
2015-01-12,2015,-0.2709790111335639,0.5828966148415216
2015-01-13,2015,-0.20486213555705884,-0.5586126215905818
2015-01-14,2015,-0.4017773435831639,-0.1649196153037491
2015-01-15,2015,-0.2499712301285994,-0.29241393155985396
2015-01-16,2015,-0.2315625239146907,0.39142990647045295
2015-01-19,2015,0.032559112680669425,0.8461902363839036
2015-01-20,2015,-0.02418398380022931,0.7352170252137524
2015-01-21,2015,-0.1376218798720928,0.5343513907621666
2015-01-22,2015,0.09796302543351901,1.0825539435893594
2015-01-23,2015,0.052130376235447584,0.07105947244940847
2015-01-26,2015,-0.1459081117112679,0.46340503520378995
2015-01-27,2015,0.03479347190784694,-0.1120611158430429
2015-01-28,2015,-0.10589285320325922,-0.8834056011405855
2015-01-29,2015,-0.20071325838114595,-0.6894100923951596
2015-01-30,2015,0.007156677442896156,0.2678940515343564
2015-02-02,2015,-0.022975497423756226,0.6577188214752505
2015-02-03,2015,-0.019630658902589953,0.689933991128977
2015-02-04,2015,0.045724979754213455,-0.019655410177932264
2015-02-05,2015,-0.04156100844514814,-0.5873602430601088
2015-02-06,2015,-0.018956748028442768,-0.36674428786254154
2015-02-09,2015,-0.028970339615994094,-0.295069787188873
2015-02-10,2015,0.07225923650009305,0.7294250401864932
2015-02-11,2015,0.09852431949924864,0.3602748615018525
2015-02-12,2015,0.1785757060988155,0.34960947989273183
2015-02-13,2015,0.21287800181512476,1.0479027777923644
2015-02-24,2015,0.2371388317342676,0.7287081086301495
2015-02-25,2015,0.23685276055843243,-0.7983883771807809
2015-02-26,2015,0.12518769715644312,-0.21554546304860533
2015-03-02,2015,-0.019061657695185426,0.045930993109299934
2015-03-03,2015,0.053109623873817326,0.1661501368448226
2015-03-04,2015,0.09333718825614509,-0.2768732857812428
2015-03-05,2015,-0.0045245423500422915,0.5281868122133382
2015-03-06,2015,0.04206133104508501,-0.8583036916700371
2015-03-09,2015,-0.08354429184472965,-0.2765874235855281
2015-03-10,2015,0.06877556459660328,-0.13998802499441965
2015-03-11,2015,-0.08830298815873741,0.764660544061968
2015-03-12,2015,-0.05952697321809328,-0.1735097957482279
2015-03-13,2015,0.011705686328878459,-0.693575242579092
2015-03-16,2015,-0.18532980308982688,0.2788841689872035
2015-03-17,2015,-0.003635716829615784,1.194933874525117
2015-03-18,2015,-0.115550948675464,0.8629057236650528
2015-03-19,2015,-0.006912459397622944,0.13310423520012105
2015-03-20,2015,-0.05531319697972918,0.08615658549142591
2015-03-23,2015,-0.006331261270031106,-0.2708521852124779
2015-03-24,2015,-0.024216299044388948,-0.655900432197587
2015-03-25,2015,-0.003495552877039599,-0.5038359176774865
2015-03-26,2015,0.020410102894594582,-1.1996939428970732
2015-03-27,2015,0.09920604846283357,0.19097784867401213
2015-03-30,2015,0.1360406461709472,0.6781230997692678
2015-03-31,2015,0.09252973204615916,-0.8217857724035271
2015-04-01,2015,-0.14475618729242884,0.9745825997143243
2015-04-02,2015,0.06249074570146209,0.4331105629812315
2015-04-07,2015,-0.011948546253908794,-0.7252719899604854
2015-04-08,2015,-0.10643323582968463,-0.04105737899302575
2015-04-09,2015,-0.008497446584419527,0.5190195693161703
2015-04-10,2015,-0.028429375589624873,0.5076057685309276
2015-04-13,2015,-0.10228305337492627,-0.251383124433624
2015-04-14,2015,-0.19216490928630475,-1.059507042983876
2015-04-15,2015,-0.07595065172133628,1.2244157793557031
2015-04-16,2015,-0.02958439076778715,-0.8899363872559185
2015-04-17,2015,-0.08018152380559293,-0.18890536238379552
2015-04-20,2015,-0.17143262143882232,-0.19753267349534864
2015-04-21,2015,-0.06370933315101694,0.8288248978915558
2015-04-22,2015,0.0746276052079823,1.9191719546447494
2015-04-23,2015,-0.040906826587354596,1.1818333062856068
2015-04-24,2015,0.15701874234760863,0.6036347202943881
2015-04-27,2015,0.0883535330170801,-0.16333905538087334
2015-04-28,2015,-0.057830929425289265,-1.0344657888102904
2015-04-29,2015,-0.00657302462484458,-0.34281086643468406
2015-04-30,2015,-0.023895924068385376,0.2544793560114389
2015-05-04,2015,-0.012705724722227352,-0.25302081047919867
2015-05-05,2015,-0.0050920922028947,-0.01965350764193685
2015-05-06,2015,0.031745488326584845,-1.1620256258784711
2015-05-07,2015,-0.04403724631801439,-0.12479248483374672
2015-05-08,2015,0.038514188746594735,-0.29178704085844887
2015-05-11,2015,0.04378590697574584,0.1760191727409266
2015-05-12,2015,0.12196985057199353,0.44810670269701536
2015-05-13,2015,0.25224892328963344,-1.164939516315644
2015-05-14,2015,0.0824785489170007,-0.32619451181635783
2015-05-15,2015,0.13761088233936614,0.2778856472376523
2015-05-18,2015,0.1659902474165337,1.152080448881443
2015-05-19,2015,0.06794624845268,-0.3237701417240557
2015-05-20,2015,0.043187339164157804,-1.1021846487102582
2015-05-21,2015,0.04480726160588803,0.6289045535028182
2015-05-22,2015,0.24854939403778858,0.06608706477986281
2015-05-25,2015,0.07356680914956538,0.2513174988102884
2015-05-26,2015,0.12195523642406028,0.24954986912335553
2015-05-27,2015,0.12447575861891305,0.1991016697718173
2015-05-28,2015,0.14165345412694502,-0.12117979911128174
2015-05-29,2015,0.1519534154062288,-0.7770276886982508
2015-06-01,2015,0.01727977653170574,-0.11874473414373865
2015-06-02,2015,0.12823492261014274,-0.6005662422276847
2015-06-03,2015,0.22188909872306892,-2.1753734623063736
2015-06-04,2015,0.2833268065703283,-0.09092241323059858
2015-06-05,2015,0.16422184191196995,0.30299364141612717
2015-06-08,2015,0.23662833449829282,-1.884627413558082
2015-06-09,2015,0.14075687465315592,1.1600468675035502
2015-06-10,2015,0.2818323098990538,0.042910146797869864
2015-06-11,2015,0.24760028166236592,-0.006019893598374626
2015-06-12,2015,0.05672406437564875,-0.45635690657745975
2015-06-15,2015,0.08745027297147187,-0.5043479763442327
2015-06-16,2015,0.13851824074059296,-0.24911047479697634
2015-06-17,2015,0.12715279787793665,0.3105606958997198
2015-06-18,2015,0.19951776409148717,1.3386314500285712
2015-06-22,2015,0.16612431276048978,0.5284865716025822
2015-06-23,2015,0.1726617436448201,0.06570022382799134
2015-06-24,2015,0.2179040244148403,0.8409853458064109
2015-06-25,2015,0.3475223241518246,-0.14530926496939545
2015-06-26,2015,0.27490385421411945,-2.3933244351164618
2015-06-29,2015,0.34589760026566585,0.9410898539426782
2015-06-30,2015,0.3621546972763255,0.5600116700382296
2015-07-01,2015,0.1593464755080173,0.04277228398663624
2015-07-02,2015,0.08573363882435724,-0.22400535651075915
2015-07-03,2015,0.029525135841253474,-1.092834863002945
2015-07-06,2015,-0.025729658185781545,-0.06266232784064574
2015-07-07,2015,0.0007185312373619426,-2.96265145683966
2015-07-08,2015,-0.06543046905246391,-0.690499559385982
2015-07-09,2015,0.10329607914575496,1.3438215507290296
2015-07-13,2015,0.10996214541488185,0.08678403173816296
2015-07-14,2015,0.10822649286434138,0.1375838332360102
2015-07-15,2015,0.07689649672645028,-0.1324247310640514
2015-07-16,2015,-0.0044448746238949,0.041693347091031896
2015-07-17,2015,0.00821290731813835,-0.7846579364535367
2015-07-20,2015,0.04580896696884416,0.34495821727018594
2015-07-21,2015,0.14989333152581846,-0.9689139192268104
2015-07-22,2015,0.07612209256291132,-1.430477535963759
2015-07-23,2015,0.15022117243015692,-0.2645851723102388
2015-07-24,2015,0.04940486199938806,-2.4085694798958945
2015-07-27,2015,0.22668862324128597,0.3016356811286647
2015-07-28,2015,0.18892604200985402,-0.22149749082143178
2015-07-29,2015,0.23571085291240562,1.0277363875433876
2015-07-30,2015,0.20647523675717744,0.16008803107905312
2015-07-31,2015,0.12678081165604857,-1.6263643434648922
2015-08-03,2015,0.06328537996118393,-0.1589552825356777
2015-08-04,2015,0.05333420039320378,0.3690578860420679
2015-08-05,2015,0.14877766517376617,-1.085308705999699
2015-08-06,2015,0.0954550155293044,-0.08603998314703487
2015-08-07,2015,0.13296403871277557,0.29079787593175865
2015-08-10,2015,0.19096584080801132,-0.858643838787565
2015-08-11,2015,0.14723802441247108,-1.3194919312758735
2015-08-12,2015,-0.005035921541176826,0.3423723166147141
2015-08-13,2015,0.2069832202768679,-0.07339016860489211
2015-08-14,2015,0.03287539814994622,-1.1103298481513701
2015-08-17,2015,-0.00962044985649787,-0.4407421025589775
2015-08-18,2015,0.08730568919779455,-1.9001567769975636
2015-08-19,2015,0.1922724731272913,0.09935376422367526
2015-08-20,2015,0.21012146362860817,-3.0248536391272007
2015-08-21,2015,0.17852188082843876,-4.836058415907695
2015-08-24,2015,0.10946900464658957,3.5801326254935706
2015-08-25,2015,0.2565365429590982,0.5204777712347175
2015-08-26,2015,0.1844278298926352,1.412205677077183
2015-08-27,2015,0.16490396176909614,2.487427391990593
2015-08-28,2015,0.1917355582062697,1.9420938300424684
2015-08-31,2015,0.22828868860392,-1.924911803418261
2015-09-01,2015,-0.15186457367155376,0.22113959858109933
2015-09-02,2015,0.02287012290308437,0.754919859768588
2015-09-03,2015,0.062307505024767465,-1.1777493685114049
2015-09-04,2015,0.005225818188872323,-0.17548683848711555
2015-09-07,2015,-0.03544086079814483,0.18706426797019393
2015-09-08,2015,-0.03638909705741199,3.5670811722801954
2015-09-09,2015,0.2045411030860948,-0.220105901830836
2015-09-10,2015,0.02686023198840858,0.4491648001857529
2015-09-11,2015,0.20829241104306248,0.017698433146895454
2015-09-14,2015,0.14124468478624871,-0.5693794245776984
2015-09-15,2015,0.05912552597402239,0.8874102753151147
2015-09-16,2015,0.12005902229511148,1.3465270019404008
2015-09-17,2015,0.21049746486996748,0.19702800307854762
2015-09-18,2015,0.13648182848555562,-1.8328696996267935
2015-09-21,2015,-0.0907405185898748,0.7087963943835485
2015-09-22,2015,0.06005155306468559,-2.061937001549141
2015-09-23,2015,-0.19890371583589625,-0.8582496686365348
2015-09-24,2015,-0.0366930773483036,0.11387278255838851
2015-09-25,2015,-0.013308262606423501,0.6011792409328143
2015-09-30,2015,0.04172234441923515,1.4019879627049203
2015-10-01,2015,-0.015812795440581534,0.10957166999761014
2015-10-02,2015,-0.0550065330600261,0.5698955933933991
2015-10-05,2015,-0.02315978651892694,0.49973899592450355
2015-10-06,2015,-0.0197446468062481,1.2047747822875543
2015-10-07,2015,-0.031872332311647766,-0.5799725257585764
2015-10-08,2015,-0.04124919351692801,1.5126758829073328
2015-10-12,2015,0.10929028833576242,-0.06764858194575618
2015-10-13,2015,-0.02788973171903561,-0.5300002801146619
2015-10-14,2015,-0.0637890795342536,0.9270743008808369
2015-10-15,2015,-0.11095857470992534,0.039876672960126314
2015-10-16,2015,-0.10568033913639081,0.30854333842729176
2015-10-19,2015,-0.10082583015717979,0.2560389271853092
2015-10-20,2015,-0.14301266260985218,-0.5127345844504139
2015-10-21,2015,-0.08981361971894831,-0.008943889290913276
2015-10-22,2015,-0.03675402612611861,0.7591369420314464
2015-10-23,2015,0.015881231786356448,0.8248970175736003
2015-10-26,2015,-0.007618769631485856,-0.5035813276983547
2015-10-27,2015,0.07573301827582232,-0.40603034941825156
2015-10-28,2015,0.013897785872625034,-1.0952008945313785
2015-10-29,2015,0.06730630316732553,-0.19565795675691167
2015-10-30,2015,0.11759763509388788,0.7067782205695261
2015-11-02,2015,-0.03528716157775699,1.1424565020308197
2015-11-03,2015,0.039296859119193804,1.6507157539316752
2015-11-04,2015,-0.0022921114102173257,-0.07722687766313907
2015-11-05,2015,-0.16708274559129346,-1.7695685285497031
2015-11-06,2015,-0.09747128112243501,-0.5876757189509085
2015-11-09,2015,-0.02794120701279502,-1.2216400847904763
2015-11-10,2015,-0.06857399538867612,-1.427801661024486
2015-11-11,2015,-0.05151205987053207,0.15543653542895441
2015-11-12,2015,-0.014671730526872989,-1.1697786805788701
2015-11-13,2015,-0.036552875514166236,-0.409388318626569
2015-11-16,2015,-0.1419574143027348,1.495045446874177
2015-11-17,2015,-0.06529334802265299,-0.9377130491174057
2015-11-18,2015,-0.22322302822347634,1.6393560554741171
2015-11-19,2015,-0.04397297764346357,-0.13860708724579007
2015-11-20,2015,-0.16001488290295468,0.2395619843008845
2015-11-23,2015,-0.09325180732190577,-1.0086344957947024
2015-11-24,2015,0.0402099325032267,-0.16678293457014215
2015-11-25,2015,0.1010790298702406,1.1777780692643791
2015-11-26,2015,0.04205732844448076,-1.0194580961472743
2015-11-27,2015,0.03814462568928349,-0.9262478567346077
2015-11-30,2015,0.11949582910472951,1.7148983067347023
2015-12-01,2015,-0.05967167071272794,-0.06971275979817948
2015-12-02,2015,-0.06133699444220431,-0.01584411284791809
2015-12-03,2015,-0.06741559108471135,-0.6795126808466279
2015-12-04,2015,-0.028208396756910586,0.6628485699997633
2015-12-07,2015,-0.026227034352502267,-1.3059672804393463
2015-12-08,2015,-0.17150294408742014,-1.3691504891021666
2015-12-09,2015,-0.028121160262227374,-0.16343403462129036
2015-12-10,2015,-0.0625813130821045,-1.2205200233198599
2015-12-11,2015,0.010325683303947543,-0.933107767601582
2015-12-14,2015,-0.00402907793385669,0.41280273029393744
2015-12-15,2015,-0.011226211169903818,1.3787337350666062
2015-12-16,2015,-0.040543716370217274,1.6495492787727217
2015-12-17,2015,0.08455574207757384,-0.7494287634004726
2015-12-18,2015,-0.18108405627573881,0.30094510083176207
2015-12-21,2015,-0.04574742364546277,0.12762355759419197
2015-12-22,2015,0.12001402953307597,0.2768686827273159
2015-12-23,2015,0.028183700140115165,0.10414036100387936
2015-12-24,2015,0.16293644295688436,0.4675434507878107
2015-12-25,2015,-0.03805262189194175,-0.05727417950852631
2015-12-28,2015,0.04523080553426606,-0.7726275918257919
2015-12-29,2015,0.1736340396937004,-0.16783398903532643
2015-12-30,2015,0.18358144319447195,0.7013293494315676
2015-12-31,2015,0.22182094485190595,-2.6840775911902703
2016-01-04,2016,-0.15934340676209016,-0.4824839233645517
2016-01-05,2016,-0.01191696389298564,-1.0491497948634687
2016-01-06,2016,-0.01714295962995305,-1.731204609537207
2016-01-07,2016,0.15414164053967203,0.5337452846768898
2016-01-08,2016,0.1858801113600828,-1.3370965433109117
2016-01-11,2016,0.14143432045330245,-0.2564063057719057
2016-01-12,2016,0.1830536732115292,0.722924135445302
2016-01-13,2016,0.2991567731149078,-1.044524902838606
2016-01-14,2016,0.2020174158249887,0.2470656913190039
2016-01-15,2016,0.30008469071336197,0.6334699388431675
2016-01-18,2016,0.20083852403482458,0.5594545254366201
2016-01-19,2016,0.13164425980505942,-1.9829710956755564
2016-01-20,2016,0.10579841784400686,-0.4560261432475343
2016-01-21,2016,0.09038760785538465,1.2026341301746735
2016-01-22,2016,0.18009254438639682,1.778839583403169
2016-01-25,2016,0.0049998948304969155,-0.8294749909743215
2016-01-26,2016,-0.10443468451437607,0.2702885675344602
2016-01-27,2016,0.23658687165039072,0.7040916809663456
2016-01-28,2016,0.06632219801258392,2.220085767415969
2016-01-29,2016,0.3393263214908497,0.7995693389104774
2016-01-30,2016,0.2196852837594704,0.14425656305976364
2016-02-01,2016,0.15060071101290834,-0.31531354818462587
2016-02-02,2016,0.08746781961200364,-0.8392323925994094
2016-02-03,2016,-0.005496377366825053,0.043532184050598666
2016-02-15,2016,0.09791995921406019,1.8044978559500935
2016-02-16,2016,0.047807554806348004,0.026546291008244793
2016-02-17,2016,0.05866672627203138,1.2225096630855026
2016-02-18,2016,0.20797227340283464,0.1247193213921971
2016-02-19,2016,-0.04581496791531346,0.019699605046930024
2016-02-22,2016,0.013873489722417847,0.09559632410516272
2016-02-23,2016,-0.028297634491429073,-0.6212625860264942
2016-02-24,2016,-0.024611720277245855,1.0020693335393904
2016-02-25,2016,0.08727356198428907,0.541486470010244
2016-02-26,2016,0.11059598697473087,0.8860846779754628
2016-03-01,2016,0.034567686544101625,0.6877460760409404
2016-03-02,2016,0.050874571532913214,0.7928324389487651
2016-03-03,2016,0.12454273814857766,0.36879673099319277
2016-03-04,2016,0.06585374415762096,0.18510912761537934
2016-03-07,2016,0.04191704409834169,0.05496821428365717
2016-03-08,2016,0.06420882291897874,-0.3485563189682628
2016-03-09,2016,0.04823066413811699,0.3079645730712288
2016-03-10,2016,0.16962340238556492,0.5246689066703558
2016-03-11,2016,0.11060774563582203,0.4796614802886179
2016-03-14,2016,0.13337294179775938,-1.5628893791652776
2016-03-15,2016,0.004636141754988587,1.0214627960395628
2016-03-16,2016,0.11845416885087467,0.40693677765850644
2016-03-17,2016,0.046883281288566794,0.8720550824656836
2016-03-18,2016,0.06935484706189697,0.022586147994907435
2016-03-21,2016,0.0007707979776332696,-0.3066029707127216
2016-03-22,2016,0.001099408332871582,-0.22297647990822123
2016-03-23,2016,-0.11382526334996927,-0.25906647091236135
2016-03-24,2016,-0.05859234239478127,-0.439303793269874
2016-03-25,2016,0.08116310639641958,-0.16680126410543172
2016-03-28,2016,0.18803744000986905,-0.841153219913815
2016-03-29,2016,0.2023483159325274,1.3889420761603155
2016-03-30,2016,0.18124853307164637,0.08916063106039207
2016-03-31,2016,0.16247651561991241,-0.9980754342851839
2016-04-01,2016,0.046258205985954745,-1.666175765661182
2016-04-06,2016,-0.029664815566188975,-0.27075282205489826
2016-04-07,2016,0.01791799620354976,0.6036335796943515
2016-04-08,2016,0.004236882750788583,0.24691213487093577
2016-04-11,2016,0.040439351111884715,-0.3668282610752138
2016-04-12,2016,-0.0841489170750321,1.4171544850770879
2016-04-13,2016,0.0447238093043653,0.18065020203232862
2016-04-14,2016,-0.0760812064355905,0.3770315342806807
2016-04-15,2016,-0.008913066703638072,-0.3951546999617195
2016-04-18,2016,-0.1132688432717053,-0.3726051550829168
2016-04-19,2016,0.020352105409412936,-1.381096445101293
2016-04-20,2016,-0.040112454365205934,0.6362103146639653
2016-04-21,2016,0.0014552087426539877,-0.3839577996533783
2016-04-22,2016,-0.11652548651788266,0.2873795507131849
2016-04-25,2016,-0.019667766499579957,0.24870681800126526
2016-04-26,2016,-0.015220007753704695,-0.21581132589957308
2016-04-27,2016,0.1046513660369042,-1.0414513520299207
2016-04-28,2016,0.010343249773141511,-1.1325403859157812
2016-04-29,2016,-0.04421752214700133,-1.0000119361653792
2016-05-03,2016,-0.04823381789209718,-1.3099641673860574
2016-05-04,2016,-0.057843007935422665,-0.21391563343339248
2016-05-05,2016,-0.09378933899077437,-0.2635909088683053
2016-05-06,2016,-0.13617426289599915,-0.17921960908030554
2016-05-09,2016,-0.05183515835906165,0.3007933023685849
2016-05-10,2016,-0.03417381286016724,-0.2541596730866513
2016-05-11,2016,-0.07385439353475975,-0.338145130759282
2016-05-12,2016,-0.058660453977280015,-0.670444804854442
2016-05-13,2016,-0.07290130169341144,0.1727158606800172
2016-05-16,2016,-0.10411531612110222,0.9033665526302581
2016-05-17,2016,0.031490921801195074,0.23585832776447102
2016-05-18,2016,-0.07841439150202134,-0.7806678693282221
2016-05-19,2016,-0.24417837321358854,0.435771827499587
2016-05-20,2016,-0.10285085544184847,2.62173390101903
2016-05-23,2016,0.02303826266041712,-0.5246607321761632
2016-05-24,2016,-0.19279306330886192,1.1509928126197222
2016-05-25,2016,-0.03037870753397079,-0.024773111645748358
2016-05-26,2016,0.011861554788291487,0.8278413937375273
2016-05-27,2016,0.03227766132473262,0.8537727990774568
2016-05-30,2016,0.04764560309536022,-0.003280274887040857
2016-05-31,2016,-0.04105469823589435,0.721332678818909
2016-06-01,2016,-0.18201629062180125,-0.47853011924867683
2016-06-02,2016,-0.12707413147740537,0.3662918038994878
2016-06-03,2016,-0.04106331659875871,0.04902554452124175
2016-06-04,2016,-0.11991697917481485,0.06448181182252544
2016-06-06,2016,-0.12013776307994703,0.9629980307335639
2016-06-07,2016,-0.01386755484830055,0.40991255659628134
2016-06-08,2016,-0.07521217434770372,-2.056800084447441
2016-06-13,2016,-0.2274603637865059,0.46742000557624674
2016-06-14,2016,0.11271393952833267,0.3527236092778496
2016-06-15,2016,-0.013942344854419636,-1.3040341049710968
2016-06-16,2016,-0.008378421935373626,0.8704824737995942
2016-06-17,2016,0.13274646012457728,0.6750637248951863
2016-06-20,2016,-0.057835916721124446,0.6831735049710685
2016-06-21,2016,0.1404926967636219,0.36154913441222014
2016-06-22,2016,0.03448387209841247,-0.4539796357378445
2016-06-23,2016,0.05995081137120488,-2.301456317393291
2016-06-24,2016,0.13015323173558407,-0.2137551182672004
2016-06-27,2016,-0.07369321751241682,0.551373883272821
2016-06-28,2016,0.024710408949746427,0.9529117007680776
2016-06-29,2016,0.14987830285239925,0.9319215145529913
2016-06-30,2016,0.18975611259921227,0.8268544223903662
2016-07-01,2016,-0.0371649902214854,0.25565788991834815
2016-07-04,2016,0.03460523091929955,-0.5080713834015538
2016-07-05,2016,-0.09319222806223823,-1.6098998745994408
2016-07-06,2016,-0.26902420500060137,0.7598169256333165
2016-07-07,2016,0.001334995863676025,1.6845447991010065
2016-07-11,2016,-0.12563925707422752,0.6258486058678736
2016-07-12,2016,-0.09705129639304405,0.18424558839831295
2016-07-13,2016,-0.004791810461215541,0.0972030143095104
2016-07-14,2016,-0.02654968616250562,0.9416491096684521
2016-07-15,2016,-0.051328909788050735,0.6520779677871458
2016-07-18,2016,-0.11379500987139413,0.2959522480048937
2016-07-19,2016,-0.10287391921730657,-0.3009451159784349
2016-07-20,2016,-0.1281217402309894,0.5426480514405307
2016-07-21,2016,-0.038273387404754486,-0.47943148391883517
2016-07-22,2016,-0.10253234234090898,-0.23820777220812106
2016-07-25,2016,-0.14778425977682413,0.3683409199848331
2016-07-26,2016,-0.08602550081466823,0.4277107832979965
2016-07-27,2016,-0.042757285744385545,0.14619253943612964
2016-07-28,2016,-0.1318598276467632,-1.0161249096581892
2016-07-29,2016,-0.09837304045507558,1.0718566939843521
2016-08-01,2016,-0.05693945626444262,-0.13159763939162294
2016-08-02,2016,-0.18086180979784436,-0.7393513556429032
2016-08-03,2016,-0.18874635561158867,0.25550700922380987
2016-08-04,2016,-0.17180697843110962,0.746949209448311
2016-08-05,2016,-0.07501689138820451,0.6394548246173581
2016-08-08,2016,-0.0763175103496138,0.052676098821224926
2016-08-09,2016,-0.11535247721854107,0.495244170449638
2016-08-10,2016,-0.07281199009848485,-0.7455094441340737
2016-08-11,2016,-0.07810486040847542,0.20324513268423772
2016-08-12,2016,0.010712845903582877,-0.02054557237449739
2016-08-15,2016,-0.1193887399498889,-0.4170077968980723
2016-08-16,2016,-0.07393590766731949,0.08056761752555097
2016-08-17,2016,0.012011453106744632,0.05264485561051746
2016-08-18,2016,0.037060792932332366,-0.9671690874212047
2016-08-19,2016,-0.05366233682602735,-0.5806777968779042
2016-08-22,2016,-0.06866730997011782,0.5468830892659815
2016-08-23,2016,0.08674142740717804,-0.15003991836943786
2016-08-24,2016,0.039987489305482,1.0877882489148671
2016-08-25,2016,0.05516581682645294,0.1782683723384526
2016-08-26,2016,0.03590111774423254,-0.2359905910387039
2016-08-29,2016,-0.05790764736138221,0.004280929993605298
2016-08-30,2016,0.0671607592645603,-0.4578203754763588
2016-08-31,2016,-0.08597950895808318,-0.7465114099362236
2016-09-01,2016,-0.0628375797069698,-0.15109180493604324
2016-09-02,2016,-0.053989552756186665,1.1413566544831388
2016-09-05,2016,-0.0546665811038076,1.0090064718546454
2016-09-06,2016,-0.00019176988977568903,0.8410069866094494
2016-09-07,2016,-0.022020240847674784,0.041256843289882994
2016-09-08,2016,-0.0632961245227304,-1.0580931005334193
2016-09-09,2016,-0.17737155487466885,-1.2132182854548978
2016-09-10,2016,-0.013679859363800662,-1.177751833782703
2016-09-12,2016,-0.02040195949546069,-0.06963181201422586
2016-09-13,2016,0.1698920649087585,-0.4309443306717675
2016-09-14,2016,-0.034153215298438,2.8147782033856483
2016-09-19,2016,0.05818013234334357,0.09505204919109111
2016-09-20,2016,-0.015664294384562315,0.7304416923718415
2016-09-21,2016,0.0588287123723627,0.0732513409546609
2016-09-22,2016,-0.03480806200390183,0.5344733120670186
2016-09-23,2016,0.004845684626424464,-0.9704220528142238
2016-09-26,2016,-0.14066622809315926,0.8307122068362371
2016-09-29,2016,0.058253479843078645,-1.1223290079711679
2016-09-30,2016,-0.10635412124926791,0.7347125784757047
2016-10-03,2016,0.007527687929751248,0.5801260531502317
2016-10-04,2016,-0.12877058619145174,-0.16677846242961758
2016-10-05,2016,-0.15796875659245654,0.12974155223957062
2016-10-06,2016,0.001118027918378179,-0.19926090361049864
2016-10-07,2016,-0.21217066679542715,-0.4963408487762999
2016-10-11,2016,0.04683734264831574,0.35553839445889857
2016-10-12,2016,-0.06780767674601187,-0.36130384972873353
2016-10-13,2016,-0.08423581939668544,-0.5857360261281697
2016-10-14,2016,0.11708451187669888,0.1205651395445928
2016-10-17,2016,0.1310276057814253,0.5052189245680738
2016-10-18,2016,0.0704412354861483,0.665865733883586
2016-10-19,2016,0.14040490557485472,0.35814342755646766
2016-10-20,2016,0.09834776098827644,-0.11451889186068209
2016-10-21,2016,-0.09652425912679133,0.17116939968215839
2016-10-24,2016,-0.038230805119281334,0.6773934030571249
2016-10-25,2016,0.08713532087979245,-0.2493167761422943
2016-10-26,2016,-0.06107466065137984,-0.6697108066971214
2016-10-27,2016,0.04478138071511083,0.07925114656086585
2016-10-28,2016,0.07997820819381182,-0.18051084569330467
2016-10-31,2016,0.045779223344763184,-0.18751103322669493
2016-11-01,2016,-0.005425439078456862,-1.4414356120655225
2016-11-02,2016,-0.012081460501929835,-0.7853122428614023
2016-11-03,2016,0.1489533011666579,0.009705236526524885
2016-11-04,2016,0.14315583466726617,1.3419495707503781
2016-11-07,2016,0.13069366946377042,0.30022285480486577
2016-11-08,2016,0.16141444072952563,-2.9751243025441965
2016-11-09,2016,0.21270302839496943,2.336747472940326
2016-11-10,2016,0.13339607613362717,-2.124302625166896
2016-11-11,2016,0.11762945795002763,-0.19379844961241455
2016-11-14,2016,-0.010681853192181592,-0.10480515413179292
2016-11-15,2016,-0.12842474778651183,0.3492318355217572
2016-11-16,2016,-0.03857559246421441,0.36865865823423327
2016-11-17,2016,-0.04817428241461008,0.1504125506099907
2016-11-18,2016,-0.06936515940455293,0.3587607214731392
2016-11-21,2016,-0.1265351768253578,1.0206711344071584
2016-11-22,2016,0.03291229662421154,0.49094585909503774
2016-11-23,2016,0.010174097230787557,-0.28458646165980817
2016-11-24,2016,-0.13253351213521566,0.07604803701004581
2016-11-25,2016,-0.06535597843908492,0.6896988449700769
2016-11-28,2016,0.05055190483811349,-0.32378250837107325
2016-11-29,2016,-0.06258130707102678,0.5257615546789829
2016-11-30,2016,0.035901076635900156,0.24695072131903917
2016-12-01,2016,-0.1509343687907236,-0.7992633477734823
2016-12-02,2016,-0.21533286669424098,-0.31372796531690117
2016-12-05,2016,-0.11651295440201667,0.9836627491905725
2016-12-06,2016,0.03646051045569271,0.1418260317789688
2016-12-07,2016,-0.1030537971708243,1.2086715191998332
2016-12-08,2016,0.004592562531483804,0.17939687665984305
2016-12-09,2016,-0.1548520881891101,-0.45503519762197797
2016-12-12,2016,-0.06394451232625405,0.3443872367095313
2016-12-13,2016,-0.04071610887782966,-0.14516943895528378
2016-12-14,2016,-0.02099662755047852,-0.0872069441064327
2016-12-15,2016,-0.043899625268045916,-0.3586404354537942
2016-12-16,2016,-0.006425095969234925,-0.9377298488867591
2016-12-19,2016,0.09141776013810479,0.033444019689765625
2016-12-20,2016,0.1686168794253013,-0.4127711278768209
2016-12-21,2016,0.12472322982439321,-0.9290263421502631
2016-12-22,2016,0.06107003283273722,-0.43986291980809833
2016-12-23,2016,0.13274151770849557,0.3513742146400878
2016-12-26,2016,0.20148940740759264,-0.013939898183867871
2016-12-27,2016,0.13077857418375768,1.011387301068023
2016-12-28,2016,0.21954625026513472,-0.5250287999652214
2016-12-29,2016,-0.005781699218345342,1.097006584661564
2016-12-30,2016,0.1029500744727611,0.20943426811474986
2017-01-03,2017,-0.08592744431852438,0.15184063635029776
2017-01-04,2017,-0.1671771023469753,0.7664510238011069
2017-01-05,2017,-0.026002642307872116,0.15045724898323787
2017-01-06,2017,-0.05682048950378282,-0.31796095268783464
2017-01-09,2017,-0.09297607083924021,0.07728190340403618
2017-01-10,2017,-0.023453446510077747,-0.04171283600223896
2017-01-11,2017,0.0844429875717449,0.6895120129599253
2017-01-12,2017,0.03506175980666078,-0.33314984410500736
2017-01-13,2017,0.030400765882868934,-0.9222898805074875
2017-01-16,2017,0.07864581613666174,0.6693692539976537
2017-01-17,2017,0.14557048161431166,-0.13426649976002736
2017-01-18,2017,-0.01253406742315164,-0.2552994710965484
2017-01-19,2017,0.012916694078315236,0.14316192536689698
2017-01-20,2017,-0.0015519307522477751,0.9922348699989092
2017-01-23,2017,0.13653269333437676,0.2536064643120728
2017-01-24,2017,0.13844462318584538,-0.2008901401891583
2017-02-02,2017,0.027789797864254263,0.2820032304694964
2017-02-03,2017,-0.15695540971225147,0.8719737382027137
2017-02-06,2017,-0.02104430029319197,0.17351627855286544
2017-02-07,2017,-0.08441247727148642,-0.11837279791010458
2017-02-08,2017,-0.13638914585781606,0.49176119246587824
2017-02-09,2017,-0.03802241593014545,0.7863251784637981
2017-02-10,2017,-0.10505101257754457,0.46277568156729565
2017-02-13,2017,-0.04978760375204107,0.08712380230517791
2017-02-14,2017,-0.04240355880940484,0.8332321546531407
2017-02-15,2017,0.025019709861415662,-0.29092549205287366
2017-02-16,2017,-0.05355441898750142,-0.11758986823589002
2017-02-17,2017,-0.04744543448777415,0.20656245645385152
2017-02-18,2017,-0.015388481942693774,-0.27321286881691886
2017-02-20,2017,-0.02587490893804415,0.11001517450681675
2017-02-21,2017,0.0966743135929198,0.1520903980262167
2017-02-22,2017,0.006630083901469253,-0.09684234638678291
2017-02-23,2017,0.015505145514657237,-0.19284882965122652
2017-02-24,2017,0.09041853772404554,-0.7762702720996884
2017-03-01,2017,-0.024336896318073904,0.17592131293939772
2017-03-02,2017,0.0660738748786677,-0.4497616541818905
2017-03-03,2017,-0.014457217220319733,0.3567501121969796
2017-03-06,2017,0.08232447019404028,0.5725717083065351
2017-03-07,2017,-0.004603994181754637,0.15793683964071548
2017-03-08,2017,-0.04389404543050211,-0.9723738779611302
2017-03-09,2017,-0.18435001860332817,-0.31805818849711676
2017-03-10,2017,-0.09141652129769774,0.7213418516414327
2017-03-13,2017,0.02403223139190073,0.4833284178960229
2017-03-14,2017,0.03762227289522875,-0.04002376796066187
2017-03-15,2017,-0.042301864285914925,1.0012001671404702
2017-03-16,2017,0.040753440818975965,0.7202807936303124
2017-03-17,2017,-0.05096922494227901,0.04319440814071207
2017-03-20,2017,-0.052697846913492705,0.6004255031539563
2017-03-21,2017,-0.0625379455212011,-0.4996746048379075
2017-03-22,2017,-0.09743707484507101,0.08142977790228656
2017-03-23,2017,0.039857712796858825,-0.27953606679864684
2017-03-24,2017,0.10407035539757767,-0.26466780706412285
2017-03-27,2017,0.17386502660919892,-0.0032399256032045187
2017-03-28,2017,0.18097825077524896,-0.20452693022291468
2017-03-29,2017,0.09120276009306147,-0.08218135700698292
2017-03-30,2017,0.13049965864461052,-0.37194803084842354
2017-03-31,2017,0.011288082918239881,1.4061022145396285
2017-04-05,2017,0.008576637889310977,-0.5194241307083458
2017-04-06,2017,-0.1314247624460424,-0.24682252621792689
2017-04-07,2017,-0.01615560327626853,0.09287608992674112
2017-04-10,2017,-0.10105514253770731,-0.507157066907904
2017-04-11,2017,-0.028282791481820568,-0.14991222913585123
2017-04-12,2017,-0.017298444913819263,0.19352840997057807
2017-04-13,2017,-0.03117929382293405,-1.0547257814628508
2017-04-14,2017,-0.059295441468195154,-0.1698358048398685
2017-04-17,2017,-0.01187234445939876,0.3104030299287741
2017-04-18,2017,0.04026889765423035,-1.0939244205134813
2017-04-19,2017,-0.09501607759708157,-0.07520793697886052
2017-04-20,2017,0.003657864673434777,0.879505101897804
2017-04-21,2017,0.06985796883582024,0.005557036288483808
2017-04-24,2017,-0.05753983648016821,1.2735196209076927
2017-04-25,2017,0.11295519427355653,0.14977072073858455
2017-04-26,2017,0.09082942050804958,0.04230732160159789
2017-04-27,2017,0.024540131138782947,0.11540856457301629
2017-04-28,2017,0.09863485523674428,0.7016815235008078
2017-05-02,2017,0.06105953929463389,0.1414306220432593
2017-05-03,2017,-0.0822253420928111,0.12365235507010297
2017-05-04,2017,-0.09596624947639873,-0.6791978843537549
2017-05-05,2017,-0.12434426076830399,0.3768709709351725
2017-05-08,2017,0.00923600500165794,-0.21907469370299193
2017-05-09,2017,-0.08916920707344721,0.5329041054996875
2017-05-10,2017,-0.11448399038382048,0.3326538473885199
2017-05-11,2017,-0.05392247312380297,-0.14657830641064962
2017-05-12,2017,-0.05286830234620336,0.5006598697082865
2017-05-15,2017,-0.05102329331408778,-0.05310446934387869
2017-05-16,2017,-0.08918995710881357,-0.17764060971998674
2017-05-17,2017,-0.12802548691324986,-0.441596337806216
2017-05-18,2017,-0.16069348790541693,-0.21896895014268392
2017-05-19,2017,-0.10570576335669372,0.499013834464912
2017-05-22,2017,0.023203752727046813,0.10582899714521865
2017-05-23,2017,0.038564870549620156,0.36551343746502596
2017-05-24,2017,-0.02598076448450646,0.6378665965780073
2017-05-25,2017,0.07372984936650147,-0.0646980904170591
2017-05-26,2017,0.03379744832955513,-0.6061206004781439
2017-05-31,2017,-0.02552620500599436,0.46510608800962583
2017-06-01,2017,0.008790667375055555,0.645457411310324
2017-06-02,2017,-0.028029441879090004,0.05535566011622972
2017-06-03,2017,-0.04396478844412475,0.6762058051909214
2017-06-05,2017,-0.009988886906065017,-0.20201743647109138
2017-06-06,2017,-0.14563125824444262,0.037330323392281706
2017-06-07,2017,-0.07607261675948282,0.15465245313659448
2017-06-08,2017,-0.015445127226638603,-0.2555306294483306
2017-06-09,2017,-0.05932921825364792,-0.8793438990553626
2017-06-12,2017,-0.07599604584624872,0.17992158228123944
2017-06-13,2017,-0.004059936669139369,-0.549853625785568
2017-06-14,2017,0.0422455298310402,0.15775689354935452
2017-06-15,2017,-0.013887308526474434,0.6778115350875025
2017-06-16,2017,-0.06018236713821853,0.9242147817260182
2017-06-19,2017,0.022001535351858927,0.7205431877158386
2017-06-20,2017,0.024407111171057105,0.24466170627810424
2017-06-21,2017,-0.047344622371454134,0.47672787283135065
2017-06-22,2017,0.03658187624819411,-0.2054031806720924
2017-06-23,2017,-0.08458664912609856,1.313007699201152
2017-06-26,2017,0.1274183237177376,-0.018071211988623936
2017-06-27,2017,0.0636401067896257,-1.155910449521791
2017-06-28,2017,0.013726269984067046,0.2993104311128869
2017-06-29,2017,0.12173078244971328,-0.2550459860003018
2017-06-30,2017,0.053510762615632146,0.17046542255128028
2017-07-03,2017,0.04846812063001579,-0.6243283500387498
2017-07-04,2017,-0.09374032255881497,0.5509394285537539
2017-07-05,2017,-0.10248701125531715,-0.35166495431431244
2017-07-06,2017,0.023226195929201665,-0.6843039293223607
2017-07-07,2017,0.0031078455807126053,-0.07128116730195089
2017-07-10,2017,-0.03635831993425594,1.2211962981211633
2017-07-11,2017,0.08008630449016307,0.04906116515948078
2017-07-12,2017,0.022616404685787912,0.37876606900892895
2017-07-13,2017,0.015949653186627298,-0.15525589977198884
2017-07-14,2017,-0.0896973035217979,0.13050667805449834
2017-07-17,2017,-0.005665704161214343,0.226821986815251
2017-07-18,2017,-0.005384558687237638,0.23699440716096198
2017-07-19,2017,-0.026869947198588363,-0.06415320623256449
2017-07-20,2017,-0.04323144035172284,-0.5967982810380801
2017-07-21,2017,-0.02635506540681612,0.23551505744152657
2017-07-24,2017,0.07239067827411391,0.017875441628545374
2017-07-25,2017,0.021483754799435956,-0.4209057501803892
2017-07-26,2017,0.03061939810258793,0.8566950536082363
2017-07-27,2017,0.12337299268944321,-0.8119242089877021
2017-07-28,2017,-0.06046690812312313,0.04106283669367272
2017-07-31,2017,-0.0009916222175915806,0.09551821990865239
2017-08-01,2017,-0.005911766828708897,0.785452928873287
2017-08-02,2017,0.0030682194075110727,-0.4695192727252051
2017-08-03,2017,-0.08239349289537576,0.3503383037819052
2017-08-04,2017,-0.1371299978808322,0.693090792799933
2017-08-07,2017,-0.06637388335357483,-0.09839896099771428
2017-08-08,2017,0.034159912485000055,-0.9328250529616389
2017-08-09,2017,0.005001934493177018,-1.3432177246671007
2017-08-10,2017,0.05730930995502812,-0.0016457335809016982
2017-08-11,2017,-0.0158250746156642,-1.0096257637055461
2017-08-14,2017,0.08490774914100066,0.8398792013519341
2017-08-15,2017,0.11398959795394008,-0.20143223458854997
2017-08-16,2017,-0.05775388862539671,0.7675122128510292
2017-08-17,2017,0.11687619231532476,-0.46328754784524806
2017-08-18,2017,-0.12257410472220083,0.049024689647558795
2017-08-21,2017,0.07522616874224208,0.6360402812599641
2017-08-22,2017,0.07414798943647544,0.14183892140833265
2017-08-23,2017,-0.009542066281881608,0.7893869495070982
2017-08-24,2017,-0.06264442217397596,0.25312328390993954
2017-08-25,2017,0.025813144627564445,0.09956721072015284
2017-08-28,2017,0.041688511830159994,-0.27940391298482137
2017-08-29,2017,0.03794995383199693,0.693845703882312
2017-08-30,2017,0.07798013893554674,0.15497568452325083
2017-08-31,2017,0.05156460083211841,0.08539758052783508
2017-09-01,2017,0.01726648904580974,-0.23549243875780057
2017-09-04,2017,0.00377259033329162,0.45383718058973344
2017-09-05,2017,0.09330736367173216,-0.6590794361188257
2017-09-06,2017,0.012663968227565565,-0.08864357319873228
2017-09-07,2017,0.12731276972072986,0.677894692893033
2017-09-08,2017,0.08905714992287003,-0.3561750997884139
2017-09-11,2017,0.02432607948531955,0.3612317634239304
2017-09-12,2017,0.09517136359487753,-0.7301361406551243
2017-09-13,2017,0.0891249826552984,0.19643250469008056
2017-09-14,2017,-0.00425030168094379,0.25432152342761416
2017-09-15,2017,0.08349064292407664,0.48353513710717166
2017-09-18,2017,0.140148627317311,-0.5213717259069051
2017-09-19,2017,0.03827247123650166,-0.5386653353680937
2017-09-20,2017,0.044178588124856547,0.5634474963328806
2017-09-21,2017,0.019696927004055047,-1.217192705162573
2017-09-22,2017,0.02604845851386855,-1.0889328668437726
2017-09-25,2017,0.18479547636356014,-0.7630692664105321
2017-09-26,2017,0.06325505219086834,0.6791446248520572
2017-09-27,2017,0.18693962359245325,-0.2927368718697587
2017-09-28,2017,0.164669309539265,0.3252577344618812
2017-09-29,2017,0.24559867580941108,0.5227523102747877
2017-09-30,2017,0.18995396482216134,0.7821693884979997
2017-10-02,2017,0.06431632024170983,0.040037610509546795
2017-10-03,2017,-0.09433483543522218,0.4672687416124255
2017-10-05,2017,-0.023250239614505695,0.13823566042703295
2017-10-06,2017,-0.023956707224179103,1.0289751737665442
2017-10-11,2017,0.073467216908873,0.6601705260407931
2017-10-12,2017,0.050235581592180625,0.11809803350435466
2017-10-13,2017,-0.05541366904070934,0.4673590020225493
2017-10-16,2017,0.019502489332146527,-0.473909456006516
2017-10-17,2017,-0.07397236003964973,-0.02676452348422398
2017-10-18,2017,-0.06323720808789945,0.3732178637125161
2017-10-19,2017,0.02536972702986926,-0.2919066307692564
2017-10-20,2017,0.008744391024085097,0.058999634631007325
2017-10-23,2017,0.003839296925620074,0.07983076250954735
2017-10-24,2017,0.03344834948075978,0.06319935814023125
2017-10-25,2017,0.06836444206046632,-0.14706196973741648
2017-10-26,2017,0.057844437170242194,-0.23894339510152074
2017-10-27,2017,0.03683357143392448,0.44597543586721855
2017-10-30,2017,0.13122738896327185,0.3433154811762096
2017-10-31,2017,0.027091225938229345,0.11636309733367156
2017-11-01,2017,-0.005367478882804451,-0.16518050481383328
2017-11-02,2017,-0.08385752960578766,0.11363941823292478
2017-11-03,2017,-0.03562573166876342,-0.13499037568617256
2017-11-06,2017,-0.12410313927984182,0.5020308375802696
2017-11-07,2017,-0.06092828524011272,-0.1969495421730305
2017-11-08,2017,-0.19130329226502082,-0.6998804879198461
2017-11-09,2017,-0.10042786833967095,-0.09866642093143696
2017-11-10,2017,-0.09417289588211128,-0.45422061798229274
2017-11-13,2017,0.056091717770357985,0.030513144987986962
2017-11-14,2017,0.0981843402397852,-0.5289515101270958
2017-11-15,2017,-0.03089685226802083,-0.05277193774603228
2017-11-16,2017,-0.09059896973543054,0.7209384623493076
2017-11-17,2017,0.11050287458707113,-0.3465823929790224
2017-11-20,2017,-0.004338814950242897,1.0754321560684676
2017-11-21,2017,0.03641642978064395,0.4021619334943827
2017-11-22,2017,0.07333358243601516,0.2954930381729337
2017-11-23,2017,-0.032916546637824534,-0.00442210055303649
2017-11-24,2017,-0.05723957135000688,-0.9504251392792984
2017-11-27,2017,0.11279360782897303,-0.4079647063091385
2017-11-28,2017,0.14753220978084683,0.060520758713633604
2017-11-29,2017,0.131038613789273,-1.4291247999029144
2017-11-30,2017,0.14029265762522589,0.37810924544809943
2017-12-01,2017,0.14609657658363354,0.4786625372510622
2017-12-04,2017,0.1447353781306676,-0.791091257155363
2017-12-05,2017,0.0730744415642847,-1.6365331200878241
2017-12-06,2017,0.08723322720341523,-0.3671377112773655
2017-12-07,2017,0.10593945473448194,0.41387594923019133
2017-12-08,2017,0.195221481294967,0.7161527202647955
2017-12-11,2017,0.1674803969208552,-0.28463423879675487
2017-12-12,2017,0.09838235105910258,0.2625611876728495
2017-12-13,2017,0.025808924819050266,0.6428414528159454
2017-12-14,2017,0.05215333853519637,-0.44192404448277767
2017-12-15,2017,-0.08543832905558384,0.14373622686685295
2017-12-18,2017,0.053302180630077745,-0.3729112969851123
2017-12-19,2017,0.07990113463806377,0.3552000794853294
2017-12-20,2017,0.07271070851888915,-0.1480315140530042
2017-12-21,2017,0.0805416104580698,0.46048372719151853
2017-12-22,2017,0.10541108477948644,-0.14026403423278433
2017-12-25,2017,0.008100465919962187,-0.9558574063743497
2017-12-26,2017,0.14323720250450878,0.6213832205421044
2017-12-27,2017,0.1529978173273479,0.7721230857841377
2017-12-28,2017,0.06521080421637507,0.7117956327051367
2017-12-29,2017,0.07829524366228335,0.6377045267907278
2018-01-02,2018,0.011106392749185668,0.8481214632429346
2018-01-03,2018,0.08838095342430542,0.43567740615484407
2018-01-04,2018,0.038007387833692875,0.28731738477576485
2018-01-05,2018,-0.02237185953566307,0.33042886817773454
2018-01-08,2018,0.012145439375768851,-0.007878524150883859
2018-01-09,2018,-0.11780613887065486,-0.7677585390232888
2018-01-10,2018,-0.07058227714403972,-0.19416328365843283
2018-01-11,2018,-0.0017612722589704245,0.6836224775810695
2018-01-12,2018,0.029081618883453043,0.6647396719576371
2018-01-15,2018,0.0068014020544963335,0.2719893832868969
2018-01-16,2018,-0.037000842639365025,0.17012391101125512
2018-01-17,2018,-0.026807058852362085,0.606735242803147
2018-01-18,2018,0.04428513516799202,0.716068272160153
2018-01-19,2018,-0.038821945580183856,0.722904531941504
2018-01-22,2018,0.0004734092615162718,0.1927621164123039
2018-01-23,2018,0.04424816295582858,-0.8970853390751654
2018-01-24,2018,0.03419859120471096,0.12365317570768308
2018-01-25,2018,0.023932792209616166,-0.16881680466059867
2018-01-26,2018,0.04843187981427173,0.6702191601402951
2018-01-29,2018,0.10482321128176171,-1.2923940077402718
2018-01-30,2018,0.04447589202756368,0.24384342742205245
2018-01-31,2018,0.11701600905624657,0.5084750342000177
2018-02-01,2018,0.10609172995382499,-0.30483188100625114
2018-02-02,2018,0.04409863884011951,-1.6176189059546653
2018-02-05,2018,-0.01387370216732737,-4.953751284686536
2018-02-06,2018,0.12278191363942478,1.4181084198385374
2018-02-07,2018,0.28802308831454854,-0.2181672059244466
2018-02-08,2018,0.08145560583564133,-1.4890032027293554
2018-02-09,2018,0.2874177281638434,0.475715284305922
2018-02-12,2018,0.3653645085486277,2.8149646534095796
2018-02-21,2018,0.02038616710978256,-0.48588633657009606
2018-02-22,2018,0.037098524795298446,1.239591910999227
2018-02-23,2018,0.23194336097460075,0.39047482294307656
2018-02-26,2018,0.15859836102313377,-0.1959083484824875
2018-02-27,2018,0.2115589658046028,-0.2744217310944319
2018-03-01,2018,0.12137006573230687,-0.8123651582313429
2018-03-02,2018,0.08577199042976073,-0.516630414360586
2018-03-05,2018,0.15523783923325896,1.3289610914318573
2018-03-06,2018,0.19059128493307753,-0.3618209366544445
2018-03-07,2018,0.1512706427312161,0.7251529037757942
2018-03-08,2018,0.10202711899790647,0.384173315938674
2018-03-09,2018,0.012013005450570113,1.263527605611503
2018-03-12,2018,0.06115332482738719,0.850110433462703
2018-03-13,2018,-0.02361262192343204,-0.5121836254453282
2018-03-14,2018,-0.08957803514023396,-0.1843497481610168
2018-03-15,2018,-0.08075865418086112,0.08395010187458585
2018-03-16,2018,-0.01668246112245896,0.17410702140971956
2018-03-19,2018,0.04286149821027381,-0.32642641827118624
2018-03-20,2018,0.14745060713999647,0.0020888506235605675
2018-03-21,2018,0.13311910746339597,-0.04749765463301081
2018-03-22,2018,0.18005567980584242,-1.6583014108873084
2018-03-23,2018,0.15611899079403263,0.15448110701603568
2018-03-26,2018,0.1271630116089791,1.3536837929714496
2018-03-27,2018,0.24804542841887342,-1.1025058274527932
2018-03-28,2018,0.12850067310921126,-0.18167327157301294
2018-03-29,2018,0.09121109950411142,0.555969433667225
2018-03-30,2018,0.22083670964018975,0.12167368712532323
2018-03-31,2018,0.19500333352510063,-0.28591078887383325
2018-04-02,2018,0.17897531672430753,-0.6129532056056597
2018-04-03,2018,0.041732880539668796,0.6653402984605705
2018-04-09,2018,0.012346695234711458,0.30889895194670114
2018-04-10,2018,0.040156135712554435,0.4286558837687249
2018-04-11,2018,0.06996453796691597,-0.17067583255725438
2018-04-12,2018,-0.05261276533111916,0.09219290406734526
2018-04-13,2018,-0.009784925900341947,-0.09885649302031618
2018-04-16,2018,-0.03201662454084732,-1.315435138823584
2018-04-17,2018,-0.041629955607491845,0.34633155881576005
2018-04-18,2018,0.12931910202286234,1.1369031212521419
2018-04-19,2018,0.1128205221321185,-1.7485749078042345
2018-04-20,2018,-0.16147180822209434,-0.7630308978809563
2018-04-23,2018,-0.10644610836102261,-1.0996407447604994
2018-04-24,2018,-0.07587645758938337,-0.18460229689494234
2018-04-25,2018,-0.02587887153591132,-0.6760435872450343
2018-04-26,2018,0.07581359959416503,0.6182915132458389
2018-04-27,2018,0.14436364042096553,0.9897256152738843
2018-04-30,2018,0.11663762399966035,-0.36658322292988377
2018-05-02,2018,-0.057989241513934156,-0.9853269810835563
2018-05-03,2018,-0.05507024260167407,0.1444715612629821
2018-05-04,2018,0.041520027224351094,0.7174218400531007
2018-05-07,2018,0.04192005574028718,0.8153770281878803
2018-05-08,2018,0.02743611591944365,0.11195935417132041
2018-05-09,2018,-0.06385626503765657,0.5312355477490538
2018-05-10,2018,0.016307315938745896,0.9179188882001421
2018-05-11,2018,0.09713153897257476,0.8602097066206849
2018-05-14,2018,0.015769983778258282,-0.7090689794647553
2018-05-15,2018,-0.009598558021833467,0.21002820299906855
2018-05-16,2018,-0.086472489747787,-0.5850845647240699
2018-05-17,2018,0.0731402482954491,-0.027414178391527155
2018-05-18,2018,0.11695526794134041,1.249764561197475
2018-05-21,2018,0.07187809382783887,-0.25049698163448486
2018-05-22,2018,0.08422974724841079,-0.4804031180950519
2018-05-23,2018,0.062195679812229863,0.4661874045808645
2018-05-24,2018,0.05694714399959212,0.049099701653010364
2018-05-25,2018,0.10124411755396698,0.41554335011835253
2018-05-28,2018,0.01655503442969928,-0.21523930697493476
2018-05-29,2018,0.021979050068435018,-1.3037982072432674
2018-05-30,2018,0.05728798787717214,0.4970811843820977
2018-05-31,2018,0.17855259228320328,0.6815657252992269
2018-06-01,2018,0.011908715774013732,1.4651459300690117
2018-06-04,2018,0.047006340575926175,-0.08452225572707084
2018-06-05,2018,0.023530376575835805,0.9163873150806578
2018-06-06,2018,0.06819189916841503,0.44564147108105967
2018-06-07,2018,0.07865636697584737,-0.8472459839580448
2018-06-08,2018,-0.056859130674908644,-0.06444719721918624
2018-06-11,2018,0.021770022817515566,-0.039823377937298066
2018-06-12,2018,0.017327312753057277,0.25500704813636865
2018-06-13,2018,0.07579445806550227,-1.4251052293834943
2018-06-14,2018,0.029934127483510743,0.6672429040183392
2018-06-15,2018,0.04392334129922702,-1.6530371671806043
2018-06-19,2018,0.022208315774759586,0.21322078943966094
2018-06-20,2018,0.02481941118354902,0.1247318676652398
2018-06-21,2018,0.11289590195629566,-0.38195532978034796
2018-06-22,2018,-0.0018368710514231573,-1.03511424607865
2018-06-25,2018,0.09957358193041045,-0.4106073725763548
2018-06-26,2018,0.1504736316104544,-0.3829766239037302
2018-06-27,2018,0.1441247022301207,-0.4368738336403166
2018-06-28,2018,0.049763874734675986,1.7141468029749474
2018-06-29,2018,0.25236067361323833,-0.5441588054159285
2018-07-02,2018,-0.048641223326641295,-0.5772902799607404
2018-07-03,2018,0.06437306442576099,0.05739231708183912
2018-07-04,2018,0.0035016467218525194,-1.0265000415039638
2018-07-05,2018,0.04483082611476792,-0.03053202045645298
2018-07-06,2018,0.06973832168111889,1.053016570565135
2018-07-09,2018,0.12140550955043561,0.34150227419431634
2018-07-10,2018,0.1219137836242818,-0.7441741990482309
2018-07-11,2018,0.1144086685721462,0.5763877701641995
2018-07-12,2018,-0.12203028429743368,1.1748513276676809
2018-07-13,2018,0.021294316714976023,-0.4334283826098462
2018-07-16,2018,-0.04087887949947958,-0.3555366560511142
2018-07-17,2018,-0.08393869606556689,0.5888306789411546
2018-07-18,2018,0.06165953204216092,-0.06529883439736484
2018-07-19,2018,0.08042913337150577,0.8927236515932302
2018-07-20,2018,0.1335184242405441,0.13519805417252506
2018-07-23,2018,0.057320310151512566,0.44304820821257085
2018-07-24,2018,0.08576069448850807,-0.2692037299268035
2018-07-25,2018,0.0700769421612665,0.4087256823265717
2018-07-26,2018,0.05009767557767144,0.5918836467734279
2018-07-27,2018,-0.030340080031240314,-0.38137268887609155
2018-07-30,2018,-0.049219015315659816,0.21724668601372787
2018-07-31,2018,0.003636805310177306,0.3673521434753191
2018-08-01,2018,0.013498498340670902,-1.5170123254998669
2018-08-02,2018,-0.03605955272475925,0.756283069085617
2018-08-03,2018,0.0072001334829854356,0.10597116167820886
2018-08-06,2018,0.06648659254994872,-0.3688282943732357
2018-08-07,2018,0.02214687233043417,0.8358947652101767
2018-08-08,2018,0.07744607894965476,-0.42599489853502037
2018-08-09,2018,-0.011105516151427252,-0.40251830102637776
2018-08-10,2018,-0.0527327352118442,-2.1373528726255753
2018-08-13,2018,-0.019129614388916506,0.7006285282614488
2018-08-14,2018,0.11640571911199264,-0.9929574667204899
2018-08-15,2018,0.007785242902141767,-0.3065294982154132
2018-08-16,2018,-0.01685343276383934,0.06608073830716155
2018-08-17,2018,0.06885299763241297,0.07567140836743924
2018-08-20,2018,0.135950638313244,0.8706380473032738
2018-08-21,2018,0.15233536600374722,0.11119141602269345
2018-08-22,2018,0.09519717508559855,0.5454360341348607
2018-08-23,2018,0.06829990950953442,-0.4950691007103769
2018-08-24,2018,-0.011334616817945158,0.8590710819799341
2018-08-27,2018,0.09900174919087629,0.8011219743519815
2018-08-28,2018,0.14758330955561733,1.0011328944315334
2018-08-29,2018,0.15460557895639684,-0.052434463677419885
2018-08-30,2018,0.1212828880780011,-0.2687098591549253
2018-08-31,2018,0.07707654720757615,-0.9013064062169618
2018-09-03,2018,-0.012540976106357443,0.521332114824391
2018-09-04,2018,0.01617672973364982,-0.23817344107543992
2018-09-05,2018,-0.0014084218780211866,-0.6441942932916667
2018-09-06,2018,0.06754182772156811,-0.707688364471859
2018-09-07,2018,0.07929445700515991,-1.1172684772457697
2018-09-10,2018,0.09283911826527483,0.24706781778516262
2018-09-11,2018,0.17083269419245203,-0.27649898161322684
2018-09-12,2018,0.14665204978572668,0.04345973026989025
2018-09-13,2018,0.19305539407594866,1.3135730286383263
2018-09-14,2018,0.18556886728118377,-0.3637236914504127
2018-09-17,2018,0.02742690705175866,-0.6316600191529798
2018-09-18,2018,0.094926368845963,0.9020270050491774
2018-09-19,2018,0.16415170755859892,-0.23818142129652387
2018-09-20,2018,0.09183762768073056,1.301769575706202
2018-09-21,2018,0.16675743424205877,0.058692666424242645
2018-09-25,2018,0.129550696661781,-0.04244524699763552
2018-09-26,2018,0.12248402435910374,0.5467373901855144
2018-09-27,2018,0.05425911356690072,-0.2523973214164421
2018-09-28,2018,0.04196450647920012,0.41303466910889153
2018-10-01,2018,0.05321944006802122,-1.1959137877992743
2018-10-02,2018,0.06239591878172995,-0.5099989651663916
2018-10-03,2018,0.1253161237674932,-1.3349668720556318
2018-10-04,2018,0.08265705078473166,-1.8825608200833788
2018-10-05,2018,0.13420487637108797,-0.581813272074494
2018-10-08,2018,0.11663673462154811,0.10424706362801572
2018-10-09,2018,0.07462350965347993,-6.312512957600336
2018-10-11,2018,0.12780072607352833,2.4443943622904474
2018-10-12,2018,0.23868569649307556,-1.4403019766449754
2018-10-15,2018,0.19767491689557642,0.8077874018292741
2018-10-16,2018,0.1590716763130005,-0.019637114145742984
2018-10-17,2018,0.12313418084937851,-0.2546311606010154
2018-10-18,2018,0.06722555118494451,-0.3463023409314814
2018-10-19,2018,0.0762338490538196,0.5546784739990818
2018-10-22,2018,0.21652911628764157,-1.9959335410676293
2018-10-23,2018,0.05822554169037558,-0.16163352156478572
2018-10-24,2018,0.1187842503684694,-2.4449248929237277
2018-10-25,2018,0.01101008837601836,-0.33201026385416554
2018-10-26,2018,0.24723213233255237,0.286009960818534
2018-10-29,2018,0.2537862148509903,0.10287590160904525
2018-10-30,2018,0.24395288555900918,2.897510106433776
2018-10-31,2018,0.22197630510729702,0.4347014373406566
2018-11-01,2018,0.1314296153469527,0.628254275887441
2018-11-02,2018,0.17806198919147948,-0.16938219912200347
2018-11-05,2018,0.04656553279222564,-0.6558265527851215
2018-11-06,2018,0.0508704380275448,0.8488592817266216
2018-11-07,2018,0.1087537263473151,0.37301871653705465
2018-11-08,2018,0.055483625102555514,-1.1593404328271273
2018-11-09,2018,-0.13992336415803683,0.0122075155569501
2018-11-12,2018,-0.038232852363939786,-0.5632063601530124
2018-11-13,2018,-0.10238035436016431,0.1640779718162122
2018-11-14,2018,0.004732676314664321,0.35314975265219317
2018-11-15,2018,-0.03254573760942426,-0.2988868829669977
2018-11-16,2018,0.09893743803120686,0.3225447556366223
2018-11-19,2018,0.13354709800050682,-0.8617628595469107
2018-11-20,2018,0.003520245484725701,-0.025348958691451262
2018-11-21,2018,-0.009530029501634965,-0.27521372434693436
2018-11-22,2018,0.1854093144279127,-0.4880228025334721
2018-11-23,2018,0.2325981681834392,1.0143473358642074
2018-11-26,2018,0.17272034801766992,0.1357860846912029
2018-11-27,2018,0.1706545276105258,1.0808273560072745
2018-11-28,2018,0.22191621425058913,0.010622896287149075
2018-11-29,2018,0.13559443699748447,0.02700963849571192
2018-11-30,2018,0.1061750091944218,2.5266913631936783
2018-12-03,2018,0.08555017270976688,-0.5359113896706069
2018-12-04,2018,0.045518010740073125,-1.6541809721586032
2018-12-05,2018,-0.024862355620416245,-2.3396801771550013
2018-12-06,2018,0.012761822962351534,0.7863934114770377
2018-12-07,2018,0.09100101413409897,-1.161165796526531
2018-12-10,2018,-0.1061094885016726,0.6167375310182743
2018-12-11,2018,-0.09669651578936429,1.1271201107649675
2018-12-12,2018,0.03916060182573735,0.43101121077375737
2018-12-13,2018,0.11694962598499084,-0.8581200881246809
2018-12-14,2018,0.037750563917956066,0.1367892483855382
2018-12-17,2018,0.014581727698896088,-0.7020157281765749
2018-12-18,2018,0.021032099176326802,0.662528990144895
2018-12-19,2018,0.09857325331199226,-1.110985044785906
2018-12-20,2018,-0.02681033693852881,0.022223324774772735
2018-12-21,2018,-0.04298902247305686,-0.3152944142974845
2018-12-22,2018,-0.1308600210846798,-0.06696965424582979
2018-12-24,2018,-0.04003154723845522,-1.1681898814278502
2018-12-25,2018,0.16620584647507877,-0.50487609542893
2018-12-26,2018,0.16697510124353582,1.7150561399474018
2018-12-27,2018,0.27086110360504767,0.8904160737474021
2018-12-28,2018,0.36102270975897494,-1.7812552364915302
2019-01-02,2019,0.08281878060763914,-0.646002675280033
2019-01-03,2019,-0.040686430941217655,-1.1578712277796388
2019-01-04,2019,-0.08673020394517414,2.2146525823047325
2019-01-07,2019,0.0993300064040241,-0.27840630637204766
2019-01-08,2019,-0.0038719021960070934,1.8268225354469037
2019-01-09,2019,0.18862075121772934,-0.18093488500570132
2019-01-10,2019,0.07759124119552875,0.3982227599069521
2019-01-11,2019,0.12861526027033315,-0.5244174846814387
2019-01-14,2019,0.035252433912703426,1.0075997453704355
2019-01-15,2019,0.07951435556819982,-0.43065294451176683
2019-01-16,2019,0.010881760749838779,0.2595298351770525
2019-01-17,2019,0.154408031043922,0.47920401669194757
2019-01-18,2019,0.13080053886991075,0.5422903072978436
2019-01-21,2019,0.12938222247146197,0.05318826217970418
2019-01-22,2019,0.11245250832827676,-0.4877378303044244
2019-01-23,2019,0.08114339007365667,0.3119922001949993
2019-01-24,2019,0.16999319131346624,0.9364065638566732
2019-01-25,2019,0.17152070809458458,0.43853270087796936
2019-01-28,2019,0.18053524073431085,-0.8163118562955596
2019-01-29,2019,0.13374118809108837,0.006746150414982388
2019-01-30,2019,0.2118319108527488,0.7248098620052268
2019-02-11,2019,0.10876147885798433,0.9345028362945706
2019-02-12,2019,0.049938846918480786,-0.07090695541774883
2019-02-13,2019,0.04013974594836835,-0.015559065980341735
2019-02-14,2019,0.04468131708555718,-0.2401623152321175
2019-02-15,2019,-0.009459045557631999,0.7998187739821416
2019-02-18,2019,0.13666993072508418,0.06880046681805307
2019-02-19,2019,0.13539554087907485,1.1839728296950458
2019-02-20,2019,0.11332228066339507,0.45821546153503867
2019-02-21,2019,0.07745163168364594,0.032850333300049606
2019-02-22,2019,0.05476775090737472,0.6588252161210173
2019-02-25,2019,0.1316410808980777,0.005966742149143833
2019-02-26,2019,0.06591861190724477,-0.02290322425431146
2019-02-27,2019,0.05209144766255523,-0.3781822802014112
2019-03-04,2019,-0.002623953332925737,-0.431116109558749
2019-03-05,2019,-0.07310155277247281,0.5035292656371482
2019-03-06,2019,0.005889821205299972,-0.4390203868824827
2019-03-07,2019,-0.04702246617005204,-0.6781630151439955
2019-03-08,2019,-0.16753433752702637,0.08328654770912713
2019-03-11,2019,0.025696099076350197,0.9077800801539082
2019-03-12,2019,0.10282535882001911,0.2899453077490399
2019-03-13,2019,0.034067035302956836,-0.23782164244426918
2019-03-14,2019,-0.011058164241551349,0.8753798804675084
2019-03-15,2019,0.012755894629915467,0.7036910732965307
2019-03-18,2019,0.05859783762385011,-0.00361467558287476
2019-03-19,2019,0.006031962829360405,0.37327630817936
2019-03-20,2019,0.009156706638270926,0.5495869805033582
2019-03-21,2019,0.038479975157044904,0.27823988764839047
2019-03-22,2019,-0.01070654994048828,-1.5000371273052981
2019-03-25,2019,-0.04030428932383202,0.7607247687862584
2019-03-26,2019,0.13102726107550144,-0.15626183801803473
2019-03-27,2019,0.11851285192543051,-0.0610849213199649
2019-03-28,2019,0.10220531103852384,0.9944705236962781
2019-03-29,2019,0.06834135383757463,0.014942148511787323
2019-04-01,2019,0.06665916595037333,0.4479155998094564
2019-04-02,2019,0.046295961089635296,0.13170818405470186
2019-04-03,2019,-0.002345671244299136,0.898604122798341
2019-04-08,2019,0.06772712756506775,0.4724750638160913
2019-04-09,2019,0.0011713257328844317,0.15241991964318746
2019-04-10,2019,-0.03941289515870702,-0.5462756276602865
2019-04-11,2019,-0.07845396496655965,-0.0321035603496167
2019-04-12,2019,-0.016581540150613833,0.6506066467381943
2019-04-15,2019,-0.0039614621523771975,0.4804332634521291
2019-04-16,2019,5.2367120617694e-06,0.635166112272767
2019-04-17,2019,0.07053339474235651,-0.3204434559153757
2019-04-18,2019,-0.020693958324696254,0.059113192641491175
2019-04-19,2019,0.010780893147428066,0.17513789488079468
2019-04-22,2019,-0.05041035656185298,0.34556791178508295
2019-04-23,2019,0.02041914851120417,0.01777668134754773
2019-04-24,2019,-0.024483277889079415,0.11081246758146701
2019-04-25,2019,-0.03028480765171656,-0.7915861251863832
2019-04-26,2019,0.004223210107830292,-0.12243813495951272
2019-04-29,2019,0.06753319568516877,0.26208833300118695
2019-04-30,2019,0.06769402522351511,0.33516507062081313
2019-05-02,2019,-0.04190453081716632,0.8342958192519623
2019-05-03,2019,0.01531171611269667,-1.7950127519984038
2019-05-06,2019,-0.035429936926504264,0.8260898292392627
2019-05-07,2019,-0.07028988189870944,-0.5773112930207547
2019-05-08,2019,-0.07116154031179904,-1.739701987694653
2019-05-09,2019,0.04596497190610631,-0.19266476424186774
2019-05-10,2019,0.048439369930230944,-1.4440412993944607
2019-05-13,2019,0.08649002650051779,-0.3697568450951927
2019-05-14,2019,0.09210313817141944,0.3941345628252879
2019-05-15,2019,0.14785529792288024,-0.8152860934539263
2019-05-16,2019,0.037879570673517195,-0.8639939816375009
2019-05-17,2019,-0.019297856370200935,0.13771040561010306
2019-05-20,2019,0.03087784064427771,0.6355779393195649
2019-05-21,2019,0.01498087542184533,-0.06956854125854672
2019-05-22,2019,0.026902189683056788,-1.423418461120629
2019-05-23,2019,-0.02932562918123169,0.19314401791941105
2019-05-24,2019,0.00634487954697886,0.05664060230743395
2019-05-27,2019,0.05120600392603043,-0.21114501172329048
2019-05-28,2019,0.09754832700574419,-0.10211097222638799
2019-05-29,2019,0.07706161209635538,0.788310369664269
2019-05-30,2019,0.15068117109772117,1.1123963328482533
2019-05-31,2019,0.19702293447227887,0.01504978334978535
2019-06-03,2019,-0.02489543547888833,-0.6757097809824031
2019-06-04,2019,-0.06706397228331283,0.311627443159157
2019-06-05,2019,0.004756049369638203,-0.5010696240161705
2019-06-06,2019,-0.10859064481305145,1.5108749951965539
2019-06-10,2019,0.0211039737974701,0.3907643706933417
2019-06-11,2019,0.03474841353309188,0.07447378145810646
2019-06-12,2019,0.0489619915692198,-0.5148054854808848
2019-06-13,2019,-0.21125817144940418,-0.34409587719356205
2019-06-14,2019,-0.01929535939705356,0.05577372022116389
2019-06-17,2019,-0.15746301616724395,0.34376204829000834
2019-06-18,2019,-0.027918344420333464,1.9741187916046066
2019-06-19,2019,0.10954396083102473,0.08974194781787848
2019-06-20,2019,0.08942268479535354,0.17394513310604598
2019-06-21,2019,0.0858170112346511,-0.22510660630501445
2019-06-24,2019,0.041855950062870295,-0.6747097486420994
2019-06-25,2019,0.131113167741275,-0.5059439305408198
2019-06-26,2019,0.06094985884223085,1.1391638621738531
2019-06-27,2019,0.1846942719823741,-0.399762388735736
2019-06-28,2019,0.1189762269050317,1.5341776917535688
2019-07-01,2019,0.08666026323381941,-0.2784646081945952
2019-07-02,2019,-0.04640883531792085,-1.1168767579189165
2019-07-03,2019,-0.06074583250817524,0.2990570349141741
2019-07-04,2019,0.029527281611102192,0.09122207889828982
2019-07-05,2019,0.01589359787631783,-0.31995979873407077
2019-07-08,2019,-0.1524688116560106,-0.4505535185774123
2019-07-09,2019,-0.06486700704101674,0.8941602088429201
2019-07-10,2019,-0.013874781129326363,0.4161696831405992
2019-07-11,2019,0.041565338367312604,-0.1758670235036508
2019-07-12,2019,0.024559486484350072,0.4811374355042197
2019-07-15,2019,0.028334170905743427,0.08844813969288712
2019-07-16,2019,-0.0055580427539994185,-0.5288419582860637
2019-07-17,2019,-0.11101828440241479,-0.2696592688909094
2019-07-18,2019,0.019943904954144387,0.684397478350407
2019-07-19,2019,0.09340970985597281,0.6561092007037583
2019-07-22,2019,-0.03608177090092156,0.0249439674431029
2019-07-23,2019,0.045738470751265956,-0.10504911731337163
2019-07-24,2019,-0.004735593066960589,0.05166536207816819
2019-07-25,2019,0.07593443567333276,-0.45176992727629095
2019-07-26,2019,0.03458385402361921,-0.05738166981577031
2019-07-29,2019,0.1398606216403418,-0.5036869369348662
2019-07-30,2019,0.1497066941949639,-0.06546085736180984
2019-07-31,2019,0.11906429546490302,-0.8505322987007347
2019-08-01,2019,-0.18137905415379296,-1.7025182286206753
2019-08-02,2019,-0.09164421502583193,-1.1909140547386343
2019-08-05,2019,-0.01005785666178929,-0.27495800318705355
2019-08-06,2019,0.019637146145270054,-0.08244546525890684
2019-08-07,2019,0.09890944236449137,1.0428280657565958
2019-08-08,2019,0.2212884213152603,-0.21087256264953336
2019-08-12,2019,0.037687136102411437,-1.047519374811412
2019-08-13,2019,0.06970953385742978,0.6279275784402794
2019-08-14,2019,0.04125776445483949,-0.964735373854142
2019-08-15,2019,-0.0028547237605457297,0.9078998715035036
2019-08-16,2019,0.026971652010755597,0.6511919807233424
2019-08-19,2019,0.08430271547820037,0.32177332856631047
2019-08-20,2019,0.062282421410309194,0.03136136849606341
2019-08-21,2019,-0.09126286452269858,0.03781185278080024
2019-08-22,2019,-0.0015510733018909303,0.07910896523954936
2019-08-23,2019,0.02350383696549935,-1.7416785362840304
2019-08-26,2019,-0.11436740774598683,0.3154162847901931
2019-08-27,2019,0.09761159887996698,0.45305630086174276
2019-08-28,2019,0.20061514154720003,0.2696877315083279
2019-08-29,2019,0.26197629885626056,1.4874173590647688
2019-08-30,2019,0.2279809333691271,0.15822114230015227
2019-09-02,2019,-0.022572277726267007,-0.7206495625232234
2019-09-03,2019,-0.12280233199573476,0.938606070536574
2019-09-04,2019,0.02285780290495473,0.9347574575573114
2019-09-05,2019,0.046710726741766115,0.22041604807319093
2019-09-06,2019,0.0739979786252419,0.1901556864898568
2019-09-09,2019,0.06135689945715822,-0.44032389173734865
2019-09-10,2019,0.033710373107774,0.34193264010682345
2019-09-11,2019,0.0713381727882261,0.34475248717602547
2019-09-12,2019,0.05624273196350693,0.6518556829568922
2019-09-16,2019,0.07053792795967076,-0.21682618944717236
2019-09-17,2019,-0.04091233978154776,0.5053105889926135
2019-09-18,2019,0.06696025924352664,-0.3179482956598867
2019-09-19,2019,-0.017791359731052444,0.32116533727408747
2019-09-20,2019,0.07789125377135435,-0.09762399482510231
2019-09-23,2019,-0.055525884955026736,-0.009249914369602319
2019-09-24,2019,0.06153146608582838,-0.40593478115517057
2019-09-25,2019,0.03707320360207507,-0.01563406718418925
2019-09-26,2019,0.10912119621917182,-0.38916518503051556
2019-09-27,2019,0.1470222706589886,1.2739988623855947
2019-10-01,2019,0.08788407798214883,-0.1802573933340379
2019-10-02,2019,-0.022429218702009607,-0.6573875490049175
2019-10-03,2019,-0.07981353430366023,0.17074433311787818
2019-10-04,2019,0.044325649272073636,0.3724822111748294
2019-10-07,2019,0.028915779463013,0.7521677978904462
2019-10-08,2019,0.02414164994813311,-1.1559082934037512
2019-10-09,2019,-0.059178251363730616,1.6252584949807192
2019-10-14,2019,0.10791641771975347,0.4052607086866722
2019-10-15,2019,-0.016586412511667564,0.4592415270253225
2019-10-16,2019,0.05073034970800113,0.21544715811312454
2019-10-17,2019,-0.01529810440558523,-0.05953402557281606
2019-10-18,2019,0.0010190401923974662,0.03515136553664533
2019-10-21,2019,-0.002844693982755413,0.7787806851660584
2019-10-22,2019,0.06232849093678915,-0.2801818786736132
2019-10-23,2019,-0.05133141173378071,0.7159462866792365
2019-10-24,2019,0.08107779341461821,-0.21218818848528498
2019-10-25,2019,3.9843791454527436e-05,0.16731408660672908
2019-10-28,2019,0.09034383870492042,0.16659272365404654
2019-10-29,2019,0.08003807399594527,0.4094806098887682
2019-10-30,2019,0.06482953549193561,-0.1895383944859108
2019-10-31,2019,0.08061415644138467,0.35937179486051907
2019-11-01,2019,-0.025648502652451916,1.3800568970826044
2019-11-04,2019,0.05976044013502744,0.7543578051112609
2019-11-05,2019,-0.04861836013791696,0.07763635098843036
2019-11-06,2019,-0.09561978855754864,-0.3991222913790171
2019-11-07,2019,-0.05577736399191676,-0.23279938241820286
2019-11-08,2019,-0.04889528165458662,-1.314905428022184
2019-11-11,2019,0.05072246264698606,0.814629553139512
2019-11-12,2019,0.06596734877507339,-0.45606174107255537
2019-11-13,2019,-0.031230440111773373,-0.15181599308674576
2019-11-14,2019,0.012025295679604744,0.6565698026797406
2019-11-15,2019,0.01204860227238389,0.6436107447768569
2019-11-18,2019,-0.02839184821198054,0.488112705585797
2019-11-19,2019,-0.06444815311281533,-0.21619024741771353
2019-11-20,2019,-0.11450776865911064,-0.6270204278148506
2019-11-21,2019,-0.18042390784437987,0.07379997179508546
2019-11-22,2019,-0.06286318501944868,-0.04512916277621404
2019-11-25,2019,-0.02337949392029653,0.13181589367543545
2019-11-26,2019,0.04699973452707935,0.6101848348682992
2019-11-27,2019,0.07205304368487742,-0.2608293997146127
2019-11-28,2019,0.041437380061670435,-1.0976080047653936
2019-11-29,2019,0.019420222753306515,0.1154090187883483
2019-12-02,2019,-0.011975245592228765,0.2499384933968507
2019-12-03,2019,0.005796315921919421,-0.18306251181539057
2019-12-04,2019,-0.1487815027770582,0.7313341679358043
2019-12-05,2019,-0.012105810097478128,0.12928376449483636
2019-12-06,2019,-0.024661462033782888,0.44040986628355316
2019-12-09,2019,0.009252343852019156,-0.28239987582295845
2019-12-10,2019,-0.10719920879827201,0.6272016126812829
2019-12-11,2019,0.02765315400916729,1.1593254119173224
2019-12-12,2019,0.09238186223210589,0.7714325784316411
2019-12-13,2019,-0.008227146760031789,0.10094125202364523
2019-12-16,2019,-0.05286418552133286,1.3169432912024215
2019-12-17,2019,0.029121206839105844,0.2102999005539452
2019-12-18,2019,-0.010623781152831772,-0.8542002647979663
2019-12-19,2019,-0.09565176417252017,-0.49771609714699405
2019-12-20,2019,-0.008571868627692497,0.5280506527257867
2019-12-23,2019,0.015737052033208777,-0.38137683275066836
2019-12-24,2019,0.027900416343882378,0.26510514863422596
2019-12-25,2019,0.0491600072072419,-0.05929316221592318
2019-12-26,2019,0.06824515064407091,0.7547698068745889
2019-12-27,2019,0.10513707010623596,-0.3160874624429044
2019-12-30,2019,0.01325709291497928,-0.46650853661673874
2019-12-31,2019,0.001597199625118638,0.8613719603172143
2020-01-02,2020,-0.009369804637428612,0.08222814301581671
2020-01-03,2020,-0.07140757011421202,-1.2969811971994316
2020-01-06,2020,0.010941661711125298,-0.6110415816138803
2020-01-07,2020,0.03227389800474869,-0.5321405484027264
2020-01-08,2020,-0.02111605914481185,1.2992189285019107
2020-01-09,2020,0.0833991873460371,0.45127115281318186
2020-01-10,2020,0.04913614799092174,0.738233545259126
2020-01-13,2020,0.05303982238013677,0.5480698266880912
2020-01-14,2020,0.06692551729860967,-0.7219324439379671
2020-01-15,2020,-0.07079987002018799,-0.20633681445729746
2020-01-16,2020,-0.05821046297453618,0.1935869355337294
2020-01-17,2020,0.027164188250207964,0.23506466759688482
2020-01-20,2020,0.0706109421541796,-5.751189689331615
2020-01-30,2020,0.20279577768361995,0.6422839252163026
2020-01-31,2020,0.24504320471006774,-1.2194761246096197
2020-02-03,2020,0.0920129341729429,1.7701577818249659
2020-02-04,2020,-0.01852844701539485,0.15316824623223813
2020-02-05,2020,0.13473084770823227,1.521218080427733
2020-02-06,2020,0.06935335542737403,-1.1648827882972168
2020-02-07,2020,0.014119403044482948,-0.3335971224880052
2020-02-10,2020,-0.054766508820335014,0.7773410736240605
2020-02-11,2020,0.10018096793900474,0.9443554720319769
2020-02-12,2020,0.07907213531270148,0.14939456557097053
2020-02-13,2020,0.04695808870161833,0.20285317399069136
2020-02-14,2020,0.08454237817516559,-0.44170044940207154
2020-02-17,2020,0.08513996660426774,-0.9736039668432395
2020-02-18,2020,0.06618950201405702,0.9430868625407651
2020-02-19,2020,0.11776999531283402,-0.28701810722826515
2020-02-20,2020,0.11255302140026222,-0.3304025811315725
2020-02-21,2020,0.0360067761115864,-1.2962131033213975
2020-02-24,2020,0.06586225789210307,0.046467797209670536
2020-02-25,2020,0.11546194983836684,-0.9238117437867288
2020-02-26,2020,0.03589105409678432,-1.237140992966368
2020-02-27,2020,0.01715078723445997,-1.0778264939334203
2020-03-02,2020,0.01702900775145039,1.40782026881614
2020-03-03,2020,0.10951777026044529,0.5705472946012202
2020-03-04,2020,0.029863959632404773,1.0750196403727097
2020-03-05,2020,0.1259576373640423,-1.6761877302467587
2020-03-06,2020,-0.04996526684298261,-3.0398849653898052
2020-03-09,2020,-0.044543424266039425,0.2359341352057509
2020-03-10,2020,0.07495837991981316,-0.9977698086252373
2020-03-11,2020,-0.0020024244544051993,-4.327527251864605
2020-03-12,2020,0.0958376320598929,-2.8155919219521097
2020-03-13,2020,-0.04556322852233317,-4.058695589932537
2020-03-16,2020,0.07697128976772206,-2.8621792859884643
2020-03-17,2020,0.10933245106234209,-2.3407697123721927
2020-03-18,2020,0.06288933406264492,-5.828714988170747
2020-03-19,2020,0.10435302066901672,6.367104617489927
2020-03-20,2020,0.23007034622688413,-3.725976246711904
2020-03-23,2020,0.19235831418387217,4.44981625483829
2020-03-24,2020,0.3236367810760052,3.867593117099344
2020-03-25,2020,0.31520515660241555,0.949843178931542
2020-03-26,2020,0.2489958810915165,-0.3845379587443354
2020-03-27,2020,0.25354211171738134,-0.716471524664597
2020-03-30,2020,0.2050062983666064,0.8165592355933837
2020-03-31,2020,0.1509004952154041,-0.45766095388780625
2020-04-01,2020,0.10582263667955036,1.6050904266823096
2020-04-06,2020,0.022931567864491922,1.8092952863605571
2020-04-07,2020,0.2352874174830339,1.4113094827232553
2020-04-08,2020,0.09612318704576822,-0.17795367088632164
2020-04-09,2020,0.2042012840299106,0.3772939780205098
2020-04-10,2020,0.19943648401162284,-0.5748399475861032
2020-04-13,2020,0.1964476335339768,2.3142381292812875
2020-04-14,2020,0.1210756441825912,1.1058808044951185
2020-04-15,2020,0.10034407432313164,-0.6865947942082062
2020-04-16,2020,-0.12063459801376439,2.1354192769876823
2020-04-17,2020,0.0727396827332273,-0.09748005103313861
2020-04-20,2020,0.07458653487794138,-2.817589222714134
2020-04-21,2020,-0.0414930068236115,0.18778393572578267
2020-04-22,2020,-0.030483080359952508,0.5701540783915826
2020-04-23,2020,0.11099043223964025,-0.18472947983457777
2020-04-24,2020,0.08707388206777811,2.1252763990041945
2020-04-27,2020,0.1699280867562672,0.4617086532282988
2020-04-28,2020,0.14782794300829655,1.4709788754019737
2020-04-29,2020,0.14938054295094444,2.041547610427563
2020-04-30,2020,0.17865997769566416,-2.471402292911118
2020-05-04,2020,-0.11411839874223181,0.5049214214289055
2020-05-05,2020,-0.09669145162459152,0.003433999003199517
2020-05-06,2020,0.050778753534421885,0.6305348130576593
2020-05-07,2020,-0.07773700834739342,0.5395225640325574
2020-05-08,2020,0.0749560685322029,1.025921393726681
2020-05-11,2020,0.10177474535646218,-1.2148083310482116
2020-05-12,2020,-0.10831603051023034,0.5404675043913176
2020-05-13,2020,-0.031373309510040207,-1.4388929876479661
2020-05-14,2020,-0.09809284415800329,0.31574416930715277
2020-05-15,2020,0.14634075953719802,-0.6876611200082872
2020-05-18,2020,0.12185054360565521,1.116237064209935
2020-05-19,2020,0.17193980820237184,0.4360780962833877
2020-05-20,2020,0.0875927669287845,0.9214507050000931
2020-05-21,2020,0.1227263354598896,-1.7910106092579148
2020-05-22,2020,0.001409408398211312,0.5552600787150475
2020-05-25,2020,0.06379398061478365,1.159303773831355
2020-05-26,2020,0.1103641585896756,0.15867660979467235
2020-05-27,2020,0.20093327497398147,-0.6397837064421319
2020-05-28,2020,0.20850798010930335,-0.018548654582939417
2020-05-29,2020,0.1369983053965278,1.2507585339640581
2020-06-01,2020,0.17004419666739354,0.4414650393265829
2020-06-02,2020,0.10793769677732086,1.7274551511377245
2020-06-03,2020,0.1735222408143538,0.6454855761756084
2020-06-04,2020,0.12766812458252846,0.7563263446801249
2020-06-05,2020,0.04837136134532873,1.1404777253166465
2020-06-08,2020,0.092861347453443,0.23074299416381283
2020-06-09,2020,0.11480860013808822,0.7136651625704316
2020-06-10,2020,0.03452071157975755,-1.573272037241813
2020-06-11,2020,0.09639098961404056,-0.9174073338840794
2020-06-12,2020,-0.06289854661653935,-1.0820704220669608
2020-06-15,2020,0.04169567656855564,1.8165158062878328
2020-06-16,2020,0.17904591475840226,0.19936342693136488
2020-06-17,2020,0.15480130324946595,0.11911996872016051
2020-06-18,2020,0.09337237627831599,0.013248668855148082
2020-06-19,2020,0.03518407350608869,0.1997426808636682
2020-06-22,2020,0.045611775082078636,0.340708878391216
2020-06-23,2020,0.10580482183453162,0.4160222383735812
2020-06-24,2020,0.13660693135532126,-1.012377504894657
2020-06-29,2020,0.13012838014972877,0.6811278548544353
2020-06-30,2020,0.15990311838334564,0.7071534535040946
2020-07-01,2020,0.10913547066421977,0.8691476508576157
2020-07-02,2020,0.11543564933958483,0.8811416044197662
2020-07-03,2020,0.1494721622687725,1.7426921798010975
2020-07-06,2020,0.10498172113571003,-0.19584540345144452
2020-07-07,2020,0.05372844611238252,0.6385528120883555
2020-07-08,2020,-0.011267670473885565,0.18487796821577973
2020-07-09,2020,0.05280523006505644,-0.9760766492053818
2020-07-10,2020,0.0019770653633256184,1.1419881924980446
2020-07-13,2020,0.08599404644980493,-0.020881852932785883
2020-07-14,2020,-0.0017749468383080821,-0.05045454135921279
2020-07-15,2020,0.10146710956349107,-0.36966774155218207
2020-07-16,2020,0.14128668366920172,0.19592457150752196
2020-07-17,2020,0.023653842016047612,-0.0576280870430268
2020-07-20,2020,0.1099747501272641,1.8317735208065233
2020-07-21,2020,0.11141434058907396,0.6107658367983992
2020-07-22,2020,0.04831212498217487,-0.4828725747137663
2020-07-23,2020,0.04470005581978487,-0.8781088274910864
2020-07-24,2020,0.012598657189639517,2.3102980809555085
2020-07-27,2020,0.05953079845718852,-0.012471898508925605
2020-07-28,2020,0.08238287398867081,-0.363557492692701
2020-07-29,2020,0.0625850783966336,1.4508447113739997
2020-07-30,2020,0.11884936115270432,-0.4568133730307289
2020-07-31,2020,0.09369170304022202,-1.1983608110668786
2020-08-03,2020,-0.07252615236565899,1.573479804651634
2020-08-04,2020,0.10537359033280988,0.726833843171315
2020-08-05,2020,0.04592896146511154,0.8685939245291818
2020-08-06,2020,0.06103027554946063,-0.6553606690672509
2020-08-07,2020,-0.0037059786471858648,0.5076830617193773
2020-08-10,2020,-0.07539131765627335,-0.882658600899644
2020-08-11,2020,0.03853158735631934,-0.8594551411207463
2020-08-12,2020,-0.02474260882118492,0.7322607504922862
2020-08-13,2020,0.17971585415849206,0.2533077701159403
2020-08-14,2020,0.11470594830218528,1.2555234434713736
2020-08-17,2020,0.09315969182148065,-0.6481112000438438
2020-08-18,2020,0.05390749788494923,-0.7263749462016467
2020-08-19,2020,0.08068224951841246,-3.255432502989364
2020-08-20,2020,-0.011908196192991083,1.9833951324312649
2020-08-21,2020,0.23875095388231013,0.3116314927854358
2020-08-24,2020,0.12045432657049046,0.8786183110318424
2020-08-25,2020,0.2391422018728761,0.5881684400290021
2020-08-26,2020,0.15620928426499306,-0.28036458304925294
2020-08-27,2020,0.07697126564065163,-0.5349561743835163
2020-08-28,2020,0.06285213887212639,-1.0794376554048468
2020-08-31,2020,0.0762470271503915,0.8881423505632702
2020-09-01,2020,0.08005351370880115,-0.029756094488986307
2020-09-02,2020,0.0014608513918918976,0.4604118272372837
2020-09-03,2020,-0.043441592119913566,-0.9407452753063317
2020-09-04,2020,-0.11360136860870802,-0.2892082972317578
2020-09-07,2020,-0.05129826231460806,0.49327852460836485
2020-09-08,2020,0.05702603569892928,-0.43415911481446967
2020-09-09,2020,-0.2259182422463033,0.6596301883320832
2020-09-10,2020,0.0708251919339429,-0.12449031851399228
2020-09-11,2020,-0.07503604129163957,0.8825374035082101
2020-09-14,2020,0.010329958871404933,0.45222719744255624
2020-09-15,2020,0.01724300527431682,1.0206567982157466
2020-09-16,2020,0.03449736706407132,-0.8015868367759027
2020-09-17,2020,0.012475167127214101,0.022372859235875175
2020-09-18,2020,0.07993105119492024,-0.6252126111208622
2020-09-21,2020,0.10555388415838252,-1.1692739106784478
2020-09-22,2020,-0.05783537831690749,-0.4873666621591499
2020-09-23,2020,-0.010486834604056746,-2.5389625457331144
2020-09-24,2020,-0.014465078814007765,-0.2565967460238405
2020-09-25,2020,0.2134824127269118,1.8789478545987892
2020-09-28,2020,0.2128491100615848,0.03987880694162893
2020-09-29,2020,0.2171042322403643,0.3840314155022728
2020-09-30,2020,0.22023156992006881,0.2610340207149342
2020-10-05,2020,0.0824275771769676,1.2427998100137838
2020-10-06,2020,0.10518666883179446,0.3317005438346232
2020-10-07,2020,0.009031879287367362,1.1047851270596931
2020-10-08,2020,0.13941987105591688,0.533242700697345
2020-10-12,2020,0.12266306335409645,-0.0677683003355245
2020-10-13,2020,0.0949525892210702,-0.21487387552299175
2020-10-14,2020,-0.1033814137319532,-0.7081647549288639
2020-10-15,2020,-0.013524100874090273,-0.6037658776003929
2020-10-16,2020,-0.03843818498138115,1.2389444384751203
2020-10-19,2020,0.1291341672313914,-0.3561263493214395
2020-10-20,2020,0.04861371808767103,0.11568630042517736
2020-10-21,2020,0.1224964185824878,0.308916888310784
2020-10-22,2020,0.11433488577567216,-0.14097667962372773
2020-10-23,2020,0.04709570844135284,0.07915452731335204
2020-10-26,2020,0.12017561862156437,-0.2635364547142638
2020-10-27,2020,0.0528777651250724,-0.631145140858147
2020-10-28,2020,0.1892237507178791,-1.0226868588177784
2020-10-29,2020,0.008439467410955538,-0.9205624931394096
2020-10-30,2020,0.0473732458875389,0.35843122376724157
2020-11-02,2020,0.06384136368521642,1.1492052852324353
2020-11-03,2020,0.14980041489472212,1.0355676542339376
2020-11-04,2020,0.11259336232430601,0.39555793874679335
2020-11-05,2020,0.17018111100313993,0.42364615908598857
2020-11-06,2020,0.10564179281900299,1.1865698849888862
2020-11-09,2020,0.09500454011498864,-0.34850584309086274
2020-11-10,2020,-0.055350065849258535,1.3795586513088542
2020-11-11,2020,0.07689510284211945,-0.3047008073327251
2020-11-12,2020,0.11518814283337822,0.3898869894976231
2020-11-13,2020,0.052865008374328615,2.0981923903044652
2020-11-16,2020,0.1329000111071189,0.3038703997910286
2020-11-17,2020,0.10365562675700295,1.3262698990142763
2020-11-18,2020,0.07719648974865613,-0.36926544057375166
2020-11-19,2020,0.008616092889232856,-0.04365116090954135
2020-11-20,2020,0.07416436121115917,1.1779295502331477
2020-11-23,2020,0.08359537550069003,-0.5107360493327273
2020-11-24,2020,0.07220808826670606,-0.4946719557214263
2020-11-25,2020,0.110439879388469,0.7775771299302736
2020-11-26,2020,0.1245123146620428,0.15477774262837585
2020-11-27,2020,0.09008033502084113,-1.039872100058492
2020-11-30,2020,0.09984112053182978,1.186193287274051
2020-12-01,2020,0.07626402323452317,0.7451566975162027
2020-12-02,2020,0.0674271668440219,-0.08613824724035268
2020-12-03,2020,-0.0007204756707462374,1.1114616847999192
2020-12-04,2020,0.05896842966620035,0.8785460967815961
2020-12-07,2020,0.08443371695357808,0.7280838348554308
2020-12-08,2020,0.04183847513202315,0.20709729533996413
2020-12-09,2020,0.05734646618443967,-0.9774053622827794
2020-12-10,2020,-0.019688980290138353,0.08561709927865646
2020-12-11,2020,0.08620993511916024,-0.3550771332149316
2020-12-14,2020,0.08510542978336334,-1.0029519282530042
2020-12-15,2020,0.07936151974022654,1.6770776172617907
2020-12-16,2020,0.14585915053236057,-0.3182923367956447
2020-12-17,2020,0.09255283496375534,-0.06290794610817052
2020-12-18,2020,0.11664136453977632,0.947371080339865
2020-12-21,2020,0.05244301295315277,-1.4424788112028075
2020-12-22,2020,0.03368367810044421,0.3218489066447727
2020-12-23,2020,0.052635626147121285,0.40209265356543344
2020-12-24,2020,0.12061626289060415,0.35811622741290794
2020-12-25,2020,0.15461484434480074,1.058164508471604
2020-12-28,2020,0.1483766391986528,-0.0760888402804083
2020-12-29,2020,0.14025182297011027,1.490113701928908
2020-12-30,2020,0.1533311169425089,0.3052213757089195
2020-12-31,2020,0.12551548352532244,1.1505152204000169
2021-01-04,2021,0.05609795842658849,0.6576285244359381
2021-01-05,2021,0.07834772523974452,-0.11266644133379744
2021-01-06,2021,0.07273524829903963,1.540866294292309
2021-01-07,2021,0.08415928424275454,1.6428947022479434
2021-01-08,2021,0.08379402344085539,0.6036620656429958
2021-01-11,2021,0.06524845399770533,-0.36381634345290514
2021-01-12,2021,-0.08596400126159795,1.7372118678511184
2021-01-13,2021,0.09408124003806766,-0.3981615702746577
2021-01-14,2021,0.05094385284190783,-0.5780792108582178
2021-01-15,2021,-0.010903983993323745,-0.028111490555748908
2021-01-18,2021,-0.0851685639302949,1.6997822188060452
2021-01-19,2021,-0.0377031638776672,-0.44837400652627535
2021-01-20,2021,-0.004854784612367732,2.199076563723801
2021-01-21,2021,0.07014460885734686,-0.8341086941314635
2021-01-22,2021,-0.03283463854036818,-0.45252427893573977
2021-01-25,2021,-0.03459851044736016,-1.8040904171061634
2021-01-26,2021,0.0294101681652801,0.2720506295162073
2021-01-27,2021,0.16579877667296697,-1.818749223797811
2021-01-28,2021,-0.10128793313084658,-1.8005459305599159
2021-01-29,2021,0.09721329859157347,1.7953126868190727
2021-02-01,2021,0.192096714394271,2.2709795984319214
2021-02-02,2021,0.05729990942297251,0.07150992541267165
2021-02-03,2021,0.16905554716853724,-0.41277458069457484
2021-02-04,2021,0.18419733019683546,0.612368857688228
2021-02-05,2021,0.021191934730578715,3.543069407178656
2021-02-17,2021,0.17775720083615862,0.38026462066127475
2021-02-18,2021,0.03514793074166317,-0.5061338207349775
2021-02-19,2021,-0.0036760903633593924,0.4208946857609419
2021-02-22,2021,0.10572538632521525,0.20255744002497522
2021-02-23,2021,0.19198452122173965,-1.4040283639636608
2021-02-24,2021,0.08620418408970314,1.478177681089865
2021-02-25,2021,0.2044900630988244,-3.0292642069318587
2021-02-26,2021,0.05296818664752771,-0.043375246022892
2021-03-02,2021,0.1897916255725687,1.660826443793395
2021-03-03,2021,0.26250462874786035,-1.8833276892719075
2021-03-04,2021,-0.0035120876632859857,-0.3217570778069945
2021-03-05,2021,-0.1380746060376749,-0.22150419766852059
2021-03-08,2021,0.03579783302531171,0.208468841240661
2021-03-09,2021,0.10320380101309945,0.36951786686381105
2021-03-10,2021,0.17365680926334628,1.6836070632435085
2021-03-11,2021,0.09683037071962988,0.4673798298594045
2021-03-12,2021,-0.00029468195207860566,-0.03598852796462548
2021-03-15,2021,0.04239623429251924,0.39281619611393204
2021-03-16,2021,-0.02512128721832236,-0.5966961643237734
2021-03-17,2021,0.04454655688824111,0.44413418501192403
2021-03-18,2021,0.05639918293339794,-1.3359659721608241
2021-03-19,2021,-0.11336981695384721,0.7403747548263118
2021-03-22,2021,0.025669766207426503,-0.07183792671913158
2021-03-23,2021,0.10644667657410692,-0.8992068657939778
2021-03-24,2021,-0.13267050279460943,0.17477414091211507
2021-03-25,2021,0.028929892296420668,1.5301236477390567
2021-03-26,2021,-0.04140733301341933,1.0431206411429583
2021-03-29,2021,0.18813120381712337,0.4790613238552899
2021-03-30,2021,0.12102609197308078,-0.7476336311303622
2021-03-31,2021,0.1096457046548615,0.8529541181890643
2021-04-01,2021,0.13709557492116295,1.017362569457525
2021-04-06,2021,0.0292560885220835,0.45095929657759104
2021-04-07,2021,-0.010213470364386284,0.6605865113800569
2021-04-08,2021,0.015144331041374703,-0.42737870455925586
2021-04-09,2021,-0.02577941648834368,0.033226336618397134
2021-04-12,2021,-0.005032012693501662,-0.20635005367830583
2021-04-13,2021,0.026183634690978952,0.2440429101849606
2021-04-14,2021,0.04339108118324876,1.2496168319995782
2021-04-15,2021,0.020251907364372122,0.4806540830709416
2021-04-16,2021,0.0822691240517611,0.6088417553431702
2021-04-19,2021,0.009260023192913944,0.35097617602217746
2021-04-20,2021,0.01696399436830199,-0.7028452649436745
2021-04-21,2021,-0.05869996908611097,-0.6112040906609661
2021-04-22,2021,0.01618465455467475,1.1890995889914935
2021-04-23,2021,0.04738796372993764,1.5723454027018136
2021-04-26,2021,0.04545829563664171,0.13435926677740628
2021-04-27,2021,0.07279739831600321,-0.16123074125223846
2021-04-28,2021,0.08491990902617427,-0.0049523182826471945
2021-04-29,2021,0.03969467141682083,-1.9600197191725788
2021-05-03,2021,-0.08461083488889959,-1.6755553103960819
2021-05-04,2021,-0.04997067178823029,-0.5334898646374264
2021-05-05,2021,-0.15576390216384228,0.89601649069313
2021-05-06,2021,0.026650922189350897,1.7102144476167425
2021-05-07,2021,-0.024018754507828095,-0.28573908012727856
2021-05-10,2021,-0.05678266891291557,-3.7856507544554496
2021-05-11,2021,-0.16546976307054964,-4.1051357614636075
2021-05-12,2021,0.03877506971543454,-1.4605998980026236
2021-05-13,2021,-0.11369238879071272,1.0018442766797975
2021-05-14,2021,0.22166706398134503,-2.989810508438384
2021-05-17,2021,0.2579174164805849,5.158888073315615
2021-05-18,2021,0.2693107074699354,-0.08249731512116609
2021-05-19,2021,0.03495809212486798,-0.5597341046051918
2021-05-20,2021,0.00016953347871093567,1.6188391234207344
2021-05-21,2021,0.1813679066974089,0.22224185164330112
2021-05-24,2021,0.10642743062976145,1.5753178576215499
2021-05-25,2021,0.10135875298312302,0.2893525841379141
2021-05-26,2021,0.17694667228654587,-0.2528285494382443
2021-05-27,2021,-0.015305650346601207,1.621830653773948
2021-05-28,2021,0.1377434317122836,1.171072488302305
2021-05-31,2021,0.06279047551680036,0.5504314105046593
2021-06-01,2021,0.022114739683621938,0.015499015870767963
2021-06-02,2021,-0.03552186948183352,0.4725884705191419
2021-06-03,2021,0.04415976258207992,-0.5725912319032189
2021-06-04,2021,-0.05426762749007942,-0.3703183162938273
2021-06-07,2021,0.04218856664866148,-0.04507164928871932
2021-06-08,2021,0.10546512670445123,-0.6441124816337962
2021-06-09,2021,-0.0035899686029102888,1.1375545053641911
2021-06-10,2021,-0.03913195008612301,0.3164479504313089
2021-06-11,2021,-0.04753369627203874,0.9165469932936432
2021-06-15,2021,0.010001507820620887,-0.36514271536540743
2021-06-16,2021,-0.020365527485606792,0.4781064787905631
2021-06-17,2021,-0.02140007491348599,-0.414419045680392
2021-06-18,2021,-0.030598268185214737,-1.475644020800837
2021-06-21,2021,0.026021603155254352,0.073668257244619
2021-06-22,2021,0.10349081017291724,1.5294382904210924
2021-06-23,2021,0.04480605320430126,0.41097763070385707
2021-06-24,2021,-0.03317158145969204,0.5458996918651149
2021-06-25,2021,-0.004493401879496818,0.5026569746083398
2021-06-28,2021,0.0031813018367652115,0.0410437855331347
2021-06-29,2021,0.006980868401907067,0.8936714514390376
2021-06-30,2021,0.03324423505276875,-0.23384356136084694
2021-07-01,2021,-0.10259327088713951,-0.02139557884918153
2021-07-02,2021,-0.07328570056242814,1.1811305946025419
2021-07-05,2021,-0.007421065459265455,-0.03493434185319888
2021-07-06,2021,-0.022814231573109252,-0.3482373484835377
2021-07-07,2021,-0.09929673307835465,0.08627117495179082
2021-07-08,2021,-0.0020414520340855656,-1.1452421878542007
2021-07-09,2021,-0.009741136962333238,0.8654427601763937
2021-07-12,2021,0.08589222388521969,0.1863106835901185
2021-07-13,2021,0.09183776530258399,-0.009917344258481009
2021-07-14,2021,-0.045038908731478575,1.055937688245101
2021-07-15,2021,0.018673939648061015,-0.7704255084370226
2021-07-16,2021,-0.08050676004058269,-0.5923359550718765
2021-07-19,2021,-0.0632718618415467,-1.4644237390558867
2021-07-20,2021,-0.04384304613314566,-0.39905891695581897
2021-07-21,2021,0.08566938575178747,0.6503314376311353
2021-07-22,2021,0.10856598011620155,0.0033575513320949213
2021-07-23,2021,0.11521708734522725,-0.9637555966794165
2021-07-26,2021,0.10207707887423423,-0.7681761662556519
2021-07-27,2021,0.1362885786816202,-0.7796816073311397
2021-07-28,2021,0.1853086765016216,1.5616373761177194
2021-07-29,2021,0.16734791430054918,-0.8929592404904763
2021-07-30,2021,0.12702897456215848,1.4835270918937882
2021-08-02,2021,0.010808652698637945,0.2884030878783861
2021-08-03,2021,0.08004791641643887,0.39951554538744105
2021-08-04,2021,0.0211889829238609,-0.11785139376153664
2021-08-05,2021,-0.011597956560631147,-0.43651352714746405
2021-08-06,2021,0.033477402164770534,-0.2346761548942311
2021-08-09,2021,-0.0348025205797083,-0.9236981095386732
2021-08-10,2021,0.08718313410920789,-0.5568113860597412
2021-08-11,2021,0.08760484261419302,-0.042026611436118966
2021-08-12,2021,0.14139198234863534,-1.3811314092848082
2021-08-13,2021,-0.059738198682064224,-0.7262937291066862
2021-08-16,2021,0.10806130407060295,-1.1709632434631967
2021-08-17,2021,0.04061865896961084,0.9897751444059688
2021-08-18,2021,0.024493658204243467,-2.6795599975514506
2021-08-19,2021,0.0411634109531387,-0.20433088657375587
2021-08-20,2021,0.08855013146870791,2.4470778867135667
2021-08-23,2021,0.22806759759352335,0.45926851528863555
2021-08-24,2021,0.08813155142113158,1.3504586850493494
2021-08-25,2021,0.11668224976015382,0.1237837222645144
2021-08-26,2021,0.0905644567859942,0.8377004457736037
2021-08-27,2021,0.26689960026953297,1.0841996452048308
2021-08-30,2021,0.1902500273806654,0.53901584914684
2021-08-31,2021,0.20393461516313197,-0.09319456681392557
2021-09-01,2021,0.1228145846368002,-0.8826261203079722
2021-09-02,2021,0.1430319328273473,1.138352956391997
2021-09-03,2021,0.051725917166974465,-0.1234235242268511
2021-09-06,2021,0.18155173534796268,-0.37970197710242015
2021-09-07,2021,0.17076419912978488,-0.9087221374650123
2021-09-08,2021,-0.009095123052304456,0.19594116901142655
2021-09-09,2021,0.2319101643147833,0.9838000084371856
2021-09-10,2021,0.18935923310322372,-0.16172071759132933
2021-09-13,2021,0.17373462073649742,-0.06540064919171584
2021-09-14,2021,0.2258931320603376,-0.4640118383242853
2021-09-15,2021,0.15922777503827296,-0.43390572778609915
2021-09-16,2021,0.14170175925168782,-0.011054072354976796
2021-09-17,2021,0.04774724412436025,-2.031453759639379
2021-09-22,2021,0.06946630567303325,0.9003995079706728
2021-09-23,2021,0.25327153395159097,1.0655091689883323
2021-09-24,2021,0.23903417982418124,0.31042531976763765
2021-09-27,2021,0.10793312482812083,-0.7643049434063243
2021-09-28,2021,0.2019192193706035,-1.897279855471945
2021-09-29,2021,-0.032618957384754135,0.4705300240990251
2021-09-30,2021,0.08047724741353278,-2.148715335372142
2021-10-01,2021,0.024810344982282666,-0.980876706079159
2021-10-04,2021,0.25423324977642536,0.3193495994417539
2021-10-05,2021,0.21468898968873126,-0.41061312516137427
2021-10-06,2021,0.09620013779476946,1.9563037266762562
2021-10-07,2021,0.0281059890009901,-0.43933597624965515
2021-10-08,2021,0.04639729800085324,-1.0672200177519464
2021-10-12,2021,0.002172358161997213,-0.6976317573395674
2021-10-13,2021,-0.025377275715404612,0.24033535621197366
2021-10-14,2021,0.07994422669344976,2.403754619436538
2021-10-15,2021,0.0594325907363179,-0.4512790809233391
2021-10-18,2021,0.13913800030992643,1.1685401060491651
2021-10-19,2021,0.18390672155888788,-0.07603248865281076
2021-10-20,2021,0.1996250464506664,0.010007212298557278
2021-10-21,2021,0.024506485605901632,-0.00455904286149611
2021-10-22,2021,0.011469960994088943,0.0325660765693625
2021-10-25,2021,0.06204309231058863,0.8292767239011622
2021-10-26,2021,-0.008125240282497984,0.23605258554191266
2021-10-27,2021,0.0023739693257286572,-0.19280156724480468
2021-10-28,2021,0.0309809698190534,-0.3181620537472174
2021-10-29,2021,0.045476002202399,0.4758229771342437
2021-11-01,2021,-0.02255470846339838,-0.013299555197254787
2021-11-02,2021,0.08045009224773178,0.3292517214081414
2021-11-03,2021,0.08319354534441309,-0.252888654235206
2021-11-04,2021,0.001777849926797919,1.2766660069817304
2021-11-05,2021,-0.012759023048493339,0.6845157224704801
2021-11-08,2021,0.15979845695958939,0.7238462731046891
2021-11-09,2021,0.1529106275332237,0.10426785608415035
2021-11-10,2021,0.06213459308000013,-0.6100918867972926
2021-11-11,2021,-0.005538423075862673,0.3759342490368134
2021-11-12,2021,0.07385130457474097,0.6641119799887241
2021-11-15,2021,0.11381477553281605,0.33264396378229755
2021-11-16,2021,0.0337746673015185,0.4007770247548059
2021-11-17,2021,-0.0476417271122196,0.435317641707611
2021-11-18,2021,-0.026319428586763442,-0.1292501640849153
2021-11-19,2021,0.006225198629887985,-0.08289226082608403
2021-11-22,2021,-0.0220158630587512,-0.7718689653855471
2021-11-23,2021,0.03790174232175101,-0.13358903935895006
2021-11-24,2021,0.3012938023858259,0.06614701301173032
2021-11-25,2021,0.1715902632281358,-1.613214766579485
2021-11-26,2021,0.07770019930654556,-0.23777461384654197
2021-11-29,2021,0.30891574463370886,0.5751932267203053
2021-11-30,2021,0.1477554096912538,0.9079193195224322
2021-12-01,2021,0.24944930291171077,0.7897764072423596
2021-12-02,2021,0.10658234052510944,-0.15650317519780854
2021-12-03,2021,0.17344680446879904,-0.05046013084599732
2021-12-06,2021,0.13926904739079665,0.6145901705147061
2021-12-07,2021,0.12252604724850305,0.19947271775115905
2021-12-08,2021,0.13367852976247335,0.4581543054728465
2021-12-09,2021,0.09050010204362927,-0.4904511078411944
2021-12-10,2021,0.019422397047338454,-0.3290650983436838
2021-12-13,2021,0.0813800792993522,-0.9468358135032329
2021-12-14,2021,0.07291444762966937,0.3450691700896069
2021-12-15,2021,0.06790831030902625,0.7114342500891935
2021-12-16,2021,0.18252877311070054,0.1509636371610057
2021-12-17,2021,0.14267401153308493,-0.8054976845029205
2021-12-20,2021,-0.09493997068068151,0.6800568902451731
2021-12-21,2021,0.07745079561305204,0.211138512148068
2021-12-22,2021,0.11600193314324052,0.6721890543635478
2021-12-23,2021,0.16290047057433052,0.08346957038245506
2021-12-24,2021,0.06793507849583683,0.48603579628585525
2021-12-27,2021,0.12028808705336973,0.8192724891323389
2021-12-28,2021,0.08856279887848681,0.28285177456925936
2021-12-29,2021,0.08923643661787048,-0.16133027331890482
2021-12-30,2021,0.022511178106832667,0.28360751837108733
2022-01-03,2022,0.02765389828785187,1.4002893186889631
2022-01-04,2022,-0.0403599336043032,-0.1424457596882256
2022-01-05,2022,0.04258986237868105,-0.713731272932483
2022-01-06,2022,0.11835995468272228,-1.0788374513826304
2022-01-07,2022,0.06986588259781248,0.38316411444070386
2022-01-10,2022,0.12282847060143656,0.26771743337765663
2022-01-11,2022,0.028555882223105834,0.4767552428586619
2022-01-12,2022,0.07382744884162772,0.33484985360863195
2022-01-13,2022,-0.0002701197124885448,-0.18224292222185356
2022-01-14,2022,0.029027053689485403,0.6635212214310959
2022-01-17,2022,0.05251454292452836,-0.7924238236716619
2022-01-18,2022,0.15925293539784133,-0.8225853490791524
2022-01-19,2022,-0.0015725700281368723,-0.0503635723243967
2022-01-20,2022,0.10039229915414245,-1.7508787876791887
2022-01-21,2022,-0.08834741533890052,0.5013603883950779
2022-01-24,2022,0.033501812555120615,-1.6005301005501238
2022-01-25,2022,-0.11980625351651777,-0.15095090028199865
2022-01-26,2022,-0.009221533644175257,1.2781197664418542
2022-02-07,2022,0.03834710127017961,0.37016139394312475
2022-02-08,2022,0.05969731175719217,1.0308038934553787
2022-02-09,2022,0.1743486399415451,1.0262916653812182
2022-02-10,2022,0.2283262893218811,-0.14783469343796485
2022-02-11,2022,0.18689848574107312,-1.710835161930524
2022-02-14,2022,-0.13419799261381232,-0.25481076161523175
2022-02-15,2022,0.20612126823898916,1.5578373434210757
2022-02-16,2022,0.3567850598500423,0.20349428762462818
2022-02-17,2022,0.35101633487408646,-0.19826401300157004
2022-02-18,2022,0.2987960568905019,-0.05956445548707112
2022-02-21,2022,0.23249449169000566,-1.38408000662954
2022-02-22,2022,0.08438258992151722,0.48104293491839645
2022-02-23,2022,0.1705102208892626,-2.5542030147770234
2022-02-24,2022,0.0952729437426287,0.3275446089840317
2022-02-25,2022,0.033454033443872336,1.393992130150501
2022-03-01,2022,0.2908353980941622,-0.1712457921863919
2022-03-02,2022,-0.11297322935735366,0.3738610669592024
2022-03-03,2022,0.1935906286173648,-1.103354447319127
2022-03-04,2022,0.026635252338568595,-3.1450927239390913
2022-03-07,2022,-0.14224701174193508,-2.057432784455615
2022-03-08,2022,0.009959559764678518,1.1299089166580067
2022-03-09,2022,0.28537144388512553,2.455663588663426
2022-03-10,2022,0.3549783508664558,-0.9663171420049022
2022-03-11,2022,-0.01610675803409036,-0.00984665856538225
2022-03-14,2022,-0.016213193376959124,-1.9520316236306012
2022-03-15,2022,-0.013029639658552774,0.08726189083578806
2022-03-16,2022,0.20877749927899997,2.9950716700421376
2022-03-17,2022,0.2568666204217232,0.047569322257512425
2022-03-18,2022,0.25460483388749977,0.5948493743311856
2022-03-21,2022,0.3071576874288363,-0.0037015186476918593
2022-03-22,2022,0.2967824258701679,0.9775787868933961
2022-03-23,2022,0.31915854331527077,-0.18221942241348765
2022-03-24,2022,0.2893023681888053,-0.12492188850707908
2022-03-25,2022,0.24898329244547038,-0.887822842741548
2022-03-28,2022,0.2975788443924934,0.16352730392277248
2022-03-29,2022,0.24727505872056224,1.0935307881057676
2022-03-30,2022,0.22477704355144415,-0.2654369422385727
2022-03-31,2022,0.24330863773781145,-0.38364436145086334
2022-04-01,2022,0.13074714527723508,-0.584888222181501
2022-04-06,2022,-0.093027056182769,-1.9624482807818477
2022-04-07,2022,-0.17435132840346473,0.616521806453707
2022-04-08,2022,0.017778533085268628,-1.3663655497919036
2022-04-11,2022,-0.06549252974840741,-0.33704101917074736
2022-04-12,2022,-0.020907760851010298,1.8288602552776867
2022-04-13,2022,-0.09337581849076046,-0.32366855184332577
2022-04-14,2022,-0.14003559355302342,-1.4001791756182103
2022-04-15,2022,-0.21030681120852193,-0.619318308792316
2022-04-18,2022,-0.08526848113433413,0.5593865151930499
2022-04-19,2022,-0.11063996896405075,0.9149434486329877
2022-04-20,2022,-0.04623995081935771,-0.12204878685955212
2022-04-21,2022,-0.04541041106139726,-0.600538885272317
2022-04-22,2022,-0.09624066840197606,-2.3740843660738253
2022-04-25,2022,-0.35233524540787287,0.14373469547377393
2022-04-26,2022,-0.0484288420185518,-2.0513325791433834
2022-04-27,2022,-0.15419249639508328,0.7116942223530875
2022-04-28,2022,-0.01912726402375035,1.052414890208997
2022-04-29,2022,0.10374226624882787,-0.5621925509486925
2022-05-03,2022,-0.19582819148201006,0.4056634078635657
2022-05-04,2022,-0.01720957102723335,0.786498473061692
2022-05-05,2022,0.11825853187380297,-1.724472512176467
2022-05-06,2022,-0.10277058251147211,-2.189636888872637
2022-05-09,2022,0.09281209184877519,0.07963152660739325
2022-05-10,2022,-0.022139322630755638,-0.3452312021766102
2022-05-11,2022,0.17733506328663634,-2.4338617727450162
2022-05-12,2022,0.24536434445730654,1.3822400151632719
2022-05-13,2022,0.02496932514431601,0.4326532571526709
2022-05-16,2022,0.2892574667034006,0.9750934530068367
2022-05-17,2022,0.19560605936666095,1.4995556203284854
2022-05-18,2022,0.20159896747492514,-1.6968913029872024
2022-05-19,2022,0.07899490430419379,0.7773252968729771
2022-05-20,2022,0.13642829357340538,0.0716017801342117
2022-05-23,2022,0.0924842034216331,-1.1932106204286752
2022-05-24,2022,0.21667944098342176,0.8794992116454736
2022-05-25,2022,0.28715128803620305,-0.8395414067162155
2022-05-26,2022,0.24283565577042773,1.8623155234290811
2022-05-27,2022,0.19289643093082381,2.117271252940145
2022-05-30,2022,0.16827465854930704,1.1868912779896323
2022-05-31,2022,0.17044447194171275,-0.7893968087378633
2022-06-01,2022,0.13369662752658423,-0.7347486580282392
2022-06-02,2022,0.03571526532356275,0.32254809978147225
2022-06-06,2022,0.18061919199901721,-0.5605216440362271
2022-06-07,2022,0.13959848512970072,0.9545881760177455
2022-06-08,2022,0.18363227260418863,-0.2949519840724668
2022-06-09,2022,0.019610521384008428,-0.9699578974980416
2022-06-10,2022,-0.12591650791693204,-2.364138293037954
2022-06-13,2022,-0.24523177864333429,-0.14691076710939832
2022-06-14,2022,-0.2766322154441673,-0.2998622204136936
2022-06-15,2022,-0.09604120941966017,-1.0040470647061595
2022-06-16,2022,0.06441043059268532,-1.2460058048023193
2022-06-17,2022,0.03823606220469111,-1.7497311597658993
2022-06-20,2022,-0.0914701300689641,2.349491592039854
2022-06-21,2022,-0.09395497095615632,-2.4216334025065067
2022-06-22,2022,0.11298917587434099,-1.1161896694955264
2022-06-23,2022,0.13310205466716057,0.8360326927790762
2022-06-24,2022,0.09299425418515969,1.5989340875051994
2022-06-27,2022,0.12129129922016227,-0.6952015081029717
2022-06-28,2022,0.10810583722949278,-1.2939833885149743
2022-06-29,2022,-0.03491938278543033,-2.7191369102494534
2022-06-30,2022,-0.10531867090935072,-3.25548893713834
2022-07-01,2022,0.2601236098111925,-0.8786118462701165
2022-07-04,2022,0.19937599741567819,0.9294467351196545
2022-07-05,2022,0.20935502142902482,-2.534566386976278
2022-07-06,2022,0.045524455476813816,2.5080243766584243
2022-07-07,2022,0.20182125412228052,0.8946539092804517
2022-07-08,2022,0.345250069475712,-0.8572694722884133
2022-07-11,2022,0.3125528674694641,-2.7189371661995754
2022-07-12,2022,0.15488687900825077,2.681314522221956
2022-07-13,2022,0.33234675667671165,0.7947123426142788
2022-07-14,2022,0.3955158518844657,0.7763953646218624
2022-07-15,2022,0.2087742697996095,1.1615999868046734
2022-07-18,2022,0.413799168195114,-0.17364555111402113
2022-07-19,2022,0.32414666707671025,0.2663657745159975
2022-07-20,2022,0.32299882155972054,1.3878839791980457
2022-07-21,2022,0.22621992715682585,0.07805753228409262
2022-07-22,2022,0.2693335359548091,-0.08716092193913338
2022-07-25,2022,0.29891484491651366,-0.8673482709607994
2022-07-26,2022,0.29995446095672323,0.775388031698987
2022-07-27,2022,0.08599951170550127,-0.19897343379626786
2022-07-28,2022,0.19682543362167276,0.7263680255709559
2022-07-29,2022,0.17005149819435092,-0.12253276151377168
2022-08-01,2022,0.12939939588262744,-1.5649769819025772
2022-08-02,2022,0.06141263302096789,0.20200403736838624
2022-08-03,2022,-0.023575297721086665,-0.5063267153999962
2022-08-04,2022,0.22899080064573965,2.2706805784168393
2022-08-05,2022,0.17365115838673445,-0.10395024221804272
2022-08-08,2022,-0.054327712274902115,0.19886274742169086
2022-08-09,2022,0.19929665012826522,-0.7392553494021348
2022-08-10,2022,-0.009888582175483634,1.7325768356960536
2022-08-11,2022,0.18045284887636365,0.5995584901811624
2022-08-12,2022,0.16283395621440916,0.8396903126894895
2022-08-15,2022,0.12266447863345913,0.020885560748107324
2022-08-16,2022,0.03304315719493376,0.29103982537610484
2022-08-17,2022,0.19519814139265237,-0.44415131793772433
2022-08-18,2022,0.11329429011991576,0.07806837282648971
2022-08-19,2022,0.09403603795471174,-1.0619919292766955
2022-08-22,2022,0.02891381604914397,-0.9790005208217156
2022-08-23,2022,-0.01743258645819344,-0.17686933330859356
2022-08-24,2022,0.16173106443194013,0.8683280255939563
2022-08-25,2022,0.20555794145150097,0.515788116347049
2022-08-26,2022,0.15489923521752869,-2.3055364291118763
2022-08-29,2022,-0.13612439002387705,0.1838379385496136
2022-08-30,2022,0.21097356135788786,0.9483316091143168
2022-08-31,2022,0.192236009635751,-1.944825722204846
2022-09-01,2022,-0.15738062282156867,-0.8702960303637486
2022-09-02,2022,-0.12282874433193303,-0.08137373032446327
2022-09-05,2022,0.0666230707892708,0.10981440683168753
2022-09-06,2022,0.11715952979198478,-1.8201700596844228
2022-09-07,2022,-0.29203703419409927,1.2031186567708074
2022-09-08,2022,0.08454890190093353,1.5360594428467378
2022-09-12,2022,0.08672973095017159,0.5874078081071543
2022-09-13,2022,0.04762148517857882,-1.5851584587774914
2022-09-14,2022,-0.1554963488264947,0.0800228675747805
2022-09-15,2022,0.07408823926722974,-0.738102963591103
2022-09-16,2022,0.046007216169489454,-0.9345024227840559
2022-09-19,2022,0.030573086943542306,0.8569440054125632
2022-09-20,2022,0.11798971521896033,-0.8576357625452724
2022-09-21,2022,-0.05148346946763956,-0.9698069675802112
2022-09-22,2022,-0.1284871648453862,-1.1638383353296478
2022-09-23,2022,-0.08570280205240317,-2.4095540706511542
2022-09-26,2022,-0.08458585868531918,0.3512798125152816
2022-09-27,2022,0.03045473380305692,-2.607439723026428
2022-09-28,2022,0.28626129879343376,0.5063838224515393
2022-09-29,2022,0.3620437968994939,-0.8103878601416037
2022-09-30,2022,0.3327922232209515,-0.9244237063654959
2022-10-03,2022,0.26538483646832917,2.075413819651639
2022-10-04,2022,0.2810100871170528,1.6566100885941237
2022-10-05,2022,0.33504848389593117,0.656598627823346
2022-10-06,2022,0.12231836853720916,-1.3660330908685125
2022-10-07,2022,0.020047388769927732,-4.351465595506731
2022-10-11,2022,0.15308286136982568,-0.18914957466144022
2022-10-12,2022,0.23219675644598103,-2.0679232244038004
2022-10-13,2022,0.21672642585981555,2.4775325059539943
2022-10-14,2022,0.42858329142407736,-1.2345255832518442
2022-10-17,2022,0.04027686027994896,1.2234257927433712
2022-10-18,2022,0.377367111683624,-1.127037002045006
2022-10-19,2022,0.322416114575812,-0.23626852927849384
2022-10-20,2022,0.021584846155373746,-0.9802179807046119
2022-10-21,2022,0.44780768698798423,0.294714178731903
2022-10-24,2022,0.3447207642188035,-1.4844854701492771
2022-10-25,2022,0.4396867709698925,0.49683723192261997
2022-10-26,2022,0.4744373399648095,1.5501549605037468
2022-10-27,2022,0.442650175898798,-1.0671982931016233
2022-10-28,2022,0.20175368935982899,1.2615319171563
2022-10-31,2022,0.45519518900269107,0.6753798335875194
2022-11-01,2022,0.12946835212969615,0.48292541118843957
2022-11-02,2022,0.30677554572270865,-0.8669353145798864
2022-11-03,2022,0.07265435058262557,0.30885682164691897
2022-11-04,2022,-0.13921918800913474,1.5124309975427463
2022-11-07,2022,0.18332775952595112,0.937935060682582
2022-11-08,2022,0.08699865533204779,2.180515682032036
2022-11-09,2022,0.13638306077849344,-0.9901890267552615
2022-11-10,2022,-0.09572837195520306,3.7308127514114497
2022-11-11,2022,0.20316796946106921,1.1946406083572114
2022-11-14,2022,0.18466764105689157,2.620194851462787
2022-11-15,2022,0.1350810684720414,-0.061596377363049015
2022-11-16,2022,0.16852679395527365,-0.01458312553526131
2022-11-17,2022,0.17172025832622373,-0.20804624350628798
2022-11-18,2022,0.11821069688663159,-0.38331636216226705
2022-11-21,2022,0.19150885812871274,0.6423108518768039
2022-11-22,2022,0.06084529330555431,0.4561895724168208
2022-11-23,2022,0.14995649820587456,1.2010782733935077
2022-11-24,2022,0.09877365249610234,-0.03713474025973662
2022-11-25,2022,0.08712626846383298,-1.4997452381870668
2022-11-28,2022,0.15067059756513373,1.0494701127371275
2022-11-29,2022,0.06924728784497174,1.1550928506747882
2022-11-30,2022,0.17458371358336894,0.8955243942189162
2022-12-01,2022,0.07061152752652375,-0.28056058829798447
2022-12-02,2022,0.05306240324955369,0.06719801638936929
2022-12-05,2022,0.16043394522938337,-1.6812253600289484
2022-12-06,2022,-0.07644539077784905,-0.671266246992297
2022-12-07,2022,0.2016461149750343,-0.5261103717632443
2022-12-08,2022,0.11919391482448871,1.047135169009361
2022-12-09,2022,0.2880964665584403,-0.6313314197544773
2022-12-12,2022,0.2330036738022594,-0.6133751785275643
2022-12-13,2022,0.15707100523745826,1.4900543690818058
2022-12-14,2022,0.1732844091333292,-0.03548322315216623
2022-12-15,2022,0.11287611270161882,-1.3952639212495122
2022-12-16,2022,-0.05304965228372608,-0.6554680267473301
2022-12-19,2022,0.13846978483957564,-1.8241818237245466
2022-12-20,2022,0.15394502264153082,0.45426862187305517
2022-12-21,2022,0.17010274406289572,1.4650424324172517
2022-12-22,2022,0.1550058533712369,-1.186115846219682
2022-12-23,2022,0.03638801218532915,0.09459325949454644
2022-12-26,2022,0.25212186238936407,0.3031123972970562
2022-12-27,2022,0.2558740799415,-1.084068526698323
2022-12-28,2022,0.1878317399175538,-0.6214589609894849
2022-12-29,2022,0.13789328912846302,0.3739433809820669
2022-12-30,2022,0.2632393121721034,0.611344569020833
2023-01-03,2023,-0.01882434888671443,-0.1756874942000053
2023-01-04,2023,-0.3209527016779159,0.7177904561758375
2023-01-05,2023,0.040718264209865206,0.5054873593197673
2023-01-06,2023,-0.11250528638396211,2.635921782967632
2023-01-09,2023,0.12854460893945666,0.34401625248012824
2023-01-10,2023,0.10575001205308468,-0.3480385004080211
2023-01-11,2023,0.05656107040008864,-0.13422418421524807
2023-01-12,2023,0.1613408897066853,0.6278323391014196
2023-01-13,2023,0.16549293270122503,0.6940036278688888
2023-01-16,2023,0.14801203521805792,0.03965965052612486
2023-01-17,2023,0.16196301222713005,3.756061268619071
2023-01-30,2023,0.18079735880997383,-1.4755560604163387
2023-01-31,2023,0.08457349029645159,1.01492283101432
2023-02-01,2023,0.1884403976313878,1.1350747367240066
2023-02-02,2023,0.19825412215879185,0.04809184387977172
2023-02-03,2023,0.11795458238602266,-1.3448988826264219
2023-02-06,2023,-0.04278262460976205,0.05255697136716808
2023-02-07,2023,0.03403869629797447,1.410695861478306
2023-02-08,2023,0.20271750806922523,-0.12459846448079626
2023-02-09,2023,0.11867159429283292,-0.07731408558784292
2023-02-10,2023,0.028347063097580515,-0.2718351922959661
2023-02-13,2023,0.05619806162402909,0.7089424534298061
2023-02-14,2023,0.19548213882433602,-1.4155053377691296
2023-02-15,2023,0.10879880502842065,0.7620737269558697
2023-02-16,2023,0.05832460337092665,-0.4552908266615141
2023-02-17,2023,0.03450016552309952,0.46208905857347826
2023-02-20,2023,0.11631674963406687,0.07568533164257207
2023-02-21,2023,0.14310439815093373,-0.9267493413866235
2023-02-22,2023,0.04861166191822578,1.27532870650513
2023-02-23,2023,0.02788166328445959,-0.7148067197723207
2023-02-24,2023,0.10485897919876186,0.6108183869879547
2023-03-01,2023,0.024329633176925436,0.001474501698561781
2023-03-02,2023,0.04126296766733973,0.06218458950477679
2023-03-03,2023,-0.037265287113166366,0.993630361048714
2023-03-06,2023,-0.08861005483954357,0.5987245226475535
2023-03-07,2023,0.03042880369356079,-0.2502855045658614
2023-03-08,2023,-0.21863991510829067,-0.30053988443692337
2023-03-09,2023,0.011375671670011743,-1.550093654926299
2023-03-10,2023,-0.05967090660566202,0.22085249449317335
2023-03-13,2023,-0.03802462277184246,-1.285756425408191
2023-03-14,2023,-0.13910988823860906,0.1768831841837626
2023-03-15,2023,0.13058808889903414,-1.0818458251097063
2023-03-16,2023,-0.12456635785067274,1.5231467855190584
2023-03-17,2023,0.2868135558165128,-0.2134866070966357
2023-03-20,2023,0.07567804429834853,0.6062268603635568
2023-03-21,2023,0.12760837867106548,1.5922312573927622
2023-03-22,2023,0.19921153288237944,0.6566432705644498
2023-03-23,2023,0.15255437768818317,0.3199077152915786
2023-03-24,2023,0.12509713923687094,-0.5302644724688554
2023-03-27,2023,-0.022228461900865505,-0.8138185544060761
2023-03-28,2023,0.05913393472003392,0.4348634651001104
2023-03-29,2023,0.09542478319530312,0.5052074349894964
2023-03-30,2023,0.1547204424168316,0.11754365929879107
2023-03-31,2023,0.1273318026169292,-0.3610397238225649
2023-04-06,2023,0.052779264729502715,0.16273717219337236
2023-04-07,2023,0.04329072578307176,0.25049726896726465
2023-04-10,2023,0.07217639075169882,0.23752580124802858
2023-04-11,2023,-0.012414091853205172,0.11995817487626681
2023-04-12,2023,0.07307236355111826,-0.8046836214465891
2023-04-13,2023,-0.0009213420212404895,0.7888129905167851
2023-04-14,2023,0.08115344012237716,0.21419473264265854
2023-04-17,2023,-0.1026789654478654,-0.58953052422549
2023-04-18,2023,-0.1136006465783626,-0.6236514962090767
2023-04-19,2023,-0.013985248903587924,-0.39916375352160305
2023-04-20,2023,-0.04235660151877253,-0.665477427372374
2023-04-21,2023,0.009999412803731641,0.15304758895571258
2023-04-24,2023,0.02891417040234805,-1.6390998325320538
2023-04-25,2023,-0.07596099620477162,0.025372900311171342
2023-04-26,2023,-0.11701034231038483,0.23974560688615476
2023-04-27,2023,-0.02679270416643246,1.088084279975532
2023-04-28,2023,-0.1453103960907722,0.36779856192687976
2023-05-02,2023,-0.1780449848855664,-0.5312576743614961
2023-05-03,2023,-0.13682349595244592,0.3576064670062662
2023-05-04,2023,-0.12766040410210455,0.10916757799810384
2023-05-05,2023,-0.030827331257685532,0.4703677892137881
2023-05-08,2023,0.013095437261720072,0.17917688191460002
2023-05-09,2023,-0.0039777129522219935,-0.5464244613007652
2023-05-10,2023,-0.14285258982989826,-0.8126962694735118
2023-05-11,2023,0.05836486159278117,-0.07915104701107234
2023-05-12,2023,-0.10197222949785019,-0.1761667255824384
2023-05-15,2023,-0.12502627272760442,1.2849716156005941
2023-05-16,2023,0.1180967744793271,1.6038765080803152
2023-05-17,2023,0.08156227946358302,1.108865207478149
2023-05-18,2023,0.10601580384466869,0.453611627958983
2023-05-19,2023,0.02528340311143936,0.03690899244015444
2023-05-22,2023,0.06363643950040529,0.04412612656041759
2023-05-23,2023,0.11301779553695968,-0.1773532665803157
2023-05-24,2023,0.0024873468110892098,0.8210741541104571
2023-05-25,2023,0.08457020414698493,1.307697029216781
2023-05-26,2023,0.20355818557882266,0.7952111626441605
2023-05-29,2023,0.19164467613928218,-0.08150850850248137
2023-05-30,2023,0.17388864507514407,-0.2633741489068697
2023-05-31,2023,0.16134885109874725,-0.3999647746300017
2023-06-01,2023,0.10594771076854223,1.176431402591338
2023-06-02,2023,0.1635139666633803,0.0450113156771792
2023-06-05,2023,0.054193152580524394,0.2825702102913441
2023-06-06,2023,0.025686350620867854,0.9594515101726264
2023-06-07,2023,0.07593326424375409,-1.115616623568183
2023-06-08,2023,-0.05930557950443914,0.9125901101311396
2023-06-09,2023,0.05703909683291127,0.4084351904491079
2023-06-12,2023,0.0705321220549046,1.540691828016727
2023-06-13,2023,0.046886311849242225,0.12511181069434496
2023-06-14,2023,0.04197226822849277,0.5617775467654962
2023-06-15,2023,0.08175617473678633,-0.2657632140331212
2023-06-16,2023,-0.013497868249571532,-0.08300118399597878
2023-06-19,2023,-0.004107911205877663,-0.518971250208411
2023-06-20,2023,0.015756608356274092,0.10177533661801519
2023-06-21,2023,0.05426020804440597,-0.8322094591452389
2023-06-26,2023,-0.19888838535395337,-1.004382375768209
2023-06-27,2023,-0.04432579504728307,0.28262839074129076
2023-06-28,2023,0.0627085629959477,0.03938442207345183
2023-06-29,2023,0.023305126473034413,-0.1579478583191074
2023-06-30,2023,0.03813319423058651,0.9970713320414326
2023-07-03,2023,0.037045000090277294,0.3311246648950439
2023-07-04,2023,-0.05332191914192712,-0.4920432395977503
2023-07-05,2023,-0.053853298528621696,-1.725214479231596
2023-07-06,2023,-0.15816526018936805,-0.5844112069022023
2023-07-07,2023,-0.07626063825916227,-0.06847009249163483
2023-07-10,2023,0.012060529627261864,1.4778896041506506
2023-07-11,2023,0.08689788589573419,0.37351521488664385
2023-07-12,2023,-0.014203732761023427,0.585837897940289
2023-07-13,2023,0.04715207167950629,1.3029997538302807
2023-07-14,2023,0.0321058664048184,0.29264550261489664
2023-07-17,2023,0.012766460978187144,-0.6136968978827539
2023-07-18,2023,0.023293322676201968,-0.6470314739280725
2023-07-19,2023,0.046055774107910924,0.28306119730505674
2023-07-20,2023,0.0009786252492115137,-0.7817702298121287
2023-07-21,2023,-0.1506207958035897,0.01708679032570437
2023-07-24,2023,0.00674585668511612,0.9703169204883677
2023-07-25,2023,0.0038245187270671286,-0.21129270551762946
2023-07-26,2023,-0.04144936090080659,0.4618777512665595
2023-07-27,2023,-0.07575956929893543,0.29643042323839186
2023-07-28,2023,-0.1253759640616142,-0.8529497314798573
2023-07-31,2023,-0.03288881264188226,0.3933409660766607
2023-08-01,2023,-0.02792187219161816,-1.8540777917918416
2023-08-02,2023,-0.16837024532235018,-0.29626376176249414
2023-08-04,2023,-0.09544431233895483,0.9043154465057546
2023-08-07,2023,-0.04702702909919863,-0.6997528830313016
2023-08-08,2023,-0.07361086305386853,-0.03632147049221768
2023-08-09,2023,-0.09229462444294557,-1.4002776371678016
2023-08-10,2023,-0.14310512616482032,-0.2010856823387308
2023-08-11,2023,0.005985974349580618,-1.2504480084331027
2023-08-14,2023,-0.16621446037733487,0.3729490546955372
2023-08-15,2023,0.007725157075410905,-0.04873957750930469
2023-08-16,2023,-0.11677276485445139,0.4248856007072588
2023-08-17,2023,-0.15072087768935766,-0.8194756082646304
2023-08-18,2023,-0.20632652380970837,0.0010988132206790624
2023-08-21,2023,-0.09533090776972107,0.3425817798014652
2023-08-22,2023,-0.01758312014617671,0.847385964261238
2023-08-23,2023,-0.11400985498588076,1.170122278592478
2023-08-24,2023,0.05239541430748007,-1.7249552348804653
2023-08-25,2023,-0.36523881555727694,0.16794506351938132
2023-08-28,2023,-0.053804668712651105,0.6928838724449271
2023-08-29,2023,-0.06059892496905345,0.578513142420567
2023-08-30,2023,0.003261743068587676,-0.510232765663754
2023-08-31,2023,0.010618799431652302,0.06270097526166474
2023-09-01,2023,-0.06485398341683134,0.8696336544319117
2023-09-04,2023,-0.07557964734265082,0.011435589340846875
2023-09-05,2023,-0.11611799408310883,-0.31831372929695956
2023-09-06,2023,-0.14703082851209376,-0.7110697950073352
2023-09-07,2023,-0.01120431667176598,-0.25945987578177565
2023-09-08,2023,0.002627486814116774,-0.8631143060879531
2023-09-11,2023,0.03300687280579214,0.8504863703717058
2023-09-12,2023,0.048859869450913265,0.05309934223189927
2023-09-13,2023,0.049844530017657804,1.3632654685852064
2023-09-14,2023,0.04179539999966829,0.6744583984825692
2023-09-15,2023,-0.06065342131135957,-1.3160040943400064
2023-09-18,2023,-0.09867226037656658,-0.37081752328390616
2023-09-19,2023,0.002771552108214413,-0.6105316560393148
2023-09-20,2023,-0.050361188177639495,-1.318919245830752
2023-09-21,2023,-0.21367834643423503,0.17043918887860166
2023-09-22,2023,-0.13413094945984932,0.6592439771714975
2023-09-25,2023,0.058737471948331746,-1.070736307479292
2023-09-26,2023,-0.07653315404824769,0.21067739325280055
2023-09-27,2023,-0.053230849300044736,0.26596592595136137
2023-09-28,2023,-0.12684971528853956,1.2447917112538232
2023-10-02,2023,-0.033011718504762144,-0.6219005381913001
2023-10-03,2023,-0.22421972676878738,-1.0997706380201255
2023-10-04,2023,-0.23572699234252914,1.1069611844619853
2023-10-05,2023,-0.056314304756445464,0.40751158414733535
2023-10-06,2023,-0.020840532663758182,0.9167964543596252
2023-10-11,2023,0.050296568972130376,0.9229829840757375
2023-10-12,2023,0.044686351966305986,-0.2575789362952774
2023-10-13,2023,-0.12754212496587708,-0.7765795107662177
2023-10-16,2023,-0.02083744918233831,-0.05819036958392143
2023-10-17,2023,0.06995239598949793,-1.2115931753246878
2023-10-18,2023,0.08023429124979956,0.07189383069428068
2023-10-19,2023,0.043834112779176614,-0.07299700414459265
2023-10-20,2023,0.035853859076334066,-1.151774374844905
2023-10-23,2023,0.14285699077781044,0.3593545401738618
2023-10-24,2023,0.12316630610345695,0.30123067414848936
2023-10-25,2023,0.05578663005801983,-1.7430889259601345
2023-10-26,2023,-0.12492630293770483,0.3786922023125916
2023-10-27,2023,0.032622907872755166,0.09340169982416935
2023-10-30,2023,-0.005446479460452743,-0.918965577026909
2023-10-31,2023,-0.06647394380621362,0.23304400213233212
2023-11-01,2023,-0.07544345683650212,2.2345522291278064
2023-11-02,2023,-0.02911287375674959,0.6751255568871128
2023-11-03,2023,0.0751908097696152,0.8584504759914235
2023-11-06,2023,0.13434326115914838,0.21376197043010414
2023-11-07,2023,0.09404915700171723,0.3349126008768355
2023-11-08,2023,0.014024855390539038,0.02879188188398274
2023-11-09,2023,-0.0021479775588160856,-0.37609767312707376
2023-11-10,2023,-0.03280409515260503,0.9388185464317411
2023-11-13,2023,0.05844264499788119,0.45381960878396743
2023-11-14,2023,-0.01703459314665799,1.259598326053113
2023-11-15,2023,0.08825523344514104,0.24753660213980844
2023-11-16,2023,0.06927321522465205,0.2199615867983562
2023-11-17,2023,0.07587382133322808,0.008832613262277356
2023-11-20,2023,0.04947417141289857,1.1982822084463773
2023-11-21,2023,0.09742279622877661,-0.6111375863395607
2023-11-22,2023,0.003518373512741475,-0.0907554248174125
2023-11-23,2023,0.03802235699844247,-0.041226860484955274
2023-11-24,2023,0.01427406990596614,-0.8676829740932979
2023-11-27,2023,0.066972787247165,1.1893855667889364
2023-11-28,2023,0.0701727725786034,0.16901895768759445
2023-11-29,2023,0.04632557082311504,0.36435209918388445
2023-11-30,2023,0.023903289300250825,0.025811854524393496
2023-12-01,2023,-0.08134964442436496,-0.0967408040324913
2023-12-04,2023,-0.020524517066501897,-0.5365215814041147
2023-12-05,2023,-0.024974119677583693,0.18876951248298912
2023-12-06,2023,-0.0124541059003113,-0.4722154380693899
2023-12-07,2023,-0.04692068086158446,0.6091300638819686
2023-12-08,2023,0.010712073771794277,0.19759560377103913
2023-12-11,2023,0.0013401311818808908,0.1853793185803143
2023-12-12,2023,-0.0010275151927549924,0.10486727413279162
2023-12-13,2023,0.017050509199848417,1.0543290287384544
2023-12-14,2023,0.03597611642848009,0.11759967507141145
2023-12-15,2023,0.025897438263583594,-0.12357225667044558
2023-12-18,2023,-0.13768027703863722,-0.4275995452081127
2023-12-19,2023,-0.031438333099953086,0.33368323135087863
2023-12-20,2023,0.025818324299977442,-0.518621847214662
2023-12-21,2023,-0.03816957928290177,0.30147505605988556
2023-12-22,2023,0.030646059080767507,0.046656660962907104
2023-12-25,2023,0.043578659184612706,0.834372820201712
2023-12-26,2023,0.07804957713399631,0.787359879853966
2023-12-27,2023,0.08328209263848871,0.10546907749489076
2023-12-28,2023,0.03853341641449519,0.11412382882096672
2023-12-29,2023,0.01260244880546644,-0.42970730268182544
2024-01-02,2024,-0.021535455103238052,-1.6492324305916406
2024-01-03,2024,-0.16502896092919375,-0.055013551215854495
2024-01-04,2024,-0.07955403673078648,-0.17384962093262013
2024-01-05,2024,-0.01298038090984659,0.3054944477868249
2024-01-08,2024,-0.039697033922475256,-0.21152176164563885
2024-01-09,2024,0.03567549992762082,-0.3983920609004987
2024-01-10,2024,0.04222281725694206,0.4562675380160863
2024-01-11,2024,0.05702201076958173,-0.1851775858177418
2024-01-12,2024,0.06831926612484966,0.1940862784598485
2024-01-15,2024,0.03698657089594741,-1.1395227169367472
2024-01-16,2024,-0.005400563486506714,-1.0669359947932833
2024-01-17,2024,-0.1903116767810636,0.3845752686636894
2024-01-18,2024,-0.046392636652314766,2.633709837419662
2024-01-19,2024,0.19698457166014996,0.7554780358249635
2024-01-22,2024,0.118114355843921,0.33393020527530126
2024-01-23,2024,0.183184579234952,0.006937222056579984
2024-01-24,2024,0.09504253500272877,0.7092817508333793
2024-01-25,2024,0.04920815152626261,-0.04216052996730557
2024-01-26,2024,0.07914510230427793,0.6924134052568975
2024-01-29,2024,0.05185883719480063,-0.469104501581985
2024-01-30,2024,0.10487364597731275,-0.8043968742358465
2024-01-31,2024,0.05164156688412469,0.4390829064549351
2024-02-01,2024,0.08761349824607516,0.5110164619428481
2024-02-02,2024,0.09631532506513689,0.20011151759724566
2024-02-05,2024,-0.03497960014964532,3.0310448622269837
2024-02-15,2024,0.07674487354162493,-0.20016551735974053
2024-02-16,2024,0.1038040943815157,0.1534348170739941
2024-02-19,2024,0.09876538377480451,0.6297556316337438
2024-02-20,2024,0.1554866213824301,-0.4097976021107841
2024-02-21,2024,0.0044143283304787385,0.9448868646964925
2024-02-22,2024,0.11922930763493753,0.1931280161334259
2024-02-23,2024,0.14989956436067559,0.3116067973269354
2024-02-26,2024,0.10434809092883543,-0.4941933338786786
2024-02-27,2024,-0.0006203746245373589,0.5959348502551975
2024-02-29,2024,0.07023648296976984,-0.1626001686106826
2024-03-01,2024,0.06436114162988765,1.9506831721494589
2024-03-04,2024,0.19795562213930687,0.4227334344799383
2024-03-05,2024,0.0929276080537358,0.5804428965508812
2024-03-06,2024,0.0763932680463934,0.9952588406339613
2024-03-07,2024,0.11601287493932759,0.46614317806059624
2024-03-08,2024,0.18036195429820134,-0.29941390889810515
2024-03-11,2024,-0.00039407035341031317,0.955435646616043
2024-03-12,2024,-0.010927039485470604,0.07009950011422905
2024-03-13,2024,0.06268104727910644,0.04721878354176923
2024-03-14,2024,-0.05743302075535811,-1.2810764613359837
2024-03-15,2024,-0.166818631437102,1.0026673440873823
2024-03-18,2024,-0.06376010974919646,-0.11393446127611062
2024-03-19,2024,-0.07352541872390339,-0.3663658521846025
2024-03-20,2024,-0.128727419179001,2.0957873481446176
2024-03-21,2024,-0.02736062593109074,0.1452540683763548
2024-03-22,2024,-0.17847558385467927,-0.17885718268793038
2024-03-25,2024,-0.10200975780647106,-0.3256695019128508
2024-03-26,2024,-0.05579489133024055,0.36583626851973694
2024-03-27,2024,0.0702135580365768,-0.26519644437755785
2024-03-28,2024,0.028778526496048,0.7341207303483754
2024-03-29,2024,0.018974193435673893,-0.3553680932471659
2024-04-01,2024,-0.03856957563553905,1.2077737827441037
2024-04-02,2024,0.04715181100732017,-0.6301495560809722
2024-04-03,2024,-0.10872278822782637,0.39385178192117287
2024-04-08,2024,-0.05128367664781023,1.8537837268644441
2024-04-09,2024,0.026050126343462487,-0.1570960079245287
2024-04-10,2024,0.008195942490705745,-0.04965436994575079
2024-04-11,2024,-0.15435803889920302,-0.0802285139366421
2024-04-12,2024,0.0047696019657567056,-1.3830638336041035
2024-04-15,2024,-0.16722139817528198,-2.6788076345113043
2024-04-16,2024,-0.06259455673672662,1.564519273478604
2024-04-17,2024,-0.018814839398089735,0.43471313237353204
2024-04-18,2024,-0.10023187735470118,-3.8129765728134424
2024-04-19,2024,0.027097737240863923,-0.5935335062210778
2024-04-22,2024,-0.03889479452073691,0.9688211251018597
2024-04-23,2024,0.055280631562231154,2.7167324513961866
2024-04-24,2024,-0.03594139052604194,-1.3626243931225135
2024-04-25,2024,-0.0255847335412552,1.3248951777219853
2024-04-26,2024,-0.014549019801695793,1.86381955526973
2024-04-29,2024,0.09321055233660522,-0.48264206031367607
2024-04-30,2024,0.052946756443831844,-0.8538678014963219
2024-05-02,2024,-0.12403082465962927,0.5334667824456352
2024-05-03,2024,0.007076441607108861,0.9492718265133204
2024-05-06,2024,0.061002423793214355,0.6344980414952461
2024-05-07,2024,0.05434703135103776,0.22746716905051034
2024-05-08,2024,0.01674429202138845,-0.6750558319577493
2024-05-09,2024,0.005610943802333327,0.7201578540103393
2024-05-10,2024,0.015483890918950114,0.7188717475242301
2024-05-13,2024,0.05422587019999028,0.6143531576572769
2024-05-14,2024,0.03475924443750624,0.7688990438795784
2024-05-15,2024,0.1283486408309213,0.7426511582378836
2024-05-16,2024,0.05941027895685934,-0.21493353911375968
2024-05-17,2024,0.0011332770785847713,0.06190473726472856
2024-05-20,2024,-0.04421257507824792,-0.16397426995486963
2024-05-21,2024,-0.0029785498026005685,1.483654513991084
2024-05-22,2024,0.004009841758012814,0.25798273278880846
2024-05-23,2024,0.003846900537102997,-0.19479410554610332
2024-05-24,2024,0.02996555023175802,1.1056166979050763
2024-05-27,2024,0.060400775587541936,0.2505988643248358
2024-05-28,2024,0.08236586313783295,-0.8962683013082784
2024-05-29,2024,0.012164564479475951,-1.3757414887478392
2024-05-30,2024,-0.049241590707596136,-0.8905435564076414
2024-05-31,2024,0.020207868322206293,1.7121764107485227
2024-06-03,2024,0.049905505314615496,-0.8364303637130144
2024-06-04,2024,0.0454479915639376,0.6005631977344716
2024-06-05,2024,0.05101675421213867,1.9447164703735753
2024-06-06,2024,0.0618529953926308,-0.20234948202733083
2024-06-07,2024,-0.020625634285188654,-0.30313316906377397
2024-06-11,2024,-0.07059387963997549,1.178591160474518
2024-06-12,2024,0.0657616593690898,1.1931628521254511
2024-06-13,2024,0.08418996784911495,0.8635696242925262
2024-06-14,2024,-0.019467123218978637,-0.03639236569040749
2024-06-17,2024,0.00446272839392389,1.1597344123738251
2024-06-18,2024,0.08610838235665823,1.9866478771987994
2024-06-19,2024,0.06508510329028863,0.8468931310142258
2024-06-20,2024,0.038804832893542356,-0.6524367579391677
2024-06-21,2024,-0.045074960546333455,-1.8908640847635438
2024-06-24,2024,-0.08429698129060743,0.27295002564249327
2024-06-25,2024,-0.04584356825196355,0.48400133415107405
2024-06-26,2024,0.04755797724093391,-0.3511162329156492
2024-06-27,2024,0.03390373594673558,0.5512534281440828
2024-06-28,2024,0.05647100792762634,0.11427454981600693
2024-07-01,2024,8.146210819792721e-08,-0.7771514018432235
2024-07-02,2024,0.023244920766569616,1.2808919126706675
2024-07-03,2024,0.024183277377001815,1.5108471575920213
2024-07-04,2024,0.060598437292046135,0.14479734960484159
2024-07-05,2024,0.01079070935832889,1.365053261104432
2024-07-08,2024,0.0067236749266107315,0.0918412858617712
2024-07-09,2024,-0.0040528509812235965,0.4476972462016837
2024-07-10,2024,0.038385104552266014,1.5951544294433129
2024-07-11,2024,0.05855025142119754,-1.9397270114058895
2024-07-12,2024,-0.10920556767565578,-0.15708537843276416
2024-07-15,2024,0.014681373696038457,0.49368994813931977
2024-07-16,2024,-0.013152965260856625,-0.9477335944743648
2024-07-17,2024,0.015569377745478011,-1.5622751876118501
2024-07-18,2024,-0.14956378477801455,-2.2617290788671363
2024-07-19,2024,-0.1338124451564398,-2.6772619664999997
2024-07-22,2024,-0.042641831450870436,2.76250292604705
2024-07-23,2024,0.23579712605845465,-3.290640368243225
2024-07-26,2024,0.009060110383343726,0.20470893851995964
2024-07-29,2024,0.26468912578863446,0.26655249004150505
2024-07-30,2024,0.2146620459062467,-0.10898339015739111
2024-07-31,2024,0.10084624991488503,1.994427764776896
2024-08-01,2024,0.062055709316668074,-4.43426183967034
2024-08-02,2024,-0.13751911271153058,-8.35198485633436
2024-08-05,2024,-0.08983969851174516,3.379275150674088
2024-08-06,2024,0.22137424798214073,3.87424625701549
2024-08-07,2024,0.2418966140244438,-1.9965926721789984
2024-08-08,2024,0.0009619958987546043,2.869655631741108
2024-08-09,2024,0.14797179899730625,1.4172062042945521
2024-08-12,2024,0.16563931998344833,0.10705792334266828
2024-08-13,2024,0.00864303621655822,1.0583316549346966
2024-08-14,2024,0.07866726776546062,-0.5996209240826778
2024-08-15,2024,0.032651203704996704,2.0742474253454324
2024-08-16,2024,0.10371775973235922,0.2698067458845488
2024-08-19,2024,0.10292081889898093,0.08688229122923996
2024-08-20,2024,0.0703144312364134,-0.852508571454047
2024-08-21,2024,0.07895799512814171,-0.4004876361920928
2024-08-22,2024,0.16349594307045517,0.04162748100011715
2024-08-23,2024,0.12433802815988675,0.3703845780653081
2024-08-26,2024,0.2213293504179199,-0.24784038935041774
2024-08-27,2024,0.18699193244616352,0.8368717601983322
2024-08-28,2024,0.20174570942141323,-0.7546044685315612
2024-08-29,2024,0.07049932395007183,0.29835351558542555
2024-08-30,2024,0.14412202235401833,-0.14814921261769864
2024-09-02,2024,0.10021704753844243,-0.6426325944115407
2024-09-03,2024,0.10829663954712918,-4.524038111171313
2024-09-04,2024,-0.07374754672256414,0.45020208365433856
2024-09-05,2024,-0.04784789598565385,1.1680356206498876
2024-09-06,2024,0.042404989523839844,-1.3564143821444996
2024-09-09,2024,-0.16906359503150942,-0.38005262849238886
2024-09-10,2024,0.008998888058122106,-0.15704459914699376
2024-09-11,2024,0.08767062994842598,2.9587275926014067
2024-09-12,2024,0.043771029203959234,0.4913812014362806
2024-09-13,2024,0.05275356588724199,0.4155857286307407
2024-09-16,2024,0.013969591144092986,-0.7837042244238979
2024-09-18,2024,-0.10134342416723738,1.6783647095508725
2024-09-19,2024,-0.11825280074437894,0.5295633155481427
2024-09-20,2024,0.019970456061091414,0.5691033429575443
2024-09-23,2024,-0.015949086768299803,0.6562554267275589
2024-09-24,2024,-0.005384588026924247,1.470324691130176
2024-09-25,2024,0.02540490898587347,0.4270789399690722
2024-09-26,2024,-0.09489621306651481,-0.15757600680000872
2024-09-27,2024,0.02337135278433841,-2.6212833750825393
2024-09-30,2024,0.0015964053652885528,0.7462471664205328
2024-10-01,2024,0.013224573658039248,-0.39159657335133824
2024-10-04,2024,-0.06781996680202614,1.7928314541147738
2024-10-07,2024,-0.12117291945927944,-0.40158466710362717
2024-10-08,2024,-0.1506220790574067,0.21091140350064652
2024-10-09,2024,-0.011227352641874624,1.0704759416533927
2024-10-11,2024,-0.04848991789144014,0.3215926894318599
2024-10-14,2024,0.032016261508032696,1.378655068118828
2024-10-15,2024,0.1031935669997247,-1.206678333027078
2024-10-16,2024,0.002974706569248221,0.18625890770407327
2024-10-17,2024,0.055168132423434636,1.8800772452658654
2024-10-18,2024,0.1043226589186109,0.23527638588902722
2024-10-21,2024,0.02922136041457324,-0.03015818605731635
2024-10-22,2024,-0.014055135006801736,-0.8526294187104377
2024-10-23,2024,-0.009184624509599448,-0.6095627295930939
2024-10-24,2024,-0.02972822575126962,0.6723288370560798
2024-10-25,2024,0.08752055208097945,-0.6440684499399385
2024-10-28,2024,0.09541241095144107,-1.170269768131571
2024-10-29,2024,0.12018409001515025,-0.46304313026925836
2024-10-30,2024,0.11732341911141,-0.1768152484418528
2024-11-01,2024,-0.07181240760705361,0.8134738771768957
2024-11-04,2024,0.030751265161471742,0.6157091170670315
2024-11-05,2024,-0.03239066833312972,0.47860390820186893
2024-11-06,2024,-0.0730563678834815,0.8245547085846905
2024-11-07,2024,-0.1178796350372769,0.6197236768021641
2024-11-08,2024,-0.0472745238211655,-0.10295539293084799
2024-11-11,2024,-0.04411902618906187,-2.3284249142783264
2024-11-12,2024,-0.2048789113355388,-0.5288539568536366
2024-11-13,2024,-0.16426005443039027,-0.6336331699199782
2024-11-14,2024,-0.13868473095571462,0.12057909662968047
2024-11-15,2024,0.012229792786330079,-0.8628236578042126
2024-11-18,2024,-0.09065620651461126,1.3406048112038382
2024-11-19,2024,-0.01944846373779987,-0.7021812961730989
2024-11-20,2024,-0.06976676113871776,-0.5848814105559041
2024-11-21,2024,-0.1321534770035008,1.5457760934505904
2024-11-22,2024,-0.02134386124340929,0.192321797809325
2024-11-25,2024,-0.08508606294653889,-1.1748546846682362
2024-11-26,2024,0.03504268120773987,-1.5167495930112573
2024-11-27,2024,-0.07525799876212871,-0.16064631037331356
2024-11-28,2024,-0.07178007415334181,-0.1632367515886468
2024-11-29,2024,-0.026043991235582653,2.131072431218417
2024-12-02,2024,-0.0171061592457647,1.2777890418803173
2024-12-03,2024,-0.09670261572113156,0.9895576846078669
2024-12-04,2024,-0.00981619192201187,0.05422412840410118
2024-12-05,2024,-0.01170064196555555,-0.3209136691946002
2024-12-06,2024,-0.12367724524914618,0.344841413047825
2024-12-09,2024,-0.0796339387954537,-0.6366536689117241
2024-12-10,2024,-0.07854961141129779,-0.9576183087799062
2024-12-11,2024,-0.04208942632997535,0.6250974190554093
2024-12-12,2024,0.023195504767935114,-0.11420240554003147
2024-12-13,2024,-0.04383928722187648,0.08435966582800436
2024-12-16,2024,0.027255515930034717,-0.09500909292142756
2024-12-17,2024,0.01645926487653577,0.6545309520675335
2024-12-18,2024,0.026215480922963295,-1.0204297441329113
2024-12-19,2024,-0.16433902917391363,-1.840203207273594
2024-12-20,2024,-0.13026352862753007,2.640086182961099
2024-12-23,2024,0.02764951377308671,0.06795201289444552
2024-12-24,2024,-0.02303406706462644,0.43204568810704114
2024-12-25,2024,-0.010921512798688027,0.11546016322905306
2024-12-26,2024,0.0346158787832883,0.12362917442039212
2024-12-27,2024,0.046081442834951546,-0.36725028012071226
2024-12-30,2024,0.03588884569231158,-0.6688170002846161
2024-12-31,2024,-0.006192976795362588,-0.8814374584872553
2025-01-02,2025,-0.1209937473766211,0.3339164315440568
2025-01-03,2025,-0.04718444432553971,2.7911717587075335
2025-01-06,2025,0.09998661895184406,0.4397879878765387
2025-01-07,2025,0.07794410117199158,-1.0314033876404838
2025-01-08,2025,0.008343351519831042,-1.3935805578850768
2025-01-09,2025,-0.04154433188890038,-0.30011528898281625
2025-01-10,2025,0.0415009189606509,-2.275044259786041
2025-01-13,2025,-0.13598522354550563,1.3748908878516097
2025-01-14,2025,0.15131355305417213,-1.2411437735332598
2025-01-15,2025,0.22821291245716296,2.2675538551258034
2025-01-16,2025,0.17818388903792676,0.5341127725829731
2025-01-17,2025,0.08676467997045148,0.5129583101492585
2025-01-20,2025,0.08314187353761097,0.14264948970250657
2025-01-21,2025,0.026750634516032695,0.9673815590637069
2025-01-22,2025,0.12401000332828496,-3.5310755476737787
2025-02-03,2025,-0.19539556007440545,0.4373265840365459
2025-02-04,2025,-0.12887556138038908,1.612795670431999
2025-02-05,2025,0.07521181817337738,0.6692980357989153
2025-02-06,2025,0.03417452743423875,0.6933686729626132
2025-02-07,2025,0.05630121131826791,-0.9631459217395499
2025-02-10,2025,0.009631227516211819,0.5673026224682909
2025-02-11,2025,0.12397906813196324,-0.40326632897209613
2025-02-12,2025,0.03950082772894041,0.4708509108084069
2025-02-13,2025,4.0434811303779325e-05,-1.0547274482561764
2025-02-14,2025,-0.02790584612252296,1.5234567506644092
2025-02-17,2025,0.09430943976322323,0.6840150723261385
2025-02-18,2025,0.014004982820722212,-0.26210475654849796
2025-02-19,2025,-0.04494179588628301,-0.4940671273779951
2025-02-20,2025,0.020497889296173195,1.0337005363713292
2025-02-21,2025,0.02779061119323244,-0.695062209626951
2025-02-24,2025,-0.11339243695392875,-1.18644736691349
2025-02-25,2025,-0.18564933990259064,0.5017238032579474
2025-02-26,2025,-0.01588848795906151,-1.492871503319082
2025-02-27,2025,-0.038465402236746424,-1.288021869434064
2025-03-03,2025,-0.23235667213258968,-0.7003350727821989
2025-03-04,2025,-0.19328182998079035,1.2170706752436589
2025-03-05,2025,-0.0061339083803480824,-0.6841145685317018
2025-03-06,2025,-0.016211208644884484,-0.6135036844999164
2025-03-07,2025,-0.04829980308201266,-0.5178935040509591
2025-03-10,2025,0.03595914590412302,-1.727848115356112
2025-03-11,2025,-0.2422445118661649,0.9391017842798055
2025-03-12,2025,0.013838316085407648,-1.4214690847979883
2025-03-13,2025,0.06357560943687583,0.02900506700762584
2025-03-14,2025,0.06861134281316779,0.6854500058038893
2025-03-17,2025,0.10536155645131014,0.6919054209053588
2025-03-18,2025,0.0469894971551981,-1.3956744150752765
2025-03-19,2025,0.04312302246778448,1.896239805143951
2025-03-20,2025,0.004125187751328136,-0.7514771692334055
2025-03-21,2025,-0.1600961423699408,-0.46134242270060577
2025-03-24,2025,0.05092327885429747,0.7533935505350309
2025-03-25,2025,0.08774746737095404,-0.057917164088294726
2025-03-26,2025,0.11950353358826118,-1.3860106943800021
2025-03-27,2025,-0.03061154673451342,-1.5892575356144523
2025-03-28,2025,0.05335333970465399,-4.19846603857168
2025-03-31,2025,0.22074648049553733,2.823119555080944
2025-04-01,2025,0.35658038606895304,0.08482075096205577
2025-04-02,2025,0.3637101977983856,-9.699730775623516
2025-04-07,2025,0.29589874708987335,-4.016149872480468
2025-04-08,2025,0.41800727139671157,-5.786527049098201
2025-04-09,2025,0.4092456659126661,9.247310220472226
2025-04-10,2025,0.5257320112963181,2.7828377113088942
2025-04-11,2025,0.3749390853177083,-0.08029179513098228
2025-04-14,2025,0.4033351848882772,1.7658915118005325
2025-04-15,2025,0.22008224614587527,-1.9623148133693369
2025-04-16,2025,-0.027452061524350924,-0.6640127388535033
2025-04-17,2025,0.11098267964199526,0.2911256323450351
2025-04-18,2025,0.04357092280956829,-1.4891959434968571
2025-04-21,2025,0.24979127489050418,-1.6370078822581124
2025-04-22,2025,0.19026008808998257,4.500030063697791
2025-04-23,2025,0.05419530397068464,-0.8163799433172692
2025-04-24,2025,-0.01699543368311283,2.0223001302440924
2025-04-25,2025,0.22357068416208642,0.8135771985026796
2025-04-28,2025,0.2237764372924147,0.9893977411862931
2025-04-29,2025,0.2346802157669246,0.01186202683485238
2025-04-30,2025,0.20786035901617886,2.730957156969871
2025-05-02,2025,0.04757049338436715,-1.2250067828767364
2025-05-05,2025,0.1435578931910265,-0.05065019756013145
2025-05-06,2025,0.06800128896205765,0.1164570358809458
2025-05-07,2025,0.11116093357132337,-0.015039065066591029
2025-05-08,2025,0.02237483479269644,1.8090481614533083
2025-05-09,2025,-0.08547870444663054,1.0255777660477916
2025-05-12,2025,0.09304120830925042,0.9493817660015225
2025-05-13,2025,-0.010328240971551557,2.1224895851597703
2025-05-14,2025,0.10258815234371546,-0.24156596444820932
2025-05-15,2025,0.020200373939005485,0.5220372522175332
2025-05-16,2025,0.1276186612168825,-1.4643130350229128
2025-05-19,2025,0.14408682944491735,0.010221229214302241
2025-05-20,2025,0.13302184006389312,1.2909022239586232
2025-05-21,2025,0.13321196376996208,-0.6097530213617697
2025-05-22,2025,0.07103747680241117,-0.08638288289950502
2025-05-23,2025,0.07181786963087884,-0.5342172449594229
2025-05-26,2025,0.07591540045002199,-0.9287922821507699
2025-05-27,2025,0.11439200205531479,0.09926632902992338
2025-05-28,2025,0.028102059169442924,-0.04878797924123823
2025-05-29,2025,-0.03843940932088568,-1.6142088226614115
2025-06-02,2025,-0.09771069528933891,0.5914474846341333
2025-06-03,2025,0.1118341434358199,2.324805355061055
2025-06-04,2025,0.03620208502458063,0.26061506821370983
2025-06-05,2025,0.07606041184737143,-0.06353108247829642
2025-06-06,2025,0.037462856946326804,0.5984582187246401
2025-06-09,2025,-0.02672483576525424,2.0736300434734956
2025-06-10,2025,0.12681122663452363,1.0249013808923069
2025-06-11,2025,0.09414936628579054,-0.8112113430736811
2025-06-12,2025,0.04984499387303827,-0.9640691642340937
2025-06-13,2025,0.011884784629881611,-0.1044264586292254
2025-06-16,2025,0.03479791911393512,0.7332913074435732
2025-06-17,2025,0.10829886514937356,0.653442639630919
2025-06-18,2025,-0.11162281136857129,-1.5799716684864018
2025-06-19,2025,0.015606644755570526,0.1919694594041843
2025-06-20,2025,0.10878695149087443,-1.4230413676293074
2025-06-23,2025,0.1236149147960971,2.1016914212300453
2025-06-24,2025,0.13421078868711783,1.0899662712112068
2025-06-25,2025,-0.008590160737057692,0.2752042855722614
2025-06-26,2025,0.007396288450129659,0.39008835897020866
2025-06-27,2025,-0.03196223632954838,-1.4351587771168295
2025-06-30,2025,0.006814627093392531,1.3376156204029321
2025-07-01,2025,0.004026242365672448,0.10650127783797814
2025-07-02,2025,-0.02779055967889587,0.5989527738383016
2025-07-03,2025,0.05754054836994358,-0.7285264762820542
2025-07-04,2025,-0.059756962884823864,-0.5267989799312534
2025-07-07,2025,-0.038418007690073634,-0.2962719227847188
2025-07-08,2025,0.0007436640816898086,0.7366872862191398
2025-07-09,2025,-0.002254441763992679,0.7379585661834387
2025-07-10,2025,0.027266946289331868,0.2546131558943676
2025-07-11,2025,-0.02696996303201904,-0.5980388580209217
2025-07-14,2025,-0.09614680316723109,0.977096144721834
2025-07-15,2025,-0.009023970152885145,0.9062906979086627
2025-07-16,2025,-0.06862005041234606,0.30543030608125576
2025-07-17,2025,0.004820367663140474,1.1675106259258827
2025-07-18,2025,0.14258160724541896,-0.18205432720085346
2025-07-21,2025,0.04975789826084446,-1.5108463550146278
2025-07-22,2025,0.10805765585753777,1.4387991606026107
2025-07-23,2025,0.05975595432270627,0.2361198130082176
2025-07-24,2025,0.05732752688337769,-0.04000217338010481
2025-07-25,2025,0.04449632486370275,0.20800894352857036
2025-07-28,2025,0.03834510585495415,-0.9031742221622285
2025-07-29,2025,-0.08725174508523129,1.1214782479768592
2025-07-30,2025,0.05255824030241971,0.3443907778287292
2025-07-31,2025,0.027957098591149882,-0.4593391021861737
2025-08-01,2025,-0.03315515870555747,-0.23657549292962488
2025-08-04,2025,0.05167299455884124,1.2047167236838074
2025-08-05,2025,0.14147390577784355,-0.9012032244335444
2025-08-06,2025,0.06941645207723214,2.3730176872790887
2025-08-07,2025,0.16400433049944135,0.07286355434998892
2025-08-08,2025,0.03065575526537684,0.47557871652028627
2025-08-11,2025,0.05368369099336127,0.09471525346480547
2025-08-12,2025,-0.008915796054892237,0.8761356317233515
2025-08-13,2025,0.07127898414025824,-0.5413208524244206
2025-08-14,2025,0.013676385590538676,0.3976384287547319
2025-08-15,2025,-0.02181577147037131,0.6083548939611605
2025-08-18,2025,-0.010567210834345269,-0.5269882348712507
2025-08-19,2025,0.01777066653335277,-2.989549756708487
2025-08-20,2025,-0.06178823001660565,1.4251163152940283
2025-08-21,2025,0.02488331078900151,-0.8248849330172225
2025-08-22,2025,-0.09040882874692682,2.158306076255845
2025-08-25,2025,0.053532865688839325,0.11418036048369551
2025-08-26,2025,-0.1927117231651682,0.8837651357122667
2025-08-27,2025,-0.026115957656026957,-1.1559998205539213
2025-08-28,2025,0.0033829349607155884,-0.013822156297649268
2025-08-29,2025,0.003291152507211548,-0.6659073746239641
2025-09-01,2025,0.02677502460945485,-0.22827607321950216
2025-09-02,2025,0.04767960770209882,0.3477568599953962
2025-09-03,2025,-0.08705150537070001,0.3300788786861464
2025-09-04,2025,0.002321691684656762,1.3016209777976462
2025-09-05,2025,0.04571540819974631,0.21555789076603826
2025-09-08,2025,-0.022541492666019933,1.253901638382593
2025-09-09,2025,0.09322085940474696,1.3575037477097318
2025-09-10,2025,0.07368117065114028,0.0917730173832787
2025-09-11,2025,0.04409995318811826,1.0268598425346775
2025-09-12,2025,0.03245774531132169,-0.46116451498431354
2025-09-15,2025,0.00479542810378841,1.074568287615807
2025-09-16,2025,0.07106460709430965,-0.7467525880191839
2025-09-17,2025,0.02458228385420433,1.301622556583104
2025-09-18,2025,0.006950128604158684,-0.7411515070610997
2025-09-19,2025,-0.08403591996818001,1.181584283908621
2025-09-22,2025,0.02602716571680584,1.4171618896007043
2025-09-23,2025,0.08453380449039734,-0.19293361582513047
2025-09-24,2025,0.022807415041996647,-0.6599296935151822
2025-09-25,2025,-0.09363943843192987,-1.7043212284116205
2025-09-26,2025,-0.1991514789675623,0.9390812937445814
2025-09-30,2025,0.03990572179997095,0.6288404502771794
2025-10-01,2025,0.015922553023443895,1.5220773962577594
2025-10-02,2025,0.12423927305086895,1.450695057583129
2025-10-03,2025,0.12135654860228864,1.6848734691376155
2025-10-07,2025,-0.009480772946871182,-0.544870911492934
2025-10-08,2025,-0.15049840784794402,0.8802941802445119
2025-10-09,2025,0.007337911815794444,-1.3863493849516795
2025-10-13,2025,-0.13950912188546147,-0.48385383431970297
2025-10-14,2025,0.04769698183931562,1.801057359810243
2025-10-15,2025,0.09847646038817615,1.3644374426916794
2025-10-16,2025,0.09605029844923949,-1.2496441859716545
2025-10-17,2025,0.04871034268792437,1.414748976004665
2025-10-20,2025,0.11140242320122547,0.23034725806223566
2025-10-21,2025,0.0618091802305918,-0.37294058425917376
2025-10-22,2025,-0.09903538907758773,-0.4218972827500278
2025-10-23,2025,0.002756471750450419,1.675743291687648
2025-10-27,2025,0.10286074263863806,-0.15903618073112025
2025-10-28,2025,-0.05905892720168822,1.2366404511628515
2025-10-29,2025,0.035137813110079144,-0.025481767989399273
2025-10-30,2025,-0.05117486933040296,-0.1915331596643477
2025-10-31,2025,-0.05537487045200604,0.35858302326858826
2025-11-03,2025,-0.028488068746193963,-0.7694835182015969
2025-11-04,2025,0.03116753860763919,-1.4208708319936703
2025-11-05,2025,-0.2398405414297015,0.6580423753457243
2025-11-06,2025,-0.024947979536488956,-0.8890497841355316
2025-11-07,2025,-0.09630784802764307,0.7887482048835714
2025-11-10,2025,0.07246273498171521,-0.30341401768455567
2025-11-11,2025,0.015578830650456404,0.5835533265310833
2025-11-12,2025,0.010463736539569236,-0.155758613866408
2025-11-13,2025,0.026478263314571614,-1.8136037122145066
2025-11-14,2025,-0.1406720599124246,0.1818049092070506
2025-11-17,2025,0.07258120980736109,-2.5182431356661317
2025-11-18,2025,-0.15143453630742718,-0.6577934319325851
2025-11-19,2025,0.07721995973872606,3.1837328048180513
2025-11-20,2025,-0.04853004580087151,-3.6148435300929593
2025-11-21,2025,0.06917402171980705,0.26215304441774556
2025-11-24,2025,0.16892723148695934,1.539112232608808
2025-11-25,2025,0.1608978228399771,1.8481229867379767
2025-11-26,2025,0.1233785731390837,0.5289764074843939
2025-11-27,2025,0.06659324766261072,0.26111858921200604
2025-11-28,2025,0.11250691194175899,-1.0278182381541212
2025-12-01,2025,0.07873250524346356,0.8109710403536141
2025-12-02,2025,0.08221771262914887,0.8299512375985252
2025-12-03,2025,0.10312674837059062,0.009606721682842156
2025-12-04,2025,0.11613152028757998,0.666217916361922
2025-12-05,2025,0.17844087814611523,1.153966153328212
2025-12-08,2025,0.10884054204033485,-0.42814069357520745
2025-12-09,2025,0.10533043637303571,0.7739882054885072
2025-12-10,2025,0.21080558230032226,-1.323839211175204
2025-12-11,2025,0.13081996565854484,0.6182749177066738
2025-12-12,2025,0.15576738282047004,-1.1741249917547436
2025-12-15,2025,-0.027769087183199075,-1.1852036858011616
2025-12-16,2025,-0.02036040720246792,-0.04172619337277084
2025-12-17,2025,0.10885381670806767,-0.20577529584739906
2025-12-18,2025,-0.022207752103856393,0.8293854822227553
2025-12-19,2025,0.04303832721019628,1.6366416513367232
2025-12-22,2025,0.054807017174638886,0.5713394558509499
2025-12-23,2025,0.09351954319152081,0.2172694413056231
2025-12-24,2025,0.06555345562298595,0.6486681578092179
2025-12-26,2025,0.08493422436888749,0.8925263394548688
2025-12-29,2025,0.09767369599573719,-0.3601415992355639
2025-12-30,2025,0.023334332415221894,0.893401743747968
2025-12-31,2025,0.03131685341178327,1.3334323081384936
2026-01-02,2026,0.10472198978646836,2.5732023478175714
2026-01-05,2026,0.06990555495097053,1.5653857294326778
2026-01-06,2026,0.02489105001771255,-0.46058548614449357
2026-01-07,2026,0.03668448829648853,-0.24616015458279739
2026-01-08,2026,0.08414089579403564,-0.2357994173359801
2026-01-09,2026,0.036593371523307786,0.9189156709243251
2026-01-12,2026,0.08971952058923247,0.4577769242873675
2026-01-13,2026,0.06589143136244766,0.7638594441307323
2026-01-14,2026,0.032808813843619285,-0.42402214740069333
2026-01-15,2026,0.05410625178376447,1.9412812092469478
2026-01-16,2026,0.1034076117237169,0.7341596436656106
2026-01-19,2026,0.060074270512950875,0.38148770089341255
2026-01-20,2026,0.13463391051156365,-1.6171919449596839
2026-01-21,2026,0.21538488287528623,1.599257769782536
2026-01-22,2026,0.14674187726989968,0.6786034685227094
2026-01-23,2026,0.1360695788977245,0.32229390914260136
2026-01-26,2026,0.04369529846246688,0.7902815947345987
2026-01-27,2026,0.08319145984130064,1.5035002252620222
2026-01-28,2026,0.09317775771454664,-0.8156062312255075
2026-01-29,2026,0.0141180777954696,-1.4522869400825589
2026-01-30,2026,-0.003949328740247649,-1.3713929281509496
2026-02-02,2026,-0.07883292705209571,1.8066324880162465
2026-02-03,2026,-0.029573146012559857,0.293365255117517
2026-02-04,2026,0.12593495233756305,-1.5129850562762726
2026-02-05,2026,-0.07375128802667986,-0.05770209806087445
2026-02-06,2026,0.13375554442125967,1.9560820717542615
2026-02-09,2026,0.2114807322531389,2.0625145426794056
2026-02-10,2026,0.18426178606787286,1.6108018118723422
2026-02-11,2026,0.0827107235124616,0.49857598604523545
2026-02-23,2026,0.07517731215976556,2.746433124904124
2026-02-24,2026,0.10692027742680792,2.052545155993424
2026-02-25,2026,0.1068086597749867,0.004009818973615964
2026-02-26,2026,0.07368024439274516,-0.9018907232604567
2026-03-02,2026,-0.04180561546747217,-2.1981422472488132
2026-03-03,2026,-0.03979450031322008,-4.354927287744759
2026-03-04,2026,-0.19234396876092077,2.5710898452825814
2026-03-05,2026,0.20949262517487383,-0.21797918447276077
2026-03-06,2026,0.11213305166301772,-4.431965437622065
2026-03-09,2026,0.16706542144861763,2.0599232274134183
2026-03-10,2026,0.2913359269705755,4.095951802567255
2026-03-11,2026,0.15204929772507855,-1.5604357013899506
2026-03-12,2026,-0.08587385986367006,-0.5405894730071581
2026-03-13,2026,-0.01939786956516596,-0.17308217406299953
2026-03-16,2026,-0.028137054372688135,1.4817720681496338
2026-03-17,2026,0.07502932991956339,1.5131852903530252
2026-03-18,2026,0.12696477124863012,-1.918274350788307
2026-03-19,2026,-0.1496180268200729,-0.4327734784064563
2026-03-20,2026,0.13699142269993053,-2.4486732005957523
2026-03-23,2026,-0.125325416419871,-0.3369546947818769
2026-03-24,2026,0.2514460337980201,2.535459079167812
2026-03-25,2026,-0.0147322705174251,-0.30350688161256967
2026-03-26,2026,0.13410209374584953,-0.6750031945891966
2026-03-27,2026,-0.06707871856502486,-1.795178208651138
2026-03-30,2026,0.07862718462518505,-2.445310558777003
2026-03-31,2026,-0.11819341971631532,4.57658625495263
2026-04-01,2026,0.12871124950677235,-1.8158048785193115
2026-04-02,2026,0.14681845552753245,2.0182405795330594
2026-04-07,2026,0.14771359087115085,4.608992766135955
2026-04-08,2026,0.10735106402978545,0.2870426893293754
2026-04-09,2026,0.09266191611310262,1.596820071391769
2026-04-10,2026,0.0774919984732233,0.11141281100508493
2026-04-13,2026,0.07660629239491565,2.3657476360996688
2026-04-14,2026,0.12424751021148353,1.1737342724235988
2026-04-15,2026,0.08674292218296371,1.1161658879357272
2026-04-16,2026,0.06230368765323728,-0.882472863043815
2026-04-17,2026,0.06475286319756238,0.4196787661455259
2026-04-20,2026,0.04853665885222072,1.7487310194053807
2026-04-21,2026,0.13041146924032365,0.7269224847367806
2026-04-22,2026,0.05725812617137831,-0.43380844052043344
2026-04-23,2026,0.0914622253642124,3.2302199572309176
2026-04-24,2026,0.1530401894246706,1.7574821999157386
2026-04-27,2026,0.06739578604029033,-0.2395458674803841
2026-04-28,2026,0.0204304850170844,-0.5521772452774742
2026-04-29,2026,-0.007355441304339164,-0.9588713473354882
2026-04-30,2026,0.1564157590233894,4.568877398326032
2026-05-04,2026,0.07884577801619137,0.1575968047278664
2026-05-05,2026,-0.04040120904385605,0.9064666075862426
2026-05-06,2026,0.07756513491852517,1.9323097266938705
2026-05-07,2026,0.04440450458608567,-0.7865734975477934
2026-05-08,2026,-0.1179633541847285,0.44736147586019737
2026-05-11,2026,-0.005289101830602618,0.2590568187746056
2026-05-12,2026,0.05798705305318659,-1.2502171924793193
2026-05-13,2026,-0.032699891850003104,0.9117934959939067
2026-05-14,2026,0.03995799259629631,-1.3877023118791465
2026-05-15,2026,0.04367079451255983,-0.6813794497084968
2026-05-18,2026,0.07020731181098391,-1.75159726321793
2026-05-19,2026,0.09472237632348365,-0.3851595348017489
2026-05-20,2026,0.12319585168340161,3.3667226208758283
2026-05-21,2026,0.1251667235825836,2.175003462803926
2026-05-22,2026,0.07354775966773916,3.2564374395079865
2026-05-25,2026,0.015361101470032631,-0.2727268561373286
2026-05-26,2026,-0.04309473253551609,1.6804681959050605
2026-05-27,2026,-0.003205900784498745,-1.401728096021404
2026-05-28,2026,0.01589135394688624,2.5128081025858284
2026-05-29,2026,-0.005851982599274918,1.3524038437893848
2026-06-01,2026,-0.057028896435760756,0.4839217334896784
2026-06-02,2026,-0.08387842376891723,1.9795944931779497
2026-06-03,2026,-0.011750845452319988,-1.6825530207606132
2026-06-04,2026,-0.16098291166766396,-1.3278321517877667
2026-06-05,2026,-0.10518773627241462,-3.4793150531140515
2026-06-08,2026,-0.1272386607349434,2.762260250954096
2026-06-09,2026,0.05746825627452214,-3.3081725215660884
2026-06-10,2026,0.07212572406403137,-0.17600705508826753
2026-06-11,2026,0.12084687612369607,2.3629032669238548
2026-06-12,2026,0.10391504147229517,2.7801147591163256
2026-06-15,2026,0.03567474737320859,0.9079897147366012
2026-06-16,2026,0.00034649778723475495,0.14887842373985105
2026-06-17,2026,0.05990368178592052,1.2812629489166616
2026-06-18,2026,-0.036973294546887164,2.7468083641090546
2026-06-22,2026,-0.08268320862581155,-1.3423538551671332
2026-06-23,2026,0.0048410307808441,-2.244236544506295
2026-06-24,2026,-0.2096334284405653,0.4596947241310545
2026-06-25,2026,0.03043768656894589,-3.639586070859835
2026-06-26,2026,0.11417649800000489,0.9605633701698091
2026-06-29,2026,0.023535970620829138,2.5022500050000174
2026-06-30,2026,0.04531954814394938,1.9361786033055939
2026-07-01,2026,0.033565700018361316,-0.5845085145384732
2026-07-02,2026,-0.06593044346424495,0.07799904843728278
2026-07-03,2026,0.006449757127173108,-0.47932242026720306
2026-07-06,2026,0.010210398396774494,-2.3139251131799488
2026-07-07,2026,-0.021953695112399217,0.5613566316491347
2026-07-08,2026,-0.03294979583506309,-0.8304469216941945
2026-07-09,2026,0.07787662106988429,0.05712759959790592
2026-07-13,2026,0.060231225838717775,-1.4159599757781582
2026-07-14,2026,-0.10163642705073347,1.9974987678246237
2026-07-15,2026,-0.0021109706061000115,-0.014485578959644307
2026-07-16,2026,-0.1775807004138712,-6.473887769375475
2026-07-17,2026,-0.21426819658887686,-0.5192486654369555
2026-07-20,2026,0.12784966291953495,4.200665729086439
2026-07-21,2026,-0.10393215865643972,1.3404285093867818
2026-07-22,2026,-0.07030700217950256,0.05583840370428916
2026-07-23,2026,-0.01988471905470062,-2.6665516185772398
2026-07-24,2026,0.025039775262472502,-0.047302887835565244
2026-07-27,2026,-0.07076081226190031,-4.6542172548636795
2026-07-28,2026,-0.07819954542544541,-3.7597444052595796
2026-07-29,2026,-0.0016179290391877571,-0.26444098006002115
2026-07-30,2026,0.04775379579234426,7.979430700693402
2026-07-31,2026,0.09936721602953644,0.6184173145716398
2026-08-03,2026,0.0016643952458036259,-0.05935038183615404
2026-08-04,2026,0.059231658995684125,2.884965311874854
2026-08-05,2026,0.11109508408290539,-0.4817132763675902
2026-08-06,2026,0.01897278578019184,-0.38469075404251596
2026-08-07,2026,0.012066623911869714,1.5892267677476868
2026-08-10,2026,0.1392751944530682,0.42725416859934473
2026-08-11,2026,0.12081017314590152,0.8806375430179259
2026-08-12,2026,0.16489432694571948,1.1059563817183093
2026-08-13,2026,0.16896902017788892,-0.45732992506977155
2026-08-14,2026,0.11490746313281497,0.10098009190366852
2026-08-17,2026,0.16876466452190197,-1.1962988638442695
2026-08-18,2026,0.19316363719418778,-1.3006999983226186
2026-08-19,2026,0.14846088403783825,0.4794121560353526
2026-08-20,2026,-0.020303281099834397,0.6466187768923826
2026-08-21,2026,0.08469620819557022,-1.021508574263963
2026-08-24,2026,0.087029975142655,0.909559647489222
2026-08-25,2026,0.014634567329446874,1.4681601241192777
2026-08-26,2026,0.04783715865301261,0.311132115074364
2026-08-27,2026,-0.05116244401101996,0.7748304412681373
2026-08-28,2026,0.07496478080858457,-0.4381041387653384
2026-08-31,2026,-0.05699279800525703,1.778186009637861
2026-09-01,2026,-0.0029374397952160957,-1.6699070815988204
2026-09-02,2026,-0.2163107930107512,-0.6651399596921626
2026-09-03,2026,0.006580635010099081,1.512222821661613
2026-09-04,2026,-0.020913408245062614,1.6651368076349593
2026-09-07,2026,-0.0059024417640591974,-0.46589346677859966
2026-09-08,2026,-0.0651656833256542,0.16469316504259535
2026-09-09,2026,-0.00010295168570906844,-0.5147365511909308
2026-09-10,2026,-0.037978523433302804,-1.6097829400587793
