date,year,pred,actual
2014-01-02,2014,0.025092987426651885,-1.163884289652084
2014-01-03,2014,-0.3895240219398371,0.11080507433416376
2014-01-06,2014,-0.20007171368224225,0.1725880322493767
2014-01-07,2014,-0.16654549619506556,0.20029839173902886
2014-01-08,2014,-0.13641196921459517,0.11909757001220544
2014-01-09,2014,-0.011779207449128082,0.3929683793166605
2014-01-10,2014,0.12077528301208637,0.8582131111983804
2014-01-13,2014,-0.15500645841567598,0.5359435922579481
2014-01-14,2014,-0.35398689571149583,0.559887882042176
2014-01-15,2014,-0.26413197084338724,0.22098098819536283
2014-01-16,2014,-0.10430373411935205,-0.1417771022432457
2014-01-17,2014,-0.07619734381600947,0.34085621219170914
2014-01-20,2014,-0.12029784374946892,-0.306905014869685
2014-01-21,2014,-0.1015785802896598,-0.018488587076592733
2014-01-22,2014,-0.05149545025080697,-1.8866590147589068
2014-01-23,2014,0.06776002044612468,-3.8466102779490696
2014-01-24,2014,-0.08920993490141066,-3.34135428938942
2014-01-27,2014,0.02709327634256369,-0.8888552768248847
2014-02-05,2014,-0.08660874915314329,1.5423837918417282
2014-02-06,2014,-0.08066177918503983,1.4384533287771228
2014-02-07,2014,-0.015886324780124,1.4726939975081565
2014-02-10,2014,-0.317939721098373,0.9026507545921936
2014-02-11,2014,-0.353086902129747,0.9859368772655808
2014-02-12,2014,-0.49567588010853747,0.10198722339782584
2014-02-13,2014,-0.3063821732881185,1.045502320582914
2014-02-14,2014,-0.24886470525184828,0.743861643848498
2014-02-17,2014,-0.17931772393330886,0.05951018539713804
2014-02-18,2014,-0.2731836063387396,0.5332956220204688
2014-02-19,2014,-0.2849763629311105,-0.19120882452042798
2014-02-20,2014,-0.2621540926510942,0.5982671368342407
2014-02-21,2014,-0.18876941934605065,-0.01162539264764062
2014-02-24,2014,-0.1802978735803728,0.9224809914246679
2014-02-25,2014,0.004825952216227293,0.30738302303505716
2014-02-26,2014,-0.09436237730019356,-0.5385507960831815
2014-02-27,2014,-0.1958886189166889,-0.07697133425467184
2014-03-03,2014,-0.08613638860897005,1.2998170188724067
2014-03-04,2014,-0.3115125746157189,1.863571857750368
2014-03-05,2014,-0.07732688504624781,0.37426458919509464
2014-03-06,2014,-0.0055238187197448625,-0.13151567802300868
2014-03-07,2014,0.10590300396067143,-0.33543876721948696
2014-03-10,2014,-0.0408678740711448,0.9526568219691667
2014-03-11,2014,-0.08199102779907576,-0.1689202776727683
2014-03-12,2014,-0.15000395271981118,0.17697729232803994
2014-03-13,2014,-0.025906012107018234,-0.18118862021151427
2014-03-14,2014,-0.19773807905760504,0.021064432992656812
2014-03-17,2014,-0.14279198343043986,-1.1812507902208114
2014-03-18,2014,-0.28287105338446616,-1.7724583540427497
2014-03-19,2014,-0.10893733131327965,-0.9676090343933907
2014-03-20,2014,0.18801711401535848,1.0697507249343596
2014-03-21,2014,0.3317638100518099,1.866583033797875
2014-03-24,2014,0.42191448737518006,2.024198815159828
2014-03-25,2014,0.1894593536188804,0.9821274440979133
2014-03-26,2014,0.21987814166484063,1.281979382576015
2014-03-27,2014,-0.14770257191759328,1.0658836366701285
2014-03-28,2014,0.03475288709445157,1.4907734106470505
2014-03-31,2014,-0.03822276011049125,0.4436519129239924
2014-04-01,2014,-0.3448592914900225,0.03707815150202354
2014-04-02,2014,-0.1739776988586987,-0.1931401557473289
2014-04-03,2014,-0.17807219432630234,0.47285605960032395
2014-04-07,2014,-0.2696796300278976,0.8073056315369698
2014-04-08,2014,-0.1681107559326837,0.22276601130706286
2014-04-09,2014,-0.1657941085153165,-0.8190966534050936
2014-04-10,2014,-0.19714400921475353,-0.3508007286463166
2014-04-11,2014,-0.2502590979389765,0.17703088779250642
2014-04-14,2014,-0.12445033151707072,0.9792919382844989
2014-04-15,2014,0.07521308492436873,0.5601841934973928
2014-04-16,2014,0.28868021522332227,0.30670721731278494
2014-04-17,2014,0.193826458929176,0.3415636571796554
2014-04-18,2014,0.033275163683079936,-0.10862461607777929
2014-04-21,2014,-0.03508902379903602,-0.06412555202157666
2014-04-22,2014,0.01142440190678558,-2.2350582915770856
2014-04-23,2014,0.25825154562687086,-1.6435337147144402
2014-04-24,2014,0.32383227006759857,-0.8198581401718252
2014-04-25,2014,0.6083982347155155,0.19739871348920524
2014-04-28,2014,0.4112129701149569,0.6539375302932804
2014-04-29,2014,0.37052987094031986,-0.01893574358298178
2014-04-30,2014,0.29786539592669226,1.3757700672472284
2014-05-02,2014,-0.4245352834484029,0.2920837411980237
2014-05-05,2014,-0.5215005982811598,0.6817031417868158
2014-05-06,2014,-0.5647986597012873,-0.2547016008051628
2014-05-07,2014,-0.6800012072278728,-0.951398930870917
2014-05-08,2014,-0.6749690666943342,-1.2648221343873445
2014-05-09,2014,-0.5145714349312599,-0.16344776926979776
2014-05-12,2014,-0.35868067963658384,0.8178361852777982
2014-05-13,2014,-0.18616064297047644,0.799619865864365
2014-05-14,2014,-0.2966632899745082,0.2787555379283324
2014-05-15,2014,-0.21843937005725475,0.08039952030540753
2014-05-16,2014,-0.41278492832833197,-0.2928519595655099
2014-05-19,2014,-0.48817181731677295,0.7834919493477477
2014-05-20,2014,-0.39781717270053174,1.3550050124946589
2014-05-21,2014,-0.6645069748966946,1.9599612746856954
2014-05-22,2014,-0.3175671616488914,0.9550003734825285
2014-05-23,2014,0.06265258854186738,1.2598493376049902
2014-05-26,2014,0.0035304297989774192,0.8065408604577939
2014-05-27,2014,0.03957691609651473,0.22771219916755125
2014-05-28,2014,0.029782925251806668,0.0191849993038673
2014-05-29,2014,-0.06373735235175779,0.12032056208144404
2014-05-30,2014,0.015490304616097511,0.7140881740784089
2014-06-03,2014,0.11518134077958708,0.12056829316948736
2014-06-04,2014,0.02640096992149179,0.46908100474125636
2014-06-05,2014,-0.022865102091046512,0.8932556735137043
2014-06-06,2014,0.16264942201962507,1.0437398598275083
2014-06-09,2014,0.05708754443631945,0.4573959317845988
2014-06-10,2014,-0.01754794469478284,-0.2817063292841371
2014-06-11,2014,-0.0691017301495376,-0.29112223450127317
2014-06-12,2014,0.0020943389086626766,0.390563465205096
2014-06-13,2014,-0.22292223204717843,0.9083999264928977
2014-06-16,2014,-0.1409102448332985,1.2374319917678234
2014-06-17,2014,-0.03869271665962043,0.35917581109452534
2014-06-18,2014,-0.040753956885065404,-0.555823158148816
2014-06-19,2014,-0.1657992511151388,-0.7578774280037726
2014-06-20,2014,0.1658623731339161,-0.3410687539830093
2014-06-23,2014,0.2977521369210586,1.003321287120662
2014-06-24,2014,0.3726552286684396,0.6557288399558603
2014-06-25,2014,0.11310757256359369,1.6328434045720819
2014-06-26,2014,0.11481788188178854,1.297937761642065
2014-06-27,2014,-0.012948635249117876,1.9139707075341406
2014-06-30,2014,-0.12018254830331583,1.417640877796078
2014-07-01,2014,-0.3331998379985791,0.721569341828765
2014-07-02,2014,-0.44506959773893306,0.3715355678885368
2014-07-03,2014,-0.22646096623625045,0.049862327489469394
2014-07-04,2014,-0.2865107897561673,-0.21103989989537109
2014-07-07,2014,-0.1452858338331396,0.4718388269153939
2014-07-08,2014,-0.06662509329834262,-0.3686924114833845
2014-07-09,2014,-0.23254204302936285,0.3194948777552664
2014-07-10,2014,-0.2521986170895964,0.042341340202733946
2014-07-11,2014,-0.22227663828645222,-0.11699860149286812
2014-07-14,2014,-0.3713107888885718,-1.177063747991125
2014-07-15,2014,-0.46817386121727766,-1.7577282042225306
2014-07-16,2014,-0.31164469879625945,-0.4613731756201833
2014-07-17,2014,-0.09548494948940586,0.9685127080091505
2014-07-18,2014,-0.2123138224020225,1.3463504297960949
2014-07-21,2014,-0.20774872637454395,-0.017794781680258165
2014-07-22,2014,-0.407317966782227,-0.833529837799607
2014-07-24,2014,-0.4169145084332718,-1.4238722692321626
2014-07-25,2014,-0.007615645755573731,0.08189175245172375
2014-07-28,2014,-0.3189946634151653,-1.1075159922634192
2014-07-29,2014,-0.004776772135133576,-1.334876510347227
2014-07-30,2014,-0.24539559856016355,-1.2366862777891896
2014-07-31,2014,0.16757379075539588,-1.8721855761954065
2014-08-01,2014,-0.1353020065974194,-1.3223964577818492
2014-08-04,2014,-0.4383676483206429,-2.1301817004798385
2014-08-05,2014,-0.20857666451075266,-0.6069065705184506
2014-08-06,2014,-0.3042882817205709,0.3164927269009077
2014-08-07,2014,-0.6674547002291359,0.3469332328745578
2014-08-08,2014,-0.7146542919439616,1.5997208880514702
2014-08-11,2014,-0.7172875403837619,0.6290261214816351
2014-08-12,2014,-0.6665330826733439,0.47680266110232683
2014-08-13,2014,-0.6738115222609112,-0.9749428845960084
2014-08-14,2014,-0.7040586501695362,0.1426774611862136
2014-08-15,2014,-0.6457535267719997,0.8823903176018666
2014-08-18,2014,-0.13339529171542908,1.2259730826325699
2014-08-19,2014,-0.009011424741926032,1.474721380214583
2014-08-20,2014,-0.01806072148779716,1.1043222204876413
2014-08-21,2014,0.20889874242832987,1.5192286494232432
2014-08-22,2014,0.28713860723784373,1.1246148761740349
2014-08-25,2014,0.25881024006391423,0.9344430932142878
2014-08-26,2014,0.2997923231016475,0.4503957862286079
2014-08-27,2014,0.2076917273213123,0.28959716791470136
2014-08-28,2014,0.2132459018587028,-0.8297840240463428
2014-08-29,2014,0.16434820323066163,0.14921149988289528
2014-09-01,2014,-0.07135120059278768,-0.8847836553117494
2014-09-02,2014,-0.006769390176702859,0.08744941338678647
2014-09-03,2014,-0.021452064261221232,-0.1648616188818397
2014-09-04,2014,-0.21420726187443934,-0.7559744572266602
2014-09-05,2014,-0.10506686026422693,-0.9033858634302505
2014-09-09,2014,-0.15998466012843238,-2.2426619832809913
2014-09-10,2014,-0.29394999003845906,-1.4977114882967046
2014-09-11,2014,-0.17202531844708582,-2.0331547417931084
2014-09-12,2014,0.019606630431724854,-0.30369135157288785
2014-09-15,2014,0.0320201545135925,0.21231445539229288
2014-09-16,2014,0.16294846431499432,1.1720717367026623
2014-09-17,2014,0.1853136552294235,-0.658171627060733
2014-09-18,2014,-0.09237248107303118,-1.6469579507699006
2014-09-19,2014,-0.05389296563768457,-1.5362888171030709
2014-09-22,2014,0.047033509364574844,-1.3471780527989474
2014-09-23,2014,0.07119512047548952,-1.0465717839491906
2014-09-24,2014,0.03282578857456631,-1.5137676691406976
2014-09-25,2014,0.3855992103602738,-0.49569498834278747
2014-09-26,2014,0.3392249713972871,0.004894425027424099
2014-09-29,2014,0.3873379875776052,0.16103544788612645
2014-09-30,2014,0.5437361006458541,1.5541568342307022
2014-10-01,2014,0.04659340311943698,1.1665958492857786
2014-10-02,2014,0.11408277999840141,0.7311265833926495
2014-10-03,2014,-0.22269066891243577,-1.6592944649187147
2014-10-06,2014,-0.2500267192959005,-1.4150414397139488
2014-10-07,2014,-0.19827367552344208,-3.643700066697564
2014-10-08,2014,-0.24760630253591356,-2.0858318872429282
2014-10-09,2014,-0.2349446616130486,-3.46770847738902
2014-10-13,2014,-0.3403635863956313,-0.8919357301188313
2014-10-14,2014,-0.3535803699314133,-2.91398991148889
2014-10-15,2014,-0.17016876972170278,0.08815194020916906
2014-10-16,2014,0.25980466906752986,0.24265406795933586
2014-10-17,2014,0.3148848019125995,2.771682438845624
2014-10-20,2014,0.1542774399046834,0.7841267715862799
2014-10-21,2014,0.3140985117681727,-0.09971529722783146
2014-10-22,2014,0.056336883910491985,-1.3836135803301564
2014-10-23,2014,-0.18408971246942732,0.48653830515617
2014-10-24,2014,0.12317415467597934,2.980218621074915
2014-10-27,2014,0.22568997569440433,3.016882674337995
2014-10-28,2014,0.28641020640627285,2.2933704144844524
2014-10-29,2014,0.2585253977979376,1.1363840569292627
2014-10-30,2014,0.1998498486454501,1.137592300690704
2014-10-31,2014,0.05835263949127674,-0.1354910883410776
2014-11-03,2014,-0.046490099796428305,-1.2642062175314273
2014-11-04,2014,-0.15736363382909785,-0.8516905880180392
2014-11-05,2014,-0.12169482898148629,0.9749403075000496
2014-11-06,2014,-0.004491555967672185,1.6097140710514601
2014-11-07,2014,-0.09863410750577029,0.0710228866483753
2014-11-10,2014,0.12142554315329732,-0.7658580460951248
2014-11-11,2014,0.060329821053892244,-0.5674032060605683
2014-11-12,2014,0.24098231219454685,-0.38748955874852165
2014-11-13,2014,0.02228371680524412,-1.3540192435531062
2014-11-14,2014,-0.028656103671619283,-0.21863812051368114
2014-11-17,2014,0.21354847418421183,2.1890079116292815
2014-11-18,2014,0.34828331092570297,2.6239774603880717
2014-11-19,2014,0.2508554380309088,1.774916213333566
2014-11-20,2014,0.3613357895954118,0.4116151018794145
2014-11-21,2014,0.36265924767958235,0.33943681646542156
2014-11-24,2014,0.021336144446765914,0.4711515588670778
2014-11-25,2014,-0.16559558184141734,0.7778426193255195
2014-11-26,2014,-0.11271201639037572,-0.05130234510912768
2014-11-27,2014,0.0568151725916292,-1.4240653071199816
2014-11-28,2014,-0.1265034993604654,-0.12941989626814587
2014-12-01,2014,-0.10819233373829047,1.1779273523724765
2014-12-02,2014,0.09880422041813329,1.9013170200967489
2014-12-03,2014,-0.41127023546600316,0.1311134507359979
2014-12-04,2014,-0.21852227636855853,-1.0429143934327145
2014-12-05,2014,-0.12705481412043845,-1.8944080151456988
2014-12-08,2014,-0.21249007667072992,-1.8963154531967619
2014-12-09,2014,-0.10916575825527372,-1.1126203595175688
2014-12-10,2014,0.05393894109031858,-0.5151591645852216
2014-12-11,2014,-0.1041309602554424,-0.6896651196540149
2014-12-12,2014,-0.07115233338912584,-2.204084707216858
2014-12-15,2014,-0.15825059431397254,-1.1907901838824841
2014-12-16,2014,-0.09705321606940832,0.5430732741140254
2014-12-17,2014,0.014001222193466074,3.020266504764191
2014-12-18,2014,0.015434357719397907,2.467497800899454
2014-12-19,2014,0.22390904985574664,2.074110619233016
2014-12-22,2014,-0.024374001890219495,0.7003848268279267
2014-12-23,2014,-0.07393160705546895,1.2790031777227595
2014-12-24,2014,-0.008248571756638349,0.3518328619730893
2014-12-25,2014,-0.02067273420931676,1.3929924552611217
2014-12-26,2014,-0.08786180085073354,0.5899673000096639
2014-12-27,2014,-0.11638164755322059,0.9628464500732292
2014-12-29,2014,0.06592783740656458,-0.13105355427577292
2014-12-30,2014,0.19707513686945366,-2.3746200812866936
2014-12-31,2014,0.2003184398443368,-2.4407827867707566
2015-01-05,2015,-0.27739589013295396,-0.3890400264823235
2015-01-06,2015,-0.44982645842757296,1.8482948253491838
2015-01-07,2015,-0.4756007138004391,1.0815972088382253
2015-01-08,2015,-0.7138194285228152,-0.06743862057171368
2015-01-09,2015,-0.4997549136088665,-0.3835895299047931
2015-01-12,2015,-0.47794037485863605,-0.1439264351786207
2015-01-13,2015,-0.5587783990674553,-1.0129118915054303
2015-01-14,2015,-0.6109845665013703,-0.06720964507425098
2015-01-15,2015,-0.24711945138813468,0.9448897937718082
2015-01-16,2015,-0.10321650037496528,1.9852729558812232
2015-01-19,2015,0.03253869442902842,2.1304635025277907
2015-01-20,2015,-0.11322498391328821,2.3698372945915924
2015-01-21,2015,-0.30674474760984916,1.6949025237909865
2015-01-22,2015,-0.2448094700148391,1.6231371757968072
2015-01-23,2015,-0.05944163308099408,0.4221333890828127
2015-01-26,2015,-0.1687410625061994,-0.5356801829985658
2015-01-27,2015,0.0065845631949909555,-1.6770308320354088
2015-01-28,2015,-0.1649170116684897,-1.3030285187973445
2015-01-29,2015,-0.21841239080574226,0.23157135431584042
2015-01-30,2015,0.19709844793462233,1.6237071281394622
2015-02-02,2015,-0.14514534308648622,1.3322694495253584
2015-02-03,2015,-0.2163393554598491,0.07884657514820592
2015-02-04,2015,0.09601543801647965,-0.9714187212000902
2015-02-05,2015,0.013439463452139208,-1.2442112898901736
2015-02-06,2015,-0.19132903685925248,0.06387357262656046
2015-02-09,2015,0.002703372657288651,0.7940349201294827
2015-02-10,2015,0.13443031944756997,1.4457561983031164
2015-02-11,2015,0.11471502600595992,1.766498770901559
2015-02-12,2015,0.13570212522213237,2.140094415620397
2015-02-13,2015,0.36896506036782406,0.9716134407750321
2015-02-24,2015,0.5985943170715506,-0.2908809195201756
2015-02-25,2015,0.46181224107863345,-0.9667468766560106
2015-02-26,2015,0.120786799239002,-0.003845314432404656
2015-03-02,2015,-0.08942212387304156,-0.06530324870643867
2015-03-03,2015,-0.04931813294821667,0.41641638306975093
2015-03-04,2015,0.060956642295955835,-0.6105970547916062
2015-03-05,2015,-0.002594700743414298,-0.6103121492346597
2015-03-06,2015,-0.08478529069979601,-1.270919791784375
2015-03-09,2015,0.09474412563162164,0.3452898573457208
2015-03-10,2015,0.37581277355352427,0.44901027942028104
2015-03-11,2015,0.049160482435522124,-0.10784212836468798
2015-03-12,2015,-0.09613490531872598,-0.5894122551062919
2015-03-13,2015,0.17266377078544382,0.773330132002692
2015-03-16,2015,-0.15640307806755235,2.3528026650099676
2015-03-17,2015,-0.17484636497033268,2.204007782427486
2015-03-18,2015,-0.26751138944695546,1.0841742261558762
2015-03-19,2015,-0.03129404569798004,-0.05207086978893383
2015-03-20,2015,-0.18517841621211345,-0.8396164390867877
2015-03-23,2015,-0.02150971005914648,-1.4241516526287357
2015-03-24,2015,0.09745054478667245,-2.342251989896893
2015-03-25,2015,0.13068598735367962,-1.5097493439582554
2015-03-26,2015,0.2897114891643692,-0.3397400177978849
2015-03-27,2015,0.43445641104304744,0.04145745034576098
2015-03-30,2015,0.2927152581619695,0.8238927857658007
2015-03-31,2015,0.2793971908930038,0.5785255006029333
2015-04-01,2015,-0.08934252443422619,0.676401974828722
2015-04-02,2015,-0.033417183494331336,-0.3362387920402554
2015-04-07,2015,-0.0600593994879722,-0.25098787583358595
2015-04-08,2015,0.0521520248016578,0.9877799449852231
2015-04-09,2015,0.039654051035585176,0.7752894009640299
2015-04-10,2015,-0.11642449914466631,-0.8072616114039866
2015-04-13,2015,-0.2535567849674991,-0.09982910085531982
2015-04-14,2015,-0.07015934724315236,-0.7393525557392255
2015-04-15,2015,-0.1063588961125399,0.13406624276997015
2015-04-16,2015,-0.16775484541529825,-1.2725655414228543
2015-04-17,2015,-0.09857086555405367,0.4395602099273477
2015-04-20,2015,-0.32075952549387077,2.560911141701161
2015-04-21,2015,-0.30206057070373316,3.978401465075465
2015-04-22,2015,-0.06668957370203828,3.746177051908872
2015-04-23,2015,-0.04651847740446163,1.626334908226501
2015-04-24,2015,0.12333958858730205,-0.599700603634723
2015-04-27,2015,0.23464432332021384,-1.5348256112430403
2015-04-28,2015,0.05840809941529741,-1.1227468983602162
2015-04-29,2015,-0.11957335804992941,-0.34199899937386036
2015-04-30,2015,-0.06201594574172693,-0.018839007948012743
2015-05-04,2015,-0.22653276903174285,-1.4314822489294166
2015-05-05,2015,-0.20295207717233632,-1.3047688778050737
2015-05-06,2015,-0.09974630102109071,-1.5734044936953961
2015-05-07,2015,-0.23098721707947148,-0.2409288435518686
2015-05-08,2015,-0.32049816712659795,0.33130416838631493
2015-05-11,2015,-0.2732724761860413,-0.5473047646248008
2015-05-12,2015,0.09477487120452577,-1.0458922002782867
2015-05-13,2015,0.24267865328623378,-1.213581500003602
2015-05-14,2015,0.1864141797408144,1.1022981365813367
2015-05-15,2015,0.3477838944895649,1.1047572519593984
2015-05-18,2015,0.26503862555688656,-0.28669283059723494
2015-05-19,2015,0.2610011549830928,-0.8024271439995068
2015-05-20,2015,0.2693165253132337,-0.4144420777445368
2015-05-21,2015,0.2748715012817173,0.9484724217418972
2015-05-22,2015,0.6364817975416319,0.5679130182180581
2015-05-25,2015,0.4816451372077156,0.7015946841787191
2015-05-26,2015,0.6109026776830385,0.32742432061521054
2015-05-27,2015,0.6604610772196209,-0.6999506888092477
2015-05-28,2015,0.6749074417109135,-1.0149451653687303
2015-05-29,2015,0.5930796402537899,-1.4900418201291177
2015-06-01,2015,0.37173706225751235,-2.8783391112741197
2015-06-02,2015,0.3967394059388882,-2.8512854863504966
2015-06-03,2015,0.5241463107711097,-1.9681850715532412
2015-06-04,2015,0.6203906345763216,-1.6768232350622303
2015-06-05,2015,0.6031719660131211,-0.4457111410654746
2015-06-08,2015,0.6407341866683354,-0.7038532603648728
2015-06-09,2015,0.6484065116642077,1.1973624518188286
2015-06-10,2015,0.8127210235948695,-0.41963757595311346
2015-06-11,2015,0.6908738755889374,-0.9643654548405767
2015-06-12,2015,0.3137463638478731,-1.2051262479937042
2015-06-15,2015,0.4715867020426325,-0.4439774155784004
2015-06-16,2015,0.3111036368173862,1.4001202677150548
2015-06-17,2015,0.4762413822513884,2.190573710286259
2015-06-18,2015,0.47114660257250573,1.9411240815892405
2015-06-22,2015,0.339337420700953,1.4405193020166296
2015-06-23,2015,0.45908996818569137,0.7606105329065471
2015-06-24,2015,0.528235656812865,-1.7154909224022519
2015-06-25,2015,0.6884464659000658,-1.6179242196881938
2015-06-26,2015,0.7518558157432013,-0.923005060992943
2015-06-29,2015,0.9198761807364825,1.5497883305724214
2015-06-30,2015,0.7245878291125606,0.3776673223912397
2015-07-01,2015,0.10797085697563231,-1.2721821224652707
2015-07-02,2015,0.05410219262917711,-1.3762309099671133
2015-07-03,2015,0.16086324691593643,-4.083250785672066
2015-07-06,2015,-0.02117188374126836,-3.6930799182364638
2015-07-07,2015,0.16457254431814633,-2.3376892940230154
2015-07-08,2015,0.2382043247473713,0.7313858675974227
2015-07-09,2015,0.3481465809740796,1.5713255247567837
2015-07-13,2015,0.24942237608735152,0.09176525804965863
2015-07-14,2015,0.3325247146950883,0.04667232928101672
2015-07-15,2015,0.09069492956664389,-0.8747321684963949
2015-07-16,2015,-0.04586955771317579,-0.4008975681830007
2015-07-17,2015,-0.025190915086506338,-1.4070338426571682
2015-07-20,2015,0.2069218002688315,-2.04880222841225
2015-07-21,2015,0.3802687620804067,-2.6438047692861066
2015-07-22,2015,0.46759736930284007,-4.059111753955181
2015-07-23,2015,0.47924983191188064,-2.3731902192212218
2015-07-24,2015,0.6074729279903462,-2.331013497022094
2015-07-27,2015,0.703421593637446,1.1080232052618433
2015-07-28,2015,0.5205166872576081,0.9653375652054486
2015-07-29,2015,0.5021373204066498,-0.45623975299761144
2015-07-30,2015,0.37385451847248463,-1.625500347339004
2015-07-31,2015,0.33432679905092283,-1.420255869937015
2015-08-03,2015,-0.010075532843479163,-0.8780666345236887
2015-08-04,2015,0.11626161103687627,-0.8056765121268517
2015-08-05,2015,0.10372151729132735,-0.8830205554261394
2015-08-06,2015,0.24014317176212904,-0.655892141129244
2015-08-07,2015,0.21232282629842655,-1.8823091838825912
2015-08-10,2015,0.200293507909934,-1.8318522612922883
2015-08-11,2015,0.33940442545634075,-1.054306933170046
2015-08-12,2015,0.21724925924825128,-0.844582766938129
2015-08-13,2015,0.33546956164265224,-1.6184336853655168
2015-08-14,2015,0.06765722729756503,-3.4169552256057223
2015-08-17,2015,0.16287093968346356,-2.2354877748854918
2015-08-18,2015,0.19423517334218401,-4.773015768195066
2015-08-19,2015,0.48226043318992823,-7.622939375504867
2015-08-20,2015,0.43949110084719456,-4.410689667626011
2015-08-21,2015,0.46236757919338095,-0.9160232800645152
2015-08-24,2015,0.4853828718785729,5.589622068623035
2015-08-25,2015,0.5613598353906356,4.4757179857314755
2015-08-26,2015,0.5207352583188757,5.953271233956192
2015-08-27,2015,0.44575310321449224,2.4667233259420662
2015-08-28,2015,0.5188903554378714,0.2008933581737704
2015-08-31,2015,0.4194102961730648,-0.9660033370357146
2015-09-01,2015,0.04696661862434584,-0.2115356791841938
2015-09-02,2015,-0.05949608846192376,-0.6064497983271244
2015-09-03,2015,-0.025529697077496017,-1.166632699065584
2015-09-04,2015,0.06769224538931025,3.5787315951303578
2015-09-07,2015,0.11650248090827083,3.5324344899430926
2015-09-08,2015,-0.027798236354234774,3.8032868837093003
2015-09-09,2015,0.25247204425564396,0.24580905813016418
2015-09-10,2015,0.29263427170683215,-0.10509537193361673
2015-09-11,2015,0.3994120476501471,0.3307319445882584
2015-09-14,2015,0.3094683445572216,1.6637194560440216
2015-09-15,2015,0.12172817454809079,2.447339524624126
2015-09-16,2015,0.20344275177182625,-0.3150016380085163
2015-09-17,2015,0.187939880451285,-0.9422769522230756
2015-09-18,2015,0.11538904754006092,-3.1755560650142844
2015-09-21,2015,-0.08579909554212176,-2.2142664535141354
2015-09-22,2015,-0.48491505187957457,-2.791922466387431
2015-09-23,2015,-0.30095477912813307,-0.1486558726392695
2015-09-24,2015,-0.1510881407922218,2.127759106744964
2015-09-25,2015,-0.03714308627830775,2.1233714731904163
2015-09-30,2015,-0.011256777207276053,2.0916144740895204
2015-10-01,2015,-0.14928860652695225,1.183229386904916
2015-10-02,2015,-0.3153269611231445,2.2901783617879534
2015-10-05,2015,-0.2997973010817729,1.120641351665852
2015-10-06,2015,-0.2760267012993007,2.1398363136012177
2015-10-07,2015,-0.328416539777109,0.8556566449642977
2015-10-08,2015,-0.2140157415528138,0.9063504918327858
2015-10-12,2015,1.4463749462810538e-06,0.32424665139521025
2015-10-13,2015,-0.15403696586541246,0.4321935779045605
2015-10-14,2015,-0.09871063308587807,1.2788486021136913
2015-10-15,2015,-0.22328838560562833,0.6054743812721419
2015-10-16,2015,-0.3625710272196045,0.04973881312499984
2015-10-19,2015,-0.39844209825272825,-0.2669292706945603
2015-10-20,2015,-0.4874621973987483,0.23354442081906512
2015-10-21,2015,-0.21890071783138132,1.5812099339894692
2015-10-22,2015,-0.1311324049310343,1.0787062958996119
2015-10-23,2015,0.2428234740247693,-0.09015645950279927
2015-10-26,2015,0.06185492850754657,-1.99282819689528
2015-10-27,2015,0.01899447250813952,-1.6895137749215139
2015-10-28,2015,-0.0802283867281892,-0.5910461470645556
2015-10-29,2015,0.1840944982890039,1.658017426041991
2015-10-30,2015,0.30975963407738805,3.538684008412152
2015-11-02,2015,-0.003436007692275569,2.7326324440466676
2015-11-03,2015,0.05728904444262363,-0.22517585407870744
2015-11-04,2015,0.04899400209820416,-2.4222594055337
2015-11-05,2015,-0.06677432624078028,-3.5398150094122505
2015-11-06,2015,-0.062401577403381245,-3.2042072474253946
2015-11-09,2015,-0.04753195276613249,-2.480653701252411
2015-11-10,2015,-0.010393338036661736,-2.4294533144349817
2015-11-11,2015,0.0779179150935554,-1.4213886852184388
2015-11-12,2015,0.07451579017247142,-0.10287028259071684
2015-11-13,2015,0.10912042661441657,0.1317005822678352
2015-11-16,2015,-0.2744141425785575,2.1915760541987295
2015-11-17,2015,-0.30974789698598854,0.5467122438362892
2015-11-18,2015,-0.25625129668354607,1.7416284693788198
2015-11-19,2015,-0.5406465827529837,-0.9090265653753704
2015-11-20,2015,-0.6741283417933523,-0.9369850391887202
2015-11-23,2015,-0.35294987462636324,-0.0097811266679515
2015-11-24,2015,0.11194802045186387,-0.020713940481942306
2015-11-25,2015,0.1787248318796354,-0.7812900587040539
2015-11-26,2015,-0.19323629547779286,-0.2545698829685694
2015-11-27,2015,-0.10025556510490645,0.7025147647170993
2015-11-30,2015,0.29327021607974685,1.627885455513467
2015-12-01,2015,-0.4119517062024601,-0.7644772133801103
2015-12-02,2015,-0.2534530024403168,-0.0370090098611775
2015-12-03,2015,-0.07806337733931817,-1.3268590809431213
2015-12-04,2015,-0.060229143880763725,-2.0120020003333794
2015-12-07,2015,-0.08288809761096042,-2.8163283169333364
2015-12-08,2015,-0.17660186314018325,-2.7321886992351274
2015-12-09,2015,0.08405830698983514,-2.3021719107322203
2015-12-10,2015,0.008424605886712925,-1.738279514664376
2015-12-11,2015,-0.1311953028553387,0.8473500749763607
2015-12-14,2015,-0.05931433814040051,3.476423354759106
2015-12-15,2015,-0.364495707539918,2.278731877101814
2015-12-16,2015,-0.4994322699627217,1.191375084609514
2015-12-17,2015,-0.27683127166979893,-0.323690723309944
2015-12-18,2015,-0.34523684461049964,0.7070090537850238
2015-12-21,2015,-0.3507668001337925,0.5094075586470792
2015-12-22,2015,-0.22175419953588457,0.8506235574731846
2015-12-23,2015,-0.31031678709479754,0.5145688276392724
2015-12-24,2015,0.048133458508493696,-0.36579388685737957
2015-12-25,2015,-0.1987999155972024,-0.9959011297003162
2015-12-28,2015,-0.06712575297614516,-0.2444221384484524
2015-12-29,2015,0.27113330279380227,-2.1660471357899946
2015-12-30,2015,0.3774036305431466,-2.4743991236704455
2015-12-31,2015,0.2668708211307835,-4.169674960362468
2016-01-04,2016,-0.14319873038662922,-3.2313482683571815
2016-01-05,2016,0.09442971657044916,-2.2431892568646083
2016-01-06,2016,0.362610331913343,-2.5276613532005388
2016-01-07,2016,0.5527015596596239,-1.0648161119502508
2016-01-08,2016,0.6180703836217052,-0.8786453457512611
2016-01-11,2016,0.6150221227083869,-0.5847142295870023
2016-01-12,2016,0.6042320939758647,-0.08289942009023221
2016-01-13,2016,0.5670388983728019,-0.17163794745040928
2016-01-14,2016,0.6158562958929357,1.4464901948628928
2016-01-15,2016,0.8421436631048163,-0.8102282785000359
2016-01-18,2016,0.4766559327797193,-1.8840943365791119
2016-01-19,2016,0.44636940776552814,-1.2565437027682091
2016-01-20,2016,0.7505306228100688,2.533146645330886
2016-01-21,2016,0.5404787413196251,2.148483626717601
2016-01-22,2016,0.49318470781278345,1.2074242732891705
2016-01-25,2016,0.26444256306212954,0.13871031079977225
2016-01-26,2016,0.17842529128436632,3.2180434224459598
2016-01-27,2016,0.46199356901941,3.7628840369791527
2016-01-28,2016,0.5002518906723734,3.186044452315584
2016-01-29,2016,0.7414429321508474,0.626686137168031
2016-01-30,2016,0.6671414981542126,-1.009304855246218
2016-02-01,2016,0.49490635119541543,-1.108868990408185
2016-02-02,2016,0.41746023703895985,0.9940673255247612
2016-02-03,2016,0.3125340842284216,1.8758526603001258
2016-02-15,2016,0.7042370815475355,3.076423385082272
2016-02-16,2016,0.46349173983364045,1.3756580253212691
2016-02-17,2016,0.40127537842986427,1.3687189944304068
2016-02-18,2016,0.3589798956402354,0.24017790243027193
2016-02-19,2016,-0.08056805329310221,-0.5066642322439363
2016-02-22,2016,0.07086199152533496,0.47053567568347
2016-02-23,2016,0.18782517266907947,0.9180960425405393
2016-02-24,2016,0.056552950311539577,2.4487918424312305
2016-02-25,2016,0.15068934599482325,2.129966315477416
2016-02-26,2016,0.20607611206941753,2.385283361629087
2016-03-01,2016,-0.10382014435925997,1.860308354417839
2016-03-02,2016,0.0906895952179825,1.3518179317770773
2016-03-03,2016,0.2243489477108863,0.6098615967179644
2016-03-04,2016,0.1031319407277113,-0.10921438529306604
2016-03-07,2016,0.11129528786690816,0.013280135803839244
2016-03-08,2016,0.19442771359786376,0.4827851265709615
2016-03-09,2016,0.09195327309594918,1.3179123268061144
2016-03-10,2016,0.19931726044310066,-0.5717782627270407
2016-03-11,2016,0.22919209404990076,-0.08040302591044712
2016-03-14,2016,0.16618189410593978,-0.15272236765393465
2016-03-15,2016,0.35122993165756444,2.317104043812801
2016-03-16,2016,0.12864173982353197,1.3054163974829835
2016-03-17,2016,0.09946982967315607,0.5854916229131701
2016-03-18,2016,0.13730916592985398,-0.506429107302353
2016-03-21,2016,-0.04212572598328673,-0.7865920773429402
2016-03-22,2016,-0.014780762356434371,-0.9186539914952663
2016-03-23,2016,-0.07113502743337276,-0.862870447371622
2016-03-24,2016,0.10779854948940022,-1.4414334044728583
2016-03-25,2016,0.42881262930312775,0.36841023001803475
2016-03-28,2016,0.4484877336826848,0.6257443515583105
2016-03-29,2016,0.5457376801541989,0.46650072237983675
2016-03-30,2016,0.44921055251808806,-2.560821513922351
2016-03-31,2016,0.35600370997859837,-2.9112058210393976
2016-04-01,2016,0.1769564965283916,-1.3404485102598174
2016-04-06,2016,-0.0238458798304058,0.5789764251230567
2016-04-07,2016,0.14602932066255503,0.4820823886222403
2016-04-08,2016,-0.147666063896248,1.294620382836742
2016-04-11,2016,0.06781191192929131,1.2276659281829305
2016-04-12,2016,0.028824101457042884,1.9834301937129428
2016-04-13,2016,-0.03572596088885917,0.16100174755666607
2016-04-14,2016,-0.022263145261463453,-0.39214509945533216
2016-04-15,2016,-0.010230548860659324,-2.1368007641036746
2016-04-18,2016,-0.17054495250928875,-1.1234697398226023
2016-04-19,2016,0.21908616883440338,-1.1347368225979038
2016-04-20,2016,0.0350434015498174,0.5379071886950415
2016-04-21,2016,0.11728713318962362,0.15078221190036878
2016-04-22,2016,0.13835492260454002,0.3198312977769957
2016-04-25,2016,0.21089440447764454,-1.0094295980972556
2016-04-26,2016,0.06697010509123605,-2.3733419409268985
2016-04-27,2016,0.2393161938161362,-3.140586590058436
2016-04-28,2016,0.0936973215986872,-3.4034036396593303
2016-04-29,2016,0.17944424506071963,-2.505878561453345
2016-05-03,2016,-0.06507714045446347,-1.7806590693165814
2016-05-04,2016,-0.11271832324916815,-0.6553075144127396
2016-05-05,2016,-0.07960797633590246,-0.14287533239634165
2016-05-06,2016,-0.08250093313050118,-0.13343268155499022
2016-05-09,2016,-0.09049890318121279,-0.29243110099448355
2016-05-10,2016,-0.14407652629121426,-1.2579248653493247
2016-05-11,2016,-0.24004163132964346,-0.8353450776590665
2016-05-12,2016,-0.1738543995988683,0.399972866472198
2016-05-13,2016,-0.1337267528932682,1.3160427083734438
2016-05-16,2016,-0.07874748180007321,0.35177748029153744
2016-05-17,2016,-0.1309794743929105,-0.11326113447854835
2016-05-18,2016,-0.16245181928585728,2.264304482528723
2016-05-19,2016,-0.29636619766564565,2.528168300811018
2016-05-20,2016,-0.24940205152550649,3.258289613171894
2016-05-23,2016,-0.010762180811799905,0.5953664955347548
2016-05-24,2016,0.014565213784411857,1.96309691036618
2016-05-25,2016,0.27713667411247866,1.6634906267120941
2016-05-26,2016,0.2663099027695449,1.6853464091530768
2016-05-27,2016,0.20640017812567538,1.5779318754054028
2016-05-30,2016,0.30632311731248446,0.23606263919202508
2016-05-31,2016,0.2847592143887975,0.6065192915779782
2016-06-01,2016,-0.11578082326328279,-0.06502147220710519
2016-06-02,2016,0.1066658947031252,0.4802466567399355
2016-06-03,2016,0.06360666450551798,1.077630377671368
2016-06-04,2016,-0.06710639250223963,1.4422276720087224
2016-06-06,2016,-0.04056022303828487,-0.7082612645412434
2016-06-07,2016,0.06755086391951848,-1.1956358944227308
2016-06-08,2016,-0.12969019739966228,-1.251910393919775
2016-06-13,2016,-0.06216321190140752,-0.4929582414698763
2016-06-14,2016,0.15240864016917827,-0.09374868821798721
2016-06-15,2016,-0.06368973564575607,0.22715732649187803
2016-06-16,2016,0.22062978400866115,2.245194922617255
2016-06-17,2016,0.08127734697945602,1.7293255898637838
2016-06-20,2016,-0.16640715477702353,0.5884589701736109
2016-06-21,2016,0.1568645103472469,-2.3933631553797796
2016-06-22,2016,0.07936566225853087,-2.9528753764520244
2016-06-23,2016,0.2289385829232442,-1.972759165948268
2016-06-24,2016,0.5363422704375373,1.292557853672105
2016-06-27,2016,0.420073125228158,2.455528929987083
2016-06-28,2016,0.5201025966055204,2.7362262815515903
2016-06-29,2016,0.44148869436299243,2.0266556106287137
2016-06-30,2016,0.3364532990638916,0.5710441719801729
2016-07-01,2016,-0.19381552037546507,-1.859527776760539
2016-07-04,2016,-0.20470978485608674,-1.366005447127927
2016-07-05,2016,-0.2477737469634032,0.8077034718628973
2016-07-06,2016,-0.2272214408249741,3.0983878961023725
2016-07-07,2016,-0.19147088941402196,2.5094579158908115
2016-07-11,2016,-0.3527868805179761,0.9092388638440863
2016-07-12,2016,-0.4651765714209504,1.2259287493242121
2016-07-13,2016,-0.2953065346025719,1.698625497445727
2016-07-14,2016,-0.21454318966554356,1.9005544552668674
2016-07-15,2016,-0.23127530652897477,0.6461560808281641
2016-07-18,2016,-0.28742062692617487,0.5367326028145492
2016-07-19,2016,-0.28705588228193457,-0.2405125917694595
2016-07-20,2016,-0.3526959742201844,-0.17773721979467139
2016-07-21,2016,-0.2367200859809378,-0.35079544551130937
2016-07-22,2016,-0.27647439903934895,0.5575193550749313
2016-07-25,2016,-0.26092447225528714,0.944985747920013
2016-07-26,2016,-0.3064928480053148,-0.44743423392678006
2016-07-27,2016,-0.12356083162202143,0.19109847419123138
2016-07-28,2016,-0.17841730785457108,-0.08681626681238397
2016-07-29,2016,0.010113003163684556,0.19255577160881554
2016-08-01,2016,-0.23081962265168263,-0.6166918666051457
2016-08-02,2016,-0.3483143348039048,0.2575875863954913
2016-08-03,2016,-0.3756363368939069,1.6502420095737547
2016-08-04,2016,-0.38444603741929195,1.4445893552258227
2016-08-05,2016,-0.3167225859855347,1.1911413399735116
2016-08-08,2016,-0.22417540656610777,-0.20141504175837932
2016-08-09,2016,-0.24307780890435868,-0.05122838904739746
2016-08-10,2016,-0.1548561484496378,-0.5642133728677612
2016-08-11,2016,-0.06606243805474894,-0.23511169174195157
2016-08-12,2016,0.014532642783648598,-0.3572525324057052
2016-08-15,2016,-0.27299622582990746,-0.284308592328153
2016-08-16,2016,0.01368397378185739,-0.8352029996619215
2016-08-17,2016,0.06249394025428649,-1.4903977976902238
2016-08-18,2016,0.02626469499521032,-1.0037818580432956
2016-08-19,2016,0.10798775089120353,-0.18695478439322288
2016-08-22,2016,-0.08822583408905492,1.4881187644806504
2016-08-23,2016,0.06290464140437627,1.1160533854209786
2016-08-24,2016,0.3608760470233342,1.0290128618290595
2016-08-25,2016,0.3084691124273306,-0.053864474349651914
2016-08-26,2016,0.27341732795815543,-0.6884792788215077
2016-08-29,2016,0.1675528176864807,-1.1966845843710994
2016-08-30,2016,0.27373971064669433,-1.3501914262130987
2016-08-31,2016,0.3180694996744406,0.23464937671258124
2016-09-01,2016,0.19938831296454154,2.007521261172185
2016-09-02,2016,0.16400965985339808,3.0210680330012174
2016-09-05,2016,-0.11710943686104995,1.900522874810373
2016-09-06,2016,0.009797134242606746,-0.18482114170892405
2016-09-07,2016,0.046400717503736054,-2.218149338972475
2016-09-08,2016,-0.1087016767987173,-3.4096270170540732
2016-09-09,2016,-0.0960689276441988,-2.4446583043094883
2016-09-10,2016,0.32254845544960775,-1.6721358915536277
2016-09-12,2016,0.30325244488440156,2.3004204733174882
2016-09-13,2016,0.33375139522366143,2.469010147827433
2016-09-14,2016,0.44883290677297955,3.6642216056524735
2016-09-19,2016,0.09491661223267427,0.9000445761334186
2016-09-20,2016,-0.11326803183213807,1.3429997882461464
2016-09-21,2016,-0.061102900104756365,-0.36820718426612276
2016-09-22,2016,-0.2721705114062038,0.3859122536885806
2016-09-23,2016,-0.032076063345484455,-1.2684417886784871
2016-09-26,2016,-0.12547108765755827,0.4315614083171271
2016-09-29,2016,0.14907726139661573,0.18196723079744181
2016-09-30,2016,0.1702484383105963,1.1501224520964248
2016-10-03,2016,-0.07354960186984755,0.5426566459465709
2016-10-04,2016,-0.17628006967801677,-0.2364399635219283
2016-10-05,2016,-0.21717594753977928,-0.5657723882367738
2016-10-06,2016,-0.12753348399158712,-0.3415439596480385
2016-10-07,2016,-0.2217088868192152,-0.503355885777923
2016-10-11,2016,0.16338301646684253,-0.592744760743702
2016-10-12,2016,-0.007772772720171767,-0.8254976979443773
2016-10-13,2016,-0.005264015102176445,0.0369881453536447
2016-10-14,2016,0.32864112243346,1.2964298534560603
2016-10-17,2016,0.3631981571297535,1.5367983766736204
2016-10-18,2016,0.12574919518803643,0.9106996090031183
2016-10-19,2016,-0.021770514543202023,0.41480010211127905
2016-10-20,2016,0.10728184420506678,0.7342303085463131
2016-10-21,2016,0.05755411773633408,0.5982870165915033
2016-10-24,2016,0.03582849089717228,-0.24617860016090676
2016-10-25,2016,0.15963836806408604,-0.8388337515249256
2016-10-26,2016,0.2236570300314152,-0.7704344575289013
2016-10-27,2016,0.3762353658058788,-0.28872364791843186
2016-10-28,2016,0.3619949801334357,-1.8038190937495924
2016-10-31,2016,0.39087400480400725,-2.3987849457272947
2016-11-01,2016,0.1766035805023079,-2.205937860601559
2016-11-02,2016,0.26388695798702516,0.5558570703268595
2016-11-03,2016,0.5166765378865599,1.6560662691195827
2016-11-04,2016,0.5756217380903277,-1.3778995715774345
2016-11-07,2016,0.5185363118180668,-0.4098003882548551
2016-11-08,2016,0.5261261031380925,-2.8171627015339373
2016-11-09,2016,0.5062249002472964,-0.031308703819676875
2016-11-10,2016,0.28906632935442167,-2.4163641886413956
2016-11-11,2016,0.5557603970933173,0.04978923302252358
2016-11-14,2016,0.29319824997372795,0.6136190774462147
2016-11-15,2016,0.08908059021951992,0.8706722516887755
2016-11-16,2016,0.026809066549419048,0.8802506521821796
2016-11-17,2016,-0.18031221825491053,1.5355865200116448
2016-11-18,2016,-0.07811302199548294,1.880829722970545
2016-11-21,2016,-0.31999329348929634,1.2277253567316349
2016-11-22,2016,-0.03869525453838538,0.281166138750244
2016-11-23,2016,0.22578784286471248,0.47950421813356403
2016-11-24,2016,0.23599499567309423,0.4400078233325333
2016-11-25,2016,0.1317252250341024,0.8913568735690269
2016-11-28,2016,0.11633332209405808,0.4477220284876626
2016-11-29,2016,-0.038375056096419,-0.03143908324068079
2016-11-30,2016,0.04364798786088288,-0.8662754268881856
2016-12-01,2016,-0.195042932012402,-0.13774446674216234
2016-12-02,2016,-0.5192191717816821,0.8096205556565206
2016-12-05,2016,-0.3012436283842058,2.3491757144135983
2016-12-06,2016,-0.2833471811510563,1.5340344641581183
2016-12-07,2016,-0.17147830164558397,0.928875450809552
2016-12-08,2016,0.08598444578243562,0.06698052232008145
2016-12-09,2016,-0.09785478838255879,-0.2572215810609957
2016-12-12,2016,-0.14094765716434438,0.11133761286168387
2016-12-13,2016,-0.2601620527782962,-0.5900572790429326
2016-12-14,2016,-0.261633536645821,-1.3790865579622058
2016-12-15,2016,-0.09677408681162457,-1.2599956198219187
2016-12-16,2016,0.08345637921349695,-1.313636646302374
2016-12-19,2016,0.1505636465045797,-1.3049661663412482
2016-12-20,2016,0.29334824210457183,-1.771940435449204
2016-12-21,2016,0.2894874877726573,-1.018224170112525
2016-12-22,2016,0.20925248047271477,-0.10396161754625544
2016-12-23,2016,0.2103088749219315,1.3521849087528626
2016-12-26,2016,0.25427885590287025,0.4670414706482662
2016-12-27,2016,0.21944983186397482,1.5833321440686277
2016-12-28,2016,0.28973129503156014,0.7768383072141116
2016-12-29,2016,-0.0747393322943172,1.46256619349312
2016-12-30,2016,0.13898046181220458,1.1308153671583554
2017-01-03,2017,-0.3261134807560021,1.0712960806135818
2017-01-04,2017,-0.2653846623328118,0.5971814242766271
2017-01-05,2017,-0.10589512109202484,-0.09083001536630553
2017-01-06,2017,0.15041627770107882,-0.282537115005832
2017-01-09,2017,0.08320207107467256,0.7252938746063586
2017-01-10,2017,0.1264412933245016,0.3122045340783197
2017-01-11,2017,0.2502153268704987,-0.5714903260736981
2017-01-12,2017,0.060765389389493316,-0.5913808237461904
2017-01-13,2017,0.1069058198495825,-0.3930127745145229
2017-01-16,2017,0.18658170013040967,0.2775407244469452
2017-01-17,2017,0.1490829286124095,-0.24661848323754842
2017-01-18,2017,0.1423564255711341,0.8786155382644045
2017-01-19,2017,0.24768511272352622,1.393306804376837
2017-01-20,2017,-0.2901072564799777,1.044959738347484
2017-01-23,2017,-0.40351660467699935,0.33435730922479756
2017-01-24,2017,-0.06902935612115949,0.9532226567668056
2017-02-02,2017,-0.2885084456995305,1.3319588459821174
2017-02-03,2017,-0.5282730801128906,0.9273908684414245
2017-02-06,2017,-0.4248229404110836,0.5469694412146842
2017-02-07,2017,-0.13419637254329803,1.1620629312077302
2017-02-08,2017,-0.18744476681030825,1.750661462290104
2017-02-09,2017,-0.021451018594793113,1.3409550185710772
2017-02-10,2017,-0.140288724252279,1.3881201251035868
2017-02-13,2017,-0.037731413349815314,0.6274767463894104
2017-02-14,2017,-0.18122659256962587,0.4216578624065992
2017-02-15,2017,-0.3626960978400066,-0.202453937647451
2017-02-16,2017,-0.24121533999346992,-0.18472559805551292
2017-02-17,2017,-0.20657187863686027,0.042726460486730566
2017-02-18,2017,-0.07531459312107366,-0.011656537067783468
2017-02-20,2017,-0.07408304785885314,0.16517655743755189
2017-02-21,2017,0.1209991088342047,-0.13785432709985113
2017-02-22,2017,0.0736562211941055,-1.0635273520827715
2017-02-23,2017,0.04734749464465349,-0.7934030141330317
2017-02-24,2017,0.29244159087434524,-1.0487699567302888
2017-03-01,2017,0.21903624707568786,0.08113879592093198
2017-03-02,2017,0.25672502234862044,0.47741389628346287
2017-03-03,2017,0.2258618836453699,1.0907722779666118
2017-03-06,2017,0.24382676533542025,-0.24807309584274906
2017-03-07,2017,0.020975390857524853,-1.1314356951634186
2017-03-08,2017,-0.08757997716961297,-0.5752836175917264
2017-03-09,2017,0.012799243899898735,0.8862558898226514
2017-03-10,2017,0.08638521180292284,1.1676494018938666
2017-03-13,2017,-0.01571415402857141,1.4487478009433508
2017-03-14,2017,0.07410222432651836,1.6879767574795812
2017-03-15,2017,0.04781181324396625,1.7726335198777088
2017-03-16,2017,-0.017595391794623327,1.3687977938224183
2017-03-17,2017,-0.07453012379533167,0.14098735554346487
2017-03-20,2017,-0.14834636076062688,0.17926010065600906
2017-03-21,2017,-0.07252828367325001,-0.6970174951291042
2017-03-22,2017,-0.03557598434123121,-0.4624767955366704
2017-03-23,2017,0.07075256644924169,-0.5466863496577212
2017-03-24,2017,0.24343082546609862,-0.4718781619270085
2017-03-27,2017,0.31259700864054796,-0.2897708461369497
2017-03-28,2017,0.37332514538751294,-0.6574224544244167
2017-03-29,2017,0.22502445881255345,0.9458972733037418
2017-03-30,2017,0.2936447071681921,0.5041556028289484
2017-03-31,2017,0.25639140935552585,0.6303814291771292
2017-04-05,2017,-0.09399930784559049,-0.6727989804492185
2017-04-06,2017,-0.06539431348609286,-0.6605508294772466
2017-04-07,2017,0.10751951621301421,-0.564042469795023
2017-04-10,2017,-0.14008194718781133,-0.46405073999195023
2017-04-11,2017,-0.04442695663585287,-1.0118566944862017
2017-04-12,2017,0.2946750970267495,-1.031608282201102
2017-04-13,2017,0.17651663211463403,-0.9161627703656139
2017-04-14,2017,0.016725049085285694,-0.9554163032098217
2017-04-17,2017,-0.08992546506243188,-0.8615330780947561
2017-04-18,2017,0.014462198304728443,-0.29907988049115986
2017-04-19,2017,-0.1254023837475565,0.8092374018925375
2017-04-20,2017,-0.13734848739666727,2.1699026959239642
2017-04-21,2017,-0.07359246074973966,1.4308339362031797
2017-04-24,2017,-0.07383718090564015,1.4681079857377322
2017-04-25,2017,0.0895213213264135,0.3077717185326678
2017-04-26,2017,0.12741329255801487,0.8605532417858219
2017-04-27,2017,0.09936732125203238,0.960487271591437
2017-04-28,2017,0.09704969780976351,0.968800648298207
2017-05-02,2017,0.10395221109546297,-0.41574165071465163
2017-05-03,2017,-0.13987000455028928,-0.18161125748719087
2017-05-04,2017,-0.23566565266233375,-0.5232933773691606
2017-05-05,2017,-0.11570357035325626,0.6907112568358853
2017-05-08,2017,-0.001431688586776518,0.6463558831668603
2017-05-09,2017,0.10486217369699298,0.7194810538672769
2017-05-10,2017,0.0048682352227894425,0.6871769766620739
2017-05-11,2017,-0.01958384198504976,0.30005559177241903
2017-05-12,2017,0.06091725998924309,0.2688543500333429
2017-05-15,2017,-0.17497311442667657,-0.6712285365284898
2017-05-16,2017,-0.18154534984253284,-0.8360672243106326
2017-05-17,2017,-0.14281362080299695,-0.16387598153324578
2017-05-18,2017,-0.14014591793599684,0.3850764084277314
2017-05-19,2017,-0.19502001281568687,0.9730970825182261
2017-05-22,2017,0.008897254599270616,1.112604853729926
2017-05-23,2017,-0.01593777402020363,0.9403627555996108
2017-05-24,2017,-0.14848731753707298,-0.036836372831883235
2017-05-25,2017,0.07636019090065285,-0.20843864909595444
2017-05-26,2017,-0.006478934469029915,0.5006954102920735
2017-05-31,2017,0.07867576168992305,1.1695376427188542
2017-06-01,2017,-0.12125426556126569,1.3821175285652743
2017-06-02,2017,-0.08822550099678489,0.5284397091168458
2017-06-03,2017,-0.16984771282476988,0.5103291445784919
2017-06-05,2017,-0.11779437011909921,-0.010364882994151614
2017-06-06,2017,-0.14084564572611122,-0.06398084297946083
2017-06-07,2017,-0.09880638380077647,-0.9797267186353875
2017-06-08,2017,-0.16314044256659216,-0.954743794605406
2017-06-09,2017,-0.06579042213339273,-1.247003573652039
2017-06-12,2017,0.009468817523672072,-0.2137496092961655
2017-06-13,2017,0.12296960909182145,0.28218381441822427
2017-06-14,2017,0.3098607879494692,1.7685848342907429
2017-06-15,2017,0.20109725199781922,2.3404223683753944
2017-06-16,2017,0.1811737044544302,1.9001194282017853
2017-06-19,2017,-0.09306026769590037,1.4483054650459293
2017-06-20,2017,-0.07427314548584356,0.5156686160826096
2017-06-21,2017,-0.04469391489387961,1.5869028340863345
2017-06-22,2017,0.07110865694417437,1.0866366767765534
2017-06-23,2017,-0.053964100079449004,0.12382319781838458
2017-06-26,2017,0.15320393607751015,-0.8779755677213896
2017-06-27,2017,0.07778662377000466,-1.1129122170155048
2017-06-28,2017,-0.020961174229995806,0.21404064269938683
2017-06-29,2017,0.02615191746985749,-0.7088129039067637
2017-06-30,2017,0.03516653107865246,0.09350586383738424
2017-07-03,2017,0.0312290935906127,-0.42822336760849344
2017-07-04,2017,0.13059658355622827,-0.4883173009089914
2017-07-05,2017,-0.06468653014589158,-1.104106858475773
2017-07-06,2017,0.167121563239425,0.456877760845642
2017-07-07,2017,0.2738351616646722,1.1986695476947862
2017-07-10,2017,0.005523919672074953,1.6544362389952827
2017-07-11,2017,0.02675957828556577,0.27209264591376847
2017-07-12,2017,0.038261212651128265,0.3537197188667296
2017-07-13,2017,0.005479384851280821,0.2018135495188922
2017-07-14,2017,-0.02869711404798938,0.595466640367448
2017-07-17,2017,-2.5141202010668662e-05,0.3999028452198017
2017-07-18,2017,-0.08682271354259768,-0.42513972556733615
2017-07-19,2017,-0.13723506710097008,-0.4266093031667251
2017-07-20,2017,-0.12426313497304595,-0.34487816400238236
2017-07-21,2017,-0.07522601964218714,-0.16853986413329913
2017-07-24,2017,0.01010406719567873,0.4501361210100585
2017-07-25,2017,0.03783932418258851,-0.38324978615427163
2017-07-26,2017,0.15254158570718074,0.07889349474186069
2017-07-27,2017,0.0525125520350461,-0.6764131830150677
2017-07-28,2017,0.0048110154582709065,0.9231462959498504
2017-07-31,2017,-0.02813548877367199,0.4080622748105167
2017-08-01,2017,-0.07897911629994488,0.6636780237015305
2017-08-02,2017,-0.12441515816919942,0.5714274849870637
2017-08-03,2017,0.0468605153277149,0.9464291854347939
2017-08-04,2017,-0.17121059768699715,-0.34435628788109796
2017-08-07,2017,-0.13804911007744974,-2.3596845939932165
2017-08-08,2017,-0.030153796174988055,-2.2651213883661314
2017-08-09,2017,0.25567101702581596,-2.3408892513929636
2017-08-10,2017,0.22780571706024957,-0.179868999606958
2017-08-11,2017,0.23003509789255175,-0.37929942872743094
2017-08-14,2017,0.30368270757205623,1.4091545659385307
2017-08-15,2017,0.22077611872644415,0.09863099787026375
2017-08-16,2017,0.012087627521625545,0.34984096812658017
2017-08-17,2017,0.04934793857090793,0.2189139745230273
2017-08-18,2017,-0.3193769513787047,0.8281878401330101
2017-08-21,2017,0.00012216146144848893,1.5743159032343357
2017-08-22,2017,0.14201218800719762,1.1878287963803302
2017-08-23,2017,0.14146963713750715,1.1451155541419622
2017-08-24,2017,0.15461900501132703,0.07255247422051081
2017-08-25,2017,0.2213849931013633,0.5124810874603369
2017-08-28,2017,0.15603236739556733,0.5681181229681309
2017-08-29,2017,0.19438155334971965,0.9360200522646966
2017-08-30,2017,0.15993797271383,0.004446799250668043
2017-08-31,2017,0.0788455642669736,0.3028591185533669
2017-09-01,2017,-0.022735747660814872,-0.4432354678984507
2017-09-04,2017,0.005424549566297338,-0.2966923907295027
2017-09-05,2017,0.020403704273110355,-0.07430889898509818
2017-09-06,2017,0.15814264140954012,0.23037848435605301
2017-09-07,2017,0.3474197338600418,0.6816902958767468
2017-09-08,2017,0.08258946777128763,-0.7263936210821109
2017-09-11,2017,0.03380662121473363,-0.17583918518070396
2017-09-12,2017,0.24030431332315097,-0.28217730800587093
2017-09-13,2017,0.2694828465692401,0.9369707050683296
2017-09-14,2017,0.16571412160460153,0.2138612810641316
2017-09-15,2017,0.18382825030836408,-0.5788055472330411
2017-09-18,2017,0.19676112509165017,-0.49973804433398605
2017-09-19,2017,0.2685223217448468,-1.1957103442276629
2017-09-20,2017,0.30371563676378177,-1.7423427894025956
2017-09-21,2017,0.1163049425737944,-3.0384442318527105
2017-09-22,2017,0.48551265126892745,-1.1770695370575956
2017-09-25,2017,0.5654859530408312,-0.3815830083330862
2017-09-26,2017,0.5000884046652854,0.7109277353461341
2017-09-27,2017,0.47173647042929884,0.5544860497274984
2017-09-28,2017,0.4697432454386449,1.6385258997032803
2017-09-29,2017,0.3607739919264673,1.349572214359429
2017-09-30,2017,0.07413923243728572,1.2936322821587964
2017-10-02,2017,-0.11961116966492533,0.6464306326897873
2017-10-03,2017,-0.07392807427385115,1.6413626442902451
2017-10-05,2017,-0.014425916916634288,1.8365187431012897
2017-10-06,2017,-0.010084858176925478,1.8160395943722651
2017-10-11,2017,0.09817585596035523,1.2500481619066806
2017-10-12,2017,0.11595193069421435,0.10932236935463635
2017-10-13,2017,-0.09288416533288232,-0.03552748997817101
2017-10-16,2017,-0.054495258451339366,-0.12919740751292652
2017-10-17,2017,-0.013508409616124229,0.05343579078909144
2017-10-18,2017,-0.04238655102167321,0.13926875044307785
2017-10-19,2017,-0.048959439885823984,-0.15343452639288158
2017-10-20,2017,-0.05000925250145956,0.20216462482571806
2017-10-23,2017,-0.024737596432360235,-0.00419181366735355
2017-10-24,2017,-0.010330768243578526,-0.32269834266897
2017-10-25,2017,0.07549719523853157,0.058601543918146426
2017-10-26,2017,0.09822576940982264,0.5499890076722691
2017-10-27,2017,0.2699714721517432,0.9081053420872509
2017-10-30,2017,0.12226600841936497,0.29413760694327884
2017-10-31,2017,-0.03557563835573655,0.06457410735793978
2017-11-01,2017,-0.10957311744611878,-0.1866493435347394
2017-11-02,2017,-0.1355882788943478,0.48041851933213753
2017-11-03,2017,-0.20784740541239458,0.16869167661193174
2017-11-06,2017,-0.2663761283882139,-0.39791622435725316
2017-11-07,2017,-0.16312680714940847,-0.9932345295442735
2017-11-08,2017,-0.2946903973093934,-1.2484529517080567
2017-11-09,2017,-0.01841992392821368,-0.5220942971739584
2017-11-10,2017,0.009768537746705497,-0.9505556399293069
2017-11-13,2017,0.061729821935584225,-0.55110858186882
2017-11-14,2017,0.26918300561675174,0.13530229677052308
2017-11-15,2017,0.2838585423049153,0.3188892494814466
2017-11-16,2017,0.18087936127248244,1.4512886539721048
2017-11-17,2017,0.1375421045265955,1.1302006047671176
2017-11-20,2017,0.1469752345556751,1.7817910741662946
2017-11-21,2017,0.19515609743145154,0.6943903280750785
2017-11-22,2017,0.2004530528527993,-0.6621335558309016
2017-11-23,2017,0.09084347680215624,-1.3588746491109305
2017-11-24,2017,0.2151364477847973,-1.2948114489561124
2017-11-27,2017,0.2953332915364572,-1.771846714656311
2017-11-28,2017,0.36368627669101433,-0.9965378016581483
2017-11-29,2017,0.2806149938463633,-0.5828133531835755
2017-11-30,2017,0.4695781319738563,0.06069822848291384
2017-12-01,2017,0.5063067830469202,-1.9475735280938378
2017-12-04,2017,0.36952914963838634,-2.772950424885301
2017-12-05,2017,0.3215769402779867,-1.5920543965325495
2017-12-06,2017,0.37232932453441503,0.761695298790066
2017-12-07,2017,0.30859303981511466,0.8451335295526441
2017-12-08,2017,0.37978880830389194,0.6931689012580566
2017-12-11,2017,0.43469823919775263,0.6198743637264581
2017-12-12,2017,0.5005363424524226,0.46115779716717764
2017-12-13,2017,0.04910763913066739,0.34209747199327456
2017-12-14,2017,0.10650484135779367,-0.6706199747390618
2017-12-15,2017,0.0346659507924877,0.12467306680494783
2017-12-18,2017,0.12212905513029529,-0.16703913379502167
2017-12-19,2017,0.10551350897357945,0.6680780408394149
2017-12-20,2017,0.1019690884935505,0.17106921591847346
2017-12-21,2017,0.3199941900081774,-0.6393382763035804
2017-12-22,2017,0.1980316515069013,-0.4802002795790572
2017-12-25,2017,0.08593260366907177,0.42908094947107234
2017-12-26,2017,0.28605572179127214,2.1200528501973404
2017-12-27,2017,0.3292065607390583,2.136617248373396
2017-12-28,2017,0.007585312638797431,2.213644673739834
2017-12-29,2017,0.11327106442040591,1.9334088769372038
2018-01-02,2018,0.17679391097749908,1.5785105216918005
2018-01-03,2018,0.11465842210840926,1.057068555774765
2018-01-04,2018,0.07468076589682943,0.6107683643003847
2018-01-05,2018,0.07253849042719915,-0.4477104358535877
2018-01-08,2018,0.015921774624550206,-0.968233973845134
2018-01-09,2018,-0.02607686143010713,-0.28337436291158147
2018-01-10,2018,-0.022636602085615413,1.156116328088852
2018-01-11,2018,0.09101713567589856,1.6285756045757438
2018-01-12,2018,-0.006923531311170619,1.1102576635709793
2018-01-15,2018,-0.0016296492145294404,1.051996520726406
2018-01-16,2018,0.011639599236874151,1.4995298608879715
2018-01-17,2018,0.038727784714949864,2.0596466996219753
2018-01-18,2018,0.0066967419498556975,1.639695183248624
2018-01-19,2018,0.052858946216307025,0.011747983337584422
2018-01-22,2018,0.06087794054337331,-0.5832723439339049
2018-01-23,2018,0.017629703880471248,-0.9420506864324607
2018-01-24,2018,0.12963557193991357,0.6245426894879502
2018-01-25,2018,0.15016831795928864,-0.7985885661318526
2018-01-26,2018,0.2380299658427638,-0.3885315463214578
2018-01-29,2018,0.2225030564297072,-0.548574606057306
2018-01-30,2018,0.2756814138293807,0.44642937749055367
2018-01-31,2018,0.3558395159791802,-1.418794843922666
2018-02-01,2018,0.26065213277793553,-6.776281893326763
2018-02-02,2018,0.21459886903688058,-5.165181737210167
2018-02-05,2018,0.4320939277507042,-3.8161927600776524
2018-02-06,2018,0.6845079833813734,-0.3099769319492518
2018-02-07,2018,0.8135109955619233,-1.2363124245370893
2018-02-08,2018,0.7820011925683087,1.765870226774524
2018-02-09,2018,0.8099211053060728,2.8021307879576574
2018-02-12,2018,0.8477054488650475,3.5836942200863753
2018-02-21,2018,0.6585352389148937,1.1410769018259437
2018-02-22,2018,0.6421135940939479,1.4357957604212102
2018-02-23,2018,0.7823656844162099,-0.08115206284651233
2018-02-26,2018,0.6067061785012658,-1.278341192429433
2018-02-27,2018,0.5861588644350588,-1.5955848428223618
2018-03-01,2018,0.4513690065760577,-0.013443614236885448
2018-03-02,2018,0.512462894713852,0.44072958272303175
2018-03-05,2018,0.7475394363513599,1.6944629753168794
2018-03-06,2018,0.525882052447135,0.7462672727306385
2018-03-07,2018,0.5124743684972636,2.3896915122118445
2018-03-08,2018,0.30390046887242567,2.516714033875256
2018-03-09,2018,0.2522220302196368,1.6013150701070122
2018-03-12,2018,0.2987079722903475,0.14860799301952277
2018-03-13,2018,0.15113958078199194,-0.6122230103202675
2018-03-14,2018,0.01974342055888065,0.0733775410370674
2018-03-15,2018,-0.06962190312217646,-0.06906597570439654
2018-03-16,2018,0.07776440689794265,-0.15080207114811506
2018-03-19,2018,0.016733487256177685,-0.3716879848645327
2018-03-20,2018,0.48074436993413716,-1.7029581757613377
2018-03-21,2018,0.39668860982409115,-1.553164224730208
2018-03-22,2018,0.40940269499434645,-0.17308992316805716
2018-03-23,2018,0.6442126195620229,0.3910995968893216
2018-03-26,2018,0.6188092807513229,0.05415104173873697
2018-03-27,2018,0.6167006097031431,-0.733335214380193
2018-03-28,2018,0.6502163795400978,0.4954139923391665
2018-03-29,2018,0.6212857530050094,0.390469411539085
2018-03-30,2018,0.4344685060937497,-0.7765293566423415
2018-03-31,2018,0.5127242764466681,-0.23774004097260049
2018-04-02,2018,0.4996370196322092,0.3573570457014785
2018-04-03,2018,0.3369514520126137,1.4091353071146173
2018-04-09,2018,0.12967463132953522,0.566942028892381
2018-04-10,2018,0.18897646129113038,0.34967850808715895
2018-04-11,2018,0.3167722697770924,-0.17741903149439686
2018-04-12,2018,0.10141413704117992,-1.322101012387622
2018-04-13,2018,0.00826034594534648,-1.0715533145651879
2018-04-16,2018,0.06056483514814816,0.15217421071609394
2018-04-17,2018,-0.04141561372918451,-0.2874070922117222
2018-04-18,2018,0.1726327132523902,-1.3897633549012745
2018-04-19,2018,0.13720945904662235,-3.5704324587420455
2018-04-20,2018,-0.07446848473628087,-2.035460295490088
2018-04-23,2018,0.0008110929038815572,-1.949588347528719
2018-04-24,2018,0.05432019258697054,-0.24641996313624626
2018-04-25,2018,0.17939325968950964,0.9271806643390113
2018-04-26,2018,0.14653274093758545,1.2416361414033128
2018-04-27,2018,0.26169347311312685,-0.3719169976017289
2018-04-30,2018,0.12132664538746277,-1.2057745067499237
2018-05-02,2018,0.06972729585824809,-0.13089979008946706
2018-05-03,2018,0.030921178062549144,1.6853430319815565
2018-05-04,2018,0.13379188166251993,1.6523305762832896
2018-05-07,2018,-0.027985768268744188,1.464416011074099
2018-05-08,2018,-0.045632248103953756,1.5676180249883487
2018-05-09,2018,0.037609145668777086,2.326748167629744
2018-05-10,2018,0.0981238958264089,1.0642914961696892
2018-05-11,2018,0.13856528232430687,0.3553740774916214
2018-05-14,2018,0.20635657478987973,-1.0826860621289014
2018-05-15,2018,0.06778398472831634,-0.40359622721667376
2018-05-16,2018,0.15069108088581656,0.6297734265529042
2018-05-17,2018,0.4007871977223056,0.9684496959056821
2018-05-18,2018,0.2646355075949371,0.5109483659623937
2018-05-21,2018,0.09536705710741758,-0.2669110539658237
2018-05-22,2018,0.28683901343333124,0.03263632981158615
2018-05-23,2018,0.19269694876913385,0.9332015454456943
2018-05-24,2018,0.19282280984097885,0.24860724170312487
2018-05-25,2018,0.24236654613035685,-1.106988475914561
2018-05-28,2018,0.2851316372382692,-1.0266869437565718
2018-05-29,2018,0.16773370178047117,-0.1371747116959754
2018-05-30,2018,0.3120684440193291,2.664499310148538
2018-05-31,2018,0.3953798331231523,2.0703524426756603
2018-06-01,2018,0.019866912298087895,2.3084131269476504
2018-06-04,2018,0.16121909608569457,1.2804356631711533
2018-06-05,2018,0.12423115513541431,0.507292270076598
2018-06-06,2018,0.18626230608795663,-0.46956613339070863
2018-06-07,2018,0.12835723852854505,-0.9506076832492605
2018-06-08,2018,0.0374657089238515,0.15049630616272847
2018-06-11,2018,0.094730623747555,-1.2130882581128932
2018-06-12,2018,0.08799226583170756,-0.5143210414911503
2018-06-13,2018,0.16876824465298831,-2.4077234742746145
2018-06-14,2018,0.24781163937734269,-0.7857286830010524
2018-06-15,2018,0.15292904127889773,-1.3204094351551787
2018-06-19,2018,0.2975827101185359,-0.045028562414994866
2018-06-20,2018,0.4303591244436243,-1.2901466400181638
2018-06-21,2018,0.4654672415949732,-1.817920916327198
2018-06-22,2018,0.4735171641816155,-1.8189274887882467
2018-06-25,2018,0.5427952854042978,-1.225425209012021
2018-06-26,2018,0.42212107990901115,0.8819447094953858
2018-06-27,2018,0.4316335108970474,0.7187158619310408
2018-06-28,2018,0.5038245976218699,0.5766696576399166
2018-06-29,2018,0.4881521743152103,-1.0615572151101982
2018-07-02,2018,-0.058244270507943584,-1.5413891708434213
2018-07-03,2018,0.08221161584727406,-0.9999328089946302
2018-07-04,2018,-0.04887395090691224,-0.014829502689361895
2018-07-05,2018,0.15551974927735218,1.3671560271056427
2018-07-06,2018,0.04776695113702116,0.6435363107374581
2018-07-09,2018,0.10453191951534387,0.16883887361149874
2018-07-10,2018,0.039954409539342525,1.0007539353846795
2018-07-11,2018,0.19588785801298517,1.3169626968279058
2018-07-12,2018,-0.06411103991705587,0.3781762239742026
2018-07-13,2018,0.15344321561456614,-0.20322995727386495
2018-07-16,2018,0.10839349608075413,0.16575070834621286
2018-07-17,2018,0.0997799341787463,1.4205412566483666
2018-07-18,2018,0.30376935741130945,0.9631578073610703
2018-07-19,2018,0.242234810177333,1.4767363950318302
2018-07-20,2018,0.385648501796764,0.3080832519980259
2018-07-23,2018,0.2650079765522214,0.5820831304598872
2018-07-24,2018,0.2253052152297214,0.7311245894870533
2018-07-25,2018,0.30114020570352623,0.6178305439006326
2018-07-26,2018,0.21291386980272495,0.4259527855404954
2018-07-27,2018,0.09441917064517209,0.20179165711127212
2018-07-30,2018,0.08788644200521842,-0.9404959786251776
2018-07-31,2018,0.09900610432037783,-0.40768672151325624
2018-08-01,2018,0.061435229422603155,-0.6670493137131972
2018-08-02,2018,0.06700316779862373,0.49104418482730505
2018-08-03,2018,-0.11348536816099168,0.5704463047665254
2018-08-06,2018,-0.08591602592784468,0.03601201005070109
2018-08-07,2018,-0.038296169950618034,0.002185107762220362
2018-08-08,2018,0.13196842007937756,-2.9464797634364936
2018-08-09,2018,0.039846071706143404,-1.8483741942153076
2018-08-10,2018,0.06498010636046167,-2.43024195897914
2018-08-13,2018,0.35970593303623216,-0.6048979804482713
2018-08-14,2018,0.4586945394651303,-1.231219218364732
2018-08-15,2018,0.283575309349068,-0.16516201273707454
2018-08-16,2018,0.23038316226973823,1.0136747816808622
2018-08-17,2018,0.35176624084017993,1.0592126432051208
2018-08-20,2018,0.25389255877640166,1.5335941041494383
2018-08-21,2018,0.22604023987388513,0.15891106539909217
2018-08-22,2018,0.22490867384762775,0.9071472205253395
2018-08-23,2018,0.19999954344813914,1.163752988319211
2018-08-24,2018,0.1790826705845659,2.684897796814778
2018-08-27,2018,0.40038207901680806,1.7568914926423318
2018-08-28,2018,0.30728655779909475,0.6769157972801532
2018-08-29,2018,0.3057476997529106,-1.2194166080307656
2018-08-30,2018,0.29607787640608974,-0.6523492957746568
2018-08-31,2018,0.30646722489689066,-0.6219303430785139
2018-09-03,2018,0.19465147472363165,-0.36409338740011066
2018-09-04,2018,0.277805106916583,-1.5822882433960128
2018-09-05,2018,0.2785876873052737,-2.4495390231857206
2018-09-06,2018,0.20455995969225987,-1.574471590857085
2018-09-07,2018,0.12496364463414047,-1.147046323450096
2018-09-10,2018,0.3402969551380229,0.013332338846527847
2018-09-11,2018,0.20432462913846078,1.0773508923672237
2018-09-12,2018,0.28184271865306215,0.9889420166993679
2018-09-13,2018,0.3565042358232672,0.30744190252283143
2018-09-14,2018,0.40869165072569713,-0.10001711424401094
2018-09-17,2018,0.17554474492896863,0.02585742768461685
2018-09-18,2018,0.30997201806440416,1.972080470548443
2018-09-19,2018,0.4247591349878072,1.1198026759949853
2018-09-20,2018,0.1986174443522148,1.3182032625484563
2018-09-21,2018,0.44145951628379737,0.5630485918772798
2018-09-25,2018,0.4454028840099994,0.25039052359763225
2018-09-26,2018,0.4197895390698245,0.7072048142049647
2018-09-27,2018,0.3884501560221013,-1.0382275454745793
2018-09-28,2018,0.45183508407917133,-1.2937997554136937
2018-10-01,2018,0.30281801644343087,-3.012088528565482
2018-10-02,2018,0.36469944581572017,-3.6861139067898674
2018-10-03,2018,0.36847565197279397,-3.755635616544273
2018-10-04,2018,0.25240467144946377,-2.351731659282519
2018-10-05,2018,0.23118670670333427,-6.7605009736505846
2018-10-08,2018,0.271274912043544,-3.922367498634749
2018-10-09,2018,0.06454815589420107,-5.404788269227634
2018-10-11,2018,0.5301532917678895,1.7844996639849953
2018-10-12,2018,0.6778563970585967,-0.663659774572678
2018-10-15,2018,0.5670726847180714,0.5313540286351337
2018-10-16,2018,0.36763577894790994,-0.6195709891695267
2018-10-17,2018,0.4583391410369444,-0.04870159151989517
2018-10-18,2018,0.37689671247479,-1.793598982491984
2018-10-19,2018,0.3397364110966699,-1.6116121565520114
2018-10-22,2018,0.42552424287034835,-4.546593839354818
2018-10-23,2018,0.3243341968485348,-2.925975939111225
2018-10-24,2018,0.2500415225494444,-2.4907268889480916
2018-10-25,2018,0.6096917539144191,0.0558777160298618
2018-10-26,2018,0.5100401218912307,3.297966736851854
2018-10-29,2018,0.4924999955153013,3.4511239638852054
2018-10-30,2018,0.48247067090730916,3.9940752311279137
2018-10-31,2018,0.5939601979323962,0.894499460831466
2018-11-01,2018,0.3926627750892268,-0.20102105286680105
2018-11-02,2018,0.43896144531832704,0.017765951755355225
2018-11-05,2018,0.36580367475341424,0.5611836830030192
2018-11-06,2018,0.3322136354306831,0.051501534358955325
2018-11-07,2018,0.26523873070700504,-0.7785352758027497
2018-11-08,2018,0.23491760573669876,-1.704019281450242
2018-11-09,2018,-0.08573804889813545,-0.38789380682218155
2018-11-12,2018,0.13786757398806146,-0.04831551762194408
2018-11-13,2018,0.405619802557864,0.21737262475653996
2018-11-14,2018,0.3040795274034014,0.3759237245554603
2018-11-15,2018,0.23205739503684608,-0.8392645978307467
2018-11-16,2018,0.6736290566858889,-0.5672092427445263
2018-11-19,2018,0.6523669514047362,-1.1596662423985382
2018-11-20,2018,0.5029118852071168,-0.7870492477927482
2018-11-21,2018,0.540530394079162,0.24472566909476967
2018-11-22,2018,0.6392283592480931,0.6578683254569784
2018-11-23,2018,0.7525472949716401,2.2447839624300414
2018-11-26,2018,0.5166193683931283,1.2288333456216716
2018-11-27,2018,0.3959549336678919,1.1188695337378984
2018-11-28,2018,0.46446652412142725,2.5652776976845315
2018-11-29,2018,0.32236442172676033,2.0047828303673354
2018-11-30,2018,0.38786513574529935,0.2903510608280868
2018-12-03,2018,0.1994626117087209,-4.469873849240535
2018-12-04,2018,0.16313288436822437,-3.199868300219977
2018-12-05,2018,0.21144798820613847,-2.7146017743734263
2018-12-06,2018,0.40179077490945303,0.23046613634676305
2018-12-07,2018,0.3112125497902291,0.5693134225602803
2018-12-10,2018,-0.10108430030338726,2.18936640843157
2018-12-11,2018,-0.12402443889388444,0.6914569219865108
2018-12-12,2018,0.2621245199768645,-0.2946075210488508
2018-12-13,2018,0.25885370397037943,-1.4194482876142667
2018-12-14,2018,0.2556638814019293,0.09259107688026624
2018-12-17,2018,0.33982622039862775,-1.1546324762222948
2018-12-18,2018,0.2527460993920788,-0.43369462547921955
2018-12-19,2018,0.34537451949580456,-1.4008694487800954
2018-12-20,2018,0.23006343261162532,-0.35991449704998457
2018-12-21,2018,0.2634981260784782,-1.5457796948743718
2018-12-22,2018,0.20943832138408883,-1.7330212229529685
2018-12-24,2018,0.44135162161369584,0.019295206282343713
2018-12-25,2018,0.6327254541737178,2.10263574711691
2018-12-26,2018,0.6161649089643897,0.7928059846038504
2018-12-27,2018,0.6191554044095193,-1.5468451163504593
2018-12-28,2018,0.4507605759332198,-3.545650897823771
2019-01-02,2019,0.1728763667301702,0.37847467171299165
2019-01-03,2019,0.013415463890723348,0.7498614684137372
2019-01-04,2019,0.12358461191880454,3.7921622252467646
2019-01-07,2019,0.24254043248785534,1.3596029321293557
2019-01-08,2019,0.11668894768610036,2.047346187628074
2019-01-09,2019,0.40427531724335025,-0.30898585072769436
2019-01-10,2019,0.2162768308213189,0.8780240908824455
2019-01-11,2019,0.2744171391023821,0.04518720413140276
2019-01-14,2019,0.2942391935512513,0.8336234654756414
2019-01-15,2019,0.24659364764399436,0.3061378497334122
2019-01-16,2019,0.3286998240489506,1.2862806629788892
2019-01-17,2019,0.34197040749103624,1.07782596037449
2019-01-18,2019,0.42894987387771,0.10512339290325023
2019-01-21,2019,0.3566990603489304,-0.12417335733208024
2019-01-22,2019,0.3205274242732047,0.7574792868072278
2019-01-23,2019,0.2523384131682131,1.6953404289892893
2019-01-24,2019,0.3959953106189156,0.5514765437698355
2019-01-25,2019,0.4970896773955803,-0.37463852648198515
2019-01-28,2019,0.45378908592902845,-0.09067912472673356
2019-01-29,2019,0.41383292348555667,1.6729446141050985
2019-01-30,2019,0.4433598427440374,1.593997740695463
2019-02-11,2019,0.21777628463109613,0.8472399230327055
2019-02-12,2019,0.14772079390894222,-0.3264096718671672
2019-02-13,2019,0.2641489266115474,0.5420897510351352
2019-02-14,2019,0.23363007042714493,0.6269197869761323
2019-02-15,2019,0.1955606436884774,2.063433080504473
2019-02-18,2019,0.27528114685825467,1.7175474703507332
2019-02-19,2019,0.26785090127182,1.6810050176019997
2019-02-20,2019,0.24190792596256613,1.1532777932452554
2019-02-21,2019,0.2050108422041757,0.6979000012597325
2019-02-22,2019,0.011674881568465101,0.641775776621345
2019-02-25,2019,0.1210984087774311,-0.39505607294054723
2019-02-26,2019,0.019889547105517873,-0.8303862272711848
2019-02-27,2019,-0.043265228938735995,-0.3082055640633463
2019-03-04,2019,-0.020220966965634687,-0.36908640486651434
2019-03-05,2019,-0.08925818062804089,-0.6162872164312216
2019-03-06,2019,-0.08655350858113575,-1.0318475642430491
2019-03-07,2019,-0.0970286073854261,0.30693349677259896
2019-03-08,2019,0.021753677534627106,1.284643737642499
2019-03-11,2019,0.13999208665340152,0.959681101394283
2019-03-12,2019,0.1505314792858128,0.9272642369527073
2019-03-13,2019,0.12055526525697405,1.3436392591764434
2019-03-14,2019,0.023010863114113073,1.5815589473022973
2019-03-15,2019,-0.09180509615137125,1.0759403941283052
2019-03-18,2019,-0.013795310746342312,0.9212666584226481
2019-03-19,2019,-0.03759683066102865,1.2057281361298022
2019-03-20,2019,-0.00414341597722401,-0.6831217374492438
2019-03-21,2019,-0.02072234625698704,-0.4745724370967541
2019-03-22,2019,0.009638846469556754,-0.9058122561464432
2019-03-25,2019,0.12083571860405073,0.5418207773668193
2019-03-26,2019,0.08940540727904307,0.7750587165694434
2019-03-27,2019,0.24158804010784776,0.9478596564447272
2019-03-28,2019,0.2317101346823253,1.4619988496866965
2019-03-29,2019,0.1682485802568941,0.5952425702750785
2019-04-01,2019,0.041944908578124364,1.4840316726222769
2019-04-02,2019,0.01619166853238871,1.5088444664789646
2019-04-03,2019,-0.07600006276132568,1.5298410557173847
2019-04-08,2019,-0.016300327199312407,0.07592191893577294
2019-04-09,2019,-0.08160314772233719,-0.4266651922297249
2019-04-10,2019,-0.20386064658146644,0.06864100020795849
2019-04-11,2019,-0.11818227829245342,1.1016979730348542
2019-04-12,2019,-0.13177385691219956,1.7765355890165146
2019-04-15,2019,-0.05573101931137285,0.7946228254073429
2019-04-16,2019,-0.05409217179962279,0.37198534020872476
2019-04-17,2019,0.10407476775172278,-0.08683981282611164
2019-04-18,2019,0.08066788837388068,0.5807323832651257
2019-04-19,2019,-0.030406818632795495,0.5391803801795936
2019-04-22,2019,-0.10276919028077998,0.4746211904027353
2019-04-23,2019,-0.061891750224136025,-0.6639953272723376
2019-04-24,2019,-0.07088061201713983,-0.803254368115025
2019-04-25,2019,-0.04769016133624339,-0.653359734634329
2019-04-26,2019,-0.1365977653016636,0.4749613557489818
2019-04-29,2019,-0.006183935748425709,1.4374178402897453
2019-04-30,2019,-0.014016324484174955,-0.6437977594269673
2019-05-02,2019,-0.1960885109366381,-0.15766291759091722
2019-05-03,2019,-0.2015807608447596,-1.555383325973525
2019-05-06,2019,-0.11817010068443008,-1.4999375981910923
2019-05-07,2019,-0.2891863130802702,-2.4951898310206277
2019-05-08,2019,0.017413716231943696,-3.3452004859154783
2019-05-09,2019,0.061568008919282394,-1.9976392044845803
2019-05-10,2019,0.06255858984159104,-1.4214519009165594
2019-05-13,2019,0.08634744815296862,-0.7925525819048373
2019-05-14,2019,0.34495983669692176,-1.2846923497397578
2019-05-15,2019,0.4420789417037054,-1.536828489751152
2019-05-16,2019,0.369432426029696,-0.09651910667796137
2019-05-17,2019,0.07105698660884842,0.7040564863045384
2019-05-20,2019,0.22416927493840139,-0.8659016138044096
2019-05-21,2019,0.257849339869426,-1.3017344354723015
2019-05-22,2019,0.4058099742438719,-1.1770814805464602
2019-05-23,2019,0.24066043286395633,0.03822136768469875
2019-05-24,2019,0.4214814245572752,-0.25657708737563123
2019-05-27,2019,0.543846082103947,0.47280225814849697
2019-05-28,2019,0.5721156324549221,1.8054150815869585
2019-05-29,2019,0.5932896550873821,1.9248129934826608
2019-05-30,2019,0.6253610726938164,0.4442843535436447
2019-05-31,2019,0.5742434339228223,-0.3511933620930163
2019-06-03,2019,0.18141453598126817,-0.8654228019432164
2019-06-04,2019,0.19692318651006283,1.3169855174741452
2019-06-05,2019,0.11738278014002845,1.3969155828638335
2019-06-06,2019,-0.15974491172190386,1.9834377281635396
2019-06-10,2019,0.09821987271669316,-0.05167288602531128
2019-06-11,2019,0.14051449446775627,-0.7832944938422459
2019-06-12,2019,0.03512070425587863,-0.8018342712558524
2019-06-13,2019,-0.07422510620628396,0.05425617436209951
2019-06-14,2019,0.0700220748573282,2.3817373846400924
2019-06-17,2019,-0.09159780278363064,2.4164952604519785
2019-06-18,2019,0.09664668550373184,2.2431705521286593
2019-06-19,2019,0.2549452858657494,0.038142647935002216
2019-06-20,2019,0.2076981558170628,-0.7259149504729279
2019-06-21,2019,0.24289686286893725,-1.3996965873949718
2019-06-24,2019,0.17798548722074872,-0.05148685693612265
2019-06-25,2019,0.22255233733361823,0.2251856777799377
2019-06-26,2019,0.14599629733196562,2.2802990833180825
2019-06-27,2019,0.3479748232262809,0.8466757627228816
2019-06-28,2019,0.3540617425773037,0.12058713072522487
2019-07-01,2019,0.06821482075991477,-1.097337790235564
2019-07-02,2019,0.08781673837874679,-0.7306868216826023
2019-07-03,2019,-0.03547468264782118,0.06934251198600361
2019-07-04,2019,-0.009906586273845336,-0.6785512114997228
2019-07-05,2019,-0.04057485930731598,0.11821174830075609
2019-07-08,2019,-0.32745441606675946,0.8575770935763671
2019-07-09,2019,-0.2136614834135845,1.1358731096033026
2019-07-10,2019,-0.09903026886273979,0.7218608544906413
2019-07-11,2019,0.12709534848916068,0.39314164719248534
2019-07-12,2019,0.05441657210776123,0.038154715987559484
2019-07-15,2019,0.06539635074423264,-0.7093320142730675
2019-07-16,2019,-0.004341435159592797,-0.11813283973524102
2019-07-17,2019,-0.08890843496799103,1.0717108957120525
2019-07-18,2019,0.1041974820356649,1.370276536954318
2019-07-19,2019,0.3131319488987824,0.5754520982342859
2019-07-22,2019,0.15899134520048677,-0.028507391363541412
2019-07-23,2019,0.15637881933071107,-0.5049665395724601
2019-07-24,2019,0.20681499651772076,-0.4574899229683238
2019-07-25,2019,0.31019175201148413,-1.010016076538578
2019-07-26,2019,0.06839947296441835,-0.625873349014594
2019-07-29,2019,0.20233315348791375,-1.4145123937485127
2019-07-30,2019,0.2835636880786233,-2.6023691475315913
2019-07-31,2019,0.2147475980687715,-3.6992519270016677
2019-08-01,2019,-0.10910642225901739,-3.140214783236661
2019-08-02,2019,0.02147089363606076,-1.5438371643296533
2019-08-05,2019,0.29387211809902125,0.6819265480298764
2019-08-06,2019,0.37438618527466516,0.746626903003933
2019-08-07,2019,0.42205565696092223,-0.2264547697035879
2019-08-08,2019,0.507184784608836,-0.6361433476043121
2019-08-12,2019,0.40455903313291647,-1.3867934257416836
2019-08-13,2019,0.3693948475311382,0.561921359959694
2019-08-14,2019,0.29700269301964227,0.5851705021131304
2019-08-15,2019,0.37088752517135337,1.8918131174876285
2019-08-16,2019,0.1485852097993665,1.0067278322676732
2019-08-19,2019,0.276978173180065,0.3911810272911431
2019-08-20,2019,0.2647063982311937,0.14834877643146172
2019-08-21,2019,0.04203420058513556,-1.6267647114708628
2019-08-22,2019,0.015385624172322615,-1.353779471176042
2019-08-23,2019,0.22606819548618326,-0.9851861481802726
2019-08-26,2019,0.2837423350702026,1.0416656606696328
2019-08-27,2019,0.43441359316799966,2.222151622713664
2019-08-28,2019,0.4342332974901879,1.9221240736073009
2019-08-29,2019,0.43176763583109545,0.9154661010874143
2019-08-30,2019,0.5378104187598167,0.3697477408752148
2019-09-02,2019,-0.03934904076938668,1.1479240421820691
2019-09-03,2019,-0.08679949462345075,2.1067017988844805
2019-09-04,2019,0.02354537685670355,1.3495900935601934
2019-09-05,2019,0.10363714426914268,-0.031142714510556946
2019-09-06,2019,0.013175664714166712,0.09006886418618798
2019-09-09,2019,-0.007300990781190922,0.24451122751858456
2019-09-10,2019,-0.013072346862389112,1.344203511760722
2019-09-11,2019,0.15547474910371695,0.7798634891361234
2019-09-12,2019,0.14173898070108373,0.9411177967314943
2019-09-16,2019,0.09574764112497627,-0.031473289454231335
2019-09-17,2019,-0.12485441116889043,0.5075175870155046
2019-09-18,2019,0.007998818107907401,-0.09543023665418149
2019-09-19,2019,-0.02640176428442605,0.21395724526604987
2019-09-20,2019,-0.001168654096958124,-0.5123658585010182
2019-09-23,2019,-0.05330808110436439,-0.43071630970545893
2019-09-24,2019,0.10465691966222186,-0.8090302170450481
2019-09-25,2019,0.06223615564235209,0.8641040897799934
2019-09-26,2019,0.20843740124486881,0.6980322829583052
2019-09-27,2019,0.2140654704135664,0.42688241942512306
2019-10-01,2019,0.06387296386039638,-0.6671438275291486
2019-10-02,2019,0.011360862366293016,-0.11710029704380398
2019-10-03,2019,0.12175457352706079,1.3001210933154095
2019-10-04,2019,0.1344276868425674,-0.04148890080114542
2019-10-07,2019,0.06419871983443338,1.2061204968239814
2019-10-08,2019,0.1361136025977383,0.8576503701901883
2019-10-09,2019,0.20859488465370574,2.505702500284679
2019-10-14,2019,0.21105616132549745,1.0836770745327184
2019-10-15,2019,0.09142369658344587,0.6157418240069212
2019-10-16,2019,0.16160022202574853,0.19099099421919785
2019-10-17,2019,0.034266503857594346,0.7541870476844403
2019-10-18,2019,0.07495734327619594,0.5317426669600556
2019-10-21,2019,0.021490035480234565,1.2159171684929193
2019-10-22,2019,0.11518408456835674,0.22064988355330328
2019-10-23,2019,-0.0028761035279455003,0.6703933478473978
2019-10-24,2019,0.14479429287035028,0.12128825261878973
2019-10-25,2019,0.09327725604566531,0.7450345782445744
2019-10-28,2019,0.15160626620083545,0.38612393084589414
2019-10-29,2019,0.08738635446355092,0.5793255084097559
2019-10-30,2019,0.03505172491563667,1.551543547258949
2019-10-31,2019,0.04792162449588385,2.5119049610387245
2019-11-01,2019,-0.1450043276413534,2.2241267841744294
2019-11-04,2019,-0.1318567821721473,0.4301345089708697
2019-11-05,2019,-0.19774998761181442,-0.5538460481465557
2019-11-06,2019,-0.28172897684538983,-1.9376009926997728
2019-11-07,2019,-0.2904396161523883,-0.7425972898085109
2019-11-08,2019,-0.08076738379966586,-0.9647188057556821
2019-11-11,2019,-0.0641197842396261,0.2024978822606993
2019-11-12,2019,-0.07083481484471885,0.04539784746495634
2019-11-13,2019,-0.15146205393297102,1.1506100107867123
2019-11-14,2019,-0.05086024179687415,1.7988859797282597
2019-11-15,2019,-0.09124777104928214,0.9162212813215831
2019-11-18,2019,-0.2032800143739716,-0.3578516144271737
2019-11-19,2019,-0.190221989070571,-0.7686764352630382
2019-11-20,2019,-0.15807380294163356,-0.5985624871036599
2019-11-21,2019,-0.1831651098637968,0.16049114616634164
2019-11-22,2019,-0.17846022165104916,0.697340664660917
2019-11-25,2019,0.0513000701578479,0.4800381954715549
2019-11-26,2019,0.0755576905776781,-0.7536611953887218
2019-11-27,2019,0.03734650501860083,-1.2417299565742113
2019-11-28,2019,-0.013225941602465058,-0.7359852906238085
2019-11-29,2019,0.10559039702437274,0.18190410955327696
2019-12-02,2019,-0.14574012116788235,0.7982383465634069
2019-12-03,2019,-0.07776115061024995,0.6769237173049891
2019-12-04,2019,-0.028459905800840634,1.3057677054021388
2019-12-05,2019,0.014685785695396964,0.28625271137983077
2019-12-06,2019,-0.13639116376013793,0.7849511268221976
2019-12-09,2019,-0.08351006088327488,1.5063327721925646
2019-12-10,2019,-0.10542173105008763,2.579068855436595
2019-12-11,2019,-0.03641080149236528,2.0426006151731846
2019-12-12,2019,0.05412444413634534,2.201594738949786
2019-12-13,2019,0.047723668290178975,1.6324983882096689
2019-12-16,2019,-0.07045684009292329,0.6627430846657845
2019-12-17,2019,0.07844286413899279,-1.1401991070520756
2019-12-18,2019,-0.08169323243858835,-0.8267305701405325
2019-12-19,2019,-0.12173430747953637,-0.35377613591925927
2019-12-20,2019,-0.04771784855295839,0.41014860674901676
2019-12-23,2019,-0.11120682187284707,-0.17650635531011316
2019-12-24,2019,0.0009051046788410066,0.9619768243826599
2019-12-25,2019,0.06844838823781355,0.3767447554282155
2019-12-26,2019,0.028784505475819518,-0.03224728585344838
2019-12-27,2019,0.06673028800719262,0.07352217533012073
2019-12-30,2019,0.009270886554586747,0.47339457761603754
2019-12-31,2019,-0.07989910039411673,-0.3649203060062556
2020-01-02,2020,0.012126433938352641,-1.8194319564182604
2020-01-03,2020,0.09230640048024637,-2.4221270425575314
2020-01-06,2020,0.03323165448673564,0.1444782052912208
2020-01-07,2020,0.06882264582834172,1.2148662662285092
2020-01-08,2020,-0.04034086477244182,2.5075526144316296
2020-01-09,2020,0.010423087051854739,1.7474435347178963
2020-01-10,2020,-0.028935575417044106,0.5591015123101339
2020-01-13,2020,-0.034249498476091225,-0.38378921889936635
2020-01-14,2020,0.04051016796916995,-0.7349868347699906
2020-01-15,2020,-0.046310657148671774,0.22188443815187586
2020-01-16,2020,0.026257089021535736,-5.346761769563601
2020-01-17,2020,0.07771977029322931,-4.922876126213682
2020-01-20,2020,0.08528388957741957,-6.302568507704198
2020-01-30,2020,0.45981906512699683,1.1747772230850995
2020-01-31,2020,0.4695513208466898,0.6830736574714447
2020-02-03,2020,0.31789188800763124,3.47655465648371
2020-02-04,2020,0.2667898149889482,0.4923017812515029
2020-02-05,2020,0.18812564335721527,0.00388815253999919
2020-02-06,2020,0.17419344716636445,-0.7288709139312677
2020-02-07,2020,0.15135557471687383,1.3896722670912576
2020-02-10,2020,0.030986809478101875,1.8810150621173083
2020-02-11,2020,0.15517733430718506,1.300235595899868
2020-02-12,2020,0.2659870194291429,-0.09070687665139188
2020-02-13,2020,0.3052984280143252,-1.2110130955631848
2020-02-14,2020,0.2896032642973131,-0.48122413399122044
2020-02-17,2020,0.28063862452849003,-0.326603199215203
2020-02-18,2020,0.2048342979837749,0.32080061945338745
2020-02-19,2020,0.08216570325196512,-1.9046946807678267
2020-02-20,2020,0.28115427613141436,-1.5766190280842252
2020-02-21,2020,0.33817246388945593,-2.1626085133510387
2020-02-24,2020,0.4073152425059615,-2.104054922162113
2020-02-25,2020,0.477295978244631,-3.2041822390021735
2020-02-26,2020,0.37851873799072966,-0.9262158441508572
2020-02-27,2020,0.43337249545905765,0.8871634061478062
2020-03-02,2020,0.327372648816994,3.0827736727046195
2020-03-03,2020,0.3058249160980855,-0.05217289975387729
2020-03-04,2020,-0.06825675268558777,-3.640249816763008
2020-03-05,2020,0.16017135318157463,-4.4401909886563455
2020-03-06,2020,-0.001964697225818865,-3.780844228970448
2020-03-09,2020,0.26984261195484127,-5.058646485036855
2020-03-10,2020,0.22924917967029437,-7.948987325896939
2020-03-11,2020,0.24850396083472534,-10.794997131382667
2020-03-12,2020,0.6244825697959431,-9.428706852217172
2020-03-13,2020,0.7223336781288413,-8.98619490624325
2020-03-16,2020,0.725493864949251,-10.665306958283638
2020-03-17,2020,0.6608172165685857,-2.1774158521043585
2020-03-18,2020,0.9018976954440495,-3.5649394109996235
2020-03-19,2020,0.8992585889545357,6.960676577579039
2020-03-20,2020,1.0075015297668952,4.447216780429897
2020-03-23,2020,0.9471298434465755,9.519990371236098
2020-03-24,2020,0.9695213580071499,4.450968271370126
2020-03-25,2020,0.8741228090066567,-0.15884289380232453
2020-03-26,2020,0.715105268482886,-0.2906630403970434
2020-03-27,2020,0.7229096554383355,-0.36385494467425783
2020-03-30,2020,0.4767863216308628,1.9659522941648522
2020-03-31,2020,0.5628617989138748,2.9700063658444575
2020-04-01,2020,0.533189142582002,4.90333342646605
2020-04-06,2020,0.31224075468824253,3.0624092296974936
2020-04-07,2020,0.3001866882391971,1.6127822143793935
2020-04-08,2020,0.27617504881073035,-0.37731307712871587
2020-04-09,2020,0.34880514597743123,2.1099014470182587
2020-04-10,2020,0.3757472004359309,2.8510643743951514
2020-04-13,2020,0.38685245534195706,2.7354587780046513
2020-04-14,2020,0.45925205108447587,2.5559037408520835
2020-04-15,2020,0.39830695997820237,1.3352847315216243
2020-04-16,2020,0.3420898401972586,-0.8390937093994633
2020-04-17,2020,0.2760066384900299,-2.730007624770703
2020-04-20,2020,0.16454375579774902,-2.079966297367164
2020-04-21,2020,-0.010187332732251989,0.5728770792794213
2020-04-22,2020,0.15883823600983699,2.517816708609266
2020-04-23,2020,0.29663478717352926,2.4072711066694508
2020-04-24,2020,0.22274182983986898,4.10597485735491
2020-04-27,2020,0.33005967633368216,4.020622166368404
2020-04-28,2020,0.20868425531923235,0.9836040866385565
2020-04-29,2020,0.20193373446173987,0.02218669874920476
2020-04-30,2020,0.1945689640548592,-1.9755934695154909
2020-05-04,2020,-0.053121860038229475,1.142113039714654
2020-05-05,2020,0.0921262094005872,1.1769335502630707
2020-05-06,2020,0.03620489359165833,2.2114194179478908
2020-05-07,2020,0.07094161721742336,0.3370863199211982
2020-05-08,2020,0.1553017772967536,0.3380293576433102
2020-05-11,2020,0.002367237202174602,-2.1100019431122163
2020-05-12,2020,-0.07260681154601953,-0.5933193436812534
2020-05-13,2020,0.013243792582058034,-1.8075984593541872
2020-05-14,2020,0.02912552751075198,0.7379731524699507
2020-05-15,2020,0.28997168872911805,0.8588135649639561
2020-05-18,2020,0.2566616481427306,2.4929822029598148
2020-05-19,2020,0.3278577926555623,-0.45384901532535826
2020-05-20,2020,-0.025343579631360448,-0.3357230605621542
2020-05-21,2020,0.24756214248274971,-0.10083291622420276
2020-05-22,2020,0.06059650161541974,1.8824084394352125
2020-05-25,2020,0.12574729933132528,0.6715922282585662
2020-05-26,2020,0.09348457815945883,-0.5005815111287282
2020-05-27,2020,0.21762881948583992,0.5843121803124296
2020-05-28,2020,0.28321759685237735,1.678881671462218
2020-05-29,2020,0.23238798202202887,3.4545281735964384
2020-06-01,2020,0.2956839454977286,2.8360811696341193
2020-06-02,2020,0.30230539160254716,3.158449055664425
2020-06-03,2020,0.4253556125960377,2.5632146542098333
2020-06-04,2020,0.3265094392699004,2.1405694434326383
2020-06-05,2020,0.2220072895067026,2.097322159694759
2020-06-08,2020,0.27644842924897084,-0.6421011651702946
2020-06-09,2020,0.14048167948452292,-1.7802530009598638
2020-06-10,2020,0.033273425942023316,-3.5315217539692245
2020-06-11,2020,0.10475456252227136,-0.20917546032905854
2020-06-12,2020,0.21950070629456767,0.9155778595513198
2020-06-15,2020,0.3736348894392666,2.1410262987053175
2020-06-16,2020,0.3557006766625474,0.3320117724320948
2020-06-17,2020,0.3281487377079911,0.3323915284375145
2020-06-18,2020,0.2562200116703879,0.5544524619577107
2020-06-19,2020,0.14902502603989382,0.9594055685523406
2020-06-22,2020,-0.03062445900334084,-0.2619042887151313
2020-06-23,2020,0.12362412015073761,0.07647024377472889
2020-06-24,2020,0.34281048356336613,0.3666170125730339
2020-06-29,2020,0.4282946191171946,2.274353656275596
2020-06-30,2020,0.1889351244313462,2.477532518044545
2020-07-01,2020,0.09802475661991528,3.531275473323192
2020-07-02,2020,0.2470994795871393,2.438175235533002
2020-07-03,2020,0.24902272345378723,2.1918422458007125
2020-07-06,2020,0.2164175199682541,0.6271509569437228
2020-07-07,2020,0.09785544055223347,-0.15951416401429608
2020-07-08,2020,-0.16440349915563815,0.33992895755941
2020-07-09,2020,-0.06621895401154665,0.13385069250508863
2020-07-10,2020,-0.09255629536456467,1.0698478011675006
2020-07-13,2020,-0.033180177069957434,-0.44072993131099025
2020-07-14,2020,-0.0871852805088186,-0.22483395459583777
2020-07-15,2020,0.08426267366443223,-0.23199498477813885
2020-07-16,2020,0.13860569196994793,1.9724883078598543
2020-07-17,2020,0.028136226563274136,2.394685081385317
2020-07-20,2020,-0.004407713604290217,1.9590062540350672
2020-07-21,2020,0.06361606565770905,-0.7542619307846943
2020-07-22,2020,-0.02098606326394558,0.9222120582653925
2020-07-23,2020,0.02709266740750969,1.3992543325406004
2020-07-24,2020,-0.03646585475299867,1.9256276800140304
2020-07-27,2020,0.034262300354469664,1.0694057180079986
2020-07-28,2020,0.0817047594023964,0.6202564129047072
2020-07-29,2020,-0.012473140828389037,-0.2227897842032811
2020-07-30,2020,0.06333686204048163,-0.10217780195111992
2020-07-31,2020,0.06722934175899306,1.085686311666989
2020-08-03,2020,-0.014942674622386205,3.2004238781494054
2020-08-04,2020,0.04995014914911844,0.9358831526870448
2020-08-05,2020,-0.05359212541368763,0.7162775438788405
2020-08-06,2020,-0.02730903569191024,-1.032330506833934
2020-08-07,2020,-0.10182264586455017,-1.235650528846266
2020-08-10,2020,-0.11302276139829108,-1.0149682022646211
2020-08-11,2020,-0.10853441891476981,0.119481791741749
2020-08-12,2020,-0.05846932664077771,2.2553441696559373
2020-08-13,2020,0.1271750198932266,0.8541008357667801
2020-08-14,2020,0.0016558568015784037,-0.13145287469148448
2020-08-17,2020,0.06504376763197141,-4.580618719662011
2020-08-18,2020,0.05056373400825601,-2.05327163936998
2020-08-19,2020,-0.04071319523486848,-1.0291392511253217
2020-08-20,2020,0.09687282259465127,3.2000446506571523
2020-08-21,2020,0.19621137575003061,1.7881730732623558
2020-08-24,2020,0.16201021815922426,1.1874630845100764
2020-08-25,2020,0.29468378861444916,-0.23043912762329422
2020-08-26,2020,0.148453560046851,-1.8844738956261375
2020-08-27,2020,-0.00545722158271941,-0.7347637902027748
2020-08-28,2020,0.01820358178326275,-0.23057856758466055
2020-08-31,2020,0.18582261873684888,1.3224847019207342
2020-09-01,2020,-0.03297664907231311,-0.5142766277685729
2020-09-02,2020,-0.18217493814546054,-0.7724713571400477
2020-09-03,2020,-0.1415809323420683,-0.7400080106788165
2020-09-04,2020,-0.2046458560630354,-0.23239528562781775
2020-09-07,2020,-0.04613812224076362,0.7169838271938067
2020-09-08,2020,-0.10309084034188801,0.09783978596857867
2020-09-09,2020,-0.21365602319965116,1.4215716599331518
2020-09-10,2020,-0.05971917512106175,1.2125987353989842
2020-09-11,2020,-0.16496426108308607,2.373076574142363
2020-09-14,2020,-0.05174906813403607,0.6640694035418004
2020-09-15,2020,0.040195537992937395,0.23330855192225108
2020-09-16,2020,0.06985110371497776,-1.3997330612572023
2020-09-17,2020,0.11657491334750054,-1.765203057002629
2020-09-18,2020,0.21722525465179904,-2.2658326356323144
2020-09-21,2020,0.26501264259802126,-4.1479876702993135
2020-09-22,2020,0.2204945940675255,-3.262818186059724
2020-09-23,2020,0.318033747719083,-0.9625012317345583
2020-09-24,2020,0.3041304972602236,1.6580536480441666
2020-09-25,2020,0.41110797236176977,2.3109791537745394
2020-09-28,2020,0.4981770943642322,0.6862043399696427
2020-09-29,2020,0.5926742556538256,1.8968970293710141
2020-09-30,2020,0.4317948302149778,1.8437774906696625
2020-10-05,2020,-0.01991303500301452,2.70084824374337
2020-10-06,2020,-0.033856485321899,1.981072445949117
2020-10-07,2020,-0.03875622434606765,1.57503665749541
2020-10-08,2020,0.08245948436805242,0.2492397489289644
2020-10-12,2020,0.14894328057856746,-0.9886607733459063
2020-10-13,2020,0.11742404076510435,-1.519719041980716
2020-10-14,2020,-0.018473247075390945,-0.08491165549862068
2020-10-15,2020,0.08303857631329734,0.2693364889747585
2020-10-16,2020,0.012521624479060755,0.9951083772470781
2020-10-19,2020,-0.05168989870438652,0.06732081739402318
2020-10-20,2020,-0.008571322633233534,0.2833847883399354
2020-10-21,2020,0.11862249901242757,0.2467918227882615
2020-10-22,2020,0.2503464781269155,-0.32530697846177015
2020-10-23,2020,0.1747847896227945,-0.8145706351433635
2020-10-26,2020,0.24162224257931078,-1.9065723760809394
2020-10-27,2020,0.21502408157365585,-2.552774716291484
2020-10-28,2020,0.2760891515191981,-1.5823351245725537
2020-10-29,2020,0.34192239005310415,0.5772764712060674
2020-10-30,2020,0.387971549059625,2.562978526008375
2020-11-02,2020,-0.0036946554685303263,2.600920793785555
2020-11-03,2020,0.13560926423260494,1.8649482844313114
2020-11-04,2020,0.17570328907346927,2.0171900620924887
2020-11-05,2020,0.15871232673704386,1.2611078428337086
2020-11-06,2020,0.23903125964272132,2.22499196440753
2020-11-09,2020,0.2269183475260382,0.7184171816808638
2020-11-10,2020,0.1697801431586164,1.4647156490125157
2020-11-11,2020,0.16384102206972737,2.1839530273657592
2020-11-12,2020,0.21331604631790788,2.8077157538546116
2020-11-13,2020,0.21979920391465085,3.766650870580346
2020-11-16,2020,0.20584366401809792,1.2588705731993333
2020-11-17,2020,0.17729778314952283,0.9080402353856876
2020-11-18,2020,0.18728634197903354,0.7603121694235604
2020-11-19,2020,0.1972771030197027,0.6172376175356709
2020-11-20,2020,0.23775759219096138,0.1632347752040575
2020-11-23,2020,0.2266495190843701,-0.23310258459245947
2020-11-24,2020,0.39744044205749246,0.4342683816260129
2020-11-25,2020,0.3004261512259826,-0.11602152439472713
2020-11-26,2020,0.11943630782052272,0.28897141775834356
2020-11-27,2020,0.10812099658626313,0.8801413995293883
2020-11-30,2020,0.3063013587325828,1.8523794914919511
2020-12-01,2020,0.15656236204435886,1.7771558736452864
2020-12-02,2020,0.050164196386187763,1.9119116686229454
2020-12-03,2020,0.05804945658854056,2.7424163398819035
2020-12-04,2020,0.14359575790924975,1.8234643133103523
2020-12-07,2020,0.1306450745099194,-0.04987163839905717
2020-12-08,2020,0.10160310888755993,-0.6873763962006563
2020-12-09,2020,0.12359942463774924,-1.244532714761637
2020-12-10,2020,0.06353503024902891,-1.2700103652832473
2020-12-11,2020,0.1044574990018726,0.2998943322986225
2020-12-14,2020,0.3280643265540579,0.33692091717361095
2020-12-15,2020,0.33575481020175474,1.2896878989403282
2020-12-16,2020,0.09145369622976576,0.562761544301571
2020-12-17,2020,-0.02742901504263673,-0.5713612451986316
2020-12-18,2020,0.06328782985780632,-0.18856193280542
2020-12-21,2020,-0.04743267779762878,-0.727704491357628
2020-12-22,2020,-0.05537624833530615,1.0859491051288472
2020-12-23,2020,0.019833136697291483,1.8278728461958549
2020-12-24,2020,0.20239356744206086,1.3429008394793218
2020-12-25,2020,0.2707443225187522,2.4860062715348574
2020-12-28,2020,0.21384067880455487,1.7224248726271485
2020-12-29,2020,0.21749436517060888,2.9711063740106125
2020-12-30,2020,0.23323108184527977,2.126473171429155
2020-12-31,2020,0.12511598370068078,1.7009977240840302
2021-01-04,2021,0.3522796416787591,2.093473171104865
2021-01-05,2021,0.13131809474384262,3.0927938144123646
2021-01-06,2021,0.17223893638868853,3.8321098462070324
2021-01-07,2021,0.06789395193917375,1.884448534244787
2021-01-08,2021,0.12751399402566094,1.978989844121326
2021-01-11,2021,0.10634172270754175,0.9634705250911146
2021-01-12,2021,-0.09108268321938459,0.7463533904920272
2021-01-13,2021,0.06874832158789902,-1.0017767936294164
2021-01-14,2021,0.17464786040723015,1.083452864579848
2021-01-15,2021,0.11931221835193884,1.215325693069924
2021-01-18,2021,-0.0039850693611187486,3.470215219062256
2021-01-19,2021,0.020079965033257756,0.8922132569814778
2021-01-20,2021,0.11368049639394026,0.888007095958665
2021-01-21,2021,0.27607403520040696,-3.063804919842239
2021-01-22,2021,0.04865259995091953,-1.9825170437910433
2021-01-25,2021,0.1314827378194229,-3.3277438240521207
2021-01-26,2021,0.06344644140260737,-3.3242543354077836
2021-01-27,2021,0.14180680718486915,-1.855624798983535
2021-01-28,2021,0.1511107446802246,2.2325679753604666
2021-01-29,2021,0.40552036444469375,4.181510353533513
2021-02-01,2021,0.3204684227733564,1.9216630142977698
2021-02-02,2021,0.340298479158117,0.2687174215817878
2021-02-03,2021,0.3063049241585659,3.747118186683185
2021-02-04,2021,0.33327526078572595,4.573283705436437
2021-02-05,2021,0.2596133354142141,3.4107477345213466
2021-02-17,2021,0.3487517055501132,0.29256296031912044
2021-02-18,2021,0.23155495067478538,0.11501104142530583
2021-02-19,2021,0.2534499383851073,-0.7884890994518168
2021-02-22,2021,0.29937921889779584,0.25606087935767796
2021-02-23,2021,0.23420387400757395,-2.9774864079205154
2021-02-24,2021,0.319598216667447,-1.6385474691488655
2021-02-25,2021,0.34351524695760566,-1.4615084444736248
2021-02-26,2021,0.24528173806130332,-0.2970452180671601
2021-03-02,2021,0.3218543001303943,-0.5747205723000359
2021-03-03,2021,0.31854374917775213,-2.4156582918664404
2021-03-04,2021,0.12534358725243638,-0.33521077351834627
2021-03-05,2021,0.03370329788650503,0.35597086891834273
2021-03-08,2021,0.4538172661747363,2.272108095329295
2021-03-09,2021,0.35491763149572275,2.5363509574474197
2021-03-10,2021,0.44925411652597536,2.1220902645668227
2021-03-11,2021,0.01933499325146521,0.825733209061319
2021-03-12,2021,0.0946631903664966,-0.24213819840813722
2021-03-15,2021,-0.06622229217054434,0.23699438684547935
2021-03-16,2021,-0.1275851662672674,-1.4891045021320215
2021-03-17,2021,0.03462582069037214,-0.16403734131237302
2021-03-18,2021,0.22137138304511997,-0.6768853328618207
2021-03-19,2021,-0.020483807393528473,-0.23720865400889135
2021-03-22,2021,0.16055444061604768,-0.7973206862344151
2021-03-23,2021,0.3435724151821123,0.7930105782134378
2021-03-24,2021,0.047277297885634825,2.768504726761023
2021-03-25,2021,0.07929135325048856,3.080670529646712
2021-03-26,2021,0.14243546725647166,0.7681278164686667
2021-03-29,2021,0.3836812406107596,0.5784788391821394
2021-03-30,2021,0.3181911678936272,1.1173126989592053
2021-03-31,2021,0.41472695221676925,2.338427119741615
2021-04-01,2021,0.156941622335036,2.1432261116823836
2021-04-06,2021,0.07838594424036048,0.6823828380984942
2021-04-07,2021,0.08385552641078389,0.26368748572733747
2021-04-08,2021,0.05092674357443074,-0.599830797261558
2021-04-09,2021,0.002552835961068381,0.07042796708220944
2021-04-12,2021,-0.06224303914464334,1.287270829255549
2021-04-13,2021,-0.10673886226797462,1.9845574211095451
2021-04-14,2021,-0.10184603541411738,2.3556901856222723
2021-04-15,2021,-0.11643420988732325,1.447232579071045
2021-04-16,2021,-0.03578868215820352,0.2523485020231586
2021-04-19,2021,-0.012795859491634426,-0.9633742834501802
2021-04-20,2021,-0.07952802372824588,-0.136228221523238
2021-04-21,2021,-0.12196993577259127,2.151945313685366
2021-04-22,2021,0.0064783097498131575,2.9182363892549468
2021-04-23,2021,-0.07063062392701916,1.544831381244327
2021-04-26,2021,0.015954326774498262,-0.03203907971016662
2021-04-27,2021,-0.03862788477454922,-2.12293772981208
2021-04-28,2021,0.005131608159319273,-3.6075077145165
2021-04-29,2021,-0.10383330913002686,-4.117003459963364
2021-05-03,2021,-0.2422519055418196,-1.3238030814609947
2021-05-04,2021,-0.3611395749106354,2.0740791483059295
2021-05-05,2021,-0.45853119614104265,2.328324855255226
2021-05-06,2021,-0.2529688843307428,-2.4198028051659493
2021-05-07,2021,-0.24645309100713142,-7.999016488284639
2021-05-10,2021,-0.2985506507502748,-9.082997352574118
2021-05-11,2021,-0.733619446657001,-4.5590910762925985
2021-05-12,2021,-0.2611754500073899,-3.4490456453975193
2021-05-13,2021,-0.16329887217476274,3.0368663888552083
2021-05-14,2021,0.20668995624621203,1.9306770859330413
2021-05-17,2021,0.10236357034160945,4.484010241052916
2021-05-18,2021,0.005699409286620397,0.966680251059393
2021-05-19,2021,-0.01839895001514215,1.2746193126242034
2021-05-20,2021,-0.04167908128091135,3.449056123911931
2021-05-21,2021,0.3180220549702463,2.09562472472804
2021-05-24,2021,0.2232358521683368,1.6116741715320293
2021-05-25,2021,0.3583586936520673,1.6582036157624325
2021-05-26,2021,0.4083636400831193,2.5519581294773053
2021-05-27,2021,0.293542220511033,3.377804923739336
2021-05-28,2021,0.24492234703176682,1.7437166807145577
2021-05-31,2021,0.18430435830879321,1.0412791334645233
2021-06-01,2021,0.044724973514759556,-0.08722566450574121
2021-06-02,2021,-0.007336013064085699,-0.47264672846670797
2021-06-03,2021,0.09442883730242399,-0.9854367580957146
2021-06-04,2021,0.06735105755292332,-1.056661035106754
2021-06-07,2021,0.13497835785692872,0.4408241438874416
2021-06-08,2021,0.18572724325276993,0.804101144223468
2021-06-09,2021,-0.16477347981021978,2.387508826362028
2021-06-10,2021,-0.1643123643363878,0.8662398407386807
2021-06-11,2021,-0.09295079105202955,1.028784350905565
2021-06-15,2021,-0.015946821032904127,-0.30366196177715743
2021-06-16,2021,0.06427519727545059,-1.4148485139121814
2021-06-17,2021,0.036612154457186206,-1.8116673308181896
2021-06-18,2021,0.07064315854162877,0.10491646524475318
2021-06-21,2021,0.10029382476683171,2.0218039287392964
2021-06-22,2021,0.10268110138518774,2.503228300113336
2021-06-23,2021,0.030945965669223578,1.4665989106352972
2021-06-24,2021,0.0700727227668329,1.092775948474145
2021-06-25,2021,-0.010369875538036014,1.4424392632344407
2021-06-28,2021,-0.027987132300895223,0.6990518430762815
2021-06-29,2021,-0.022171744424172656,0.6362017912069584
2021-06-30,2021,0.008885960098110459,0.9229273699470575
2021-07-01,2021,-0.1440911485998654,1.124142906659964
2021-07-02,2021,-0.1616210943062049,0.7935562375247951
2021-07-05,2021,-0.06209061584606814,-0.29710932272580814
2021-07-06,2021,-0.10653682180811586,-1.4045052020675408
2021-07-07,2021,-0.1620090667916217,-0.20368960527574753
2021-07-08,2021,-0.06007305592015129,-0.10393992194150936
2021-07-09,2021,-0.025796306930696778,1.0433440459123533
2021-07-12,2021,0.048547632147204124,1.2341749591480378
2021-07-13,2021,0.055140647775985194,0.26743211381750065
2021-07-14,2021,-0.029152610893210595,-0.31660199207094175
2021-07-15,2021,-0.000837719724356089,-2.802731921977075
2021-07-16,2021,-0.09965835273852139,-2.438971235383691
2021-07-19,2021,-0.05779072523871204,-1.219388113607922
2021-07-20,2021,0.03485440655857172,0.2520432158843011
2021-07-21,2021,0.02235830961967899,-0.3163449471584201
2021-07-22,2021,0.05982820542323408,-1.7212287727353281
2021-07-23,2021,0.12876455809551843,-2.490764198550932
2021-07-26,2021,0.2151094549806508,-0.004309463121343615
2021-07-27,2021,0.15464894699243073,-0.13005309246681973
2021-07-28,2021,0.21505755808000088,2.147973588900509
2021-07-29,2021,0.16643093409845028,0.8673886573489886
2021-07-30,2021,0.24250404575160173,2.1828204930479433
2021-08-02,2021,-0.17523600836020017,0.5704073750748551
2021-08-03,2021,-0.12595987482831733,-0.15654765702618478
2021-08-04,2021,-0.07830602447589138,-0.7872268835086849
2021-08-05,2021,-0.17046028264882188,-1.5876730943151007
2021-08-06,2021,-0.11529617914368968,-1.706580061484797
2021-08-09,2021,-0.04120476655580233,-1.5167728043511408
2021-08-10,2021,-0.12509476618957333,-1.9714678901200822
2021-08-11,2021,-0.08054890414651204,-2.1385392153561944
2021-08-12,2021,0.02602341832203573,-3.2437975974364486
2021-08-13,2021,-0.21413316196114357,-0.9176715967568194
2021-08-16,2021,-0.15901417808408275,-2.867172397511808
2021-08-17,2021,-0.1625795632789038,-1.9171304143239198
2021-08-18,2021,-0.21306655810096,-0.5017749031722474
2021-08-19,2021,-0.000965456954953739,2.7072926462865077
2021-08-20,2021,0.1590688377482954,4.30744452617009
2021-08-23,2021,0.36046077734217885,1.9419609791994086
2021-08-24,2021,0.2754904654428871,2.325978239736304
2021-08-25,2021,0.3385207978060225,2.0571564004397525
2021-08-26,2021,0.3937190362295182,2.4804065867618075
2021-08-27,2021,0.4559441032468591,1.5343467405155131
2021-08-30,2021,0.35408940202520484,-0.44123767282193693
2021-08-31,2021,0.3431445038185862,0.1522559088499742
2021-09-01,2021,0.17651381325536836,0.12195268510510893
2021-09-02,2021,0.3324534416258664,0.6299740874007531
2021-09-03,2021,0.31032806971536553,-1.4068112430723922
2021-09-06,2021,0.3570132148851678,-1.0915503020811124
2021-09-07,2021,0.35364735139672626,0.2622086228194931
2021-09-08,2021,0.2184520919548068,1.0180371257561216
2021-09-09,2021,0.3846037358370891,0.7545510285575929
2021-09-10,2021,0.25709233172076695,-0.689974059447529
2021-09-13,2021,0.3621129688673811,-0.9607189142001982
2021-09-14,2021,0.3635100740177243,-0.9068592306236356
2021-09-15,2021,0.12637184758594086,-2.467327417310128
2021-09-16,2021,0.12845496025764377,-1.1602724742023396
2021-09-17,2021,0.1284284552636565,-0.09608266350406014
2021-09-22,2021,0.4222105400892614,2.29206029604474
2021-09-23,2021,0.5610691590460777,0.6043955400504064
2021-09-24,2021,0.3789823327184388,-2.3448756937206383
2021-09-27,2021,0.24432579653674455,-2.18900909507288
2021-09-28,2021,0.37028899753615213,-3.553543824033367
2021-09-29,2021,0.44231963750051373,-2.6526122692587473
2021-09-30,2021,0.6580836002180555,-2.799093226539251
2021-10-01,2021,0.22400382597350005,-1.0725434783526944
2021-10-04,2021,0.37248591832712863,1.8619178649894819
2021-10-05,2021,0.1222872604468503,1.0915663016569654
2021-10-06,2021,0.08232683277513039,0.42505532795384937
2021-10-07,2021,0.07128167558174214,-2.189021566532212
2021-10-08,2021,0.019963518384673282,-1.5212948223092826
2021-10-12,2021,-0.0900367451161316,1.9337489764827742
2021-10-13,2021,-0.08009803214524402,2.186629671292928
2021-10-14,2021,0.11575016927208484,3.1328567034919708
2021-10-15,2021,3.595021381186392e-06,0.635413817494479
2021-10-18,2021,0.19029821116588516,1.1017356002169354
2021-10-19,2021,0.2775775227519281,-0.07058891748076279
2021-10-20,2021,0.30393990244089897,0.038015563879767456
2021-10-21,2021,0.11502831857107916,0.8575145164069431
2021-10-22,2021,0.17264379138345062,1.1002004886095484
2021-10-25,2021,0.2065041928883257,0.8724275255945102
2021-10-26,2021,0.14430325589300827,-0.2755023088655051
2021-10-27,2021,0.13362182718598997,-0.036955585945153135
2021-10-28,2021,0.2636893446139052,0.1428267131723837
2021-10-29,2021,0.2815382593250156,0.7932345189761048
2021-11-01,2021,0.05778581340436806,0.062220826517545014
2021-11-02,2021,0.22943961850829003,1.3531607051928463
2021-11-03,2021,0.26394635891245855,1.7120503487877636
2021-11-04,2021,0.048470452808303685,2.708026179733314
2021-11-05,2021,0.1385496287848591,1.5190583283709813
2021-11-08,2021,0.24803571614833148,0.21372011966489524
2021-11-09,2021,0.13934578233783568,-0.13242986860767525
2021-11-10,2021,0.36424157074843677,0.4260904972479551
2021-11-11,2021,0.3170747263242561,1.3786547730642917
2021-11-12,2021,0.35779565533408136,1.403745719434668
2021-11-15,2021,0.27955512018823975,1.173270305260088
2021-11-16,2021,0.030709210060234426,0.7075062467748694
2021-11-17,2021,0.0065334536551481135,0.22235932817085136
2021-11-18,2021,0.17820597918610864,-0.9822676173410483
2021-11-19,2021,0.027567045857658533,-0.9865694333525465
2021-11-22,2021,0.09281894533851501,-0.838878110757757
2021-11-23,2021,0.4527234217160239,-1.679655747838238
2021-11-24,2021,0.6392427455955808,-1.7822283891416935
2021-11-25,2021,0.521431147217422,-1.2825850407183759
2021-11-26,2021,0.49289932999564334,1.247021340415544
2021-11-29,2021,0.6611023870453846,2.28986576131589
2021-11-30,2021,0.6507981374364694,1.5456949143206167
2021-12-01,2021,0.5449823624568298,0.5812581492426583
2021-12-02,2021,0.4667202109849097,0.4064343453947128
2021-12-03,2021,0.6860180224504083,0.7644173013266586
2021-12-06,2021,0.47190614732114444,1.2771784143223108
2021-12-07,2021,0.3616381106890007,0.16485998700899174
2021-12-08,2021,0.47741181334775185,-0.3634952519063539
2021-12-09,2021,0.43686980441695633,-1.7569939243457067
2021-12-10,2021,0.27939953021651576,-0.9321080249025893
2021-12-13,2021,0.31072349591556436,0.10209594993135784
2021-12-14,2021,0.2552112473269419,1.2115206396592582
2021-12-15,2021,0.3199623961819151,0.05101896365253822
2021-12-16,2021,0.32110490077403797,0.019847360863245456
2021-12-17,2021,0.43240923431973394,0.07994345572430728
2021-12-20,2021,0.20548177079600222,1.5708204884116839
2021-12-21,2021,0.4914702884290495,0.9689548812289672
2021-12-22,2021,0.48580993690747454,1.2459309927788542
2021-12-23,2021,0.30777657819302645,1.393852672307827
2021-12-24,2021,0.2567598291413596,1.5958453682403118
2021-12-27,2021,0.3871313937116695,0.9413295185202175
2021-12-28,2021,0.3707427933727315,0.4050160440208783
2021-12-29,2021,0.36370547903084327,1.5238148472075164
2021-12-30,2021,0.18411347759647834,1.5430181065314796
2022-01-03,2022,0.18995723212544427,0.5331542469257933
2022-01-04,2022,0.12632529852838792,-1.9247720139153213
2022-01-05,2022,-0.008995967052404054,-1.4085435860401785
2022-01-06,2022,0.141959734930804,-0.4339631270171007
2022-01-07,2022,0.0507891685854958,1.1317705902554653
2022-01-10,2022,0.14678696477553638,1.0830960262903533
2022-01-11,2022,0.03667993951343884,0.6294765862815632
2022-01-12,2022,0.004117081531594525,0.8165264429617736
2022-01-13,2022,-0.04177601069020887,-0.3161589266759801
2022-01-14,2022,0.12426980230636309,-0.9556422669158349
2022-01-17,2022,0.23154214583331595,-1.6580442893664005
2022-01-18,2022,0.33753173095070743,-2.6081364018229913
2022-01-19,2022,-0.034848103100084515,-1.3080264611745052
2022-01-20,2022,0.11108454003099685,-2.8386872964956122
2022-01-21,2022,-0.1514651198762812,-1.256473716849249
2022-01-24,2022,-0.02314890146111819,-0.49330036511120445
2022-01-25,2022,0.09027563384503154,1.4995661291488993
2022-01-26,2022,0.15317883079563982,2.7008554745846958
2022-02-07,2022,-0.016720791347433758,2.4454897403954234
2022-02-08,2022,0.2256651104829575,1.916783179417747
2022-02-09,2022,0.48793806569976017,-0.8488983988329535
2022-02-10,2022,0.38807528670346,-2.1062217629464364
2022-02-11,2022,0.4394760517096391,-0.43400284201683403
2022-02-14,2022,0.28229231519641157,1.5051948391097358
2022-02-15,2022,0.4836882971150344,1.562739356087195
2022-02-16,2022,0.7047269864321597,-0.05474051187315254
2022-02-17,2022,0.7089818844080022,-1.63822346248228
2022-02-18,2022,0.6241376556700963,-0.9687176913562912
2022-02-21,2022,0.6103822436595685,-3.4406626461392698
2022-02-22,2022,0.6256146591698778,-1.7647330528919092
2022-02-23,2022,0.5112795566814873,-0.8721884963942217
2022-02-24,2022,0.7236988943172712,1.55190101480287
2022-02-25,2022,0.9033101154261398,1.5987826999271482
2022-03-01,2022,0.8309791652448426,-0.903607894626568
2022-03-02,2022,0.6745080241310502,-3.8556381383062055
2022-03-03,2022,0.7300050543046337,-6.1844834507984725
2022-03-04,2022,0.6076859494297544,-4.065961079174496
2022-03-07,2022,0.3287448553124514,1.4815448675073783
2022-03-08,2022,0.42521092108498604,2.612086001693892
2022-03-09,2022,0.7462910730295458,1.4556259755891254
2022-03-10,2022,0.7794715768945918,-2.9090471055227884
2022-03-11,2022,0.5396547946795595,-1.8761359858300741
2022-03-14,2022,0.4398191401625472,1.072696350121416
2022-03-15,2022,0.30790330795926113,3.133983927742179
2022-03-16,2022,0.7117523825380315,3.6570227078602358
2022-03-17,2022,0.6477712992896262,0.6389763540349591
2022-03-18,2022,0.4193131119641296,1.5744833449049311
2022-03-21,2022,0.7404717304586057,0.7898471329744972
2022-03-22,2022,0.7928275992003698,0.6676647848967932
2022-03-23,2022,0.7223728671126993,-1.192011671968951
2022-03-24,2022,0.7645369294589395,-0.849762642761831
2022-03-25,2022,0.659110254657688,0.35984714557659725
2022-03-28,2022,0.5686768330115602,0.9900679280434366
2022-03-29,2022,0.581292576386299,0.4383810501770613
2022-03-30,2022,0.5579024996928207,-1.2291607480260036
2022-03-31,2022,0.5139775838101489,-2.9097740578868936
2022-04-01,2022,0.30865607419808233,-1.9349706875060546
2022-04-06,2022,0.037382804816444376,-2.7058353545441616
2022-04-07,2022,-0.18546196834092415,-1.0927530309460143
2022-04-08,2022,-0.16454807879620403,0.09899019586290247
2022-04-11,2022,-0.06079297350742043,1.1571780762618555
2022-04-12,2022,0.05810155967059052,0.07810058437129896
2022-04-13,2022,-0.30867119045235636,-2.3279860591331025
2022-04-14,2022,-0.5252237452257585,-1.462687692258624
2022-04-15,2022,-0.510946925881749,0.8509672327627671
2022-04-18,2022,-0.36143397023513935,1.3555935988619483
2022-04-19,2022,-0.4007532354072133,0.1864841644403148
2022-04-20,2022,-0.43561692002390107,-3.078801647687779
2022-04-21,2022,-0.3882880247041814,-2.8208863290703157
2022-04-22,2022,-0.23305362477566138,-4.239272743932632
2022-04-25,2022,-0.20435876866498015,-1.2124493860139918
2022-04-26,2022,0.06519662833995615,-0.3160748798873403
2022-04-27,2022,0.2316710200652285,1.1994467394737862
2022-04-28,2022,0.1204876918788941,0.8919338001800448
2022-04-29,2022,0.19694442437173,0.6264396842367903
2022-05-03,2022,-0.2768493929920476,-0.5497336186048862
2022-05-04,2022,-0.2524141132432932,-3.1203386730396354
2022-05-05,2022,0.08374333335752289,-3.79980498463115
2022-05-06,2022,-0.2509312492876418,-2.449689789251719
2022-05-09,2022,-0.007691350359140164,-2.69326534121922
2022-05-10,2022,-0.14596440590025359,-1.4267481026292383
2022-05-11,2022,0.288072101928481,-0.6573057399453242
2022-05-12,2022,0.07271764584150942,2.8137222508241244
2022-05-13,2022,0.3686215458147587,2.9326943118413107
2022-05-16,2022,0.15190652571889782,0.7501396135095595
2022-05-17,2022,0.2434742676870704,0.5528120482633181
2022-05-18,2022,0.18998542660694212,-0.8618224615048575
2022-05-19,2022,0.034498029414721014,-0.3538630938707876
2022-05-20,2022,0.0724323183843242,-0.2528360436919508
2022-05-23,2022,0.16713727527170702,-1.1610252525158793
2022-05-24,2022,0.47411150869602225,1.8954961997991626
2022-05-25,2022,0.5923522580181088,3.1457343286121375
2022-05-26,2022,0.6308832979133359,5.253609688374161
2022-05-27,2022,0.5061691770230624,2.51361410333808
2022-05-30,2022,0.36941874252658247,-0.34947521525384717
2022-05-31,2022,0.3657232280425538,-1.2006946787111006
2022-06-01,2022,0.3446917439402526,-0.9727683628694028
2022-06-02,2022,0.3892816482438673,0.712517754040598
2022-06-06,2022,0.34049476968633846,0.09261734943357691
2022-06-07,2022,0.2599490812974502,-0.3195081657469956
2022-06-08,2022,0.2883264766761814,-3.596350681532834
2022-06-09,2022,0.12025294729002,-3.453211353597241
2022-06-10,2022,0.17033708360892677,-2.7999188341275683
2022-06-13,2022,0.06349304522677851,-1.4458981344012578
2022-06-14,2022,-0.11317014284092364,-2.5306950609352175
2022-06-15,2022,0.30539936165148773,-3.9481225682453824
2022-06-16,2022,0.35986466716386134,-0.6943159784854935
2022-06-17,2022,0.2861839916961684,-1.87651122735637
2022-06-20,2022,0.4090541704025302,-1.2437872456170673
2022-06-21,2022,0.4119044822543227,-2.704111735026038
2022-06-22,2022,0.49923312629095945,1.3048166669381578
2022-06-23,2022,0.5712422663078469,1.7361120262723073
2022-06-24,2022,0.7203971392296225,-0.41291693567148124
2022-06-27,2022,0.6983174121292134,-4.645481962000286
2022-06-28,2022,0.6727506601301796,-7.103922818252951
2022-06-29,2022,0.5163343540886044,-6.713000479654696
2022-06-30,2022,0.6249034114027107,-3.2142093509054837
2022-07-01,2022,0.6316164986495849,-2.492979192753575
2022-07-04,2022,0.548621688654384,0.8384996616740858
2022-07-05,2022,0.5081922847881255,0.8037381874947735
2022-07-06,2022,0.6412665722853804,2.5384844742880386
2022-07-07,2022,0.7815304065614646,-2.6900302519414
2022-07-08,2022,0.7991206408624307,-0.9668478685446402
2022-07-11,2022,0.7877722624721711,0.6833080785717094
2022-07-12,2022,0.6335026800113868,4.300884118411941
2022-07-13,2022,0.940944697608361,2.757199462745419
2022-07-14,2022,1.0901004759438484,1.7699875056446102
2022-07-15,2022,1.1310469078235497,1.2549293432169817
2022-07-18,2022,1.0204245334075346,1.4814220999970207
2022-07-19,2022,0.5528022054213797,1.7372982861125097
2022-07-20,2022,0.6256316532677404,1.3785852651355235
2022-07-21,2022,0.5358329831067616,-0.876440148081703
2022-07-22,2022,0.6668221778808081,-0.1857604606484875
2022-07-25,2022,0.6558123801777004,-0.29746262970891113
2022-07-26,2022,0.6203934377415627,1.3054154920921324
2022-07-27,2022,0.5041711040222818,0.40277209064181196
2022-07-28,2022,0.46550166794385656,-0.9714677106346437
2022-07-29,2022,0.2972193677713766,-1.486993060699049
2022-08-01,2022,0.06481952980112733,-1.8655438738887198
2022-08-02,2022,0.09118460792972519,1.9584016795018533
2022-08-03,2022,0.24083043531622,1.6470844595188883
2022-08-04,2022,0.3771614288070819,2.3675368312225276
2022-08-05,2022,0.22735998211833394,-0.6452496801019447
2022-08-08,2022,0.06520835251668075,1.1813259425009104
2022-08-09,2022,0.10741173352690041,1.5859505603882385
2022-08-10,2022,-0.08250968493392787,3.2018833899412513
2022-08-11,2022,0.24341116018231027,1.4654704448326505
2022-08-12,2022,0.2887392069450328,1.1542962017716096
2022-08-15,2022,0.326382613574717,-0.13355083720613115
2022-08-16,2022,0.2664361426558599,-0.07645631776256323
2022-08-17,2022,0.2534335572519791,-1.4245301623942441
2022-08-18,2022,0.3224041039002249,-1.9541124236527763
2022-08-19,2022,0.44314593905029165,-2.2038733760881835
2022-08-22,2022,0.387083681715836,-0.2958319831762646
2022-08-23,2022,0.5643171959668015,1.2092695429020806
2022-08-24,2022,0.7531721485584012,-0.9489561150931136
2022-08-25,2022,0.700106766726339,-1.6211141549627661
2022-08-26,2022,0.39016445471059263,-1.1977662640950237
2022-08-29,2022,0.18133714282318494,-0.8329654118030105
2022-08-30,2022,0.6093470629869924,-1.876400579658577
2022-08-31,2022,0.4669186374891391,-2.8772927453588615
2022-09-01,2022,-0.02536975373561027,-0.8421914543172315
2022-09-02,2022,0.05194862305847272,-1.7923347854296168
2022-09-05,2022,0.1146290835360606,-0.5298374610363532
2022-09-06,2022,0.10730470918123396,0.8872945793475528
2022-09-07,2022,-0.024033349419268536,3.361265228087351
2022-09-08,2022,-0.009065865657049631,0.5135283767456533
2022-09-12,2022,0.4416429605028477,-0.927845007540129
2022-09-13,2022,0.4002369567946884,-2.2333882308866237
2022-09-14,2022,0.15243353749028182,-1.5870178758669917
2022-09-15,2022,0.21040378446252722,-0.8230379739932681
2022-09-16,2022,0.393294092401742,-0.9424684928195481
2022-09-19,2022,0.5424947488113995,-0.9777701987012111
2022-09-20,2022,0.589921226311083,-2.961791976246275
2022-09-21,2022,0.46386745204504465,-4.480773017057071
2022-09-22,2022,0.2681994557624744,-3.2065233751241706
2022-09-23,2022,0.42523784243634416,-4.620289296647351
2022-09-26,2022,0.60549351569957,-1.7704067079928554
2022-09-27,2022,0.9308253512435354,-2.9075137109005222
2022-09-28,2022,0.9276786286280156,-1.2296831963594435
2022-09-29,2022,1.158378607310389,0.31224462955492527
2022-09-30,2022,0.928389918775655,2.807164171988985
2022-10-03,2022,0.7435010818698644,4.447734217110955
2022-10-04,2022,0.7340024993216354,0.9263051208999062
2022-10-05,2022,0.8046031178210636,-5.03860831812355
2022-10-06,2022,0.6202208283270082,-5.836503611777955
2022-10-07,2022,0.3656842853704344,-6.506581386455402
2022-10-11,2022,0.6710672840070616,0.1685483704829016
2022-10-12,2022,0.7639472609772581,-0.8805740128611683
2022-10-13,2022,1.0046404606415582,2.4506800158929254
2022-10-14,2022,1.2035207436496411,-1.152944976127579
2022-10-17,2022,0.9669375005451121,-0.15386335854017386
2022-10-18,2022,1.1661685383627272,-2.3275234139041867
2022-10-19,2022,0.8727254626313741,-0.9230347174487341
2022-10-20,2022,0.9752695660952619,-2.1626590247255884
2022-10-21,2022,1.237873277465047,-0.7032420119820415
2022-10-24,2022,1.0018927136118563,0.5397068362866131
2022-10-25,2022,1.030719108930065,0.9655679876710455
2022-10-26,2022,1.2658503078873895,1.7338293116925474
2022-10-27,2022,1.1590861137685116,0.8574719739570913
2022-10-28,2022,1.0424640921943713,2.4377522790149264
2022-10-31,2022,1.1404078489492107,0.2845614780208061
2022-11-01,2022,0.6650422880404755,-0.08053870421662612
2022-11-02,2022,0.8161365059438449,0.9431938669498097
2022-11-03,2022,0.46804300785111896,2.781020436449877
2022-11-04,2022,0.5544312674825805,4.698807296700402
2022-11-07,2022,0.47848745919377034,2.1176324682975256
2022-11-08,2022,0.21011556880813428,4.943151510066102
2022-11-09,2022,0.4486398931021439,3.9306215131672095
2022-11-10,2022,0.26381839321282535,7.72044230643909
2022-11-11,2022,0.5569367402953922,3.782171912881327
2022-11-14,2022,0.5521900281262028,2.5420285151923405
2022-11-15,2022,0.26411602942965395,-0.2840582938215874
2022-11-16,2022,0.3536653767564239,-0.6050621330572659
2022-11-17,2022,0.3943761680527091,0.047952457580668906
2022-11-18,2022,0.18464202656677892,0.713892253631343
2022-11-21,2022,0.2754552506935656,2.3157378962018527
2022-11-22,2022,0.33463515788203285,1.624994842596017
2022-11-23,2022,0.336113349897161,-0.3536972209406297
2022-11-24,2022,0.2633548464865746,-0.5029761904761898
2022-11-25,2022,0.23263419647897,0.6836954469699563
2022-11-28,2022,0.2675555864289011,3.1320606696356945
2022-11-29,2022,0.2941625066691153,1.7746185494682543
2022-11-30,2022,0.3081060506477813,0.6800608889381721
2022-12-01,2022,0.0894268786083144,-1.89118618778642
2022-12-02,2022,0.08672732812375802,-2.2755813363187216
2022-12-05,2022,0.20649840855243737,-2.854999152244808
2022-12-06,2022,0.2558735557477885,-0.15921101943935367
2022-12-07,2022,0.5750504471088114,-0.11907032189315547
2022-12-08,2022,0.5384390683422282,-0.2066922100124935
2022-12-09,2022,0.46104904431600263,0.23073109728855012
2022-12-12,2022,0.5289687347348246,0.8317485127550928
2022-12-13,2022,0.36044265710415524,0.038490775985056125
2022-12-14,2022,0.2822628161974061,-2.076345241584443
2022-12-15,2022,0.2842306877362595,-3.8285260140910826
2022-12-16,2022,0.19414386473623071,-2.0246342546227925
2022-12-19,2022,0.56856746534339,0.06665133177952143
2022-12-20,2022,0.6540056292972373,0.7170062448703218
2022-12-21,2022,0.7223459178541123,0.3563901534311187
2022-12-22,2022,0.552286025522162,-0.7928441162256439
2022-12-23,2022,0.36632791487873584,-0.6903906561478879
2022-12-26,2022,0.7395141993241727,-1.4008272938363042
2022-12-27,2022,0.6893648329665542,-1.3311995801354337
2022-12-28,2022,0.5927055805241561,0.3599777042425423
2022-12-29,2022,0.579803207208154,0.8101514942825627
2022-12-30,2022,0.7814291640166517,1.1554928704760048
2023-01-03,2023,-0.2001750879720358,1.0490631406371742
2023-01-04,2023,-0.2365092100319235,3.89516822509548
2023-01-05,2023,0.012373587518352238,3.5096024417787586
2023-01-06,2023,0.007288603753068867,2.6305646425952567
2023-01-09,2023,0.3604767471599428,-0.13943673524170475
2023-01-10,2023,0.3634266717919256,0.1430119381529149
2023-01-11,2023,0.32590778396152836,1.1901888900337942
2023-01-12,2023,0.41679258362748095,1.366378760273812
2023-01-13,2023,0.48623411291137975,4.517566966830433
2023-01-16,2023,0.4492587915930143,2.26562452895791
2023-01-17,2023,0.49060550067006925,3.2625881190094574
2023-01-30,2023,0.5066863306139351,0.654067234548994
2023-01-31,2023,0.42200424111589685,2.21064905798809
2023-02-01,2023,0.46068146289420175,-0.17710615928658857
2023-02-02,2023,0.5295713173556211,-1.2455787564859877
2023-02-03,2023,0.5135599138642329,0.0994061269040003
2023-02-06,2023,0.4558138927923666,1.3375716730267717
2023-02-07,2023,0.5606308268537834,1.2060326305393554
2023-02-08,2023,0.5249600778113213,-0.4731028026971118
2023-02-09,2023,0.466327291200291,0.3575295649447918
2023-02-10,2023,0.3730038246697994,-0.9864852293469117
2023-02-13,2023,0.5310228647178158,0.040014719240777374
2023-02-14,2023,0.522002336878583,-1.1164855044690003
2023-02-15,2023,0.4477996701319545,0.7668038844312441
2023-02-16,2023,0.46929101307049575,0.08038326741905966
2023-02-17,2023,0.26766675156113695,-0.39361227930774234
2023-02-20,2023,0.3462570093284091,0.4127004744962415
2023-02-21,2023,0.38533966201691516,-0.38045364004368754
2023-02-22,2023,0.5689700147616384,1.165592326754994
2023-02-23,2023,0.341931755555713,-0.10688159965061006
2023-02-24,2023,0.4518928049750091,0.6748672421388546
2023-03-01,2023,0.0861150046330006,1.0579229143333757
2023-03-02,2023,0.13282352265208044,1.6614824806137962
2023-03-03,2023,0.2603191616135476,1.3440181645547833
2023-03-06,2023,-0.05218559910372521,0.04535791838238268
2023-03-07,2023,0.13109826717840556,-2.091640186683086
2023-03-08,2023,0.005787110136369062,-1.6291992767824448
2023-03-09,2023,0.06240385869216662,-2.601286185866669
2023-03-10,2023,-0.10402548852799624,-0.8927490306707364
2023-03-13,2023,-0.09701551222059399,-2.1809724500963634
2023-03-14,2023,-0.2963145946238664,0.6024574848864761
2023-03-15,2023,0.10591769592573405,0.21042931349222194
2023-03-16,2023,0.06107340044668371,1.9205551234074747
2023-03-17,2023,0.29850564070514896,1.9899100237106726
2023-03-20,2023,0.007641172619952924,2.8792533318806823
2023-03-21,2023,0.16158447817078997,2.586465293019935
2023-03-22,2023,0.2845433856161065,0.44319772392429346
2023-03-23,2023,0.2656938744035734,-1.0241459409541798
2023-03-24,2023,0.3670658453467507,-0.9107303310775583
2023-03-27,2023,0.2886044564821504,0.12078095754284313
2023-03-28,2023,0.32721174639115275,1.0609190980722882
2023-03-29,2023,0.3338345681190072,0.26005468694514366
2023-03-30,2023,0.3044332984614334,-0.08158022086598438
2023-03-31,2023,0.17802483266276775,0.05110895723863251
2023-04-06,2023,0.26117152364298474,0.6521504012771073
2023-04-07,2023,0.23316642712673707,0.6091623780507094
2023-04-10,2023,0.23857319845701414,-0.44979362150946445
2023-04-11,2023,0.2454553285302648,0.09771344260482984
2023-04-12,2023,0.20352760089159827,0.19192906281753075
2023-04-13,2023,0.08674833990375962,0.40924379743825234
2023-04-14,2023,0.08986192354557518,-0.9979013687244409
2023-04-17,2023,-0.16008896105775047,-1.6038412508495803
2023-04-18,2023,-0.1537754636445563,-1.6790132481045328
2023-04-19,2023,-0.11644951429131453,-0.910562589447228
2023-04-20,2023,0.0003500352858006456,-2.1441322372978133
2023-04-21,2023,0.08610546020315127,-1.4635656370990513
2023-04-24,2023,0.08449020730072285,-1.3782670489995819
2023-04-25,2023,-0.013307953240982653,1.3561489922729875
2023-04-26,2023,-0.09514802393092565,1.7031304167970163
2023-04-27,2023,0.132752547685347,0.9208713758371179
2023-04-28,2023,-0.3461254906387089,0.19160186864777273
2023-05-02,2023,-0.5298918050926825,-0.06657508595284689
2023-05-03,2023,-0.5801215859911454,0.9397296155634116
2023-05-04,2023,-0.4827650932476776,0.7602650517040566
2023-05-05,2023,-0.13389463516974556,0.10040912398319168
2023-05-08,2023,-0.11422075735755192,-1.1779303509586558
2023-05-09,2023,-0.07520332494189523,-1.4327587632012362
2023-05-10,2023,-0.2263314176532048,-1.0658007794519309
2023-05-11,2023,-0.011897152698422021,1.0265143116437114
2023-05-12,2023,-0.04502260777612156,2.728165259999127
2023-05-15,2023,0.019225799005695387,4.0505846507765675
2023-05-16,2023,0.08536400717919625,3.19652415799514
2023-05-17,2023,0.13255365685174125,1.6049943203545913
2023-05-18,2023,0.11587263153753011,0.5350306920682613
2023-05-19,2023,0.04044032953536932,-0.09644560838631966
2023-05-22,2023,0.03217700929634707,0.6866742187852548
2023-05-23,2023,0.1521076733853425,1.9583605911281277
2023-05-24,2023,0.0767495892833206,2.951733117482669
2023-05-25,2023,0.22211616387788852,2.030076110974721
2023-05-26,2023,0.3138964054566497,0.44780233928403135
2023-05-29,2023,0.4327044959043523,-0.7432542091690975
2023-05-30,2023,0.4305043126088817,0.5063545480468168
2023-05-31,2023,0.22670048935208417,0.817120012353012
2023-06-01,2023,0.15298739966022573,1.5079953853560646
2023-06-02,2023,0.11946695314699436,1.2903044309210854
2023-06-05,2023,0.08556515700614287,0.1152297745121933
2023-06-06,2023,0.007634148869766528,0.7441983669875363
2023-06-07,2023,-0.027013203899017856,0.19435685549635817
2023-06-08,2023,-0.09214406607125503,2.8858548234131254
2023-06-09,2023,-0.05998267333193662,2.082978017813142
2023-06-12,2023,-0.032907465597873484,2.2388777124887405
2023-06-13,2023,-0.08406641464135176,0.42000162633737403
2023-06-14,2023,-0.02589234706805635,0.2112756944774974
2023-06-15,2023,-0.025528837622081923,-0.865706219447615
2023-06-16,2023,-0.04690752803921788,-0.5003785663757809
2023-06-19,2023,0.02020161177483388,-1.246457218013075
2023-06-20,2023,0.012893428751902733,-1.72831862372278
2023-06-21,2023,0.026557179194506307,-1.5507719853043778
2023-06-26,2023,-0.031582355078497756,-0.6854936093284469
2023-06-27,2023,-0.027663139020315412,0.1636674778983771
2023-06-28,2023,-0.050588662300427335,0.877262906664833
2023-06-29,2023,0.15934974199660795,1.1714466158668113
2023-06-30,2023,0.14914546369754322,0.8329027627849817
2023-07-03,2023,-0.16046823703734156,-1.8849580313974434
2023-07-04,2023,-0.3211099545982283,-2.7802718314288155
2023-07-05,2023,-0.2227128052718383,-2.3664389324143498
2023-07-06,2023,-0.24767152897808842,0.8157655005288866
2023-07-07,2023,-0.1134900012046379,1.7871834308377021
2023-07-10,2023,-0.01645855041642232,2.4536414296695064
2023-07-11,2023,-0.0758475130949429,2.277069941197385
2023-07-12,2023,-0.10004509122119679,2.1946665581890956
2023-07-13,2023,-0.06590063330937941,0.9759457019939743
2023-07-14,2023,-0.039770539497428904,-0.967789901589422
2023-07-17,2023,-0.056416005592910226,-0.9772537554177396
2023-07-18,2023,-0.062423523670002035,-1.1447122721212177
2023-07-19,2023,0.05226298468892432,-0.4839207218323316
2023-07-20,2023,0.03333717991254781,0.1980787526165262
2023-07-21,2023,-0.10836462484832268,0.7741901389842987
2023-07-24,2023,-0.004147858179273286,1.2223480518809504
2023-07-25,2023,-0.018271731864854916,0.5467794723961861
2023-07-26,2023,-0.10054042266472149,-0.09975207646881756
2023-07-27,2023,-0.06858785678149834,-0.1679057083300961
2023-07-28,2023,-0.044185440502129344,-2.3084578495373598
2023-07-31,2023,-0.050131549838677694,-1.7599441950420625
2023-08-01,2023,-0.10323214159251745,-1.259929343566757
2023-08-02,2023,-0.18918177869842856,-0.09861646895031884
2023-08-04,2023,-0.2140627443687292,0.16184111785546573
2023-08-07,2023,-0.11249803749928304,-2.125794304542239
2023-08-08,2023,-0.05631455638021449,-1.6342884161764992
2023-08-09,2023,-0.17066681932222103,-2.8290065639495987
2023-08-10,2023,-0.17255609054620352,-1.0814742676453548
2023-08-11,2023,-0.15769133943343686,-0.9304721030042984
2023-08-14,2023,-0.3517098344386975,0.7502900511539234
2023-08-15,2023,-0.3077583391318446,-0.4466174003938006
2023-08-16,2023,-0.25936675548086274,-0.39697740226354306
2023-08-17,2023,-0.12752849977691774,-0.478607660386543
2023-08-18,2023,-0.30110515268490456,1.1939826546228716
2023-08-21,2023,-0.34516593423143904,2.3769510587864584
2023-08-22,2023,-0.11629847468980255,0.26749630876996555
2023-08-23,2023,-0.5403548963020741,-0.40803769100375975
2023-08-24,2023,0.08730947776065437,-0.877831621138303
2023-08-25,2023,-0.379456377259954,1.4454924831235783
2023-08-28,2023,-0.10723516653664918,0.7586651370200759
2023-08-29,2023,-0.1913664385177613,0.12807055008976498
2023-08-30,2023,-0.07282081704309445,0.41788727390605906
2023-08-31,2023,0.10161397426715266,0.9444221681311982
2023-09-01,2023,-0.12420010123537732,0.5600500812859677
2023-09-04,2023,-0.0715038557262859,-1.0158019594167622
2023-09-05,2023,-0.13683240052798396,-1.2839150027900814
2023-09-06,2023,-0.10351117463347384,-1.8234381795848464
2023-09-07,2023,0.11461938983971924,-0.27937667051364246
2023-09-08,2023,0.21385341737753513,0.03312013378360401
2023-09-11,2023,0.15229372005134487,2.279627212399471
2023-09-12,2023,0.10231334461185208,2.101104768019235
2023-09-13,2023,0.11322230481505283,0.7039768995706908
2023-09-14,2023,0.004850015256004807,-1.0188272420268096
2023-09-15,2023,0.01604371684096404,-2.282204513702557
2023-09-18,2023,-0.05043587452257938,-2.285091123375882
2023-09-19,2023,-0.05336291392974507,-1.7542341094665126
2023-09-20,2023,-0.02311977580205976,-0.49907014015936335
2023-09-21,2023,-0.14864317509345532,-0.2488252811388647
2023-09-22,2023,-0.18981391269481418,-0.2087554942096559
2023-09-25,2023,0.28954169952370656,-0.5986422509289047
2023-09-26,2023,0.22803896927606035,1.7279355520098072
2023-09-27,2023,0.034880344881378776,0.8827518215416497
2023-09-28,2023,0.06941908652284143,-0.4913860682632887
2023-10-02,2023,-0.3273566509802263,-0.6268530334939681
2023-10-03,2023,-0.3722014241456942,0.40250778821879774
2023-10-04,2023,-0.531999404169744,2.449706207315261
2023-10-05,2023,-0.28813398217739145,2.263284695311385
2023-10-06,2023,0.1278722139977111,1.5859016970964035
2023-10-11,2023,0.06502415337179615,-0.1187018017601793
2023-10-12,2023,0.09624881969858294,-1.089747894764681
2023-10-13,2023,0.010993780266511172,-2.0358026214101876
2023-10-16,2023,0.024462905754495785,-1.198097072826254
2023-10-17,2023,0.15650934585724185,-1.212734827295081
2023-10-18,2023,0.1603230377851703,-1.152916718113528
2023-10-19,2023,0.16736407940320996,-0.8689743282725648
2023-10-20,2023,0.23391546718352427,-0.49772759343874595
2023-10-23,2023,0.09940806999821558,-1.092954681946623
2023-10-24,2023,0.3046009235415437,-1.073896856851353
2023-10-25,2023,0.27052480563424897,-1.278876500789472
2023-10-26,2023,0.19652241786476526,-0.45085960081474585
2023-10-27,2023,-0.013165410977267197,-0.5953041319251007
2023-10-30,2023,-0.08970540875125173,1.531113929192407
2023-10-31,2023,-0.1115194194960796,3.164623807985256
2023-11-01,2023,0.054579668372596736,3.80832194411469
2023-11-02,2023,-0.21624756678461768,1.756424213039609
2023-11-03,2023,0.13160853549985446,1.4125572083246274
2023-11-06,2023,0.1479692570708993,0.5783405488259064
2023-11-07,2023,0.17661366621105995,-0.013665009484609136
2023-11-08,2023,0.15967642753163636,0.588142881804532
2023-11-09,2023,0.150444174625052,1.0155473212446031
2023-11-10,2023,0.1262196781448402,2.6740923365384583
2023-11-13,2023,0.16563482713407263,1.9709263276539435
2023-11-14,2023,0.010429433966038914,1.7335364581208879
2023-11-15,2023,0.06828533237917817,0.47691662803772683
2023-11-16,2023,0.0870521729595256,1.42983766986311
2023-11-17,2023,0.09630893426912238,0.5887052957908478
2023-11-20,2023,0.11889686593760729,0.4885398248856587
2023-11-21,2023,0.07860696310809304,-0.7422760913376347
2023-11-22,2023,-0.00343229836072904,-0.9984829806138129
2023-11-23,2023,0.05519183404818675,0.2700272629238665
2023-11-24,2023,0.08226995460716113,0.48092774977412933
2023-11-27,2023,0.11053907529365219,1.7297236106718517
2023-11-28,2023,0.06950766788330213,0.5599365674331391
2023-11-29,2023,0.12316640147865714,0.2931396569828326
2023-11-30,2023,0.04474747131231899,-0.6070948184136005
2023-12-01,2023,-0.03640240879164482,-0.44516826419929156
2023-12-04,2023,-0.01804134225633102,-0.8193333746616127
2023-12-05,2023,0.055481495932678614,0.3230607553897036
2023-12-06,2023,0.06415824583512929,0.33189867701339804
2023-12-07,2023,-0.0897489421298548,0.9948063342581692
2023-12-08,2023,0.013836636424619297,0.48861049735990925
2023-12-11,2023,0.14654561432956384,1.3478322274108834
2023-12-12,2023,0.0937525358090592,1.2792661353773438
2023-12-13,2023,0.11666835972661427,1.048146623748547
2023-12-14,2023,0.09259959293305794,-0.4336912872576093
2023-12-15,2023,0.0025050021851839278,-0.2187975808354281
2023-12-18,2023,-0.0744271204361471,-0.6134705186882083
2023-12-19,2023,-0.128201860762551,0.11424312507291035
2023-12-20,2023,-0.06839285875368495,-0.17215568862275488
2023-12-21,2023,-0.03345478794699401,1.1855510854583917
2023-12-22,2023,-0.0038723470148345957,1.6757185892980475
2023-12-25,2023,0.06921563625846683,1.7354886497122246
2023-12-26,2023,0.10754481633731476,1.008803085671106
2023-12-27,2023,0.10606955967010338,-0.21093815498980373
2023-12-28,2023,0.0591537697298455,-1.9600935100726469
2023-12-29,2023,-0.002245311349442439,-2.125726612462009
2024-01-02,2024,-0.029513735448110524,-1.8742270535730188
2024-01-03,2024,0.09470348721488538,0.07602804438213706
2024-01-04,2024,-0.028765960871951036,-0.08068536979369823
2024-01-05,2024,0.14131193161657143,-0.30543736735935134
2024-01-08,2024,-0.0042162440528203116,-0.15558259250448847
2024-01-09,2024,0.11400704166060216,-0.1292236487260956
2024-01-10,2024,0.0908622414868342,0.4648558340008213
2024-01-11,2024,-0.014548512353291233,-1.1310708496624744
2024-01-12,2024,0.021181287018526875,-2.004473291866593
2024-01-15,2024,-0.02973448630670127,-1.8181642029723832
2024-01-16,2024,-0.029177177143902572,1.92916647210708
2024-01-17,2024,-0.09825205899691494,3.806770738949705
2024-01-18,2024,0.028720412416750236,3.7543991423159895
2024-01-19,2024,0.24537426635915618,1.0989439821915914
2024-01-22,2024,0.1974854718683142,1.052590218410221
2024-01-23,2024,0.3088346813364141,0.6738056649131519
2024-01-24,2024,0.17033464961703432,1.3638527553685664
2024-01-25,2024,0.1562878552749464,0.17780745247082397
2024-01-26,2024,0.3017214472260806,-0.586106274899223
2024-01-29,2024,0.25037147283069283,-0.8362201656435642
2024-01-30,2024,0.33899667043585346,0.1402856615300596
2024-01-31,2024,0.28872925980502023,1.154360420267464
2024-02-01,2024,0.35540332317272366,3.7647810482015043
2024-02-02,2024,0.32441067690377257,3.0305765304738053
2024-02-05,2024,0.15203781134586164,2.9825813008017787
2024-02-15,2024,0.32433877998046756,0.5824215844076885
2024-02-16,2024,0.36757352013133165,0.3711456555912429
2024-02-19,2024,0.29972553463281315,1.1643181403535152
2024-02-20,2024,0.39647728319895503,0.7253710841266248
2024-02-21,2024,0.15371893536787104,1.454998337466007
2024-02-22,2024,0.42622668991086876,0.008645939750007159
2024-02-23,2024,0.4482355889595402,0.4107110998407215
2024-02-26,2024,0.3285064537105949,-0.06396436572628783
2024-02-27,2024,0.0758909033788237,2.3914829474908084
2024-02-29,2024,0.27159300896157945,2.215190040265136
2024-03-01,2024,0.1531797236263732,2.975929885672368
2024-03-04,2024,0.359505778829691,2.0108975199051304
2024-03-05,2024,0.20835746055130483,2.0549937793109985
2024-03-06,2024,0.13726929799539503,1.1622379092743662
2024-03-07,2024,0.1695549281556186,1.1223488741474386
2024-03-08,2024,0.28668728982998015,0.7237183932329527
2024-03-11,2024,0.14872505583331166,1.0739082473557593
2024-03-12,2024,0.04466484298702571,-1.1652284385035072
2024-03-13,2024,0.10585608102405217,-0.24417279565808192
2024-03-14,2024,-0.005989179133786969,-0.40485667511955814
2024-03-15,2024,-0.09725134527712295,0.517972818493595
2024-03-18,2024,-0.08942868837942206,1.6058471266131358
2024-03-19,2024,-0.12267519855819202,1.8694982172713148
2024-03-20,2024,-0.0903897916331355,2.0612147418806126
2024-03-21,2024,-0.01992897914328074,-0.3594221323831803
2024-03-22,2024,-0.05631975056018681,-0.13995154344653704
2024-03-25,2024,0.04253834189782066,-0.22632445616511676
2024-03-26,2024,0.08733435357954793,0.8345220651986507
2024-03-27,2024,0.2251976850328521,0.10994984188215096
2024-03-28,2024,0.22490280805638935,1.5884605552811903
2024-03-29,2024,-0.06955761099487526,0.2126197063729185
2024-04-01,2024,-0.13298966287634428,0.9661102355663198
2024-04-02,2024,-0.0391324112909586,1.6105776395360927
2024-04-03,2024,-0.19182184944693223,2.0942982456140458
2024-04-08,2024,-0.2849592771771293,1.6432800952115079
2024-04-09,2024,0.036709316978530394,-0.28673507660054165
2024-04-10,2024,0.035712940977885646,-1.5111110683009965
2024-04-11,2024,-0.06549078812391981,-4.101821307729603
2024-04-12,2024,0.09559866747590326,-2.5232716886158024
2024-04-15,2024,0.030809262938487975,-0.7265118385194502
2024-04-16,2024,-0.06262808001189815,-1.8834325865392132
2024-04-17,2024,-0.07588054576882461,-3.9682229499048427
2024-04-18,2024,-0.22203029375666886,-3.4575296041613357
2024-04-19,2024,0.06189815591924739,3.0963091331440706
2024-04-22,2024,-0.32576452238085485,2.298670562695171
2024-04-23,2024,-0.20422370014516353,2.6594344282034887
2024-04-24,2024,-0.1333617318868912,1.8069973087273983
2024-04-25,2024,-0.04002188984938505,2.7152570676351795
2024-04-26,2024,0.009695349218688736,0.5065974967831455
2024-04-29,2024,0.1405562008164491,-0.8060298055379889
2024-04-30,2024,0.15928879095988785,0.6212309894786605
2024-05-02,2024,-0.3160301986062771,2.1317407790553577
2024-05-03,2024,-0.0714478038248746,1.8208764052902282
2024-05-06,2024,0.02467525122248571,0.18252416398718552
2024-05-07,2024,0.010270648329720692,0.2677992575603305
2024-05-08,2024,-0.006928957621733511,0.7594015799610832
2024-05-09,2024,0.00041960299912350283,2.0674322994712613
2024-05-10,2024,0.019784036161277253,2.1168254716343204
2024-05-13,2024,-0.04513795660896429,2.140934934851435
2024-05-14,2024,-0.042740593490269874,1.299065799097976
2024-05-15,2024,0.030128440032235016,0.5883518440494173
2024-05-16,2024,-0.02527749244671783,-0.31688497981153807
2024-05-17,2024,-0.040796477515115434,1.3799676082051127
2024-05-20,2024,-0.14675755675988789,1.57862843609069
2024-05-21,2024,-0.1088679651756956,1.547270651111865
2024-05-22,2024,-0.11435326457882292,1.168995857892341
2024-05-23,2024,-0.01601182705792068,1.161544894510813
2024-05-24,2024,0.11914965570997102,0.4505377610554806
2024-05-27,2024,0.1814484838405072,-2.0147433219117605
2024-05-28,2024,0.16490480072078678,-3.130099581808554
2024-05-29,2024,0.13313870814824352,-0.5804500865551177
2024-05-30,2024,0.09763467347101143,-0.03679003654664115
2024-05-31,2024,0.2413708182458386,1.4671614822175272
2024-06-03,2024,-0.02723811706019877,1.699141375025781
2024-06-04,2024,-0.04983308158344956,2.3494354443727605
2024-06-05,2024,-0.006305338394534119,1.4300289319744808
2024-06-06,2024,-0.019245294814029396,0.6677715532788175
2024-06-07,2024,-0.09163733008794858,2.0754511542026455
2024-06-11,2024,-0.05686520787450705,3.269989335594703
2024-06-12,2024,0.010646240669126105,2.0298916592891514
2024-06-13,2024,0.02321734849026418,1.9961868121426862
2024-06-14,2024,0.037528488706905144,3.131876335275452
2024-06-17,2024,-0.0333124609159969,4.043156877971854
2024-06-18,2024,0.06250895692737135,2.179332200516493
2024-06-19,2024,0.011088262901210353,-1.7055055808947506
2024-06-20,2024,0.004448150324390327,-2.264922392026003
2024-06-21,2024,-0.05446406276660811,-1.146929544466424
2024-06-24,2024,0.06726727359738159,0.4044937910115287
2024-06-25,2024,0.033751053003207424,0.6831622877630839
2024-06-26,2024,0.09430864284830487,0.31270269882266444
2024-06-27,2024,0.1490020212166821,-0.11617053712611458
2024-06-28,2024,0.04139940865025003,0.6086248629638913
2024-07-01,2024,0.019200418590379374,2.012093551334715
2024-07-02,2024,0.10137875453130436,2.9599591247486234
2024-07-03,2024,0.013963206013721446,3.045515727094661
2024-07-04,2024,-0.028390069995317013,1.6050569390282599
2024-07-05,2024,-0.02845452339877852,1.9123735651042972
2024-07-08,2024,-0.02290617822363915,2.143717164018133
2024-07-09,2024,-0.002033606250288687,0.0705018560607229
2024-07-10,2024,0.181786839421313,-0.5320097237981547
2024-07-11,2024,0.10131908314967315,-1.6104121233143198
2024-07-12,2024,-0.08867816592505096,-0.6150873042652272
2024-07-15,2024,-0.01268011525269255,-2.013831191455717
2024-07-16,2024,0.058379851090482535,-4.7004969319401235
2024-07-17,2024,0.17813387521664664,-6.364499184259698
2024-07-18,2024,-0.011906371132748662,-2.250702716887043
2024-07-19,2024,-0.06724600187132748,-3.2797300830896936
2024-07-22,2024,-0.007132882446083971,-0.4155997733745642
2024-07-23,2024,0.3689255006348816,-2.8343587573190443
2024-07-26,2024,0.39005469580464,0.3623095038204349
2024-07-29,2024,0.5482945796614457,2.1548431748260155
2024-07-30,2024,0.5529132269971706,-2.634500217561808
2024-07-31,2024,0.32339973511055453,-10.669096167230109
2024-08-01,2024,0.02048426518651351,-9.456190017710364
2024-08-02,2024,-0.1280802976588928,-1.5842895560560177
2024-08-05,2024,0.059041841136476945,5.240412931750882
2024-08-06,2024,0.40741997495819826,4.7216187292144385
2024-08-07,2024,0.377761261488614,2.2445349391977842
2024-08-08,2024,0.13652274717996873,4.439221661611592
2024-08-09,2024,0.25263714120056446,2.6002608412129202
2024-08-12,2024,0.3735825769418122,0.5599069684558033
2024-08-13,2024,-0.06286683039243765,2.5359953423864434
2024-08-14,2024,0.20271936638977678,1.7359407098026303
2024-08-15,2024,0.11063475330003406,2.438574352242995
2024-08-16,2024,0.45033611396100603,-0.498627923074213
2024-08-19,2024,0.18802749962621743,-1.1637853904772122
2024-08-20,2024,0.2112213920478668,-1.208474704736251
2024-08-21,2024,0.27265299493917455,0.010027929808087421
2024-08-22,2024,0.4447644633317977,0.16330433706881475
2024-08-23,2024,0.4944626550187884,0.9595158418723715
2024-08-26,2024,0.6987577098582156,-0.17207640965966053
2024-08-27,2024,0.65294323049346,0.37453234167230676
2024-08-28,2024,0.5238855299807152,-0.6059722869151019
2024-08-29,2024,0.5502682025555119,-0.49383272114711385
2024-08-30,2024,0.5307453830115347,-5.2781356640825505
2024-09-02,2024,0.2022123066657578,-4.71052525061727
2024-09-03,2024,0.17171742543340351,-2.9739894741177997
2024-09-04,2024,0.046272710703644825,0.24506050657215894
2024-09-05,2024,-0.015251201930635432,-0.5834986414293808
2024-09-06,2024,-0.10998861129514018,-1.8856375894032107
2024-09-09,2024,-0.3133404841093691,2.4063536324442802
2024-09-10,2024,-0.24512974956375405,3.30216178442162
2024-09-11,2024,0.01037219224374909,3.8946317341068015
2024-09-12,2024,-0.048847722884872484,0.11818087354091844
2024-09-13,2024,-0.027425936897630454,1.3007562162075104
2024-09-16,2024,-0.11812523583456287,1.415738523611787
2024-09-18,2024,-0.3560192385709643,2.79853534598713
2024-09-19,2024,-0.3127348932129996,1.7651656853133524
2024-09-20,2024,0.008507698963502392,2.7174898982013085
2024-09-23,2024,-0.09503907241102819,2.572431528440222
2024-09-24,2024,-0.1187089136854271,1.7431073236274797
2024-09-25,2024,-0.06895805646494076,-2.359500210881471
2024-09-26,2024,-0.08972297717439554,-2.049188037347538
2024-09-27,2024,-0.07512652109219985,-2.278774856185428
2024-09-30,2024,-0.0025136739916637478,2.1508656647111657
2024-10-01,2024,-0.05970924065632995,0.987030596608629
2024-10-04,2024,-0.18253208174436952,1.597877567344974
2024-10-07,2024,-0.3268101800514388,0.8769055119774993
2024-10-08,2024,-0.3964649895809318,1.6093658992216042
2024-10-09,2024,-0.11673650752490913,2.793405557507178
2024-10-11,2024,-0.2169023086383406,0.47743305719589735
2024-10-14,2024,-0.08486334388126719,0.34188904688472466
2024-10-15,2024,0.0999687369194649,0.8381833450397558
2024-10-16,2024,0.03244119140258881,2.309984190156178
2024-10-17,2024,0.10248091244166817,2.0889795365978125
2024-10-18,2024,-0.04782127619382078,-0.6493304670998512
2024-10-21,2024,0.07399429520781572,-1.4867136199890107
2024-10-22,2024,0.012049035413927968,-0.7944617965339851
2024-10-23,2024,-0.063376582075336,-0.5857784695449952
2024-10-24,2024,0.09119248186017137,-1.1466196860022149
2024-10-25,2024,0.18287452231243775,-2.2614777426338772
2024-10-28,2024,0.2376996310659532,-1.80183092817634
2024-10-29,2024,0.23768440453041634,0.16923580872689747
2024-10-30,2024,0.23194198522399656,1.254840509140287
2024-11-01,2024,0.17228523695136147,1.9196596324507986
2024-11-04,2024,0.30544033626491846,1.9308620493708073
2024-11-05,2024,0.014599926706516445,1.9349290836156774
2024-11-06,2024,-0.1902450431650382,1.3449407297464244
2024-11-07,2024,-0.0814288279562256,-1.8243123745665057
2024-11-08,2024,-0.023248008601860055,-2.9449912519757926
2024-11-11,2024,0.04867642533679243,-3.4605714324570935
2024-11-12,2024,-0.0666369569456857,-1.0399547119303687
2024-11-13,2024,-0.044175898004598035,-1.3722084161007952
2024-11-14,2024,-0.014457026089892527,0.5873553513082275
2024-11-15,2024,0.012079952218749768,-0.23924086643799525
2024-11-18,2024,-0.3227163051966456,0.04044966544756168
2024-11-19,2024,-0.26614119311574547,0.24298869087218122
2024-11-20,2024,-0.13471274668178318,1.1460061458827164
2024-11-21,2024,-0.07572604872441938,0.5457610196287765
2024-11-22,2024,0.01509566451224868,-2.4866051469766393
2024-11-25,2024,0.1132609841533456,-2.830135647978471
2024-11-26,2024,0.17523584441916035,-1.8354619035608533
2024-11-27,2024,-0.0709459740043578,1.8005550088248112
2024-11-28,2024,0.05363151388270739,3.2672463664126905
2024-11-29,2024,0.19797485690521058,4.459651880965754
2024-12-02,2024,-0.14364713750562372,2.335451619897655
2024-12-03,2024,-0.048768683188979776,0.7200533623769267
2024-12-04,2024,-0.127712001519418,0.07705760356873093
2024-12-05,2024,-0.19334761547729729,-0.6139778596644052
2024-12-06,2024,-0.30716043051252345,-1.2488105385743298
2024-12-09,2024,-0.20968572334301983,-0.9730054891345263
2024-12-10,2024,-0.16569164873848918,-0.45232275953208667
2024-12-11,2024,-0.05444479135210306,0.5949711901563237
2024-12-12,2024,-0.027931457639064284,-0.12491972855234179
2024-12-13,2024,-0.02676529194930765,0.6437311472219376
2024-12-16,2024,-0.05674707568915451,-0.46723293069849126
2024-12-17,2024,-0.09697225975806285,-2.205924838854434
2024-12-18,2024,0.06871672739095672,-0.276796207982577
2024-12-19,2024,0.1325554689179075,0.8197625614582149
2024-12-20,2024,-0.07278921747277135,3.153585588787333
2024-12-23,2024,-0.07879788771201642,0.6163290851062042
2024-12-24,2024,-0.16964756893398034,0.6723113600896724
2024-12-25,2024,-0.1096680316784662,-0.12889678050898024
2024-12-26,2024,-0.03582967320103099,-0.9112597184833815
2024-12-27,2024,-0.012559967778757213,-1.9059378716325348
2024-12-30,2024,-0.04587269975231949,-1.2155996929737678
2024-12-31,2024,-0.1353374898927064,2.225343063411933
2025-01-02,2025,-0.06632417379632013,3.587981110771432
2025-01-03,2025,0.030205474071522583,2.178380761558052
2025-01-06,2025,0.1103698358783171,-1.9814240960161267
2025-01-07,2025,0.09838988712855361,-2.7034911867311995
2025-01-08,2025,-0.10027861625142923,-3.926120578468373
2025-01-09,2025,-0.008310564356170894,-1.2287526650558322
2025-01-10,2025,0.021528512867007927,-2.1610161021316854
2025-01-13,2025,-0.03942495545518163,2.386882440803717
2025-01-14,2025,0.2773212194352285,1.5377111194551096
2025-01-15,2025,0.3299376363321854,3.341169740305938
2025-01-16,2025,0.28659887012584806,1.1939578981198684
2025-01-17,2025,0.17983095499826435,1.6300703989272414
2025-01-20,2025,0.0973600664127695,-2.458909296586298
2025-01-21,2025,-0.09212275501735953,-2.171887479876611
2025-01-22,2025,0.22542253218492392,-1.546540527880269
2025-02-03,2025,0.3163262501516947,2.7402421092844964
2025-02-04,2025,0.24686478107597037,3.0021549568394423
2025-02-05,2025,0.32932955928168045,0.3909923243578195
2025-02-06,2025,0.15755874724274488,0.28927888285599224
2025-02-07,2025,0.26547047034612437,-0.8029552432951892
2025-02-10,2025,0.35564245768485303,0.6333610583800109
2025-02-11,2025,0.34478762274446473,-0.9897344557508125
2025-02-12,2025,0.11404167876428484,0.925643255080022
2025-02-13,2025,-0.011184198182807734,1.1397723275928806
2025-02-14,2025,-0.11593194265652831,1.9499745385077594
2025-02-17,2025,0.11165761878533942,-0.07602531000416857
2025-02-18,2025,-0.04197774098178319,0.2710204592136112
2025-02-19,2025,-0.041010464126728374,-0.1642512650355421
2025-02-20,2025,-0.07233241560159097,-0.8589264228656357
2025-02-21,2025,0.02349345338824372,-1.3809378325133514
2025-02-24,2025,-0.18618453682256506,-2.1732368468736496
2025-02-25,2025,-0.3312386356156817,-2.2737969880252784
2025-02-26,2025,0.01082275051541252,-3.4426590264736046
2025-02-27,2025,-0.054841397612413176,-0.7863557218570238
2025-03-03,2025,-0.32616036416164473,-0.17937929140345865
2025-03-04,2025,-0.030467609266426394,-0.09209235965319529
2025-03-05,2025,-0.10694435767594787,-1.8046161447015763
2025-03-06,2025,-0.11560873770072214,-2.836574082022658
2025-03-07,2025,-0.1979960359747631,-1.3186971868885955
2025-03-10,2025,-0.17484435538955345,-2.2149992319388856
2025-03-11,2025,-0.4134369523934122,-0.4668550579060682
2025-03-12,2025,-0.16051262834117158,-0.7169737808348509
2025-03-13,2025,-0.16168734952209957,1.4115040379424348
2025-03-14,2025,-0.045842244559116924,-0.03286591208595535
2025-03-17,2025,0.042029327298892125,1.16928580115494
2025-03-18,2025,0.07506905137468907,-0.28093986665570503
2025-03-19,2025,0.03630067628379754,0.663954868736738
2025-03-20,2025,-0.2110986655851618,-0.46507034373287626
2025-03-21,2025,-0.21758191784823425,0.23049110499751002
2025-03-24,2025,0.06048052654472395,-0.700603981428205
2025-03-25,2025,0.18433484246500026,-3.009447681270616
2025-03-26,2025,0.44916950671166916,-7.02771617081358
2025-03-27,2025,0.17534549922541834,-3.059390226569536
2025-03-28,2025,0.18487633191260183,-1.4103205635912497
2025-03-31,2025,0.35391426562385175,-7.071690528075624
2025-04-01,2025,0.5639793905809862,-13.252807660841048
2025-04-02,2025,0.6209236997983034,-18.341720575710095
2025-04-07,2025,1.1154976334829256,-1.2079647053012232
2025-04-08,2025,1.0124006599105229,5.789939842740632
2025-04-09,2025,1.0356887139091884,12.19732793000825
2025-04-10,2025,1.093847991378309,4.513887609651146
2025-04-11,2025,0.9029229974666094,-0.3111819126345394
2025-04-14,2025,0.8755913948400383,-0.8935540193787839
2025-04-15,2025,0.5463198346836193,-2.329779878505378
2025-04-16,2025,0.4253294339658071,-1.858434353811378
2025-04-17,2025,0.43074187174094575,-2.8197301477397962
2025-04-18,2025,0.40376581036156384,1.2586214097116688
2025-04-21,2025,0.5736347824522132,1.950204645612419
2025-04-22,2025,0.6073575323057592,5.742964429590547
2025-04-23,2025,0.4800861556112942,2.0126645056759207
2025-04-24,2025,0.3192557581369953,3.869948934252143
2025-04-25,2025,0.4513103126654828,1.8231013051553502
2025-04-28,2025,0.5707097612958122,3.7596814680342483
2025-04-29,2025,0.6579288189717929,1.484532658384019
2025-04-30,2025,0.6488486385403001,1.4210999440079863
2025-05-02,2025,0.5795542738998801,-1.1600643459286242
2025-05-05,2025,0.47419782841827474,0.050698899673151665
2025-05-06,2025,0.3319630697738841,1.9122830013170944
2025-05-07,2025,0.31467703567618044,2.837710966690654
2025-05-08,2025,0.22814388929660961,3.8296484515708107
2025-05-09,2025,0.23951728197271618,4.1493107352412295
2025-05-12,2025,0.21536567923917,2.842986643343859
2025-05-13,2025,0.25277455944744776,2.4076260165193375
2025-05-14,2025,0.3564866725270478,-1.1891913232737306
2025-05-15,2025,0.23963709785892268,-0.9397959066278605
2025-05-16,2025,0.35413171091529433,-0.18211208820487768
2025-05-19,2025,0.27826507440643866,0.6835679337738654
2025-05-20,2025,0.23851970138346362,0.5863134075349885
2025-05-21,2025,0.13720403347090537,-1.2261103627743797
2025-05-22,2025,0.11308035946781043,-1.5431711377806856
2025-05-23,2025,0.1453557843901629,-1.3602287800246082
2025-05-26,2025,0.11257624549598595,-0.8788307516006566
2025-05-27,2025,0.18846468631320074,-1.564592947122645
2025-05-28,2025,0.2495257985390575,-1.0805928722728897
2025-05-29,2025,0.0042864055887992195,1.2684976554412142
2025-06-02,2025,-0.01676452900283693,3.1982539396106624
2025-06-03,2025,0.26481884042461834,2.526301739060055
2025-06-04,2025,0.15138039698586428,0.7965551073198407
2025-06-05,2025,0.1704277990458362,2.6192614984569262
2025-06-06,2025,-0.02138516493456286,3.7369129103175913
2025-06-09,2025,0.08620347790038657,2.2832647018465435
2025-06-10,2025,0.2766805168521144,-0.7606732086031243
2025-06-11,2025,0.20790345613863312,-1.8700406317728735
2025-06-12,2025,0.20156618021571077,-0.34202537529466337
2025-06-13,2025,0.09677599510259444,1.2856460056313246
2025-06-16,2025,0.17682549515892784,-0.2104317933414701
2025-06-17,2025,0.11494801971059068,-0.7466822501225656
2025-06-18,2025,0.051312229867887624,-2.7942816324211917
2025-06-19,2025,0.019361714123135122,0.8419569613925093
2025-06-20,2025,0.17219371040002232,1.7457794567113494
2025-06-23,2025,0.15797358161181793,3.4986163274283832
2025-06-24,2025,0.20529754199448663,1.76359562228805
2025-06-25,2025,-0.00891614522852908,-0.7783560054764438
2025-06-26,2025,-0.08465898695245863,0.2728929048734008
2025-06-27,2025,-0.0962158653047519,-0.010363116516864945
2025-06-30,2025,-0.06252218591173135,2.0531523605747948
2025-07-01,2025,-0.09190448828856432,-0.027578599007171967
2025-07-02,2025,-0.12183768384423817,-0.6600306319410221
2025-07-03,2025,-0.09926367553525164,-1.5440517026174994
2025-07-04,2025,-0.13514498764785302,-0.09087481982482659
2025-07-07,2025,-0.13925164929033423,1.1794253082654693
2025-07-08,2025,-0.1048649872305163,1.7384639394837809
2025-07-09,2025,-0.08503990256907067,0.3904646022707903
2025-07-10,2025,-0.059651588518636244,0.6287772795875446
2025-07-11,2025,-0.19510440387346037,1.282886972589825
2025-07-14,2025,-0.30307330906088514,2.2034519612451398
2025-07-15,2025,-0.2080822694362065,2.3961790055500254
2025-07-16,2025,-0.10235900808638088,1.291764491448566
2025-07-17,2025,-0.14479550712902364,-0.5423721773802792
2025-07-18,2025,0.27013705097424545,-0.27566882620078115
2025-07-21,2025,0.21661081719163583,0.14211312839107482
2025-07-22,2025,0.21373805371056073,1.63764272713669
2025-07-23,2025,0.2257490932425092,0.40443987585914165
2025-07-24,2025,0.21734873689700412,-0.7367673024373911
2025-07-25,2025,0.0973865664691861,0.4166170897751176
2025-07-28,2025,0.1670195330388973,0.5532828371271004
2025-07-29,2025,0.218890058976097,1.0036411407528423
2025-07-30,2025,0.30359387710247177,-0.3528300567903875
2025-07-31,2025,0.3689846275066211,0.5015181042641093
2025-08-01,2025,0.3068384358680054,0.05538870667796125
2025-08-04,2025,0.400338298401418,2.6726190323427934
2025-08-05,2025,0.4667468420538114,1.524349139222636
2025-08-06,2025,0.43041438221322875,2.934829336863509
2025-08-07,2025,0.3057150347356102,0.6440238345893246
2025-08-08,2025,0.25407344563357775,1.451880542486128
2025-08-11,2025,0.19273414521659482,0.4250999564956226
2025-08-12,2025,0.009753736322197254,0.7290229965941419
2025-08-13,2025,0.23441180119387145,0.46163277666575464
2025-08-14,2025,0.07459547466409784,0.47610992610807035
2025-08-15,2025,0.12763089725092905,-2.9137257093638347
2025-08-18,2025,0.12553453826487304,-2.1255573364179825
2025-08-19,2025,0.08840066164626417,-2.4186667214158075
2025-08-20,2025,-0.07127051916786278,2.759482997988627
2025-08-21,2025,0.03240538951026981,1.4313001390110047
2025-08-22,2025,-0.025052403857763306,3.1788211561208923
2025-08-25,2025,-0.0025621561378513396,-0.1685931513202843
2025-08-26,2025,-0.1510729372110071,-0.2962341237024324
2025-08-27,2025,-0.08224112541153498,-1.8277807005738222
2025-08-28,2025,-0.0017758783556788282,-0.9063621116128906
2025-08-29,2025,-0.009411020871141823,-0.5480107786457356
2025-09-01,2025,-0.04382807105955322,0.44915758028192254
2025-09-02,2025,-0.024544037645243464,1.9894423815349116
2025-09-03,2025,0.0190733469074848,1.855080642149698
2025-09-04,2025,0.02805197676659048,2.7929453656660552
2025-09-05,2025,0.008621994484163977,2.8496508207121574
2025-09-08,2025,-0.07966950625800548,2.72261235211253
2025-09-09,2025,0.12346713282975216,2.4922772637333557
2025-09-10,2025,0.1278653106780166,0.6532476414691679
2025-09-11,2025,0.07656823857841684,1.6415559982249084
2025-09-12,2025,0.007363216843463902,-0.14284794603574014
2025-09-15,2025,-0.07697053866148099,1.625576365807535
2025-09-16,2025,0.12826482085788157,-0.20004182657267222
2025-09-17,2025,0.09292238084032459,1.738916788694178
2025-09-18,2025,-0.029870194112981453,1.8549548766441992
2025-09-19,2025,-0.029178345875335528,2.4175113582296293
2025-09-22,2025,0.13512304147242665,0.5535033963663949
2025-09-23,2025,0.2441367214530346,-2.5413974809666673
2025-09-24,2025,0.12855656432206664,-1.4360189229724374
2025-09-25,2025,0.11474637113337915,-0.15731723015617316
2025-09-26,2025,0.03740097586732521,3.1198593293594534
2025-09-30,2025,0.10066088708081322,3.6425264537457425
2025-10-01,2025,0.06505599430615419,4.730186110793588
2025-10-02,2025,0.17682480665644057,2.597922011161402
2025-10-03,2025,0.1945231602922221,2.0210709142313377
2025-10-07,2025,0.025219366087266597,-1.0603062257574458
2025-10-08,2025,-0.02962222397944636,-0.999605375174395
2025-10-09,2025,-0.026582017185675356,-0.09600057431857767
2025-10-13,2025,-0.050375096969254775,2.6907799974891677
2025-10-14,2025,0.042061309690920715,1.900560404431717
2025-10-15,2025,0.24115054228736477,1.5138744325995601
2025-10-16,2025,0.21475081985589192,0.37811231027924386
2025-10-17,2025,0.14573923899047375,1.2692671002554112
2025-10-20,2025,0.09516086160878023,-0.5647444456443051
2025-10-21,2025,0.11584547514658197,0.8691857752173737
2025-10-22,2025,-0.08546712755749455,1.0857570877115919
2025-10-23,2025,0.22703241684201386,2.769405780709633
2025-10-27,2025,0.16041141746899976,1.049881705230793
2025-10-28,2025,0.06153532699480594,1.0169912387192115
2025-10-29,2025,0.07085856323610892,0.14083889797185112
2025-10-30,2025,0.05798080842404043,-0.6044005963051435
2025-10-31,2025,0.0616779553129078,-1.8286529937113327
2025-11-03,2025,0.11998109872783927,-1.5357201215899008
2025-11-04,2025,0.013471379958338272,-1.6543631226579647
2025-11-05,2025,-0.2617495209903695,0.5500222606582339
2025-11-06,2025,-0.08057107258581361,-0.4104023556019909
2025-11-07,2025,-0.12921420863735036,1.0693125594680275
2025-11-10,2025,0.0806302110270803,0.1221765291173238
2025-11-11,2025,0.09564911284800429,-1.3944599504407962
2025-11-12,2025,-0.11458063379225578,-1.7883078345545034
2025-11-13,2025,0.027499547498569227,-4.112163465880347
2025-11-14,2025,-0.013792464635794411,-2.98341089515467
2025-11-17,2025,0.040533796797577536,-0.07632806275005288
2025-11-18,2025,0.03197170608956617,-1.200398264023339
2025-11-19,2025,0.11635636410243214,-0.2854765140262616
2025-11-20,2025,0.25723611286626447,-1.8748021975938611
2025-11-21,2025,0.22164762532533966,3.6867872595890194
2025-11-24,2025,0.041392805464736546,3.962724454653288
2025-11-25,2025,0.24106543567427155,2.6542266937225945
2025-11-26,2025,0.23832693097791804,-0.244476922998349
2025-11-27,2025,0.27342001898952617,0.03534808976963788
2025-11-28,2025,0.351125963071413,0.6028998265432239
2025-12-01,2025,0.26702708497197075,1.6574179492534258
2025-12-02,2025,0.3066502281586484,1.5114494234746534
2025-12-03,2025,0.2736014255786381,1.8376543192108352
2025-12-04,2025,0.2657290319290778,1.3919054415231669
2025-12-05,2025,0.4126344251719886,1.500452630348792
2025-12-08,2025,0.30009500148475854,-0.9858400538726553
2025-12-09,2025,0.2888539812002203,0.054714611143058534
2025-12-10,2025,0.3831255759187969,-1.8794939425852863
2025-12-11,2025,0.3260367421681192,-1.7416390868785658
2025-12-12,2025,0.2618628559497335,-2.386160446726404
2025-12-15,2025,0.27152167748546513,-1.4296869336927531
2025-12-16,2025,-0.007942564650850858,0.5799178259091597
2025-12-17,2025,0.13162280737766666,2.2687234992554206
2025-12-18,2025,-0.06051290323575216,3.065107597676331
2025-12-19,2025,0.21801325748182632,2.4394189126003996
2025-12-22,2025,0.201226373521849,1.443641908031501
2025-12-23,2025,0.28442031281209446,1.7676145962959966
2025-12-24,2025,0.13940133515905345,1.181271099161929
2025-12-26,2025,0.23283302712330006,1.4272997427512646
2025-12-29,2025,0.26437707964551965,1.8705427010411668
2025-12-30,2025,0.043580008560647775,4.869556796517105
2025-12-31,2025,0.06345082593886162,5.568023312019221
2026-01-02,2026,0.11941172980251351,3.6990358711010307
2026-01-05,2026,0.13967312657731493,0.8487283192448736
2026-01-06,2026,-0.005882447281650767,-0.9397474514575066
2026-01-07,2026,-0.09693826624242102,0.4331130749746892
2026-01-08,2026,-0.01393904604582367,1.1418436095525397
2026-01-09,2026,0.1187803372519441,2.1553067520311053
2026-01-12,2026,0.15039301830902202,0.7959161574349505
2026-01-13,2026,0.10781151825210636,2.284413893540349
2026-01-14,2026,0.23248755380104136,2.2542659148891975
2026-01-15,2026,0.2219341213500603,3.0814415048337374
2026-01-16,2026,0.21116635420218924,-0.5168313238051891
2026-01-19,2026,0.2287613798754145,0.3375233767888064
2026-01-20,2026,0.2605819923387493,0.6345090159033395
2026-01-21,2026,0.3430872198352012,2.6183841515030393
2026-01-22,2026,0.3642298649227924,1.8012932620342204
2026-01-23,2026,0.21688811398210617,2.635388628384594
2026-01-26,2026,0.17535369415212188,1.47125233747456
2026-01-27,2026,0.2401549828077552,-0.7864676934654202
2026-01-28,2026,0.24353948453616528,-3.5965018708187024
2026-01-29,2026,0.1476789427820425,-1.0477845186310564
2026-01-30,2026,0.1899750841160156,0.7050329421854906
2026-02-02,2026,0.20302193720234082,0.5604598781369763
2026-02-03,2026,0.17868081178859208,-1.2810541643267892
2026-02-04,2026,0.3877931385420223,0.3555610887769234
2026-02-05,2026,0.02009683860623799,3.9988968994005614
2026-02-06,2026,0.21756398035496968,5.735124400149516
2026-02-09,2026,0.29388704203493965,4.223595277463521
2026-02-10,2026,0.1796100431739061,4.921995212404573
2026-02-11,2026,0.21832117979716031,5.378133656453032
2026-02-23,2026,0.3027168355119322,4.859554570686986
2026-02-24,2026,0.17025866900949646,1.1361979342274786
2026-02-25,2026,0.2508864110940904,-3.0763218212936594
2026-02-26,2026,0.21836042264388422,-7.300994592891219
2026-03-02,2026,0.18445334936722008,-4.052276258587728
2026-03-03,2026,0.35488475444197926,-2.109653256573818
2026-03-04,2026,0.36155304622000417,-2.1884998818113788
2026-03-05,2026,0.5970480439464445,-2.6759469176139694
2026-03-06,2026,0.6121087998592646,1.5317173985120114
2026-03-09,2026,0.5756123284013468,4.582437725822341
2026-03-10,2026,0.5930016536542568,1.9176507169105683
2026-03-11,2026,0.18183051017518898,-2.2620498977111825
2026-03-12,2026,0.12178090121289571,0.7584749623755105
2026-03-13,2026,-0.055840079386085616,2.8390745956925034
2026-03-16,2026,0.318477724753643,1.0412233512113955
2026-03-17,2026,0.46505250409030585,-0.8650108447753491
2026-03-18,2026,0.5003059322372243,-4.734053052557052
2026-03-19,2026,0.4508737529426551,-3.1981307035270135
2026-03-20,2026,0.5663277339824723,-0.31233715360297065
2026-03-23,2026,0.2447146899844183,1.8798074719230007
2026-03-24,2026,0.5509185501525732,1.5342399050172428
2026-03-25,2026,0.36725106221905623,-2.754110381526309
2026-03-26,2026,0.48766807123178946,-4.843267155843756
2026-03-27,2026,0.2522878032095213,0.18793455903027834
2026-03-30,2026,0.2912464014766546,0.16689136162686413
2026-03-31,2026,0.1128825130482852,4.749962093737059
2026-04-01,2026,0.30978706978538384,4.782422331153557
2026-04-02,2026,0.2875364525213479,7.02658659485953
2026-04-07,2026,0.24977601946572436,6.584477436230474
2026-04-08,2026,0.37773107563414665,2.001963098127879
2026-04-09,2026,0.39254395166084716,4.116214147779362
2026-04-10,2026,0.3355552312193144,3.6826366832750645
2026-04-13,2026,0.36421243341849535,4.7232318093119785
2026-04-14,2026,0.33210279212097754,1.4002047601782142
2026-04-15,2026,0.20544084199347848,0.6444613521978892
2026-04-16,2026,0.23421287261588683,1.2740755822064243
2026-04-17,2026,0.1003949684736104,2.918487330570274
2026-04-20,2026,0.13006743749746436,2.0437622433628677
2026-04-21,2026,0.20997046340579467,3.529546915299542
2026-04-22,2026,0.3117742911601554,4.5887809090493725
2026-04-23,2026,0.2223557429599024,4.792843004548697
2026-04-24,2026,0.3457460207264985,0.9531906586801808
2026-04-27,2026,0.3129189902567738,-1.7416928194043724
2026-04-28,2026,0.298706601367002,2.994327424432064
2026-04-29,2026,0.2336951648046987,3.7294134110193777
2026-04-30,2026,0.25041221621609977,5.683050395063738
2026-05-04,2026,0.11027562502749158,3.018390306482188
2026-05-05,2026,0.12969594194489592,2.047251742671996
2026-05-06,2026,0.17066689229830717,1.5829562566770816
2026-05-07,2026,0.020078497722926174,-0.08456189735339681
2026-05-08,2026,-0.1238014915023288,-0.5514862294292322
2026-05-11,2026,-0.08451745263852908,-0.09167251734024662
2026-05-12,2026,-0.019811624280054972,-1.7326709042271848
2026-05-13,2026,-0.1561842876082487,-1.1666122853448369
2026-05-14,2026,-0.09916888187318922,-3.7751471495206856
2026-05-15,2026,-0.012769708189096587,-2.796876351027733
2026-05-18,2026,0.024783019129085156,1.1650007263066309
2026-05-19,2026,0.18307711550541944,5.208166357855393
2026-05-20,2026,0.2962831552385383,9.05423726950123
2026-05-21,2026,0.32140010041101985,5.21453550927149
2026-05-22,2026,0.2089488891468895,4.705288661840168
2026-05-25,2026,0.2789373391888786,-0.018238307778317697
2026-05-26,2026,0.06898005457963097,2.774404904541883
2026-05-27,2026,0.08054870447465638,2.4428110482456855
2026-05-28,2026,0.10612090675021073,4.401986046524398
2026-05-29,2026,0.08418252065828463,3.8589460026548617
2026-06-01,2026,-0.05845208295225749,0.7489317438761356
2026-06-02,2026,-0.13019378339102106,-1.0676003477817164
2026-06-03,2026,-0.04111319047675045,-6.363395291692752
2026-06-04,2026,-0.1212835319116177,-2.130197257027855
2026-06-05,2026,-0.07195220169363091,-4.094434240776879
2026-06-08,2026,0.08591919076657084,-0.8121779803497597
2026-06-09,2026,0.2276279522748521,-1.1976439029322439
2026-06-10,2026,0.20979444666656483,5.023534697310894
2026-06-11,2026,0.20929294235074886,6.163993709307136
2026-06-12,2026,0.2579427767841246,3.867754427082848
2026-06-15,2026,0.13642968866804384,2.353041468167816
2026-06-16,2026,0.01323498133760857,4.218192899721651
2026-06-17,2026,0.056497455991064205,2.666367899307276
2026-06-18,2026,0.17650861262560308,-0.907345712490204
2026-06-22,2026,0.1341169072836714,-3.1131189608372245
2026-06-23,2026,0.15091523592886807,-5.369119109821197
2026-06-24,2026,0.23479967954043657,-2.266764544909605
2026-06-25,2026,0.27645545014199724,-0.27964387185370754
2026-06-26,2026,0.25128118158129076,5.490539301118003
2026-06-29,2026,0.20424120702422996,3.8761419469821146
2026-06-30,2026,0.3083981770803355,1.4193974709658885
2026-07-01,2026,0.23524533676694398,-0.9838577987319574
2026-07-02,2026,0.07133266627559984,-2.7063273786500863
2026-07-03,2026,0.04985605298248164,-2.236417559237136
2026-07-06,2026,0.025219352915747235,-2.581342754453253
2026-07-07,2026,-0.20348183752016752,-0.21678084729451763
2026-07-08,2026,0.08572092352660857,-2.178797102662977
2026-07-09,2026,0.1344978858824372,0.6106986698816153
2026-07-13,2026,0.008190203192960844,0.5386892878265881
2026-07-14,2026,-0.06970681761917594,-4.619523245924317
2026-07-15,2026,0.0037010138151269594,-6.97299831103847
2026-07-16,2026,-0.2862269633747754,-3.051201337512921
2026-07-17,2026,-0.23828639131712573,5.049088063233187
2026-07-20,2026,0.15873626223416035,5.656365062650615
2026-07-21,2026,-0.20376701651310497,-1.3067883680168313
2026-07-22,2026,-0.22955080158431626,-2.658269415501513
2026-07-23,2026,-0.10935966970986082,-7.24056042689083
2026-07-24,2026,-0.11769539253578887,-8.28238060201343
2026-07-27,2026,0.06096554380664052,-8.481628741131663
2026-07-28,2026,-0.13650579400166524,3.644873875571597
2026-07-29,2026,0.041797605388968866,8.35988649118189
2026-07-30,2026,0.2740519484924508,8.582711671712584
2026-07-31,2026,0.5169429164117789,3.4597835098765684
2026-08-03,2026,0.2296890851744599,2.3285863015630737
2026-08-04,2026,0.21752565618090552,1.9954723936397745
2026-08-05,2026,0.28195516217101435,0.7109361690681437
2026-08-06,2026,0.2448858031598721,1.6307968835521658
2026-08-07,2026,0.15251409629238485,2.9217262007723344
2026-08-10,2026,0.12176522445196869,2.4321169780781915
2026-08-11,2026,0.13423428863410997,1.5298736367682197
2026-08-12,2026,0.1626837353364722,0.7451985552111351
2026-08-13,2026,0.1180641515425973,-1.5488419755296912
2026-08-14,2026,-0.029008261411920106,-2.3829642699429776
2026-08-17,2026,0.22465913045835711,-2.0139227651362557
2026-08-18,2026,0.31557701629016205,-0.1862557019979394
2026-08-19,2026,0.2562721878653801,0.09608815870534304
2026-08-20,2026,0.11585866486222574,0.5245946587130401
2026-08-21,2026,0.337954674497433,1.3451399679243137
2026-08-24,2026,0.29195691563819887,2.7096450764839686
2026-08-25,2026,0.1857977489713278,2.572512489633483
2026-08-26,2026,0.21661016877582343,0.6455009554330537
2026-08-27,2026,0.15080577521966293,2.117445006244667
2026-08-28,2026,0.12122876276501746,-0.3598635484104107
2026-08-31,2026,0.13346936669256643,-0.5870777851509024
2026-09-01,2026,0.04780698484622881,-0.8468601486898986
2026-09-02,2026,-0.33448761282877,2.516098873771999
2026-09-03,2026,-0.03551678168769877,2.721726315734374
2026-09-04,2026,-0.07437812440043219,1.3581410376074743
2026-09-07,2026,-0.04066951503915158,-0.8151498100315124
2026-09-08,2026,-0.0024883778243126728,-1.955025476703709
2026-09-09,2026,0.07946936245116776,-2.799376729423264
2026-09-10,2026,0.10410602942146005,-3.044280108707853
2026-09-11,2026,-0.30554867588748136,-0.7274030336787862
2026-09-14,2026,0.11380950200212711,0.9277292220314148
2026-09-15,2026,-0.1391281311019507,3.6677770822269418
2026-09-16,2026,-0.17267847476019438,4.078483889471718
