date,year,pred,actual
2014-01-02,2014,-0.4172569761690668,-0.004992719917706889
2014-01-03,2014,-0.9047281530087717,0.5787137250863994
2014-01-06,2014,-0.7940822755550099,1.4299983176490283
2014-01-07,2014,-0.9959772606099696,1.0290990684068912
2014-01-08,2014,-1.3434186991477488,0.8098401007011313
2014-01-09,2014,-0.7219116339514888,0.9444864633785466
2014-01-10,2014,-0.47370437947637106,0.8085024063967161
2014-01-13,2014,-0.23325085930531547,-1.2097546169830387
2014-01-14,2014,-1.0106852342477146,-3.318382712496515
2014-01-15,2014,-0.9163471652333147,-3.3889951235389404
2014-01-16,2014,-0.7691512604823872,-2.609813390678939
2014-01-17,2014,-0.6698908329120506,-2.373778501628654
2014-01-20,2014,-0.7555175702057249,-2.215376335605157
2014-01-21,2014,-0.42191250892465265,-1.0352445958673795
2014-01-22,2014,-0.5622400387545479,-1.8271828226264386
2014-01-23,2014,-0.05811581703052908,-0.9472839175809433
2014-01-24,2014,-0.1323777457994592,-0.9159939569520104
2014-01-27,2014,-0.27472490101261904,1.1067559854748499
2014-02-05,2014,-0.9549780882873856,3.7816051342613344
2014-02-06,2014,-1.0794560661191088,2.570205065329012
2014-02-07,2014,-0.6986522006054299,2.5575420126738413
2014-02-10,2014,-0.677806494839576,2.009783185076164
2014-02-11,2014,-0.6796058206656961,1.7206448919170336
2014-02-12,2014,-0.5976197027198189,1.0573537135451394
2014-02-13,2014,-0.5246914512059755,2.029831004877347
2014-02-14,2014,-0.0468984638456848,1.0371543210456524
2014-02-17,2014,-0.24562483479208347,0.4107024432041806
2014-02-18,2014,-0.7394869059667559,0.8964228404332308
2014-02-19,2014,-0.20371782154654788,1.594728232799092
2014-02-20,2014,-0.2555547777430913,2.2210960723175743
2014-02-21,2014,-0.30659356031891377,0.7368173860071936
2014-02-24,2014,-0.2736989281576976,1.655489503668539
2014-02-25,2014,-0.40570536748903796,1.2723278316902897
2014-02-26,2014,-0.3333324002969502,1.7083175403389994
2014-02-27,2014,-0.3005240221402533,0.5561612948777439
2014-03-03,2014,-0.11754411551319906,1.1406676137354577
2014-03-04,2014,-0.6215468554793072,2.0737526506393156
2014-03-05,2014,-0.8388378405350065,0.6548182366820754
2014-03-06,2014,0.23115477035936283,-1.3365022567677354
2014-03-07,2014,-0.09760134545926016,-1.5697799852191108
2014-03-10,2014,-0.1494172579484856,-0.690806024991808
2014-03-11,2014,-0.577985440529768,-0.1497300148351144
2014-03-12,2014,-0.5757660664009714,0.6049698724082564
2014-03-13,2014,-0.24143959058016934,0.36329175711806716
2014-03-14,2014,0.015340028436640405,1.001538969776572
2014-03-17,2014,-0.504178056695337,1.714692934563966
2014-03-18,2014,-0.5440963058861662,1.6171664028841182
2014-03-19,2014,-0.2699683179854047,2.485655034950396
2014-03-20,2014,0.21075526613478585,3.3872144026110496
2014-03-21,2014,0.6357162859346182,3.489146186912473
2014-03-24,2014,0.567637687301807,3.2871296793401505
2014-03-25,2014,0.45322942239607367,2.7766333306480373
2014-03-26,2014,0.20322047208926888,2.4129962791581416
2014-03-27,2014,-0.1454647207087941,1.4633974101237346
2014-03-28,2014,-0.6311175053723501,0.9434005269731927
2014-03-31,2014,-0.6734508561756671,0.7619828957835972
2014-04-01,2014,-0.9333075407790732,0.5710486129502979
2014-04-02,2014,-0.28022922922408844,0.434677641219694
2014-04-03,2014,-0.6689535656398448,0.8788844962164699
2014-04-07,2014,-0.8280777602893886,0.8421168846970195
2014-04-08,2014,-0.9252480749202936,0.9727449160408241
2014-04-09,2014,-0.7117125812460087,0.2950539551226816
2014-04-10,2014,-1.108977435559952,-0.029615225578605298
2014-04-11,2014,-1.2796952801389243,-1.5034715790773312
2014-04-14,2014,-1.231780192137726,-0.5386444359644305
2014-04-15,2014,-0.608102692694213,-0.5001844850847315
2014-04-16,2014,-0.553075430106923,-1.483445430320185
2014-04-17,2014,-0.43777089271522635,-0.8591080660453332
2014-04-18,2014,-0.5405902945967412,-1.0731978239388984
2014-04-21,2014,-0.5640473483016375,-0.43346191958836267
2014-04-22,2014,-0.5407418901799175,-0.907995912959858
2014-04-23,2014,-0.43918657148879525,-0.2905016456549836
2014-04-24,2014,-0.6986696109092508,-0.6233336500679143
2014-04-25,2014,0.625789926467174,0.3930878538246585
2014-04-28,2014,0.3572005701744184,0.09341964718476703
2014-04-29,2014,0.030794309283304573,0.03437739162386322
2014-04-30,2014,0.2623879085302419,1.0147370624152385
2014-05-02,2014,-0.542683236433769,0.23829071241368016
2014-05-05,2014,-0.8088090524357456,0.3322274117489199
2014-05-06,2014,-0.7639054148914068,-0.2760202369958997
2014-05-07,2014,-0.7393418135239176,-0.34633125009838617
2014-05-08,2014,-1.3074034358168423,0.4336629007154924
2014-05-09,2014,-0.3153633609901616,1.3333423325222693
2014-05-12,2014,-0.5231366763717883,2.5828138605296536
2014-05-13,2014,-0.17747141671071712,2.6916717509985366
2014-05-14,2014,-0.06743361456206194,2.777978087155608
2014-05-15,2014,0.21220656394824786,2.5713207929599857
2014-05-16,2014,0.3635510761819226,2.109029133313456
2014-05-19,2014,0.7968875805261092,2.5119383363857883
2014-05-20,2014,0.23335892156679489,2.6122354376059587
2014-05-21,2014,-0.07881427777948777,3.140225807397967
2014-05-22,2014,-0.20859713004208413,1.837645477015215
2014-05-23,2014,0.2014291625417035,1.7153222279207236
2014-05-26,2014,0.15560341120166984,2.061172273055245
2014-05-27,2014,0.1697305008919407,1.9271608087648051
2014-05-28,2014,0.19214982476280712,0.9092593384354419
2014-05-29,2014,0.031000071859252354,0.9593808321440189
2014-05-30,2014,0.2900707746871675,1.3995290830341123
2014-06-03,2014,0.05124867472627061,1.2839427147157023
2014-06-04,2014,0.07459884857749322,1.7540647108101437
2014-06-05,2014,0.02514761757092986,1.926434679106248
2014-06-06,2014,0.084640216215097,1.5253227886487197
2014-06-09,2014,0.0140958330711294,0.7160521852633606
2014-06-10,2014,-0.01710909106060261,0.25839344983988877
2014-06-11,2014,-0.2717853396799158,0.13391406097640335
2014-06-12,2014,-0.29127798918549636,1.2633831813268381
2014-06-13,2014,-0.6183795137273949,1.2009060076834555
2014-06-16,2014,-0.5428598360228848,2.0660811285101444
2014-06-17,2014,-0.3066302094517697,2.17864640824188
2014-06-18,2014,-0.3125326496939663,2.2093916656698687
2014-06-19,2014,-0.15730540316403413,2.2477650612173106
2014-06-20,2014,-0.07002692535254365,2.5476099846987843
2014-06-23,2014,-0.04341597387684174,3.1625371816196957
2014-06-24,2014,-0.5592152467676504,3.079967986848642
2014-06-25,2014,-0.8138049870637776,2.6814078094298255
2014-06-26,2014,-0.5582078415847259,2.619692863595313
2014-06-27,2014,-0.5686405504834132,2.030874099988944
2014-06-30,2014,-0.3752918249644346,1.3545092286121552
2014-07-01,2014,-1.0674266283781908,1.347713176980947
2014-07-02,2014,-0.8068768129007491,-0.002424891617880398
2014-07-03,2014,-0.36566519959245986,-1.2385802148383918
2014-07-04,2014,-0.35362754863942764,-1.1469971240950394
2014-07-07,2014,-0.12885506319767365,-0.8322304153274285
2014-07-08,2014,0.024316488957633657,-0.33176021773205777
2014-07-09,2014,-0.23521221190368577,0.39578587099236007
2014-07-10,2014,-0.34619170572319524,-1.3155088488173705
2014-07-11,2014,-0.3196518153323499,-0.7967699540009088
2014-07-14,2014,-0.6130553864339088,-1.3489070722561225
2014-07-15,2014,-0.5756816100317887,-1.2764952446241429
2014-07-16,2014,-0.31380550583869005,-1.7805462042672748
2014-07-17,2014,0.08181050131644223,-1.5064454138074668
2014-07-18,2014,-0.1254510593149562,-0.7529010304255679
2014-07-21,2014,-0.18532755366013554,-3.172661283745193
2014-07-22,2014,-0.558396270860388,-3.7411994071179677
2014-07-24,2014,-0.35330196681600334,-4.157421537983574
2014-07-25,2014,0.19241159915198838,-3.743184074225936
2014-07-28,2014,0.22150189722001584,-2.6248967641807286
2014-07-29,2014,0.32140996586320375,-2.4357210696899667
2014-07-30,2014,0.052926192797657645,-2.2833655480776094
2014-07-31,2014,0.32967431112661827,-0.9149997048041758
2014-08-01,2014,0.28659976760875416,-0.6442554964058878
2014-08-04,2014,0.01057793385878808,-2.0243960733918764
2014-08-05,2014,0.26521140791825837,1.1195172751776505
2014-08-06,2014,0.34257973552790943,1.5756832098092977
2014-08-07,2014,-0.09667477677675422,1.3353863136591704
2014-08-08,2014,-0.4110251669235135,3.237302387419727
2014-08-11,2014,-0.6188537378064527,2.373401679510656
2014-08-12,2014,-0.24388842514023662,2.5192292581565967
2014-08-13,2014,-0.2586217378162681,2.75453862994528
2014-08-14,2014,0.1925494686353733,2.6841129676153708
2014-08-15,2014,0.2991336553822662,2.4922856016361905
2014-08-18,2014,0.6810262696853627,4.066703787531556
2014-08-19,2014,0.40433347375976625,1.6869722126662268
2014-08-20,2014,0.4872353299234297,1.7474066138748245
2014-08-21,2014,0.41248671103236595,1.8967123364651561
2014-08-22,2014,0.433164669582247,0.29679854159336827
2014-08-25,2014,0.3792948790099012,0.47015000074541735
2014-08-26,2014,0.41733753003618546,-0.386950764107985
2014-08-27,2014,0.5242281897118873,-1.7146007786547734
2014-08-28,2014,0.3652826365926464,-2.692340560666029
2014-08-29,2014,0.2632491880725781,-2.3188187705523666
2014-09-01,2014,0.3245032209823481,-3.9909345678467267
2014-09-02,2014,0.1730990006867786,-2.176128650640652
2014-09-03,2014,-0.16112931265863875,-2.257270894728769
2014-09-04,2014,-0.3034646959435733,-1.9985385342283002
2014-09-05,2014,0.006363149571739104,-2.9048867233422038
2014-09-09,2014,0.08279265232753732,-3.70830449496915
2014-09-10,2014,0.10308996619161279,-2.769083131269634
2014-09-11,2014,0.19631409604170935,-3.3397154334196877
2014-09-12,2014,0.5241546759322617,-2.5301468690842044
2014-09-15,2014,0.43680609545383103,-2.784932074562829
2014-09-16,2014,0.607908968958308,-1.8227604178071677
2014-09-17,2014,1.0865104055590777,-2.2284525462824445
2014-09-18,2014,0.8318127242820472,-2.8346773800669745
2014-09-19,2014,1.077258985048454,-1.4519855634736456
2014-09-22,2014,1.011397096967641,-0.4325288872589539
2014-09-23,2014,0.8754118748558722,-0.4853107904324805
2014-09-24,2014,0.9088026009271571,-1.5750965270061257
2014-09-25,2014,1.2365578168485079,-0.5010214623612397
2014-09-26,2014,1.144904816753598,-3.0971699099648253
2014-09-29,2014,1.0946670001672731,-2.146804512117284
2014-09-30,2014,1.4020230511506568,-3.4728758592693976
2014-10-01,2014,0.5945143649892283,-3.966181178297401
2014-10-02,2014,0.4783308194740977,-5.150977305215843
2014-10-03,2014,0.09145851782827516,-4.866312039603448
2014-10-06,2014,0.35772732663055207,-4.843245953333319
2014-10-07,2014,0.29572731634298943,-3.2295778807429842
2014-10-08,2014,0.11415386002560028,-2.5025739292789284
2014-10-09,2014,-0.1819828151557062,-3.5736591110853366
2014-10-13,2014,-0.2542564734376347,-0.9597779458846212
2014-10-14,2014,-0.6681428795334913,0.058847747419998875
2014-10-15,2014,-0.6719556884239443,2.8671909569742304
2014-10-16,2014,0.1625882336456037,2.9463647640811663
2014-10-17,2014,-0.042217739147025826,5.425660880923977
2014-10-20,2014,-0.8095159416135926,3.9445281964738177
2014-10-21,2014,-0.2321322415249715,3.865440965770972
2014-10-22,2014,-0.3949362577852203,2.4434124334339558
2014-10-23,2014,-0.32573746546058946,1.831963321792185
2014-10-24,2014,0.45512516516277896,3.083618917859221
2014-10-27,2014,0.4866014674489631,4.893495198069475
2014-10-28,2014,0.2858945335254382,2.9701774082327104
2014-10-29,2014,0.4557819460424488,0.171502120471545
2014-10-30,2014,0.4731182920714055,1.041845980060918
2014-10-31,2014,0.23424029009667144,0.0904759570172331
2014-11-03,2014,0.03727239420519903,-1.337833125667709
2014-11-04,2014,-0.2163323995200393,-1.4474067712516692
2014-11-05,2014,-0.3847191030997511,0.007140785040049558
2014-11-06,2014,-0.5865167664075506,2.1128059547723455
2014-11-07,2014,-0.4714965918964865,2.007378301778817
2014-11-10,2014,-0.4023548359912302,0.7994492805508902
2014-11-11,2014,-0.354008234167621,0.9087749359651287
2014-11-12,2014,-0.276252522786122,2.280985990503348
2014-11-13,2014,-0.3664723613763462,2.055971325079309
2014-11-14,2014,-0.3062568421383033,2.273992305363093
2014-11-17,2014,-0.09669442708639071,2.626179174934906
2014-11-18,2014,0.5707250871644515,1.9835039118101694
2014-11-19,2014,0.5536635383433819,2.3654392831163884
2014-11-20,2014,0.8476173294000449,1.6107731468784081
2014-11-21,2014,1.0417383503848447,1.265353576350714
2014-11-24,2014,0.5421858358577264,0.7120987730108608
2014-11-25,2014,0.4703241531866973,0.13887304414978985
2014-11-26,2014,0.5542741940290922,-0.9891048288880433
2014-11-27,2014,0.5779302992587908,-1.6610458347835477
2014-11-28,2014,0.02824182755307244,-1.7396036855825803
2014-12-01,2014,0.31954907703937846,-1.4486093547612322
2014-12-02,2014,0.4882380892041812,-0.9284111750245572
2014-12-03,2014,-0.015529730160025535,-3.7808192901345516
2014-12-04,2014,0.43924223250528627,-3.755835973771604
2014-12-05,2014,0.4500956222618825,-2.248937443586474
2014-12-08,2014,0.34311314002956655,-1.004539967716278
2014-12-09,2014,0.3380720913920393,-0.3416621936925601
2014-12-10,2014,0.29126774401526895,1.7052399426050968
2014-12-11,2014,0.3245383887977494,1.6157646617634303
2014-12-12,2014,-0.2843713363619043,2.0686072183026427
2014-12-15,2014,-0.3736168281584576,2.591582337576792
2014-12-16,2014,0.3426334264238675,3.746769881498091
2014-12-17,2014,0.4169972034812746,4.984731025921008
2014-12-18,2014,0.37457267020239476,4.827659222199832
2014-12-19,2014,0.38992657805121167,3.051162728678869
2014-12-22,2014,0.19251613817807334,-0.5130291368883988
2014-12-23,2014,0.32742539205669713,-0.193675111648961
2014-12-24,2014,0.31907774043439535,0.5644348358077034
2014-12-25,2014,0.22509857937228875,0.6210488388090019
2014-12-26,2014,0.11972086518089183,-0.3882106387296913
2014-12-27,2014,0.1860623094507785,0.14427509898573554
2014-12-29,2014,0.48117982542154963,-1.1420073484753934
2014-12-30,2014,0.32878817145937905,-1.1149676913997264
2014-12-31,2014,0.3585977839922019,-1.8154644868629388
2015-01-05,2015,-0.117474420767949,-1.0788097186684387
2015-01-06,2015,-0.0434121978923135,2.2473735513917514
2015-01-07,2015,-0.2570107252416423,2.6389606270422306
2015-01-08,2015,-0.5266396722344675,1.4232471641681066
2015-01-09,2015,-0.369573203013177,2.770959614044921
2015-01-12,2015,-0.030291228131599335,3.2617151324319416
2015-01-13,2015,0.004660386267813231,3.139041140405996
2015-01-14,2015,0.34203592024969554,3.602197330567969
2015-01-15,2015,0.3402886207161274,2.8566004261823874
2015-01-16,2015,0.5007349694184524,2.4470661360057377
2015-01-19,2015,0.8706991125574548,2.3210007346801786
2015-01-20,2015,0.5200140011889485,2.1297730468703424
2015-01-21,2015,0.27416783829448305,2.083863124496377
2015-01-22,2015,0.7557298538927368,1.5213175502240661
2015-01-23,2015,0.9372215925877642,-0.15584514314312958
2015-01-26,2015,0.34635834951646854,-0.5926562119170642
2015-01-27,2015,0.18942490703582118,-1.3431580229772533
2015-01-28,2015,-0.04453604993984385,-0.5120429989948438
2015-01-29,2015,0.1693154771029402,0.7362971920779948
2015-01-30,2015,0.3895361839662589,1.7902329759632352
2015-02-02,2015,-0.2952423064435619,2.582084352918246
2015-02-03,2015,0.08499713346770024,2.654430807103192
2015-02-04,2015,-0.10754876095240454,1.137070734250445
2015-02-05,2015,0.3923357616640465,0.9389143244621367
2015-02-06,2015,0.17500558090491858,1.5819284319883886
2015-02-09,2015,0.0439908822712735,2.1252454492384443
2015-02-10,2015,0.17225514794080948,2.143883666712787
2015-02-11,2015,-0.4012805482445402,1.9398196194973405
2015-02-12,2015,-0.004557060029211813,0.7020621694110663
2015-02-13,2015,0.8076564793221284,0.07366590727120315
2015-02-24,2015,0.5595833154327677,-1.10277204012309
2015-02-25,2015,0.39151526254843444,-1.0674733028576688
2015-02-26,2015,0.036119228254085124,-0.4442897080678909
2015-03-02,2015,-0.3377520884648888,-0.9212236599815071
2015-03-03,2015,-0.4663064109522235,-0.6905224672254295
2015-03-04,2015,-0.45495598864359205,0.3294625810535079
2015-03-05,2015,-0.6525690349781854,1.4761716669671632
2015-03-06,2015,-0.5745954405912072,1.077363445323698
2015-03-09,2015,-0.5351083148057565,2.0402635998402197
2015-03-10,2015,-0.2892225873144825,2.046132083682428
2015-03-11,2015,-0.325672256559113,1.5189254009690067
2015-03-12,2015,-0.6956271275881648,0.24093372238433997
2015-03-13,2015,-0.4818796747224335,-0.7895107705637727
2015-03-16,2015,0.24819604882051283,0.09418779321996862
2015-03-17,2015,-0.07747648931162994,0.4926913948827272
2015-03-18,2015,-0.6078141712904992,-1.5100332213524137
2015-03-19,2015,-0.045753528597939554,-1.400983697812308
2015-03-20,2015,-0.6426994840976563,-1.105573613109756
2015-03-23,2015,-0.21941336140591744,-1.9073404733918276
2015-03-24,2015,-0.24662194736613033,-1.681316445498493
2015-03-25,2015,0.27569254493107875,-0.5185238052386021
2015-03-26,2015,0.4581164240615395,0.49276856926621093
2015-03-27,2015,0.4421706400869523,1.4573240794131248
2015-03-30,2015,0.4293163868483722,0.19103390405454945
2015-03-31,2015,0.23366653231045897,0.734683573881445
2015-04-01,2015,-0.2271676255865224,0.6654634263320469
2015-04-02,2015,0.10232915794074057,-0.49446268457717935
2015-04-07,2015,0.10121897371633834,-1.1192814694199305
2015-04-08,2015,-0.10951529795878154,0.4286473944235203
2015-04-09,2015,0.08406651257794913,2.398087800636284
2015-04-10,2015,0.24449209080661755,3.0732919512981294
2015-04-13,2015,-0.2310211668966767,3.171772261372241
2015-04-14,2015,0.1206889872718423,3.2628378112094625
2015-04-15,2015,0.2548350218730018,3.288973025326891
2015-04-16,2015,0.5704173359391863,1.6897814716362314
2015-04-17,2015,0.376339515370761,2.86398500459204
2015-04-20,2015,-0.024751688553272106,2.797908477574751
2015-04-21,2015,0.5362705708231768,2.981126455058658
2015-04-22,2015,0.8347677675785654,0.9477790492042004
2015-04-23,2015,-0.40172160495996606,-1.0767043395808473
2015-04-24,2015,-0.06113736686179052,-2.5174311630459467
2015-04-27,2015,0.1631421809047084,-2.9317806263235657
2015-04-28,2015,-0.12510754171886518,-2.337290081280885
2015-04-29,2015,-0.6589357514241518,-2.4660461972654257
2015-04-30,2015,-0.9261170134456677,-2.4497838605709754
2015-05-04,2015,-0.7114327867345407,-2.427008930385255
2015-05-05,2015,-0.5745500081675174,-1.0525318911256631
2015-05-06,2015,-0.23485038766132918,-1.3535067527652878
2015-05-07,2015,0.13826461407394008,-1.2937817069262558
2015-05-08,2015,0.3320378298993879,-0.5489063144861861
2015-05-11,2015,0.4551860938071498,-0.19195506492323267
2015-05-12,2015,0.3979585860885301,-0.11693333044098253
2015-05-13,2015,0.5198715743606457,-0.3143732434125024
2015-05-14,2015,1.083027863374589,1.061406767157469
2015-05-15,2015,1.106518884880186,1.2692755765448593
2015-05-18,2015,0.9592394752733631,0.20393291762526022
2015-05-19,2015,0.7862786908844445,-1.0549802043271606
2015-05-20,2015,1.0212099189815842,-1.329745769624302
2015-05-21,2015,1.1350841953167676,-2.4004652056259013
2015-05-22,2015,1.2057222125311058,-3.0986222351330084
2015-05-25,2015,0.839129088573235,-2.8692081114174206
2015-05-26,2015,0.6743439613477759,-4.93866740576725
2015-05-27,2015,0.8855727922938827,-4.075291379619839
2015-05-28,2015,0.9023585670327376,-4.2248199290835675
2015-05-29,2015,0.6961014198469676,-4.114391505266934
2015-06-01,2015,0.9538785312560595,-3.804506482132719
2015-06-02,2015,0.9700088697490481,-4.175880410972866
2015-06-03,2015,1.0075399735529817,-3.8370662123869415
2015-06-04,2015,1.1197790277555664,-1.3933592408727047
2015-06-05,2015,1.1082035664438517,0.017558642117410095
2015-06-08,2015,1.2244554573993047,0.24240988084449633
2015-06-09,2015,1.1490166114619902,2.2350185544399492
2015-06-10,2015,1.014176825795506,1.9125665429908123
2015-06-11,2015,1.0683199770741503,1.7208295843371024
2015-06-12,2015,0.7766591334692535,-0.7077025950528504
2015-06-15,2015,1.4141529320656319,0.6862156406191477
2015-06-16,2015,0.9768636221724336,1.7633114000334293
2015-06-17,2015,0.9167773847801357,2.0610827403771292
2015-06-18,2015,0.8658589218124282,1.517187962730926
2015-06-22,2015,0.8147346490004181,-0.9185625422163168
2015-06-23,2015,0.7849588150199248,-1.5012021969643685
2015-06-24,2015,0.8533153440280838,-4.482133716989212
2015-06-25,2015,1.0643862499182066,-5.932775734091445
2015-06-26,2015,1.031967807091044,-4.529953279077459
2015-06-29,2015,1.3405615886551954,-2.104134862117124
2015-06-30,2015,1.0013783909086125,-2.8834004432040206
2015-07-01,2015,-0.7121375587923412,-3.5521261878375343
2015-07-02,2015,-1.3816395910496937,-3.5531663546300107
2015-07-03,2015,-1.214651556172899,-4.095112003017665
2015-07-06,2015,-1.1152680258733525,-2.700962406924834
2015-07-07,2015,-0.8452442034795089,-3.583289370129805
2015-07-08,2015,-0.7755157133309825,-2.060915028893362
2015-07-09,2015,0.3057792371650745,-1.6408780217474828
2015-07-13,2015,0.040390840172138245,-5.282756544224432
2015-07-14,2015,-0.093484706314132,-5.0794314381270915
2015-07-15,2015,-0.17742472617571328,-5.41980517328976
2015-07-16,2015,-0.12741560526325063,-4.321067526633415
2015-07-17,2015,-0.06132338066402783,-4.207835966915685
2015-07-20,2015,0.026204843455858773,-5.020501392757659
2015-07-21,2015,0.4183741892978511,-5.497470563937645
2015-07-22,2015,0.4629578377849765,-4.2206823864464615
2015-07-23,2015,0.403143429341495,-3.8852842413708566
2015-07-24,2015,0.46402513067368495,-3.7132207859158273
2015-07-27,2015,0.36395797264780017,-1.049939929972843
2015-07-28,2015,0.23131239017696165,-2.1945845552980625
2015-07-29,2015,-0.0007953884003326639,-3.2708665168833306
2015-07-30,2015,0.06750264080173993,-3.9270692100435878
2015-07-31,2015,0.15145043290506294,-4.1510200407600895
2015-08-03,2015,0.12101349695937713,-3.648229026994243
2015-08-04,2015,0.12072653065576637,-3.9201678796267347
2015-08-05,2015,-0.03986508268959791,-6.092408692303097
2015-08-06,2015,0.3825615093051319,-4.967714295182224
2015-08-07,2015,0.27424941882172327,-7.762941097735343
2015-08-10,2015,0.3672499848961482,-12.47809099971182
2015-08-11,2015,0.4297524169678398,-8.559542728617808
2015-08-12,2015,0.44123516908140337,-6.854569028584933
2015-08-13,2015,0.610158560426582,-5.861468236494405
2015-08-14,2015,0.2799344182662452,-3.4489816558386677
2015-08-17,2015,0.5042493795667892,-0.46874505382654696
2015-08-18,2015,0.97301237584219,-1.9524973034845572
2015-08-19,2015,0.9317795008775684,0.16766726835737433
2015-08-20,2015,0.9023375208594464,0.8236807595696449
2015-08-21,2015,0.6675439022677299,2.7440888053299695
2015-08-24,2015,0.3916077541824633,7.775891524545431
2015-08-25,2015,0.22393757754319515,4.245378886972295
2015-08-26,2015,0.12531682366968214,7.404877656796183
2015-08-27,2015,0.4423698295644135,5.6761091692173915
2015-08-28,2015,0.30259569618714843,3.57443030334772
2015-08-31,2015,0.41953576208223103,1.6192207385515855
2015-09-01,2015,0.25843834959456913,3.023737895319756
2015-09-02,2015,0.4784611557824534,3.708640260650209
2015-09-03,2015,0.5482381738763369,4.317590894212531
2015-09-04,2015,0.38481507458868547,5.768817338699583
2015-09-07,2015,0.2820020720761202,4.01274140556136
2015-09-08,2015,0.2504881792963168,4.5543960507404835
2015-09-09,2015,0.5642815517623518,-1.1282840910736391
2015-09-10,2015,0.6315204851119861,-1.7606195910350841
2015-09-11,2015,1.00836587052159,-2.0885355088359647
2015-09-14,2015,0.6524463745227007,-1.517341997209698
2015-09-15,2015,0.6749674930052262,0.43523055112657527
2015-09-16,2015,0.5636810092877754,-0.33912176343317
2015-09-17,2015,0.6860432974903405,-1.1028358297318075
2015-09-18,2015,0.6078003401530278,-0.8040519301264148
2015-09-21,2015,0.44954106225163953,2.265427878040782
2015-09-22,2015,0.13321064261098264,0.9567387687188011
2015-09-23,2015,0.21392279432217212,4.641529422390156
2015-09-24,2015,-0.047186603592058673,5.475988231094031
2015-09-25,2015,0.11395338259934758,4.797629221565725
2015-09-30,2015,0.05660217788412194,5.137118578601796
2015-10-01,2015,-0.5401325774365516,3.7248340754634235
2015-10-02,2015,-0.2623882909336789,3.930991218574764
2015-10-05,2015,0.021165763383844467,3.6066453074340643
2015-10-06,2015,0.04775256378902614,2.5628715407250313
2015-10-07,2015,0.24245576761323137,1.33286561988315
2015-10-08,2015,-0.44696860152335527,2.697739510961461
2015-10-12,2015,-0.1578802570191427,2.0019314836500435
2015-10-13,2015,0.10022536422803119,1.5569706533207661
2015-10-14,2015,0.27194167620034465,1.6835415857534786
2015-10-15,2015,-0.24430651445140797,-0.3538909402059254
2015-10-16,2015,-0.05033910461359694,-0.5884984805257565
2015-10-19,2015,-0.38011714082612535,-0.19382494352081503
2015-10-20,2015,-0.5764553381877073,0.6886151428307397
2015-10-21,2015,-0.49458051256941216,2.8781900355780987
2015-10-22,2015,0.10817118006004045,2.8079354495461617
2015-10-23,2015,0.2979159783868734,0.22781223015031493
2015-10-26,2015,-0.1777401574829256,-1.1763952541690825
2015-10-27,2015,-0.10529113117186442,-1.8895983597890909
2015-10-28,2015,-0.18506182513622224,-2.8961491993413246
2015-10-29,2015,-0.05468591125915705,-1.6682845102367505
2015-10-30,2015,-0.20222977516225007,-2.6280319511450934
2015-11-02,2015,-0.609173172975668,-3.7072376859742184
2015-11-03,2015,-0.42119592927093075,-3.371555079138644
2015-11-04,2015,-0.08864685136461378,-5.832097025861982
2015-11-05,2015,0.28523438789515243,-4.214377560682381
2015-11-06,2015,-0.7551811482129547,-2.624008318791926
2015-11-09,2015,-0.3996927273428586,-1.8137155075857891
2015-11-10,2015,-0.07864922441450825,-1.6019866696341811
2015-11-11,2015,-0.7444588020856437,-0.34319626476975174
2015-11-12,2015,0.02068589974426444,0.6740554502858931
2015-11-13,2015,-0.020576202683360963,0.8271805030313883
2015-11-16,2015,-0.5879247822030591,0.30390336813175267
2015-11-17,2015,-0.31290744222620537,0.5211760430053225
2015-11-18,2015,-0.18620436507846658,1.4019593620023807
2015-11-19,2015,-0.44573563267666055,-0.2493747935639279
2015-11-20,2015,-0.3144092628447766,-0.7896804068301178
2015-11-23,2015,-0.16930460561030572,-0.3707400541850703
2015-11-24,2015,-0.10248286039575491,-0.6699888335194304
2015-11-25,2015,-0.05987477204225975,-1.8662958957230358
2015-11-26,2015,-0.7237234728525331,-3.167155770839958
2015-11-27,2015,-0.3229747401671075,-3.363855020003803
2015-11-30,2015,0.1402091201145393,-3.3705461498616196
2015-12-01,2015,-0.5851496596364184,-4.6075407937801955
2015-12-02,2015,-0.4087364201571516,-3.2248681627923492
2015-12-03,2015,-0.49242989025149086,-1.6129261145261475
2015-12-04,2015,-0.24953685220664198,-1.6821851260924503
2015-12-07,2015,-0.015074731439119419,-2.0356577208913373
2015-12-08,2015,0.4370673441655272,-0.6126660802074912
2015-12-09,2015,0.4557666486802129,1.045977821576205
2015-12-10,2015,0.437992478594014,1.3167935911744921
2015-12-11,2015,0.49493919512930074,3.048217755538829
2015-12-14,2015,0.5166891777763947,3.9592495671727956
2015-12-15,2015,0.3507527448546452,2.7319514204140694
2015-12-16,2015,0.12941880043851745,1.1647398914554685
2015-12-17,2015,0.3487173686860341,0.22104242115372763
2015-12-18,2015,0.3245462803604921,-1.7325233853114463
2015-12-21,2015,0.15742534523121685,-2.500069426249407
2015-12-22,2015,0.39773996292354197,-3.645960201332721
2015-12-23,2015,0.3630408608018393,-5.57547771083613
2015-12-24,2015,0.18703620849080138,-5.170247322316679
2015-12-25,2015,0.0634681771329807,-6.873618962894945
2015-12-28,2015,0.2183708819330043,-7.059169778273344
2015-12-29,2015,0.3434312686986577,-5.658368610221231
2015-12-30,2015,0.3235567182216431,-6.486843583144419
2015-12-31,2015,0.299542147108138,-6.908681395912231
2016-01-04,2016,-0.5600432154549114,-3.735152681821874
2016-01-05,2016,-0.2563201138163637,-2.7272693498912037
2016-01-06,2016,-0.2384562770629175,-3.64525386120077
2016-01-07,2016,-0.21829898452220214,-2.394912927308246
2016-01-08,2016,-0.09179763761827128,-1.745509547160684
2016-01-11,2016,0.06438639116563169,1.3575282278048606
2016-01-12,2016,0.06208005871984812,0.7751868133282658
2016-01-13,2016,0.9361373266768066,0.32231638381976513
2016-01-14,2016,1.0334950508433034,2.095086066166596
2016-01-15,2016,1.1745550623020427,4.104478092658992
2016-01-18,2016,0.8949023624043562,4.276306524750417
2016-01-19,2016,0.9362232222939376,3.845762124946539
2016-01-20,2016,0.891599405820642,5.612589490746989
2016-01-21,2016,0.7389230207592181,5.206021390890658
2016-01-22,2016,0.5110077251762987,4.001067535823055
2016-01-25,2016,0.5880110706560502,4.027286028261434
2016-01-26,2016,0.3600270985616211,4.925229956046162
2016-01-27,2016,0.5570547375579256,5.921656902124006
2016-01-28,2016,0.8970757661007628,5.3122667644938115
2016-01-29,2016,2.0317042373127863,3.0453184169492387
2016-01-30,2016,1.0401737660309636,2.3256613396094084
2016-02-01,2016,0.9041147514625292,1.5434671740452321
2016-02-02,2016,1.7420374786102315,2.8854147706868893
2016-02-03,2016,1.5984458973194957,4.31799578320724
2016-02-15,2016,1.9075446776249732,5.196547205668867
2016-02-16,2016,1.9454613121976476,4.042586095832101
2016-02-17,2016,2.2515455436535494,4.83963843321058
2016-02-18,2016,1.4094816390578226,3.9554185553966503
2016-02-19,2016,1.6029619269671458,4.01811883186145
2016-02-22,2016,1.4261797826574374,4.054797350204398
2016-02-23,2016,1.3653233792766648,3.5930766055882524
2016-02-24,2016,1.3212288798641603,4.561709361259281
2016-02-25,2016,1.227786052179469,4.067483797242599
2016-02-26,2016,1.1560433692498573,4.003490600583026
2016-03-01,2016,0.8628723933034907,1.4788426162162471
2016-03-02,2016,0.979630801151149,1.8151813250156579
2016-03-03,2016,1.1636750303045489,1.4253714965181352
2016-03-04,2016,1.1242150580827825,1.9339276107617875
2016-03-07,2016,0.9855607381356026,1.7685676507440018
2016-03-08,2016,1.2013061111605747,1.4008039878536271
2016-03-09,2016,1.4420277356975841,1.5285883547927925
2016-03-10,2016,1.2834847178006108,0.9546572447954427
2016-03-11,2016,1.1693405531067953,-0.013438791473607825
2016-03-14,2016,0.6493155297880717,-0.6567290435418704
2016-03-15,2016,0.7134317896305593,0.07165103969490882
2016-03-16,2016,0.46622201034526556,0.435675250656975
2016-03-17,2016,0.25793244424085116,0.11780815017161661
2016-03-18,2016,0.24217468113995227,-1.7383389079881129
2016-03-21,2016,0.2777962964705146,-3.3973697050847185
2016-03-22,2016,0.2247355787451042,-3.362631008641337
2016-03-23,2016,0.29488626817184593,-2.562031646948637
2016-03-24,2016,0.19657374975760425,-2.067735818413463
2016-03-25,2016,0.32574881666430594,-1.9964457086009357
2016-03-28,2016,0.054396125130077,-0.44151913882480853
2016-03-29,2016,0.13490250799945072,0.5844023974887813
2016-03-30,2016,0.21474435066259429,-0.41947845036764964
2016-03-31,2016,0.30236393029815123,-0.9013325587804433
2016-04-01,2016,-0.47300767897182344,-0.27525108142604227
2016-04-06,2016,-0.48784739161761204,0.013860665077003453
2016-04-07,2016,-0.34461391291885757,0.9234121492299963
2016-04-08,2016,-0.5769518870658736,-0.06731838670023249
2016-04-11,2016,-0.41178260159902347,-0.026977818627305084
2016-04-12,2016,-0.19329325457215735,0.5906568610672736
2016-04-13,2016,-0.4401426551465371,-1.0290011188061166
2016-04-14,2016,-0.2995913062130816,-2.2363461629426706
2016-04-15,2016,-0.3510602827602933,-3.7066154505717486
2016-04-18,2016,-0.2964374984106569,-4.291363614858501
2016-04-19,2016,-0.016512073437971887,-5.191852411243348
2016-04-20,2016,-0.09824025708663811,-4.069772904510893
2016-04-21,2016,0.13528844499363152,-4.92749733038459
2016-04-22,2016,0.12340934201929517,-4.732097355241194
2016-04-25,2016,0.14725230843506615,-4.719354974370004
2016-04-26,2016,0.15169998628641473,-5.197300727023135
2016-04-27,2016,0.4314948337089238,-5.313527306275212
2016-04-28,2016,0.4585032155126144,-4.958537244493966
2016-04-29,2016,0.5563237291111606,-3.7037921197435986
2016-05-03,2016,0.07489292396807654,-1.8523966376179923
2016-05-04,2016,0.13151163977258795,-0.3150704846514585
2016-05-05,2016,-0.009854452149076497,-0.8812481941635419
2016-05-06,2016,0.1000952149904432,-0.1862165390238424
2016-05-09,2016,0.04446542166813454,2.614540638454077
2016-05-10,2016,-0.22039684409790983,1.7700449591664835
2016-05-11,2016,-0.5855582762817806,3.20371308182843
2016-05-12,2016,-0.3669234009606356,3.5282219522573266
2016-05-13,2016,-0.18727827040995576,5.089840805891477
2016-05-16,2016,0.49939874384838345,5.804328424810357
2016-05-17,2016,0.2959433527559863,4.8536449939069914
2016-05-18,2016,0.7209807732310051,5.361484764108382
2016-05-19,2016,-0.08555386437503258,5.682326290331763
2016-05-20,2016,0.39195000148745035,5.609216775751857
2016-05-23,2016,0.0648879664735487,2.961612762510124
2016-05-24,2016,-0.543562857640618,3.5714027559254458
2016-05-25,2016,-0.3489389882475517,3.378909506681582
2016-05-26,2016,-0.4947619878067737,3.828394161627413
2016-05-27,2016,-0.1679810166538115,0.8579081503046426
2016-05-30,2016,-0.17879512973496609,0.4715395150113544
2016-05-31,2016,-0.020458100797940075,0.8292338315219139
2016-06-01,2016,-0.276656458854844,-1.198302695308684
2016-06-02,2016,-0.06966186602028157,0.14095338720572226
2016-06-03,2016,-0.19318055402800746,0.44903206573381205
2016-06-04,2016,-0.2306053428317277,1.0857154163907312
2016-06-06,2016,-0.15414847467832515,1.385814535349672
2016-06-07,2016,0.02737113387998693,-0.03709720158066032
2016-06-08,2016,-0.005006354796613594,-2.736395471046915
2016-06-13,2016,0.024787627927247268,-0.9061387827398848
2016-06-14,2016,0.417209054357533,-0.823332695904444
2016-06-15,2016,0.558827834265193,-0.23017834464473808
2016-06-16,2016,0.39596283246970004,2.0301054609413116
2016-06-17,2016,0.5901544398504596,1.9859758545671902
2016-06-20,2016,0.13514007583606608,1.5611088440421472
2016-06-21,2016,0.4097610498636614,0.3594765597563443
2016-06-22,2016,0.2644093075064462,-1.6119317366986907
2016-06-23,2016,0.1206754390477498,-0.41225445677379735
2016-06-24,2016,0.25147510373716175,3.6508241722592594
2016-06-27,2016,0.8287908765466441,4.5229445540597935
2016-06-28,2016,0.9640173096516748,4.141315453159189
2016-06-29,2016,0.7770613097511189,3.258580851936066
2016-06-30,2016,0.18386787909548308,3.2685326853268526
2016-07-01,2016,-0.9639490078895913,3.0895237484893867
2016-07-04,2016,-0.8982648589995813,3.130957082750241
2016-07-05,2016,-1.0845844036860048,3.3456592248570782
2016-07-06,2016,-0.43494063764572494,5.6066233274057575
2016-07-07,2016,-0.39749381226728486,4.307763881350457
2016-07-11,2016,-0.9833596574336758,2.335408872960376
2016-07-12,2016,-1.2524708451537296,2.073526318051555
2016-07-13,2016,-0.8681378922324097,2.3215827947277834
2016-07-14,2016,-0.7968344884647321,2.371660974740464
2016-07-15,2016,-0.6810994758530087,0.386151723213235
2016-07-18,2016,-0.6249183019018508,0.804821379608156
2016-07-19,2016,-0.7789634393672458,0.3751022427550099
2016-07-20,2016,-0.716752676863137,-0.06627677715017599
2016-07-21,2016,-0.5662049838591174,-0.3516787831141177
2016-07-22,2016,-1.032334783224043,0.8762761923147844
2016-07-25,2016,-0.8037563841652384,1.7637435537558588
2016-07-26,2016,-0.6110951455373981,1.443690102484374
2016-07-27,2016,-0.651825997415855,1.5119066927496316
2016-07-28,2016,-0.20410575875180256,0.6080443864689977
2016-07-29,2016,-0.6437965492097659,1.8474223683024205
2016-08-01,2016,-0.6861686257265704,0.7466376527826668
2016-08-02,2016,-0.22797608258561647,0.4587176196084286
2016-08-03,2016,-0.670391453304576,1.288532956516053
2016-08-04,2016,-0.7991051288600608,1.0835805250251962
2016-08-05,2016,-0.628546194533915,-0.6362652494687704
2016-08-08,2016,-0.37662626023516593,-1.8409312959413282
2016-08-09,2016,-0.41593359384784084,-1.3560777185999462
2016-08-10,2016,-0.29333831885366407,-1.9894743935603088
2016-08-11,2016,-0.055751435985156174,-0.17915357600831738
2016-08-12,2016,0.03690475196171872,-0.2040350192724083
2016-08-15,2016,0.06401023006121809,-0.4190846378262725
2016-08-16,2016,0.21715857686100964,0.0021953029298416027
2016-08-17,2016,0.3765366633740954,-0.5357710826195294
2016-08-18,2016,0.3761241985843724,-1.3302274595779706
2016-08-19,2016,0.6506369992466354,-0.5171419494879093
2016-08-22,2016,0.5521201602495115,1.2059930014106213
2016-08-23,2016,0.27302995578047207,1.6711457181043388
2016-08-24,2016,0.570496393747022,2.680268548070508
2016-08-25,2016,0.22976973827689323,1.6172506738544534
2016-08-26,2016,0.1500923729309323,0.36312983753334915
2016-08-29,2016,0.14681741909925716,-0.6199664770251245
2016-08-30,2016,0.2193037274259173,-1.7946207477915754
2016-08-31,2016,0.46565235182740927,-1.4116453574598786
2016-09-01,2016,0.4428234014870644,-1.0981930086711222
2016-09-02,2016,0.6159280422549993,1.8395447035065127
2016-09-05,2016,0.46111902600063226,0.7860173616879074
2016-09-06,2016,0.6250554560298682,0.5080675463005724
2016-09-07,2016,0.4722602362855895,-0.25715325621255003
2016-09-08,2016,0.22673892849729524,0.2345920117803546
2016-09-09,2016,0.5139777069549227,0.3234084898002143
2016-09-10,2016,1.15965466395522,2.39913228749824
2016-09-12,2016,1.1508829138130168,2.4565611496961015
2016-09-13,2016,0.9755130996888226,3.281238990116142
2016-09-14,2016,1.2381070345047245,4.330004605551396
2016-09-19,2016,0.5946798017078414,1.3045074337257878
2016-09-20,2016,0.26748543133207464,1.3396160924207257
2016-09-21,2016,0.2541790253963356,0.4042910548843093
2016-09-22,2016,-0.3476087684437467,-0.16718533100313904
2016-09-23,2016,-0.3180950796647598,-0.3448714110001361
2016-09-26,2016,0.07391814897177333,0.26809447366473727
2016-09-29,2016,-0.24520937816164956,-1.1404502259758975
2016-09-30,2016,0.03950087975619667,0.10221613749541447
2016-10-03,2016,-0.49267685286836616,-0.12583656407703092
2016-10-04,2016,-0.5334726111797574,-0.040698682245587925
2016-10-05,2016,-0.5026289520509245,0.4848861337233057
2016-10-06,2016,-0.36010653879957655,0.23975933591187104
2016-10-07,2016,-0.22322449539659678,0.6118191501876202
2016-10-11,2016,0.09456097739167464,1.7986251358486305
2016-10-12,2016,-0.03478442525885211,1.1850723040010225
2016-10-13,2016,0.024614334824105043,0.871878921855207
2016-10-14,2016,0.6095943903311785,1.5466161566015657
2016-10-17,2016,0.7012740580510151,1.2412518444414156
2016-10-18,2016,0.5623997911951844,0.5434487963238199
2016-10-19,2016,0.5052905221068151,-1.5612899195281194
2016-10-20,2016,0.3846763943910432,-2.6828760448373012
2016-10-21,2016,0.29235928771387404,-2.5618460936736143
2016-10-24,2016,0.2224364968637628,-1.4230088495575166
2016-10-25,2016,0.28481257628417556,-1.7923106018229884
2016-10-26,2016,0.4808283480372322,-4.475953964057777
2016-10-27,2016,0.7446485388303367,-1.58470033496243
2016-10-28,2016,0.4620831463538943,-3.751617076325997
2016-10-31,2016,0.2165095610471329,-3.764429307694639
2016-11-01,2016,0.1805770681045195,-3.6846873079038445
2016-11-02,2016,-0.15155078918524734,-1.9347765191967792
2016-11-03,2016,1.1067994510950012,-0.7941750934956193
2016-11-04,2016,1.5163115889551624,-0.6545987880659077
2016-11-07,2016,1.5202737830334307,-1.618417730885413
2016-11-08,2016,1.5740914808391457,-0.9117508893476955
2016-11-09,2016,1.164365442062808,2.628030235262524
2016-11-10,2016,0.34304759798364365,-0.0007648450970121345
2016-11-11,2016,0.6355715373517636,2.247325224163177
2016-11-14,2016,0.5707454906562512,3.152431658538779
2016-11-15,2016,0.31544904022533143,2.9263142101190853
2016-11-16,2016,0.5632207031924061,3.1073774131855636
2016-11-17,2016,0.47425147454167205,2.98234848131127
2016-11-18,2016,0.5993415145339966,2.00581876145407
2016-11-21,2016,0.04188655004964968,1.322293390966367
2016-11-22,2016,-0.6950119364709638,1.2851745080413757
2016-11-23,2016,-0.14532485207222542,0.9332954175260255
2016-11-24,2016,-0.16546518242166813,2.444791419683545
2016-11-25,2016,-0.13683806194679224,2.550586467840077
2016-11-28,2016,-0.41727429045453174,1.384696125886986
2016-11-29,2016,-0.4180813429533514,2.0643184898796685
2016-11-30,2016,-0.3640998259837436,1.3831188296137498
2016-12-01,2016,-0.38527818099307354,1.0451739239792923
2016-12-02,2016,-0.8734158414545996,1.4939893291140205
2016-12-05,2016,-0.6588693580538096,0.8586717550918888
2016-12-06,2016,-0.8804190148015841,-0.0903708556152738
2016-12-07,2016,-0.5332962722262946,-0.6436820817172784
2016-12-08,2016,0.168000989994946,-2.742255110464542
2016-12-09,2016,0.07182213010139167,-3.34345469024816
2016-12-12,2016,-0.2992323728061962,-2.5604442381448433
2016-12-13,2016,-0.5547866359967968,-2.9083982971901845
2016-12-14,2016,-0.3002987706115687,-1.783846327915195
2016-12-15,2016,-0.2733876610578091,-2.2142334421255683
2016-12-16,2016,-0.1894043087390151,-0.7856945269428484
2016-12-19,2016,-0.0948429082540898,0.3632301944298977
2016-12-20,2016,0.23727396083764257,0.4820171362231118
2016-12-21,2016,0.16150618902261263,1.67183456356077
2016-12-22,2016,0.08573739997385806,2.7796572995202107
2016-12-23,2016,0.1389557953163438,2.9055012645065936
2016-12-26,2016,0.20017190031058146,2.62443279981206
2016-12-27,2016,0.12605491619725828,2.595927006225529
2016-12-28,2016,0.1421559358951868,2.269002543091281
2016-12-29,2016,-0.15671386257493278,2.466270953306471
2016-12-30,2016,0.2432716344012042,0.41962500675420955
2017-01-03,2017,-0.9096128814263661,0.8805247129263227
2017-01-04,2017,-0.12444493457231882,0.5923359204734302
2017-01-05,2017,0.7277098610780846,-0.42764908411285774
2017-01-06,2017,1.1430190997893777,-0.43490229636095057
2017-01-09,2017,0.5849004242660268,0.8737564785141316
2017-01-10,2017,1.4366505867741108,1.0514843352257497
2017-01-11,2017,1.1743904387755324,0.8905661830951761
2017-01-12,2017,0.8451662325825952,0.4822436977826028
2017-01-13,2017,0.5981311923747333,1.6972266263489244
2017-01-16,2017,0.7752128515979135,2.8220048147235444
2017-01-17,2017,0.662381601794943,2.0174182989417977
2017-01-18,2017,0.38629741106877846,2.6569342440620147
2017-01-19,2017,0.5185862033099073,3.7289710800032516
2017-01-20,2017,-0.8934337802604931,4.0600291915734665
2017-01-23,2017,-1.1073572396506914,3.1274239843803953
2017-01-24,2017,0.1120907012306375,3.72366492202012
2017-02-02,2017,-0.7835848445121268,3.6300889704814043
2017-02-03,2017,-1.2606177862942451,3.217154774545361
2017-02-06,2017,-1.1735810085720717,2.536273289711377
2017-02-07,2017,-0.6130327682551784,2.0790073012258103
2017-02-08,2017,-0.37812211277510566,2.3124197731380747
2017-02-09,2017,-0.26804531019582145,1.9665949961314544
2017-02-10,2017,-0.30254189475194376,1.0730850367127065
2017-02-13,2017,0.4055650461026568,0.41347761968708596
2017-02-14,2017,0.17412466909825475,-0.4527317214712112
2017-02-15,2017,0.10560536946393857,-1.1016596324808003
2017-02-16,2017,-0.21527449214300648,-1.2592042983241791
2017-02-17,2017,0.0980478486771641,-0.7902858267006652
2017-02-18,2017,0.16473086503215612,-0.42791761077800583
2017-02-20,2017,0.19185792972279753,0.002563261288601737
2017-02-21,2017,0.16608489502138435,-1.0786640215568855
2017-02-22,2017,0.20844791831443893,-1.543035020728567
2017-02-23,2017,0.1350580797841722,-0.73669481263261
2017-02-24,2017,0.30900103808927964,-0.064202033337879
2017-03-01,2017,0.4645823169230181,0.6773280632737855
2017-03-02,2017,0.4474474650190123,1.506737654512058
2017-03-03,2017,0.3720327187916631,2.699775398752746
2017-03-06,2017,0.37821290003405056,2.3788991214164
2017-03-07,2017,-0.4200821431922071,2.407253182612168
2017-03-08,2017,-0.25450080957264987,1.7348733012421125
2017-03-09,2017,-0.04763964121501331,2.817486160016802
2017-03-10,2017,-0.06777070363913525,2.857220013938666
2017-03-13,2017,-0.31278561777851055,1.8503012166222854
2017-03-14,2017,-0.19154651317778235,1.3571136090047453
2017-03-15,2017,0.03547385907048238,1.1903111913275977
2017-03-16,2017,-0.35107607043229083,0.1049011824762136
2017-03-17,2017,-0.470013215045046,-0.9806543549147229
2017-03-20,2017,-0.5046095905654895,0.3683053615616716
2017-03-21,2017,-0.46215079284852684,-0.7489603900329822
2017-03-22,2017,-0.06473283283857223,-0.4967418010896174
2017-03-23,2017,-0.035140784598491896,-0.4853616145423123
2017-03-24,2017,0.03126108225256875,-0.7125127991776115
2017-03-27,2017,0.2599295161009307,-0.5982725121674415
2017-03-28,2017,-0.0500407459419445,-0.4026750502457932
2017-03-29,2017,-0.12293828853950753,-1.2511857958148354
2017-03-30,2017,-0.10584222897817477,-1.3378147164695875
2017-03-31,2017,-0.03972958148049286,-0.6620788623984963
2017-04-05,2017,-0.21289150006524765,-3.111117364927607
2017-04-06,2017,-0.4685774940893996,-2.678474004324183
2017-04-07,2017,-0.39546853604156335,-1.579602506540334
2017-04-10,2017,-0.5188522682175052,-1.6654625227927267
2017-04-11,2017,-0.33970460251235235,0.0944833520130306
2017-04-12,2017,0.061654486843243574,0.3948998133978643
2017-04-13,2017,0.1543475140381407,0.24337479718767874
2017-04-14,2017,0.10742061535722211,1.4288605794966047
2017-04-17,2017,0.1406017014664259,2.314334527191142
2017-04-18,2017,0.1494740655477113,2.1419865060082754
2017-04-19,2017,0.05854958137757046,3.3993987514445045
2017-04-20,2017,0.1519298628353325,2.7744067337369005
2017-04-21,2017,-0.08000230389793771,2.26233121788626
2017-04-24,2017,-0.08237821127401707,2.032630338703112
2017-04-25,2017,-0.024616750884512765,1.2864634296275712
2017-04-26,2017,-0.32739993360848463,1.4714222666375676
2017-04-27,2017,-0.3300812505571206,1.2798383874441877
2017-04-28,2017,0.028729122154466047,1.6695705024311058
2017-05-02,2017,-0.2306308419711373,0.9075299232391698
2017-05-03,2017,-0.5295870220573757,0.5860177412501555
2017-05-04,2017,-0.407878521437331,0.018158761753039876
2017-05-05,2017,-0.08619362316859018,0.4816190805196907
2017-05-08,2017,-0.24201501671170603,0.6038894060228062
2017-05-09,2017,0.04195595627549098,0.9314728081746937
2017-05-10,2017,-0.2564173330923807,0.7634185098391644
2017-05-11,2017,0.033599303908194766,1.069941648636008
2017-05-12,2017,0.4285696604711994,1.1528194159902805
2017-05-15,2017,0.2441489248884864,0.03885692878820013
2017-05-16,2017,0.1389882190109451,0.5575442930212837
2017-05-17,2017,0.3244638087922027,1.3867043751192076
2017-05-18,2017,0.2723940943973602,1.8927824503859103
2017-05-19,2017,0.22388971814703923,2.806902555586155
2017-05-22,2017,0.17913713491202626,2.0897725976917636
2017-05-23,2017,0.2687276516092225,2.0199163855537217
2017-05-24,2017,0.07346541784654688,1.805579615348618
2017-05-25,2017,-0.03399326534354902,0.9018161960886228
2017-05-26,2017,-0.005185349820879726,0.07929162191455674
2017-05-31,2017,0.22204543580729696,0.87075428853709
2017-06-01,2017,0.3459323157042058,-0.1483035305360647
2017-06-02,2017,0.23757702592899146,-0.6321576986229038
2017-06-03,2017,0.0732165320455749,-0.013978923327573334
2017-06-05,2017,0.11173428763656693,0.23232983013325992
2017-06-06,2017,0.30761268916244633,1.1589056826354138
2017-06-07,2017,0.050185385785307526,1.3685615754765568
2017-06-08,2017,0.22488789777050777,1.6945406609569114
2017-06-09,2017,0.3097621455240663,1.745648134985034
2017-06-12,2017,0.6516112712077625,3.9960593315898407
2017-06-13,2017,0.7138873367636516,3.79052442943677
2017-06-14,2017,0.8580843911002465,3.1580170087545767
2017-06-15,2017,0.8303316313415664,3.3038108313054204
2017-06-16,2017,0.13015125865562524,2.346621402754634
2017-06-19,2017,0.07597497446067451,1.5822488439701132
2017-06-20,2017,0.3478330294601158,0.22587137729239704
2017-06-21,2017,0.40562547135271043,0.5320916894370198
2017-06-22,2017,0.4373248088784728,-0.29675759155153303
2017-06-23,2017,0.3212763801385487,-0.7752199427618955
2017-06-26,2017,0.1071496470015876,-2.1309763400279236
2017-06-27,2017,-0.0313021011273796,-0.9178981094095762
2017-06-28,2017,-0.1942362446790586,0.2899750253836597
2017-06-29,2017,-0.21868883398482578,0.36942326790863067
2017-06-30,2017,-0.11218231699190592,0.4698381059482948
2017-07-03,2017,-0.4279111058674152,0.4297599394590623
2017-07-04,2017,-0.088048315428545,1.2899385182135736
2017-07-05,2017,-0.4318103465016283,0.973686158009901
2017-07-06,2017,0.05278062616273639,1.2650218938677904
2017-07-07,2017,-0.0005405420002828079,1.354245065430093
2017-07-10,2017,0.11936075609691868,1.665417870515884
2017-07-11,2017,-0.1337633350217146,0.4568160935983334
2017-07-12,2017,0.044223986072278614,-0.015066195296276064
2017-07-13,2017,0.02096384357637211,0.460987653140732
2017-07-14,2017,0.2009985299461509,-0.19973362466739752
2017-07-17,2017,0.06563634022815884,-0.2888824714034177
2017-07-18,2017,-0.21562426655951886,-0.4195106313553798
2017-07-19,2017,-0.21010116355790115,0.12535574570964325
2017-07-20,2017,-0.23995892547360928,-0.2807790189116366
2017-07-21,2017,-0.2774440763428793,0.6693686701735091
2017-07-24,2017,-0.3219371839694153,1.1289249499105036
2017-07-25,2017,-0.39914957838492526,1.0113589119911337
2017-07-26,2017,-0.18577930913058055,0.49207657851773057
2017-07-27,2017,-0.2651181944490217,-1.6998830456103176
2017-07-28,2017,-0.27753550276825345,-0.8968584051693096
2017-07-31,2017,-0.2926060000067542,-1.9376964189298684
2017-08-01,2017,-0.16616849570741668,-1.2084554515587986
2017-08-02,2017,-0.4601562961802645,-2.175816382695772
2017-08-03,2017,-0.4777644918741575,-0.9599919005757296
2017-08-04,2017,-0.43638344148538566,-1.7629937867389422
2017-08-07,2017,-0.272606295381242,-2.391349965687972
2017-08-08,2017,0.05541989236610199,-1.6737676424476544
2017-08-09,2017,0.15235999852354928,-0.6071412880907845
2017-08-10,2017,0.07359918916378337,1.54137471030249
2017-08-11,2017,-0.01975166268516517,1.8000749305150165
2017-08-14,2017,0.41734556280796575,2.9407507667271515
2017-08-15,2017,0.4898176520111554,1.7981488018806724
2017-08-16,2017,0.8556427202655996,2.7113646810276393
2017-08-17,2017,0.6418098034041271,2.0870120364110845
2017-08-18,2017,0.6348766252805322,2.6497554094288223
2017-08-21,2017,0.7865205166083402,2.3578423824783146
2017-08-22,2017,0.5945385830916798,2.172521932588989
2017-08-23,2017,0.4312267221643916,1.3553624982103107
2017-08-24,2017,0.1353036235244992,0.47240145829521296
2017-08-25,2017,-0.026652929021373017,0.8981019465532425
2017-08-28,2017,0.16296322293344273,0.4387239952954536
2017-08-29,2017,0.11530335729826394,1.0839731455132506
2017-08-30,2017,0.07130775537031708,-0.3455257630518349
2017-08-31,2017,0.2381476592770217,-0.3042761138055128
2017-09-01,2017,0.2391679210769256,-0.13600986142284777
2017-09-04,2017,0.4580409451529149,0.5837347100768442
2017-09-05,2017,0.4712453315457121,-0.39273524558668393
2017-09-06,2017,0.45910878267798927,-0.27199830107719203
2017-09-07,2017,0.5141813374439788,0.37889606785019847
2017-09-08,2017,0.3472359710574969,-1.5105631977530565
2017-09-11,2017,0.5299916345324333,-2.234831860282105
2017-09-12,2017,0.7302220932658154,-3.3300503753410537
2017-09-13,2017,0.8142609004498802,-1.957679191256323
2017-09-14,2017,0.9873635935328007,-2.436331971077077
2017-09-15,2017,0.8137074081885999,-2.3672995658958307
2017-09-18,2017,0.985670070704314,-2.329195029520559
2017-09-19,2017,0.9192362325985162,-1.0493431440960488
2017-09-20,2017,0.9574105829704849,-0.4736115111743544
2017-09-21,2017,0.9475226070579634,-0.5687984239642119
2017-09-22,2017,0.8538028114813303,0.795526752972342
2017-09-25,2017,0.6466276924035833,2.9537853053776875
2017-09-26,2017,0.9801075234507767,4.430331616785388
2017-09-27,2017,1.1756578706535776,3.848381086660968
2017-09-28,2017,0.9682862309313919,4.640045841042295
2017-09-29,2017,0.8815485485560689,3.8065080726509493
2017-09-30,2017,0.568119057921372,3.2390402872127577
2017-10-02,2017,0.321545187487034,2.820119329279258
2017-10-03,2017,0.4701264200525122,2.478950460152718
2017-10-05,2017,0.389248981276506,2.062506476825554
2017-10-06,2017,0.2811699183039886,2.0029792619443487
2017-10-11,2017,0.4843686008620008,1.0278925571294062
2017-10-12,2017,0.39490771306161176,0.21771115741673341
2017-10-13,2017,0.3601475272046953,-0.1396855117776874
2017-10-16,2017,0.21299397143011795,-0.1609398740139545
2017-10-17,2017,0.323817594793692,0.6588549073732963
2017-10-18,2017,0.28065805417640627,0.8029641016839006
2017-10-19,2017,0.4164948798412045,0.2622605896309471
2017-10-20,2017,0.15173159698807082,0.6700606214255389
2017-10-23,2017,0.20865098644647576,0.47488591280469006
2017-10-24,2017,0.0146759912465385,0.8987525805628893
2017-10-25,2017,0.10378797832340717,0.6364313706157088
2017-10-26,2017,0.08008970446667349,0.07927517708825604
2017-10-27,2017,0.38072003878439126,0.2199996078105393
2017-10-30,2017,0.4664410852698319,-0.6781712524182248
2017-10-31,2017,-0.14260157891714456,-0.9877892864422089
2017-11-01,2017,-0.08417963761191508,-1.6259869188144815
2017-11-02,2017,0.031777635667608384,-1.5152231401741267
2017-11-03,2017,-0.15300633722388013,-0.9178049342778438
2017-11-06,2017,-0.07791329468178476,-1.127738339487816
2017-11-07,2017,-0.1806578744437231,-0.5636354579284464
2017-11-08,2017,-0.10301582600299522,0.03327482509920543
2017-11-09,2017,0.021052174773816993,1.0359974197799993
2017-11-10,2017,0.2570965533516737,1.1313121525212244
2017-11-13,2017,0.28575726623421643,0.6272042471302752
2017-11-14,2017,0.5790569617845766,0.18611083559927355
2017-11-15,2017,0.8841808677628734,0.7798206130387175
2017-11-16,2017,0.7198658531294904,-0.6079977110674428
2017-11-17,2017,0.6351717476774091,-0.9463035572117806
2017-11-20,2017,0.9170920411389915,-0.12602500808752692
2017-11-21,2017,0.5617308125439252,-1.9703615468251834
2017-11-22,2017,0.3063564954667309,-3.960881822188589
2017-11-23,2017,0.10306472138707083,-4.595391618461164
2017-11-24,2017,0.4444117749534252,-4.196298353892402
2017-11-27,2017,0.7985181315378082,-2.5843345645446547
2017-11-28,2017,0.7994315683052119,-2.4636992193008855
2017-11-29,2017,0.7921708687585105,-2.2667556505546527
2017-11-30,2017,1.0910030452431012,-0.21239645317808753
2017-12-01,2017,0.8226065689930152,-1.0276056401804845
2017-12-04,2017,0.36939763991719954,-1.3575110950877378
2017-12-05,2017,0.24744955000179303,-0.9417186768052921
2017-12-06,2017,0.757788874826231,1.064083618115208
2017-12-07,2017,0.7806099561109072,1.286337265444537
2017-12-08,2017,1.3010339031107427,1.3333500022118194
2017-12-11,2017,1.360316959397087,0.4716850518805771
2017-12-12,2017,1.3639595907740425,-0.20462919695728443
2017-12-13,2017,1.1459054300895226,0.15252084387862297
2017-12-14,2017,1.1054246573479982,0.2811726312652807
2017-12-15,2017,1.0724953082353346,1.4432718482877416
2017-12-18,2017,1.1927053842408222,1.9436502286199309
2017-12-19,2017,1.2115720328224846,3.193074840408361
2017-12-20,2017,1.0219114053519411,3.2758279293104264
2017-12-21,2017,1.0483802727658043,3.7261046604194714
2017-12-22,2017,1.1003967679467836,3.5918221702585074
2017-12-25,2017,0.5800232744231513,3.7291553615161455
2017-12-26,2017,0.7645225971862575,3.9261517322640493
2017-12-27,2017,1.036493970317499,3.0838197444946758
2017-12-28,2017,0.9668181892911832,2.9932889462547907
2017-12-29,2017,0.5214519172691731,2.9451669945860237
2018-01-02,2018,0.3753916494681039,2.5710665846305547
2018-01-03,2018,0.3197807657621571,1.8814857469793722
2018-01-04,2018,0.34985082448764504,2.055006023802086
2018-01-05,2018,0.3471817075421524,2.4913141785694704
2018-01-08,2018,0.4401216044431632,2.8922428600874905
2018-01-09,2018,0.3134018226234849,3.098702781246554
2018-01-10,2018,0.4131544589705042,2.964336922691979
2018-01-11,2018,0.31355281801787643,3.2922111440639723
2018-01-12,2018,0.3071007274413866,2.417686209798653
2018-01-15,2018,0.21192887727705917,2.423261116196973
2018-01-16,2018,0.28976481815828636,0.8253148748738282
2018-01-17,2018,0.3003126245980014,0.8995165745856459
2018-01-18,2018,0.38613725194296356,0.8009704134102069
2018-01-19,2018,0.41170880607029153,-0.22079034333706282
2018-01-22,2018,0.6319019175466751,-2.5393849063256146
2018-01-23,2018,0.5168648218098509,-7.545558516712269
2018-01-24,2018,0.5688312370541453,-5.385683132236252
2018-01-25,2018,0.5560748156550421,-5.70869473712492
2018-01-26,2018,0.4754072578357162,-6.955620744408863
2018-01-29,2018,0.5356733821145426,-7.135390814850718
2018-01-30,2018,0.6603297207273867,-3.271167252577012
2018-01-31,2018,0.48758681147437566,-3.975309331318422
2018-02-01,2018,0.17126020399869735,-3.276808315225921
2018-02-02,2018,0.2566674677530717,-2.602229146799939
2018-02-05,2018,0.7566338006198073,-1.1947470594952714
2018-02-06,2018,1.1003810921059167,3.6696462898885063
2018-02-07,2018,1.3782377323236377,1.3896549697958616
2018-02-08,2018,1.6831437533605733,1.086382511502082
2018-02-09,2018,1.762274746509192,3.978017210210427
2018-02-12,2018,2.102431482286854,3.111286823163417
2018-02-21,2018,1.7241473918361039,1.015452044157228
2018-02-22,2018,1.9482178521931943,1.898638015152354
2018-02-23,2018,1.9294552911365503,1.9227295255476173
2018-02-26,2018,1.490842635136166,2.3893805309734395
2018-02-27,2018,1.3343391831035187,2.0649125743032792
2018-03-01,2018,1.5427048256778078,2.1570974402431276
2018-03-02,2018,1.4932142179354622,3.0802464346706193
2018-03-05,2018,1.2979448071240793,3.795957868626032
2018-03-06,2018,0.6111399066652756,2.1002676102571005
2018-03-07,2018,0.3144506877715692,2.473169714815371
2018-03-08,2018,0.14858871263440226,1.6871103292544598
2018-03-09,2018,0.1021420576795727,-0.38187471122392846
2018-03-12,2018,0.19109272978344252,-1.472900628061924
2018-03-13,2018,0.19755761012537715,-0.9809267252062104
2018-03-14,2018,0.27279983286007015,-1.5684675870565545
2018-03-15,2018,0.30855211242647307,-1.5658282244780386
2018-03-16,2018,0.4180202116758907,-1.1015896333777753
2018-03-19,2018,0.3152562663387541,-1.1533552399315639
2018-03-20,2018,0.6748487130983319,-1.1131757431767197
2018-03-21,2018,0.5992878514843921,-1.7213585963943512
2018-03-22,2018,0.9892551360941274,-1.0204582294490838
2018-03-23,2018,1.335458121127195,0.9595013734220448
2018-03-26,2018,1.3599147593018086,1.2358799083030059
2018-03-27,2018,1.1680450935129647,-0.2867079465430744
2018-03-28,2018,1.0378718609366884,0.9178457636259463
2018-03-29,2018,0.8320926062078728,1.0015747857258672
2018-03-30,2018,0.5886911178030062,-0.8781227593061436
2018-03-31,2018,0.38517369996461104,-0.6557082794159785
2018-04-02,2018,0.33289645796489387,0.7618290141592654
2018-04-03,2018,0.6375542841193373,-0.38950129972380454
2018-04-09,2018,0.6281116809538063,-1.8029050271124336
2018-04-10,2018,0.4799727966346941,-3.181790727342282
2018-04-11,2018,0.8502739492473206,-3.773002053941954
2018-04-12,2018,0.8792946535105479,-4.260133688838918
2018-04-13,2018,0.680796817168677,-3.756911518878936
2018-04-16,2018,1.1737460897810996,-2.7081897476391115
2018-04-17,2018,0.6022388415679576,-1.7727291648358845
2018-04-18,2018,0.7602776871620903,-3.0762664444421883
2018-04-19,2018,0.6547225183742884,-4.027355207533878
2018-04-20,2018,0.41162704149213847,-1.6185532006478986
2018-04-23,2018,0.5007178027127439,-0.05375273554681925
2018-04-24,2018,0.4977738646422609,1.1706602391417409
2018-04-25,2018,0.7875008798478293,1.8962175081936872
2018-04-26,2018,0.9939918059430655,3.5314599307055827
2018-04-27,2018,0.8708418730984582,3.780382302246754
2018-04-30,2018,0.7076838254884931,2.0346447886446573
2018-05-02,2018,0.4782562860990878,2.6251529126145146
2018-05-03,2018,0.5412248142655516,3.0399898042453133
2018-05-04,2018,0.6444165100299696,2.8631342615939914
2018-05-07,2018,0.07931618025465452,3.4068181625303895
2018-05-08,2018,0.030728009888028852,2.31354605298848
2018-05-09,2018,0.04252627896127575,1.7081567920324003
2018-05-10,2018,0.07860934062101244,1.6423471289129132
2018-05-11,2018,0.14017912131647686,0.7672912188805947
2018-05-14,2018,0.591235059187447,0.3230345157541059
2018-05-15,2018,0.29153369140414925,0.8219974197060553
2018-05-16,2018,0.4567296245808157,-0.7010737256103905
2018-05-17,2018,0.5451525414586934,0.37982944135073193
2018-05-18,2018,0.583653541597204,1.0916974122044065
2018-05-21,2018,0.6221946481159162,1.3067425361565466
2018-05-22,2018,0.7780285297954311,1.4753083767494068
2018-05-23,2018,0.6255027623465457,2.89954786711224
2018-05-24,2018,0.8122211399281769,2.878504296909634
2018-05-25,2018,0.9013626319616994,1.9568098114655985
2018-05-28,2018,0.8108362043284274,1.4694519452081556
2018-05-29,2018,0.7324931363964344,1.6478294655658754
2018-05-30,2018,0.928405635866732,3.253252651977556
2018-05-31,2018,0.4398654297389628,1.2783495295614955
2018-06-01,2018,0.5869447343190609,1.2639418106361378
2018-06-04,2018,0.3041468026904945,-1.8480579684054144
2018-06-05,2018,0.37437931517033396,-1.5555701700253444
2018-06-06,2018,0.3019788824430107,-2.327833934276813
2018-06-07,2018,0.29990035118748126,-3.1325793765414223
2018-06-08,2018,0.7531794494947798,-3.3161175359120665
2018-06-11,2018,0.7232451978105041,-3.651014464676028
2018-06-12,2018,0.6186562932801022,-3.9817708543633423
2018-06-13,2018,0.6195218010802837,-4.644412841072521
2018-06-14,2018,0.7548589141020343,-1.6076840524496983
2018-06-15,2018,0.9384035424760968,-2.7917099211993257
2018-06-19,2018,1.0241913277684573,-1.7284181585243918
2018-06-20,2018,1.0732688167132733,-1.8812274421090347
2018-06-21,2018,0.9999433686289965,-3.0093948763694978
2018-06-22,2018,1.1900773176759947,-2.6672404048707854
2018-06-25,2018,1.0065850081791785,-0.6135469839038787
2018-06-26,2018,1.1551404813008932,0.13703004141620845
2018-06-27,2018,0.8652771127442502,-0.22605300611250323
2018-06-28,2018,1.369666137719721,0.7893541374921487
2018-06-29,2018,1.0222311736040397,0.2549619771687883
2018-07-02,2018,0.44887073981750414,0.36658211123832274
2018-07-03,2018,1.0010249039158006,0.5904409596368732
2018-07-04,2018,1.064470039582681,1.1247105215787867
2018-07-05,2018,1.4581303387267641,2.106803646126343
2018-07-06,2018,1.3204738701538548,3.0497984176943715
2018-07-09,2018,1.2174316312984481,2.1138440413869697
2018-07-10,2018,1.1289957610789327,2.2171835911680704
2018-07-11,2018,1.335469705689062,2.706325092443085
2018-07-12,2018,1.0043931087626679,2.5351123726297775
2018-07-13,2018,0.8851310151943432,1.9443068919622997
2018-07-16,2018,0.9231356920382163,1.9976057203869635
2018-07-17,2018,1.1255034115453093,2.583915561662087
2018-07-18,2018,0.9429511134409834,2.358044207679799
2018-07-19,2018,0.6179776537661165,0.8711277315608834
2018-07-20,2018,0.7625786808876133,0.7347163539334955
2018-07-23,2018,0.7650197860195042,0.7053144774451958
2018-07-24,2018,0.7543109052970821,-0.1086819112373405
2018-07-25,2018,0.3937715031833208,0.9981952964629004
2018-07-26,2018,0.31594222559952045,0.15857432058712373
2018-07-27,2018,0.2355075712794596,-0.8315441440693183
2018-07-30,2018,0.0246933533025424,-2.579589143647465
2018-07-31,2018,0.2252955274242066,-2.109697391184817
2018-08-01,2018,-0.026390946897250432,-3.4364347867613665
2018-08-02,2018,0.03786456023799647,-2.2495441349635104
2018-08-03,2018,-0.2548883413835092,-2.9191558992883615
2018-08-06,2018,-0.05252670531741872,-2.9485400168721365
2018-08-07,2018,0.21340087132419888,-1.7411667018711774
2018-08-08,2018,0.2290963560337281,-2.4473488183110903
2018-08-09,2018,0.304249356566599,-1.4956379493419991
2018-08-10,2018,0.4529888548969646,-1.5871729693508918
2018-08-13,2018,0.9670075387659713,1.4260967613490383
2018-08-14,2018,1.1171961265568158,1.5273141830873804
2018-08-15,2018,0.9737755983103122,3.572165068700861
2018-08-16,2018,1.1449901700590996,3.8361459766564687
2018-08-17,2018,1.114009582026252,3.48874189034476
2018-08-20,2018,1.0192135944540865,2.4784443478626628
2018-08-21,2018,0.9344165271066611,2.1235707270065296
2018-08-22,2018,0.7263716288949358,1.7671831324854947
2018-08-23,2018,0.4813195553857044,0.563097376170596
2018-08-24,2018,0.6239986008696566,0.3482170528292583
2018-08-27,2018,0.3871672219841458,-1.6181122909942114
2018-08-28,2018,0.3895469277265953,-2.1588691074702737
2018-08-29,2018,0.4881757625182172,-3.3965279736061893
2018-08-30,2018,0.4747682447744568,-3.3038422535211276
2018-08-31,2018,0.39936521796212954,-1.7697131401652633
2018-09-03,2018,0.17995049619150089,-1.236841289211621
2018-09-04,2018,0.21812399413408742,-2.3696669564065465
2018-09-05,2018,0.43564976219732054,-1.253827831048826
2018-09-06,2018,0.5636855289648266,-0.8503061981087967
2018-09-07,2018,0.873102053429162,1.1562654708817899
2018-09-10,2018,1.1191828741222896,2.3592645770012632
2018-09-11,2018,1.1980188815619908,2.0636514978190856
2018-09-12,2018,1.1396978301331102,2.906206254657251
2018-09-13,2018,1.2242480265431461,2.601883244789205
2018-09-14,2018,1.1680147653250534,1.6898935788460578
2018-09-17,2018,1.118973836170722,0.8405510956623008
2018-09-18,2018,1.1077335737783218,0.9640146428369079
2018-09-19,2018,0.7129665525707349,-1.2743534977024629
2018-09-20,2018,0.8194069640366697,-2.9016536166574736
2018-09-21,2018,0.9161457690980084,-4.707078937079457
2018-09-25,2018,0.8344572231626091,-4.663694284920561
2018-09-26,2018,0.724735011417617,-10.643883512131646
2018-09-27,2018,0.6702210925811178,-8.95743140185189
2018-09-28,2018,0.6027417072541674,-10.041666893808475
2018-10-01,2018,0.2655682079129798,-9.68801462205251
2018-10-02,2018,0.3808334487436412,-8.612837614461299
2018-10-03,2018,0.5405383922434605,-8.378267921214599
2018-10-04,2018,0.47756065734466746,-7.460180186231624
2018-10-05,2018,0.5711070082987331,-5.161489076857539
2018-10-08,2018,0.6303643279048311,-6.510468222338894
2018-10-09,2018,0.7878245340866866,-6.7587798789127245
2018-10-11,2018,1.1815940480042795,-2.9096145158477693
2018-10-12,2018,1.2661152491336813,-5.540917058952932
2018-10-15,2018,1.2449859679230462,-3.8864290100513954
2018-10-16,2018,0.843324713591248,-4.558515594473556
2018-10-17,2018,0.8053399389301461,-1.7738001471068632
2018-10-18,2018,0.9494233370338089,-1.0949664095771139
2018-10-19,2018,0.9131935819373851,-0.1277313025366822
2018-10-22,2018,0.9662897483752666,-0.8468781706549411
2018-10-23,2018,0.8275913863593006,0.5089409935346678
2018-10-24,2018,1.1873640605278368,1.5262208742340855
2018-10-25,2018,1.153511309624678,4.458873685902098
2018-10-26,2018,1.1204421918510732,3.5917750532711956
2018-10-29,2018,1.1062612907408012,3.308947156043507
2018-10-30,2018,0.982412698246795,2.6215317690011952
2018-10-31,2018,1.376896738681084,-0.10456910895897398
2018-11-01,2018,1.1142157525097378,-0.18568291290578243
2018-11-02,2018,1.2584991959089813,-1.1053248393241288
2018-11-05,2018,0.5651983962738011,-0.618009850543122
2018-11-06,2018,0.5462224663770073,-0.824024549743263
2018-11-07,2018,0.7060762177009022,-1.683731398265098
2018-11-08,2018,0.5461821093341177,-2.3186808656542657
2018-11-09,2018,-0.063411192269975,-1.655237380226482
2018-11-12,2018,0.08336490908558145,-0.6698056495588856
2018-11-13,2018,0.8232460115569327,0.028437453968166437
2018-11-14,2018,0.8965683165226354,0.9439453914876328
2018-11-15,2018,0.8120071163126761,0.5994020227019892
2018-11-16,2018,1.174123568988779,0.9282348125821072
2018-11-19,2018,1.1532420363314093,3.1456887947427514
2018-11-20,2018,1.1716020206904365,3.4847121148523508
2018-11-21,2018,1.2377774476371153,1.7986926064926134
2018-11-22,2018,1.2772734240075398,-0.30870710499849574
2018-11-23,2018,1.3723191495191904,0.9680055444643232
2018-11-26,2018,1.1437684299195017,-1.2065095398428705
2018-11-27,2018,1.1792952301678548,-0.7320051295581553
2018-11-28,2018,1.2715000800680218,-0.6865426114721074
2018-11-29,2018,1.117787073933816,-0.26908478800974356
2018-11-30,2018,1.2822556933881057,-1.1515944025250802
2018-12-03,2018,0.8426199648915361,-3.455755498936164
2018-12-04,2018,0.7783711549379941,-3.616983718019673
2018-12-05,2018,1.1402434020509626,-1.3465110510107237
2018-12-06,2018,1.149095452665196,-0.10532054617995446
2018-12-07,2018,1.0692616479985526,-0.8627295899549914
2018-12-10,2018,0.9682685019308025,-0.014304164584977297
2018-12-11,2018,0.9498839181214465,-0.6937233183339164
2018-12-12,2018,0.9790099684327712,-2.947705127617428
2018-12-13,2018,1.132281218390161,-3.8521071615497338
2018-12-14,2018,1.0431401344654998,-1.3566383198146958
2018-12-17,2018,1.75811391905393,-0.6142509908015681
2018-12-18,2018,1.9117995130591985,-1.6944443872815906
2018-12-19,2018,1.9359827558074456,-2.972337300333927
2018-12-20,2018,1.9027534553863412,-3.0183409616187706
2018-12-21,2018,2.1034894956944314,-0.8925591138273847
2018-12-22,2018,2.1224760888001404,-0.8558846214452132
2018-12-24,2018,2.2226415539697637,1.02295714596925
2018-12-25,2018,2.3560394136512364,2.0321000431401393
2018-12-26,2018,2.253889526605893,2.9582265621126203
2018-12-27,2018,2.2366499507617847,0.6913818925567972
2018-12-28,2018,2.1614251026161844,0.8083343870567861
2019-01-02,2019,1.8556009710603605,2.1945460292606134
2019-01-03,2019,1.8858863555959295,3.125967877527547
2019-01-04,2019,1.681966219579087,4.833994314954082
2019-01-07,2019,1.7842985186987743,3.1187762635162652
2019-01-08,2019,1.6362858152775892,3.4616671546279676
2019-01-09,2019,1.8459560038097003,1.1099461816270084
2019-01-10,2019,1.7425426091570508,1.6092479031838414
2019-01-11,2019,1.6394666616384683,2.1539233969301463
2019-01-14,2019,1.5611511268913314,3.1428006369859762
2019-01-15,2019,1.6895353321231474,1.2803333455706722
2019-01-16,2019,1.5193712683573177,1.7252486478126938
2019-01-17,2019,0.8322969989180736,2.1973307181931023
2019-01-18,2019,1.2557889424626016,2.660414840901737
2019-01-21,2019,1.236667574711099,2.034299350820068
2019-01-22,2019,1.3036302206323387,1.9641907857369523
2019-01-23,2019,1.4859771410244458,2.217866428339299
2019-01-24,2019,1.4828552002093054,2.7149614462515403
2019-01-25,2019,1.6642672941392493,1.8320676535992897
2019-01-28,2019,1.557618871054057,2.587850395422886
2019-01-29,2019,1.756642179619298,3.9061217790907543
2019-01-30,2019,1.627464184575939,3.9332437934568754
2019-02-11,2019,1.1983943864343118,3.8651573081440516
2019-02-12,2019,1.092208552218059,2.909660973643602
2019-02-13,2019,0.7647052350169936,2.959096503867964
2019-02-14,2019,0.46367945043532927,2.585684819422318
2019-02-15,2019,0.7230054635325295,2.3893219722636694
2019-02-18,2019,0.33730931466541303,2.088360301539227
2019-02-19,2019,0.5697998104516111,1.5702907529949073
2019-02-20,2019,0.5813138314947096,-0.2989546807677934
2019-02-21,2019,0.48340027168182065,-0.6710576935189838
2019-02-22,2019,0.27776692302673267,0.19771537510704373
2019-02-25,2019,0.43509417935358574,-0.1694747245915451
2019-02-26,2019,0.4291778916075473,-0.41283542878588486
2019-02-27,2019,-0.2919634734037639,0.4819441784088552
2019-03-04,2019,-0.37273526827890235,1.5731583361353163
2019-03-05,2019,-0.30831166163223844,2.0092651713784937
2019-03-06,2019,-0.35029774645817535,1.877060774440853
2019-03-07,2019,-0.3581764815540864,2.8886660563554933
2019-03-08,2019,-0.24283209543872983,3.8794151390143305
2019-03-11,2019,-0.1888814419122758,2.2360364790035003
2019-03-12,2019,-0.23320793294398484,2.0870454679489114
2019-03-13,2019,0.00461214532072865,1.632842715736138
2019-03-14,2019,-0.03363123724150356,1.8128934691964638
2019-03-15,2019,-0.24996312948589955,1.9330909146642927
2019-03-18,2019,-0.10113664843801196,1.2359336802153509
2019-03-19,2019,-0.1327181119455264,1.6930610940306234
2019-03-20,2019,-0.1291222624875316,1.4483166470171227
2019-03-21,2019,-0.12374991763557401,1.8004533651285959
2019-03-22,2019,-0.09825486753841271,1.997637011505704
2019-03-25,2019,-0.0064339878322343,3.708771809288236
2019-03-26,2019,0.24748157432752088,2.363531328130919
2019-03-27,2019,0.1490268732375851,2.4908230339476534
2019-03-28,2019,0.2984291890172499,3.220687416597534
2019-03-29,2019,0.02888981467959887,2.6953192545089433
2019-04-01,2019,-0.11238597004561583,3.3321650757378585
2019-04-02,2019,0.07256053561750778,2.5417434496693314
2019-04-03,2019,-0.060838960296465905,2.4674011946511643
2019-04-08,2019,0.03913726427909094,1.7326863304436557
2019-04-09,2019,-0.2072616821275715,1.6041874009362633
2019-04-10,2019,-0.30756105036202286,1.467592430719522
2019-04-11,2019,-0.22908773176756295,2.137986098325717
2019-04-12,2019,-0.14889355660775136,1.3620167880577183
2019-04-15,2019,-0.15404659084855746,0.5835080363382206
2019-04-16,2019,0.1838328000879927,0.3649391234323174
2019-04-17,2019,0.5575097334275897,0.06574364887252937
2019-04-18,2019,0.5495231413647754,1.2249567141822348
2019-04-19,2019,0.3697347597952606,-0.6507726671832859
2019-04-22,2019,0.335078313907346,-0.0051876141616391536
2019-04-23,2019,0.0983312820372056,-0.9248409168414184
2019-04-24,2019,0.1611721067579051,-2.665756227080307
2019-04-25,2019,0.355623733170281,-2.960816532093713
2019-04-26,2019,-0.33595698748480374,-3.599005521129006
2019-04-29,2019,-0.20578181238272877,-3.83771548926507
2019-04-30,2019,-0.34798391436444426,-3.711068744398338
2019-05-02,2019,-0.38886491080357855,-4.815125462424874
2019-05-03,2019,-0.4212758340358397,-6.418265547975444
2019-05-06,2019,-0.24413955963487272,-4.576530312596361
2019-05-07,2019,-0.16240737230651708,-4.756833898539559
2019-05-08,2019,0.23558034495303676,-4.270435593768052
2019-05-09,2019,0.2174082095693489,-3.962298076985782
2019-05-10,2019,0.6821394542453257,-3.5910609456370146
2019-05-13,2019,0.25689184118717007,-2.1230710654850493
2019-05-14,2019,0.8446912635958702,-1.96725051690948
2019-05-15,2019,0.9153419044436987,-2.4518237883626948
2019-05-16,2019,1.0897146743692618,-0.8746865038412044
2019-05-17,2019,0.8674054657242232,1.1014906429149818
2019-05-20,2019,0.9992233406231948,0.9776494675628244
2019-05-21,2019,0.8396143241706732,-0.3380954656218571
2019-05-22,2019,0.872610247865099,0.0420761923341173
2019-05-23,2019,0.7965247576305088,0.9781371836672603
2019-05-24,2019,0.9414507838084752,2.3061923185661026
2019-05-27,2019,0.9475627207715214,2.6478281190579267
2019-05-28,2019,1.2859129021316043,2.941629954879166
2019-05-29,2019,1.4268786665160273,2.516361250191701
2019-05-30,2019,1.3207906849967919,1.3645395016271822
2019-05-31,2019,1.294045006417821,0.30528199769681574
2019-06-03,2019,1.4041518363978258,0.6349481479647201
2019-06-04,2019,1.4100927689988525,3.319743180632684
2019-06-05,2019,1.225931850804002,3.091203847969992
2019-06-06,2019,1.0058533210323999,3.790589094262775
2019-06-10,2019,1.231334711407489,2.015621110929211
2019-06-11,2019,0.9578276743641148,0.932901951024534
2019-06-12,2019,0.7310707222742142,0.3475054777564379
2019-06-13,2019,1.0519404819542633,2.0158109877748354
2019-06-14,2019,1.3078102486884458,1.9588262624861352
2019-06-17,2019,1.1371582595993086,3.465349355303693
2019-06-18,2019,1.259835627529597,2.8237658918455644
2019-06-19,2019,1.16107547963261,-0.2929837944788738
2019-06-20,2019,1.2325273605438423,-0.08446909182282525
2019-06-21,2019,1.138393234323553,-0.1669787490848229
2019-06-24,2019,1.1054921219957217,-0.2618872020372254
2019-06-25,2019,1.0189320160451387,-0.03679931855880003
2019-06-26,2019,1.1158706328612165,1.3699067359458583
2019-06-27,2019,0.8977146211554679,0.6452630895033451
2019-06-28,2019,0.6990187131067501,0.8715076093834373
2019-07-01,2019,0.44566984216521355,-0.1746599042169783
2019-07-02,2019,0.3174240775373804,0.192634779919576
2019-07-03,2019,0.46552913365094284,0.7884569383000528
2019-07-04,2019,0.4630908138141111,0.21696563628097465
2019-07-05,2019,0.33801105034240597,0.8108862357949054
2019-07-08,2019,-0.43577250834664627,1.7980285028117882
2019-07-09,2019,0.09828958516777322,2.2842663308037636
2019-07-10,2019,0.22900331526757953,1.271290033412109
2019-07-11,2019,0.2915184062596636,0.9036816797652447
2019-07-12,2019,0.07899459904318455,0.6247950223339016
2019-07-15,2019,-0.023653933082579466,0.08550599783199164
2019-07-16,2019,-0.14334518409740532,-0.5066116727371228
2019-07-17,2019,0.38050054699112124,-0.043127013209609544
2019-07-18,2019,0.2933126040621346,-0.625319465742169
2019-07-19,2019,0.5004421421054337,-2.9811858341480257
2019-07-22,2019,-0.011014450502707366,-4.761465316464031
2019-07-23,2019,-0.028020003012420185,-5.047016331027121
2019-07-24,2019,-0.0020601046982080262,-5.0255309187473
2019-07-25,2019,0.25559914409526796,-4.084665504720142
2019-07-26,2019,0.09641362129232026,-3.852559406095113
2019-07-29,2019,0.31136210097975453,-4.805098050383394
2019-07-30,2019,0.3740845259216596,-3.7224053402764357
2019-07-31,2019,0.4094915119625104,-4.588772345412573
2019-08-01,2019,-0.2410303888703324,-2.896638479278779
2019-08-02,2019,0.38206905908610034,-0.5715212000333758
2019-08-05,2019,1.406322538866147,0.9506485881299875
2019-08-06,2019,1.5359139669089283,1.2607325813511538
2019-08-07,2019,1.640522577514238,1.3826065021018241
2019-08-08,2019,1.786519257684437,0.4156466869757347
2019-08-12,2019,1.6633771417065368,-1.1247703478490134
2019-08-13,2019,1.8623324445968774,0.23710128480525228
2019-08-14,2019,1.5806737455668025,0.06290918541236312
2019-08-15,2019,1.7895738012234848,1.3101413461436229
2019-08-16,2019,1.4568900697896203,1.8919689201210232
2019-08-19,2019,1.2618869701395845,1.3929209867715509
2019-08-20,2019,1.3374497348649546,0.3393680209075711
2019-08-21,2019,1.3118982857916195,1.2494062209048362
2019-08-22,2019,0.8191405417267816,2.1572150605235763
2019-08-23,2019,0.8247917251285417,2.301456333251406
2019-08-26,2019,1.1547700235819085,4.312781699288326
2019-08-27,2019,1.3971246340983328,3.5269268130194487
2019-08-28,2019,1.1106304274588141,3.412402760513644
2019-08-29,2019,0.9895269842764336,3.4898202425249103
2019-08-30,2019,0.7798976013610867,2.6377724723466223
2019-09-02,2019,0.21193700561480244,2.253440340014201
2019-09-03,2019,0.22280538167213448,3.5161263130777165
2019-09-04,2019,0.3011056242567985,2.227485172149457
2019-09-05,2019,0.06340228242891649,1.6060344354755562
2019-09-06,2019,-0.20643035924821485,1.2835972632422754
2019-09-09,2019,-0.12122064767509702,1.082015416891191
2019-09-10,2019,-0.08056949112361647,1.116930361795787
2019-09-11,2019,0.2364497580506031,0.7566019637917254
2019-09-12,2019,0.32293802454663345,0.019672040304596905
2019-09-16,2019,0.19086799458806478,0.637907604332133
2019-09-17,2019,-0.00556440096206137,0.6747896455009395
2019-09-18,2019,-0.16473122898339695,-0.4898691150972856
2019-09-19,2019,-0.1397753460486165,-0.002019330500158123
2019-09-20,2019,-0.21091558391891513,0.04913222607410006
2019-09-23,2019,-0.17742676605311164,0.9001723597905187
2019-09-24,2019,-0.09656783399296329,-0.2569149506183033
2019-09-25,2019,-0.10145197122290442,1.7773175435385813
2019-09-26,2019,-0.028430637875613462,2.2057599390727933
2019-09-27,2019,-0.057388356728596365,3.0762681815159842
2019-10-01,2019,-0.45912887426643695,1.998878520011127
2019-10-02,2019,0.034865557704665665,2.1222373646770043
2019-10-03,2019,0.6224146162720479,2.8341536478326823
2019-10-04,2019,0.18408195499977476,3.4583568926649155
2019-10-07,2019,0.42109681733423293,2.7856271479077543
2019-10-08,2019,0.851691091677146,2.748674585720101
2019-10-09,2019,1.1644316310182026,3.7296739381962984
2019-10-14,2019,0.520219078840634,2.2415389967425536
2019-10-15,2019,0.29602686530065203,1.9985060926222653
2019-10-16,2019,0.20704571283530285,1.9479827248108261
2019-10-17,2019,0.1985754637435187,1.5359957378643596
2019-10-18,2019,-0.08970124756964526,1.9615893068293921
2019-10-21,2019,-0.0019364257279578037,3.3323945047232018
2019-10-22,2019,0.16511043179584223,3.307352778085848
2019-10-23,2019,-0.09513936194713546,3.6780439283359723
2019-10-24,2019,-0.2542311393003816,2.5301807221465467
2019-10-25,2019,-0.5267097996873348,2.5090030913269334
2019-10-28,2019,-0.4733296981389851,0.9921325812946025
2019-10-29,2019,-0.745102760366849,1.6455103155409434
2019-10-30,2019,-0.7300803400158863,0.7693132330663044
2019-10-31,2019,-0.7763989700723262,0.8073980231910305
2019-11-01,2019,-0.848264820582364,1.1059227880447775
2019-11-04,2019,-0.589018188266525,0.371468003824571
2019-11-05,2019,-0.5951626471603585,0.10623469709369893
2019-11-06,2019,-0.9747700442254059,-0.18767586567315364
2019-11-07,2019,-0.9494972089525981,-0.41605781558015087
2019-11-08,2019,-0.7180767275204956,-0.11002164161962869
2019-11-11,2019,-0.8473841182374843,1.1752578041318573
2019-11-12,2019,-0.8763404482590378,0.49000162321175544
2019-11-13,2019,-0.9920746738709673,1.5663817827784365
2019-11-14,2019,-0.8161074908033756,1.4554924622852239
2019-11-15,2019,-0.6477778609853909,-0.3126084542236507
2019-11-18,2019,-0.6302421043472695,-0.835791713291123
2019-11-19,2019,-0.45826325437648013,-1.070828042963523
2019-11-20,2019,-0.3037700998824821,-1.03798404291906
2019-11-21,2019,-0.20508056657573262,0.3147529863898324
2019-11-22,2019,-0.3602340398728921,0.37037037037037646
2019-11-25,2019,-0.35075414719735515,0.8579277226815174
2019-11-26,2019,-0.10288335002884538,0.4407082428508069
2019-11-27,2019,0.05638080132457916,0.45769635611541126
2019-11-28,2019,0.07269871273144972,1.888082030940641
2019-11-29,2019,0.3581007760234011,3.8135456766441145
2019-12-02,2019,0.47132470418128297,3.798543488863171
2019-12-03,2019,0.488280748454667,4.903317671992902
2019-12-04,2019,0.7283598995630274,5.31672468630735
2019-12-05,2019,0.5890283281896691,3.6590151492283063
2019-12-06,2019,0.6630206880777492,3.0099124520656995
2019-12-09,2019,0.4473092856226969,3.0997952965370112
2019-12-10,2019,0.5172301803896987,2.9974612653768773
2019-12-11,2019,0.458278080465066,2.6268356697892514
2019-12-12,2019,0.3851993650201383,1.3905386932873354
2019-12-13,2019,0.40623706184272307,1.3737735512121763
2019-12-16,2019,0.3447282364946869,0.9514421132065465
2019-12-17,2019,0.5519784959430882,-0.8255759067736679
2019-12-18,2019,0.30465933243096144,-0.1812339914786243
2019-12-19,2019,0.0014352365869027875,0.7615505578713488
2019-12-20,2019,0.16979020971055597,-0.04782976616929391
2019-12-23,2019,0.1516727963259931,-1.1803966485419037
2019-12-24,2019,0.22149364667309585,-1.3299511204554193
2019-12-25,2019,0.3191557876885299,-0.31228842459234407
2019-12-26,2019,0.3289127374161528,0.19698342056209128
2019-12-27,2019,0.12838461413244628,0.18053870500074343
2019-12-30,2019,0.47384154608644613,1.0490012336798582
2019-12-31,2019,-0.24080218102337914,0.7896882090231427
2020-01-02,2020,0.23897419783612422,-0.277261728460354
2020-01-03,2020,0.8028565872706629,-0.1663029306143482
2020-01-06,2020,0.8013637121819535,1.3832930657154074
2020-01-07,2020,0.8057383400809524,-3.859997037116847
2020-01-08,2020,0.5763444885323591,-2.724864814548411
2020-01-09,2020,0.25098707862499925,-5.143505396123671
2020-01-10,2020,0.367383044937683,-3.898076035477116
2020-01-13,2020,0.48085808736191193,-4.456214677605496
2020-01-14,2020,0.5379958549011477,-3.5315000808715302
2020-01-15,2020,0.31191156556327354,-3.9619149379583662
2020-01-16,2020,0.8221283534444422,-4.084386003730867
2020-01-17,2020,0.9691842995079034,-3.525556458943502
2020-01-20,2020,0.9144007044293078,-2.84287684085186
2020-01-30,2020,1.4716234865022222,3.239786582429649
2020-01-31,2020,1.5330792660178822,2.7890144496350633
2020-02-03,2020,1.90201285971977,3.5983520799794277
2020-02-04,2020,1.6549003997114844,0.8053015251057394
2020-02-05,2020,1.3769271803417664,1.6003635854641818
2020-02-06,2020,1.3467835338018688,-0.20928229534762366
2020-02-07,2020,1.3855926519742943,0.6332661948313945
2020-02-10,2020,1.2313406950661632,-0.3386881192182112
2020-02-11,2020,1.1944227792149522,-1.0614675532662932
2020-02-12,2020,1.1270063729091908,-2.8925132004834264
2020-02-13,2020,1.1104394726660778,-4.236934542537263
2020-02-14,2020,1.1508107641419298,-5.460869859593609
2020-02-17,2020,1.1150106660230485,-3.7045915717332734
2020-02-18,2020,1.3274319223633984,-2.203025500945144
2020-02-19,2020,0.6752787705063955,-2.075204697061961
2020-02-20,2020,0.6108249237500809,-3.4394618719344683
2020-02-21,2020,0.8618060525406882,-6.064425590539402
2020-02-24,2020,0.8681759713983022,-4.606293785712367
2020-02-25,2020,1.3086970402162859,-5.601968071693541
2020-02-26,2020,1.163120974162769,-8.844967735502852
2020-02-27,2020,1.2815007602025532,-10.301828612215358
2020-03-02,2020,1.2971791600514948,-13.004746447326243
2020-03-03,2020,0.868290409763621,-16.667873146582014
2020-03-04,2020,0.16145656778169445,-19.080172220832402
2020-03-05,2020,0.892724994390908,-24.607245271745448
2020-03-06,2020,1.2615698392443095,-18.439807769252436
2020-03-09,2020,1.6354436322552648,-19.016928957407952
2020-03-10,2020,1.7563018550414697,-15.612430181559755
2020-03-11,2020,1.429594160746403,-11.46528973034997
2020-03-12,2020,1.548374866425918,-6.581644010162801
2020-03-13,2020,1.6932110024331515,-4.244797297230596
2020-03-16,2020,1.3716690283080033,-0.9090562958374182
2020-03-17,2020,1.4207866205164266,2.8436495921980054
2020-03-18,2020,2.3629963492591095,4.826726631932798
2020-03-19,2020,2.380766864762169,13.101664028825045
2020-03-20,2020,2.3763486448651614,8.255280162961377
2020-03-23,2020,2.397560421476426,14.031898655010156
2020-03-24,2020,2.3938810135961526,8.979583485001541
2020-03-25,2020,2.302101253152615,5.31750434174032
2020-03-26,2020,2.2159453735940833,3.726854799945767
2020-03-27,2020,2.0338530289573753,6.537016492557934
2020-03-30,2020,1.3373458077083096,8.492506825429945
2020-03-31,2020,1.5098579608874392,6.874906005937342
2020-04-01,2020,1.8552592034109359,9.65899977544671
2020-04-06,2020,1.3424778832490085,7.821472001499163
2020-04-07,2020,0.9971486677857957,2.92135460901386
2020-04-08,2020,1.2370336436034626,1.6796103958877318
2020-04-09,2020,1.1791242631281051,2.4416394994579704
2020-04-10,2020,1.238930986747145,1.868057545032742
2020-04-13,2020,1.138506190512124,4.63451632898384
2020-04-14,2020,1.3165384148047568,2.7399752635745456
2020-04-15,2020,1.6135020110616143,3.1109741261063917
2020-04-16,2020,1.3872344093454008,5.943435869954938
2020-04-17,2020,0.7088837841974547,1.1648535817548877
2020-04-20,2020,0.3023878476650492,1.7748667905326698
2020-04-21,2020,0.5175984471560816,4.729200402005351
2020-04-22,2020,0.5776384889207475,5.1920207533368234
2020-04-23,2020,0.0822752671010821,5.159981517405576
2020-04-24,2020,-0.07559161000024839,6.435457933231281
2020-04-27,2020,-0.02921575212227249,2.9544054424652577
2020-04-28,2020,0.01791293429611445,3.0351184902873696
2020-04-29,2020,0.0620525066000646,0.08039197120000008
2020-04-30,2020,-0.05017906561651514,-1.6122429299481156
2020-05-04,2020,0.04635244336069822,0.18721176663731853
2020-05-05,2020,0.07307677441884966,0.7965949579613607
2020-05-06,2020,-0.02752766305439407,1.2326705014765738
2020-05-07,2020,-0.06470076494246513,1.5253271259033419
2020-05-08,2020,-0.12346236236780835,-0.8280572622649252
2020-05-11,2020,-0.07031302558114627,-1.290081229354434
2020-05-12,2020,-0.08501729702568658,1.0822218361740132
2020-05-13,2020,0.1738694861961568,0.6983736916349681
2020-05-14,2020,0.37421387412431645,1.5148114068610496
2020-05-15,2020,0.39218011843587025,1.1765228036823228
2020-05-18,2020,0.9672753075935194,3.1513283770384204
2020-05-19,2020,0.68267859302819,2.4629757173742384
2020-05-20,2020,0.14160818326165045,3.7804140156585175
2020-05-21,2020,0.7834699594314293,3.496631181352994
2020-05-22,2020,0.5346019187504537,6.181118567404953
2020-05-25,2020,0.02234556416943175,6.799077928982866
2020-05-26,2020,-0.0005723602900384233,5.818748573501842
2020-05-27,2020,0.08235885778557939,6.405100112032502
2020-05-28,2020,0.3349594132315951,5.405425161661115
2020-05-29,2020,0.3243075023228307,4.457803578086961
2020-06-01,2020,0.599390779708006,2.051083940637355
2020-06-02,2020,0.6299691953511544,3.4481705043076127
2020-06-03,2020,1.2450676527760718,1.8942311769444942
2020-06-04,2020,1.1124372416694936,1.3613347575709422
2020-06-05,2020,0.7142178038529503,0.6137951460877922
2020-06-08,2020,0.8388492525143155,-0.3220410806937246
2020-06-09,2020,0.5536903901518331,-0.21268167096469837
2020-06-10,2020,0.41068224679910176,-0.5075869271409239
2020-06-11,2020,0.3695192436397162,0.059380518162210905
2020-06-12,2020,0.37001573165313484,1.6736745774693418
2020-06-15,2020,0.4371456122524913,3.5127442673350773
2020-06-16,2020,0.3374606470294455,2.5495932812353406
2020-06-17,2020,0.8854925155126484,3.2473629318424013
2020-06-18,2020,0.9369885415805188,4.921663998171177
2020-06-19,2020,0.6605365081432373,4.702308079924777
2020-06-22,2020,0.2993021824999575,5.160836538370139
2020-06-23,2020,0.46997382810505506,4.9975198839856905
2020-06-24,2020,0.9654725333397648,3.5419062541003132
2020-06-29,2020,1.1754591924092435,5.795391340960698
2020-06-30,2020,0.4333348078769676,5.057721895425971
2020-07-01,2020,0.1542822564031771,4.267385089144882
2020-07-02,2020,0.7664295060828998,2.986834548340811
2020-07-03,2020,0.6950685040206689,2.2873149743558807
2020-07-06,2020,0.5674785276035588,0.4773576964024917
2020-07-07,2020,0.05064924814014811,2.5186533994543847
2020-07-08,2020,0.004325663233859045,2.490347315859487
2020-07-09,2020,-0.040729249903172414,1.8072303978859505
2020-07-10,2020,-0.02440798428406408,1.907951842354616
2020-07-13,2020,-0.13104275940512322,3.0851095191769096
2020-07-14,2020,-0.07748210211421684,3.0937807406169693
2020-07-15,2020,-0.04644441267046322,2.770828126216407
2020-07-16,2020,0.15297974022237099,4.6487258322681635
2020-07-17,2020,0.11961815768639819,3.9669795986720935
2020-07-20,2020,0.16523628686797354,2.7803103854437294
2020-07-21,2020,0.13927301611777324,2.519610729539301
2020-07-22,2020,0.08328955863336573,2.6378808443976443
2020-07-23,2020,0.11744300441441788,4.031727924827422
2020-07-24,2020,-0.004173235683493132,4.265509539955992
2020-07-27,2020,-0.028064352885014437,2.4284454612616635
2020-07-28,2020,-0.15936251612563163,1.53701557116106
2020-07-29,2020,-0.18170289343516127,1.0316586356557744
2020-07-30,2020,-0.10614794183213543,0.31604380126573073
2020-07-31,2020,-0.09537976062831398,1.031678352599319
2020-08-03,2020,-0.1693187961468477,3.5409489148511497
2020-08-04,2020,0.11256314681756012,1.2763258934753274
2020-08-05,2020,0.17770510221254812,-0.18481054185576218
2020-08-06,2020,0.1824199233563745,-4.265768381925894
2020-08-07,2020,0.1411489775265408,-1.72291090329858
2020-08-10,2020,0.12940642285379872,-1.9146114471847442
2020-08-11,2020,0.14520340969381945,-0.1716719391495758
2020-08-12,2020,0.18744914162290613,1.2859944673982993
2020-08-13,2020,0.41215151222810587,0.2678026471563122
2020-08-14,2020,0.529934117630582,-0.5205752665398466
2020-08-17,2020,0.5554004887487758,-2.8145793760627202
2020-08-18,2020,0.16521381476269448,-1.3118253841241545
2020-08-19,2020,-0.002212460672422263,-0.6193147314581204
2020-08-20,2020,0.21343951586428372,3.197779762251418
2020-08-21,2020,0.017482153595109573,0.23881965507177583
2020-08-24,2020,0.0643548223769819,-0.36158401155044206
2020-08-25,2020,0.12442935749920991,-0.7421864283894797
2020-08-26,2020,-0.08715248257991133,-1.750992925430661
2020-08-27,2020,-0.32943934261511537,-0.8248608496629339
2020-08-28,2020,-0.25329129079045665,-0.4155913535001221
2020-08-31,2020,-0.3001566314702419,1.5595503297872737
2020-09-01,2020,-0.22225549444206827,1.120734172591642
2020-09-02,2020,-0.22583833135404316,2.1832355604551434
2020-09-03,2020,-0.3862883266905597,0.8995945279695716
2020-09-04,2020,-0.2487615671556736,1.8806056361989176
2020-09-07,2020,-0.09794894385686621,1.5372895075150383
2020-09-08,2020,-0.15582519083551477,-0.14253495857404763
2020-09-09,2020,-0.26646714504858615,-0.19589834858485533
2020-09-10,2020,-0.2597879780211053,-3.3673055331219115
2020-09-11,2020,-0.28259724129510433,-3.495122653528937
2020-09-14,2020,-0.382093566232118,-2.541950074367638
2020-09-15,2020,-0.04545488982515204,-2.9420076056875244
2020-09-16,2020,-0.18646204435173291,-3.553660543926218
2020-09-17,2020,0.19960360311296016,-2.520520106830393
2020-09-18,2020,0.8653624854963633,-1.3311203654659098
2020-09-21,2020,1.0113127252275496,-0.38100463301633525
2020-09-22,2020,1.2372382429291076,1.9111921939091392
2020-09-23,2020,1.1873342800173767,2.9564013642850995
2020-09-24,2020,1.2036300625345815,5.566934488331254
2020-09-25,2020,1.5041404923819042,5.6110933539117
2020-09-28,2020,1.7558569614823096,2.929206692578523
2020-09-29,2020,1.4959590460730838,2.2669724159891214
2020-09-30,2020,0.6132882650646037,3.1379213638008885
2020-10-05,2020,0.20585149779288017,2.503052211139689
2020-10-06,2020,-0.15551221522930675,1.361908592649863
2020-10-07,2020,-0.05609826274173676,1.338890994063413
2020-10-08,2020,0.07360059573144215,0.09024465379960933
2020-10-12,2020,-0.1671951408947497,-0.36184258766848165
2020-10-13,2020,-0.00570110929262516,-0.5570346478331434
2020-10-14,2020,0.22401747665269137,-0.9718785291164878
2020-10-15,2020,0.07278512562726144,-1.285565279213463
2020-10-16,2020,-0.2784189579520988,-1.6001888572645395
2020-10-19,2020,-0.13208771266611222,-2.4560090608087504
2020-10-20,2020,-0.15109984817256017,-0.9824005995784701
2020-10-21,2020,-0.21887125898419418,-0.07260867032945484
2020-10-22,2020,0.10221269397807635,0.013702840358797985
2020-10-23,2020,0.051771402200281244,0.5792002679315011
2020-10-26,2020,-0.02189386164335826,1.6921488291529174
2020-10-27,2020,-0.08813418871298954,1.6055133161061663
2020-10-28,2020,-0.32752541381146705,3.6614753297508518
2020-10-29,2020,-0.12663908215319108,4.413440512488842
2020-10-30,2020,-0.39174776263447164,5.794438856272022
2020-11-02,2020,-0.37282892573660453,7.6284358021524445
2020-11-03,2020,-0.4329740762865516,6.728952003021349
2020-11-04,2020,-0.38650658462407667,7.036035405932606
2020-11-05,2020,0.021728986637734593,6.22062420658267
2020-11-06,2020,0.15339144926278062,5.726352041425886
2020-11-09,2020,-0.1780877653965708,5.717324054063733
2020-11-10,2020,-0.022772434212576305,5.545218824435927
2020-11-11,2020,0.03627013175845601,3.5939765604323215
2020-11-12,2020,0.008248037234140127,4.718577982692196
2020-11-13,2020,-0.16622340345300396,4.473331108320222
2020-11-16,2020,-0.1637735477520124,1.262264948719105
2020-11-17,2020,-0.014932523374843399,2.1530183528151614
2020-11-18,2020,0.25132890188192514,1.56716369146368
2020-11-19,2020,0.5871313385064949,1.855793762475022
2020-11-20,2020,0.647257330532548,3.032856922058502
2020-11-23,2020,0.6497740024786465,2.727984775915271
2020-11-24,2020,0.827875955990593,4.007132546734904
2020-11-25,2020,0.5045937215556575,4.74065113259281
2020-11-26,2020,-0.20931579392264443,2.9166540273269703
2020-11-27,2020,-0.22951672885717164,2.845586204459627
2020-11-30,2020,0.626548262094653,3.5572681847628296
2020-12-01,2020,0.6684847225898263,1.3168251874054349
2020-12-02,2020,0.4600365153942804,2.25403420081578
2020-12-03,2020,0.5645855300205926,2.0164426214612563
2020-12-04,2020,0.7307423281515494,0.8315619949562647
2020-12-07,2020,0.7412535012956827,0.9003549233337349
2020-12-08,2020,0.8239759941155924,-1.2739199465195972
2020-12-09,2020,1.0153163625481993,-1.1608643140372465
2020-12-10,2020,0.9766232864616515,0.21607790875324273
2020-12-11,2020,0.9535958258417487,0.4889322373435423
2020-12-14,2020,1.015948726805783,1.9141442750535642
2020-12-15,2020,0.9265857320450234,2.8683187712708946
2020-12-16,2020,0.2538811364915207,2.6791644004737103
2020-12-17,2020,0.17908465368619572,3.3214273441275033
2020-12-18,2020,0.24884800115147837,4.57594266931276
2020-12-21,2020,0.11244489910388289,4.275785264609722
2020-12-22,2020,0.09966018244376498,5.682752763894228
2020-12-23,2020,0.12547950511258715,6.966910847080343
2020-12-24,2020,0.4833990886290622,8.288843075906072
2020-12-25,2020,0.8667866189646478,8.553792994692767
2020-12-28,2020,0.8954522943330463,7.026341790794355
2020-12-29,2020,0.8807966033794095,8.968528992091663
2020-12-30,2020,0.9119375750450931,6.9411139933413635
2020-12-31,2020,0.8170356996672717,5.9993768891018595
2021-01-04,2021,1.4230395339712438,4.764250239732437
2021-01-05,2021,0.7442252028170544,5.8489216354900675
2021-01-06,2021,0.6756417403978092,5.49317799418414
2021-01-07,2021,0.5827652178870144,6.17700801892993
2021-01-08,2021,0.27322863372905565,3.5895097953627664
2021-01-11,2021,0.5452765579610626,2.5019765640567515
2021-01-12,2021,0.7725318883521686,1.0202765036417594
2021-01-13,2021,0.8625372808719188,-0.4345598409129181
2021-01-14,2021,0.7733912984182992,-1.8546283580958889
2021-01-15,2021,0.6609828765515953,-3.061398953279215
2021-01-18,2021,0.4557100404035702,-1.2933000256213134
2021-01-19,2021,0.7084793958458468,-0.7389133086903032
2021-01-20,2021,0.4264903260702096,-0.2205466469444306
2021-01-21,2021,1.1528402592702611,-2.7705606802622573
2021-01-22,2021,0.8633453222794225,-1.3523290736080829
2021-01-25,2021,1.1384394753356053,2.607148635377965
2021-01-26,2021,0.38456271161433675,4.88963110317806
2021-01-27,2021,0.5100404225055138,4.075610851227096
2021-01-28,2021,0.3940676034849733,6.449712893457926
2021-01-29,2021,0.3288342409756365,8.621107640152715
2021-02-01,2021,0.6111614906345232,5.20723759562729
2021-02-02,2021,0.9379581474961997,4.391673884283365
2021-02-03,2021,0.8255455318989735,1.1570369506166855
2021-02-04,2021,0.7415489088183745,1.5322591941281827
2021-02-05,2021,1.0035840003809722,2.5903027388244793
2021-02-17,2021,1.3866494383784413,-2.7861625725983385
2021-02-18,2021,1.2946609659686041,-3.4660394739325473
2021-02-19,2021,1.156521019837259,-3.189877476688008
2021-02-22,2021,1.1500345765034983,-3.39466525615838
2021-02-23,2021,0.8045917225702173,-3.233698626804682
2021-02-24,2021,0.7188049644560979,-0.2033612273963481
2021-02-25,2021,0.8702697542090878,-1.1974097049752719
2021-02-26,2021,0.08254384528281573,1.852411337737725
2021-03-02,2021,0.5115279117800255,2.296875627081918
2021-03-03,2021,0.8061698132417167,0.02522864617162668
2021-03-04,2021,0.3059535863774306,2.3979640912060063
2021-03-05,2021,0.7265318204027154,1.3560825040065616
2021-03-08,2021,1.1831022638819642,2.3331696176575267
2021-03-09,2021,1.3418879500383458,2.046919559530669
2021-03-10,2021,0.823610824120224,0.7569915665671889
2021-03-11,2021,0.7885812360264254,-0.7380917651654273
2021-03-12,2021,0.7996111361669983,0.31190057569341345
2021-03-15,2021,1.2733613835743616,1.3947651995497745
2021-03-16,2021,1.3442724402308905,1.4818710783196076
2021-03-17,2021,1.3877887093358687,1.3277774420288324
2021-03-18,2021,1.3371904204425484,1.740193911531529
2021-03-19,2021,1.5003033463083746,4.166894831688883
2021-03-22,2021,1.5914086864784314,3.8676353771213368
2021-03-23,2021,1.3734938032313615,4.6289342232062936
2021-03-24,2021,1.2873971712768568,5.127082382117876
2021-03-25,2021,1.2375530584135854,4.9785369243356525
2021-03-26,2021,0.9569412298240991,3.1830848749040186
2021-03-29,2021,0.9831728991052275,2.3670836982587318
2021-03-30,2021,1.039432266287139,3.1521181040054413
2021-03-31,2021,1.407092256735753,4.428666805021941
2021-04-01,2021,0.9215254280594616,4.175899508064562
2021-04-06,2021,0.6502894871654494,3.488677032736809
2021-04-07,2021,0.7849584426357269,2.2999804940245117
2021-04-08,2021,0.6374061676062713,1.0074770595589033
2021-04-09,2021,0.21147115753683288,2.647249037326249
2021-04-12,2021,0.009158243184194902,4.226587661702164
2021-04-13,2021,-0.2456970045033005,4.582431644508067
2021-04-14,2021,-0.12847394660801367,4.1596184506434986
2021-04-15,2021,0.1705630525249329,2.868991897160633
2021-04-16,2021,0.37415319650717677,0.37030539996654177
2021-04-19,2021,0.4255463083860492,-1.90867552400239
2021-04-20,2021,0.4064545140622077,-2.7732256129837096
2021-04-21,2021,0.4508758909952835,-1.2077006832301396
2021-04-22,2021,0.44582844049025827,1.0997855175507665
2021-04-23,2021,0.38827350153404483,-0.3737513923193103
2021-04-26,2021,0.17696253453770733,-5.629089890959005
2021-04-27,2021,0.12532999722277077,-9.624571633164546
2021-04-28,2021,-0.10532761221685469,-10.800778481664741
2021-04-29,2021,-0.36367068406190434,-9.902679279954185
2021-05-03,2021,-0.9421209155666332,-10.849042087752247
2021-05-04,2021,-0.9642750739937347,-4.652239488170973
2021-05-05,2021,-0.679017407182621,-4.21992182119566
2021-05-06,2021,-0.7340067260201499,-5.601858498937295
2021-05-07,2021,-0.8488159410194825,-5.686664738212322
2021-05-10,2021,-1.0182789687860772,-5.206198098007553
2021-05-11,2021,-1.1173623988409456,0.07561901764019385
2021-05-12,2021,-0.336113612598704,4.661695080670358
2021-05-13,2021,0.09779524571081799,5.944505778520881
2021-05-14,2021,0.7839804744841705,6.5948320253439
2021-05-17,2021,0.589438543227427,11.166811798182753
2021-05-18,2021,1.0470884272597547,6.295065397083377
2021-05-19,2021,0.9232179499164292,6.399316665695554
2021-05-20,2021,1.1935825105176203,7.503883468517092
2021-05-21,2021,1.4805564391261459,5.185540968442037
2021-05-24,2021,1.024724746483103,4.563635484496831
2021-05-25,2021,0.6623206877893512,2.895574568547099
2021-05-26,2021,0.9729137749536025,1.9378515221083914
2021-05-27,2021,0.8040034812096868,3.3587706252586447
2021-05-28,2021,0.5994643379886531,2.0310760684399076
2021-05-31,2021,0.5931502641278023,1.7743869822824943
2021-06-01,2021,0.5939450622846422,0.8476679807812193
2021-06-02,2021,0.5793662959953886,1.3141245228674103
2021-06-03,2021,0.45138026895975375,0.4196876290142315
2021-06-04,2021,0.3367466246879861,-0.4923775660580776
2021-06-07,2021,0.3883008957945985,-0.048934933513467005
2021-06-08,2021,0.2905980675138754,1.5255141509737724
2021-06-09,2021,0.478141093624697,2.603644182381215
2021-06-10,2021,0.5932109498724125,2.0034127425372583
2021-06-11,2021,0.7092074109946575,2.192753138230885
2021-06-15,2021,0.6113964838806124,1.3061781825068675
2021-06-16,2021,0.871192944985084,2.586108276817578
2021-06-17,2021,0.886391972643894,1.8592217294275404
2021-06-18,2021,0.9439660841841577,2.2612183244084205
2021-06-21,2021,0.4404518040749233,5.01875991180909
2021-06-22,2021,0.12120445933498573,4.904790768086542
2021-06-23,2021,0.29935301216383686,2.9646916860234684
2021-06-24,2021,0.3422749320762751,2.631727094961156
2021-06-25,2021,-0.24347626155157628,0.9055024312988769
2021-06-28,2021,-0.4476851734552266,1.2697423735018587
2021-06-29,2021,-0.2962086363673587,1.4167934315972408
2021-06-30,2021,-0.42770032362154814,0.5085196328340702
2021-07-01,2021,-0.6789534225894502,1.807898186400081
2021-07-02,2021,-0.6611766483306527,1.0451633667698967
2021-07-05,2021,-0.5849562666684667,-0.7259199981249354
2021-07-06,2021,-0.41105327759748694,-2.145528376766226
2021-07-07,2021,-0.5409080369002952,-2.1954333417923744
2021-07-08,2021,-0.3701463646033838,-1.644232173911575
2021-07-09,2021,-0.7630146062571413,-0.5014302312150609
2021-07-12,2021,-0.5328429517962572,-2.3058402982318205
2021-07-13,2021,-0.464852001837901,-3.2365841304562326
2021-07-14,2021,-0.5444199801221278,-3.9815082022330195
2021-07-15,2021,-0.2836009724007309,-3.501016679983948
2021-07-16,2021,-0.39997121830874716,-3.620178538997776
2021-07-19,2021,-0.2976815682182694,-1.6075438818387577
2021-07-20,2021,-0.32461980270958934,0.14273701361304791
2021-07-21,2021,-0.2147183427362959,0.9456554549312823
2021-07-22,2021,-0.35594501207724416,0.1752186534170308
2021-07-23,2021,-0.07364953122806703,-0.26540836696462566
2021-07-26,2021,-0.11294792717609181,0.46881212809333217
2021-07-27,2021,-0.2954313606527653,0.31135150409353773
2021-07-28,2021,0.06782394597099872,0.5366724208968332
2021-07-29,2021,-0.4816224450918649,-1.0508073121524797
2021-07-30,2021,-0.4877518156848194,-1.5382019677157244
2021-08-02,2021,-0.7533966895211472,-3.6822241317055915
2021-08-03,2021,-0.8472732213346891,-5.083811103717939
2021-08-04,2021,-0.8248669088550018,-4.5257885744861
2021-08-05,2021,-1.0986336958412364,-6.974445439217591
2021-08-06,2021,-1.041943600964698,-6.757509294613562
2021-08-09,2021,-0.38496943809961,-4.2510930704054655
2021-08-10,2021,-0.3847296327191378,-2.914572226160317
2021-08-11,2021,-0.23755899338534642,-1.0525228156900934
2021-08-12,2021,0.16189790511568986,-0.8883886935726837
2021-08-13,2021,0.4250155272435367,1.341529409478559
2021-08-16,2021,0.26654619361321985,3.189734482408868
2021-08-17,2021,0.702229886355415,4.975164092246964
2021-08-18,2021,0.5409517317436111,3.8494568314902944
2021-08-19,2021,0.5454710930919793,5.766943097573174
2021-08-20,2021,0.937929827687786,7.189966429934258
2021-08-23,2021,0.5340119527339887,4.500461120163601
2021-08-24,2021,0.47185064463058957,3.62774121470526
2021-08-25,2021,0.49661596713723427,1.3177979873118861
2021-08-26,2021,0.4787421688012394,1.3908159391010644
2021-08-27,2021,0.758790650413921,1.5377168878664804
2021-08-30,2021,0.6594065143934082,0.28620666662069194
2021-08-31,2021,0.5064548980169941,-0.3166900034247577
2021-09-01,2021,0.4487204604357456,-0.6866777421756676
2021-09-02,2021,0.41884852644144505,-0.23707025963406458
2021-09-03,2021,0.5049786685484537,-1.370846016308791
2021-09-06,2021,0.3237320607674106,-3.255045640829246
2021-09-07,2021,0.34601376294520314,-2.011891763493545
2021-09-08,2021,0.3035273575750804,-0.05963930380668003
2021-09-09,2021,0.401691195897258,0.054552820016717796
2021-09-10,2021,0.7143058676338245,-1.6774661694107573
2021-09-13,2021,0.6873375015582217,-3.3866760363652992
2021-09-14,2021,1.0045174732770075,-2.8685567453785255
2021-09-15,2021,0.9635011213144422,-4.512561945372829
2021-09-16,2021,0.49670114996700504,-5.037126635684408
2021-09-17,2021,0.40555775850141895,-4.7233311280625685
2021-09-22,2021,0.6818719413522094,-3.147026259289065
2021-09-23,2021,0.9968900123253353,-2.133477610664347
2021-09-24,2021,0.7421120211254764,-3.5906904848671872
2021-09-27,2021,0.4615348146071569,-4.914758599657965
2021-09-28,2021,0.684415956351721,-4.850873966326452
2021-09-29,2021,0.9696021538896493,-2.777616273895822
2021-09-30,2021,1.538345090534518,-0.9068915609719008
2021-10-01,2021,0.7905858628813974,0.8120867376465668
2021-10-04,2021,1.1839594962728257,3.0004235648313227
2021-10-05,2021,0.5684978099573961,2.5944747353553232
2021-10-06,2021,0.6100731559886887,3.0277871990513017
2021-10-07,2021,0.9079020199634387,1.0463172480803529
2021-10-08,2021,0.9592906245029822,1.5252610659700627
2021-10-12,2021,1.2709550423462255,3.471454499952631
2021-10-13,2021,1.4020165835436145,4.444338417138738
2021-10-14,2021,1.403619565791575,3.993036062116495
2021-10-15,2021,0.9675619800757371,1.2288759021261475
2021-10-18,2021,1.0798668849964548,2.171625324893789
2021-10-19,2021,0.6296510621496838,0.9780677334094046
2021-10-20,2021,0.6415056118715503,1.3876272958854408
2021-10-21,2021,0.28607625806487097,1.1211100854909395
2021-10-22,2021,0.17674479098598755,2.4167581477362976
2021-10-25,2021,0.37195505118738864,3.084246465067375
2021-10-26,2021,0.29678858217921117,2.976458142786864
2021-10-27,2021,0.2171717558292666,2.84107048209179
2021-10-28,2021,0.09371941483139701,2.41109565223514
2021-10-29,2021,-0.004407326385055271,3.124196095814491
2021-11-01,2021,0.12297868398849927,3.317448079005203
2021-11-02,2021,0.5070889056110083,3.6749156362046786
2021-11-03,2021,0.844706784235919,3.748826082690515
2021-11-04,2021,-0.09314098668014079,4.464642253639872
2021-11-05,2021,0.34533924551904766,3.0144708011262233
2021-11-08,2021,0.7212189623019851,2.2293041176436823
2021-11-09,2021,0.5335037694600582,0.711233336525785
2021-11-10,2021,1.3754883258178874,0.4719342355912426
2021-11-11,2021,1.4926583175598132,1.1555351318892626
2021-11-12,2021,1.3363802916078957,-0.8490632276390353
2021-11-15,2021,1.1014359886084695,-1.7373927313948268
2021-11-16,2021,0.6530201880671169,-1.4998476809925831
2021-11-17,2021,0.5713149006808875,-1.0023057817928782
2021-11-18,2021,1.0277399414158939,-0.6529207118063152
2021-11-19,2021,0.47763061454456696,-0.6800308222272622
2021-11-22,2021,0.5710280859769705,-0.6477925176678445
2021-11-23,2021,1.7477893938586107,0.7404002689894496
2021-11-24,2021,1.8864239818400397,1.0763768441242938
2021-11-25,2021,1.665558806233884,1.4723416933883682
2021-11-26,2021,1.5887774144064957,2.630316896563434
2021-11-29,2021,1.5511864197313492,2.5364018769523877
2021-11-30,2021,1.6311816839687214,0.9846933857248441
2021-12-01,2021,1.3905625513840778,0.4214150013732265
2021-12-02,2021,1.1812074637841914,0.34335916519603327
2021-12-03,2021,1.4135250172796918,0.6523652974435468
2021-12-06,2021,1.0421457455946368,-0.10798153120071818
2021-12-07,2021,0.9908412619957423,-0.0429849659379089
2021-12-08,2021,1.152151931860174,-0.03134739984812507
2021-12-09,2021,1.2407298024118019,0.18164442350503407
2021-12-10,2021,1.0107572798678233,0.7594414083492707
2021-12-13,2021,0.9379682179573393,1.5834440217024293
2021-12-14,2021,1.3503822064675965,3.3946669681926167
2021-12-15,2021,1.0997123757714662,3.3305587171080564
2021-12-16,2021,1.180810358198455,2.435096880984422
2021-12-17,2021,1.4219983164884717,2.570765958235155
2021-12-20,2021,1.2033739527316478,4.851630897085357
2021-12-21,2021,1.4765958034524054,3.995048700705528
2021-12-22,2021,1.5562404225838788,3.0352564084584754
2021-12-23,2021,1.350006681762971,1.2431282478188033
2021-12-24,2021,1.3098646860758705,1.546295327152758
2021-12-27,2021,1.2797587082230788,1.3256734190484343
2021-12-28,2021,1.2707663451546332,0.9814357571464427
2021-12-29,2021,1.1852859978160992,1.033796061875436
2021-12-30,2021,0.8141380409445583,1.01263307652959
2022-01-03,2022,0.7114833159692016,1.395308614811519
2022-01-04,2022,0.3267610106839576,-0.7972968231734767
2022-01-05,2022,-0.009639613116614237,-1.4729761577862877
2022-01-06,2022,0.4386144044898261,-0.8146812486117039
2022-01-07,2022,0.44080982197764407,-1.488517184596816
2022-01-10,2022,0.2707009268578121,-1.372524723976365
2022-01-11,2022,0.3549936653312209,-3.2102102939544075
2022-01-12,2022,0.1777955407957994,-3.8148829413237273
2022-01-13,2022,0.06318054839774913,-2.91062557595001
2022-01-14,2022,0.49646728773611154,-2.373320480586938
2022-01-17,2022,0.4604695380883811,-2.01711808194569
2022-01-18,2022,0.24019642324982585,-0.22085420901655217
2022-01-19,2022,0.09697117387687579,0.45799030693249865
2022-01-20,2022,0.4946197907197523,-1.2109266077807601
2022-01-21,2022,0.5907171077724734,0.29336342762009693
2022-01-24,2022,0.9090591685628631,1.3476539048220548
2022-01-25,2022,0.7576645408418844,3.2057293549786703
2022-01-26,2022,1.106182554966818,3.1568256913954373
2022-02-07,2022,0.42488718489919697,1.7943274693720257
2022-02-08,2022,0.6822402857706459,0.01519489540569019
2022-02-09,2022,0.6808690311197518,-0.5290396082804016
2022-02-10,2022,0.8992262355920543,-4.054411455961782
2022-02-11,2022,1.603340545161793,-3.597630706015087
2022-02-14,2022,1.3063585135408187,-0.5524048390708303
2022-02-15,2022,0.9573642779542675,-0.4690891893352367
2022-02-16,2022,0.808902595651918,-1.6294352567291615
2022-02-17,2022,0.7757037056950767,-2.9123790203612
2022-02-18,2022,0.8758210015488125,-5.779068523805209
2022-02-21,2022,1.084809864267872,-7.662600588645619
2022-02-22,2022,0.7627039148761838,-5.308668289064289
2022-02-23,2022,0.7865547582062384,-3.4478251502431556
2022-02-24,2022,0.6295008162460595,-1.8745009107933863
2022-02-25,2022,1.1923822230993557,-2.2044869245611554
2022-03-01,2022,1.2473323875795364,-5.431760088276782
2022-03-02,2022,0.8912393767618372,-5.1868745662539855
2022-03-03,2022,0.8588577069263114,-2.7108796502810284
2022-03-04,2022,1.679204827895052,-1.5786636837440526
2022-03-07,2022,0.4117714833294611,2.2217642905250745
2022-03-08,2022,0.7548848532797058,4.365224885217156
2022-03-09,2022,1.0945483745153974,4.20802145825887
2022-03-10,2022,1.5673727416944438,1.5250212238717031
2022-03-11,2022,1.18103963426783,2.387583016019934
2022-03-14,2022,1.5456372003483427,1.4885558974548907
2022-03-15,2022,1.4157375916300228,3.6783516069303746
2022-03-16,2022,1.94254113023429,4.720725017605387
2022-03-17,2022,1.9038576043188364,1.4055875040548615
2022-03-18,2022,1.5877073114418307,0.9685206444354222
2022-03-21,2022,1.6524682251214735,-0.21559922461726888
2022-03-22,2022,1.5552583550493,-2.170195293658028
2022-03-23,2022,1.3410874479957344,-2.5199970447855824
2022-03-24,2022,1.535003866116818,-3.6764099336349054
2022-03-25,2022,1.3075849379629545,-3.8809862561131947
2022-03-28,2022,0.8657648822774313,-1.2463463205785619
2022-03-29,2022,0.8606923603895205,-1.726684544574908
2022-03-30,2022,1.0181851642738113,-4.150827256862244
2022-03-31,2022,0.9128144750087019,-4.490922357231241
2022-04-01,2022,0.5734266362762341,-3.5867735491407537
2022-04-06,2022,0.35030592446028513,-2.132229990012835
2022-04-07,2022,0.13250425579063702,-0.295017705137135
2022-04-08,2022,-0.047720865867225126,-1.501052385542223
2022-04-11,2022,0.003910828339775072,-2.50739513513607
2022-04-12,2022,0.036759637265398645,-2.037089243601431
2022-04-13,2022,0.061983002581801394,-5.769969916164075
2022-04-14,2022,0.14262856568828214,-4.791179224905995
2022-04-15,2022,-0.039746527906043924,-2.422933655136561
2022-04-18,2022,0.0034376192589504694,-2.3668446470089255
2022-04-19,2022,-0.02522973024829637,-2.5160944837407495
2022-04-20,2022,-0.28837255532727796,-2.6401724194233256
2022-04-21,2022,-0.24438560385446623,-4.202195826120459
2022-04-22,2022,-0.10873591281923456,-5.73371418300872
2022-04-25,2022,0.11672232169929017,-3.3644387488042216
2022-04-26,2022,0.41962754134458474,-3.8362754952150246
2022-04-27,2022,1.1111566979627325,-4.21183376422637
2022-04-28,2022,0.7246594371661584,-3.5740691792260137
2022-04-29,2022,0.7738431865671739,-4.16545625710425
2022-05-03,2022,0.21033564310969122,-2.6838758947566266
2022-05-04,2022,0.31690772223893726,-1.6236433670996364
2022-05-05,2022,0.1386979157835047,-4.04764699822473
2022-05-06,2022,0.2198654236703666,-1.604990187832911
2022-05-09,2022,0.42614481744470334,0.6697646944467284
2022-05-10,2022,0.5707594568689215,-0.6105829395394058
2022-05-11,2022,0.5495337144659719,0.6108863725107438
2022-05-12,2022,0.7266408561340874,2.2549607214849665
2022-05-13,2022,1.4608046423533079,2.7391688257222047
2022-05-16,2022,0.8470009639738357,4.462475410413402
2022-05-17,2022,1.3019682076844101,4.681588107689971
2022-05-18,2022,0.7313249451879209,2.320876536952521
2022-05-19,2022,1.1897728927716797,3.32234312423223
2022-05-20,2022,0.8556698376463497,2.8560810413227777
2022-05-23,2022,1.2316191098534848,2.206368865360564
2022-05-24,2022,1.3310243543322569,4.428065546495374
2022-05-25,2022,1.3876961673482657,3.212301517073679
2022-05-26,2022,0.8374917129279037,3.076556015688059
2022-05-27,2022,0.6675126812690676,-1.200278860116244
2022-05-30,2022,0.728849999487864,-3.3909029283675007
2022-05-31,2022,0.5736653480449294,-4.810394240282923
2022-06-01,2022,0.7048159471232005,-5.016344739368717
2022-06-02,2022,0.4854732657109058,-5.505549893460648
2022-06-06,2022,0.6168950331408117,-7.45744299034804
2022-06-07,2022,0.44144090575925243,-4.749262393961573
2022-06-08,2022,0.47937814782619564,-7.9347302512040585
2022-06-09,2022,0.5053048896143395,-8.693041595924278
2022-06-10,2022,0.3117629805159883,-7.027895300884801
2022-06-13,2022,0.3316659088455375,-3.2541263818385624
2022-06-14,2022,0.357954442031762,-3.7853554819263224
2022-06-15,2022,1.6377244895771805,-4.7447224088629225
2022-06-16,2022,2.214106813086888,-6.3950056223368135
2022-06-17,2022,1.9125260062760183,-8.299714984598427
2022-06-20,2022,2.321441630135154,-7.486669989679573
2022-06-21,2022,2.137160181599567,-8.770243326822913
2022-06-22,2022,2.5596474102735387,-8.87582870453324
2022-06-23,2022,2.7095861725668984,-5.536015033828756
2022-06-24,2022,2.7974257816725094,-5.4810982192099456
2022-06-27,2022,2.6578525084173585,-7.766138560497449
2022-06-28,2022,2.7334472813074067,-9.645775366711739
2022-06-29,2022,2.177365257174595,-6.006838524343294
2022-06-30,2022,2.3703673661934266,-2.611743232879593
2022-07-01,2022,2.331749214051178,1.4469695490787249
2022-07-04,2022,2.0207664940648824,3.535048737221347
2022-07-05,2022,2.0666503753754046,2.4034789395924516
2022-07-06,2022,2.3853197961049757,5.346319154610724
2022-07-07,2022,2.6778513474176977,4.195163735058016
2022-07-08,2022,2.6887459025038516,3.351854502012852
2022-07-11,2022,2.5254617957830923,4.1546581611697775
2022-07-12,2022,2.791274496230005,6.137074911365947
2022-07-13,2022,2.819480310987166,4.167004079672276
2022-07-14,2022,2.8994694071760256,3.140072528209248
2022-07-15,2022,2.77942265548744,3.0888718143968985
2022-07-18,2022,2.521770451264512,1.7802745175833135
2022-07-19,2022,2.2119335647156264,0.361710294213724
2022-07-20,2022,2.164900615818138,0.29728735469911616
2022-07-21,2022,1.8042899057211153,-1.576547929065386
2022-07-22,2022,1.6802508515840209,0.5798241530072135
2022-07-25,2022,1.6177808494391275,0.5629227527779612
2022-07-26,2022,1.3675448886059234,1.6445169037427432
2022-07-27,2022,1.1693528714244772,0.11681060798480747
2022-07-28,2022,0.8462462563800726,2.0544725656229224
2022-07-29,2022,0.37456527250076765,1.9259910120419388
2022-08-01,2022,0.31953500008033436,2.9079496371904545
2022-08-02,2022,0.8294514425675317,4.565874404888248
2022-08-03,2022,0.89215954350129,4.658787766410288
2022-08-04,2022,1.2003851751925008,4.724190937410722
2022-08-05,2022,1.0492883051698119,2.478977177501518
2022-08-08,2022,0.8355020643105613,1.4961642192190538
2022-08-09,2022,0.43944367679210894,0.30305084025012974
2022-08-10,2022,0.36791944201586524,0.8713422968842588
2022-08-11,2022,0.8334225559242052,0.014409932983938667
2022-08-12,2022,0.7510836083671323,-0.06887318112337448
2022-08-15,2022,1.1010170929744623,-3.1857614959769354
2022-08-16,2022,1.0478385031987958,-3.028033334695157
2022-08-17,2022,0.9191700061268969,-2.39249423715443
2022-08-18,2022,1.1383503724607895,-3.8637999163460335
2022-08-19,2022,1.2162023812351284,-4.774810205610047
2022-08-22,2022,1.4605710534804328,-3.8309913847954125
2022-08-23,2022,1.5169789940185887,-2.773536373145269
2022-08-24,2022,1.581144735821352,-4.3740904454718565
2022-08-25,2022,1.4833054786246014,-4.056699850789869
2022-08-26,2022,1.1195566465289803,-3.0828409183136563
2022-08-29,2022,1.3126528365771406,-0.21291434719777902
2022-08-30,2022,1.6296756710387288,-1.9749050899346865
2022-08-31,2022,1.302012429356825,-2.8180695627288754
2022-09-01,2022,0.7920787278285103,-1.6220934396082631
2022-09-02,2022,0.7408999683582962,-1.6858128922159321
2022-09-05,2022,0.8370171227919633,-0.762562154272195
2022-09-06,2022,0.7445089072503771,-1.7215817730902416
2022-09-07,2022,0.8335308764725753,-0.8703647801360903
2022-09-08,2022,0.5597367385077548,-3.188826763543806
2022-09-12,2022,1.8373670092950072,-6.950834817385598
2022-09-13,2022,1.4465445412651117,-7.16926685917737
2022-09-14,2022,1.5818699418957958,-8.1335433620929
2022-09-15,2022,1.4825276156931662,-7.742173845470091
2022-09-16,2022,2.1332949640210788,-7.809358209447215
2022-09-19,2022,2.415948591050482,-7.799978926470019
2022-09-20,2022,2.523922874478983,-6.6860948636704105
2022-09-21,2022,2.3346034892757332,-4.319658470437837
2022-09-22,2022,2.245560865289469,-2.748268593586256
2022-09-23,2022,2.7291973799083067,-2.947221990058335
2022-09-26,2022,3.0244040944228767,-4.878434685542876
2022-09-27,2022,3.3013185271469943,-5.390700093081524
2022-09-28,2022,3.3337491758761066,-4.866601762800881
2022-09-29,2022,2.9823708390974697,-3.0008290072748633
2022-09-30,2022,3.152462162454656,-3.4156003390795164
2022-10-03,2022,2.8202151956371324,-1.3217568087768194
2022-10-04,2022,2.5365076975039185,-4.417626902917682
2022-10-05,2022,2.0273897583812897,-6.197401283780013
2022-10-06,2022,2.0866811550241864,-7.722762299300667
2022-10-07,2022,2.1457435166731855,-6.169046319298699
2022-10-11,2022,2.151102625730612,-3.3565465667330208
2022-10-12,2022,2.6241340512653557,-2.692328861789861
2022-10-13,2022,2.814570101785324,0.9026807996109554
2022-10-14,2022,3.026934580879334,-2.587575372559059
2022-10-17,2022,3.0151135835119574,-0.12571291950902452
2022-10-18,2022,2.9678631369506743,-0.6664543440297321
2022-10-19,2022,2.9739989997497958,0.9510078016392365
2022-10-20,2022,2.8794367911588226,0.31283552575678275
2022-10-21,2022,2.7950809847632163,1.6187437593609522
2022-10-24,2022,2.471462870697007,2.8525361321243503
2022-10-25,2022,2.492335573606929,5.381600679608267
2022-10-26,2022,2.7294239073573907,7.147116241981921
2022-10-27,2022,2.748955932935705,4.466760583210894
2022-10-28,2022,2.723599110000089,9.533155776866886
2022-10-31,2022,2.799245723131741,9.460800401552149
2022-11-01,2022,1.3633181849515106,11.575329384124377
2022-11-02,2022,2.1711405857759623,10.970697326828581
2022-11-03,2022,1.8641588765515844,11.924830209600668
2022-11-04,2022,1.966383385185157,11.3480686988503
2022-11-07,2022,0.9553697402812139,9.268640542418826
2022-11-08,2022,0.385305855701342,8.948617595761398
2022-11-09,2022,1.1649832688325235,7.110077785378643
2022-11-10,2022,1.2879802061017696,9.480618731375557
2022-11-11,2022,1.543003987772137,5.50381365491206
2022-11-14,2022,1.9239226798621931,2.694692731518389
2022-11-15,2022,0.7504778181375531,1.122827713695096
2022-11-16,2022,0.6662850395454013,2.353936584040417
2022-11-17,2022,0.6850399044417351,3.2856033237864013
2022-11-18,2022,0.1496947895227761,3.2105503002759717
2022-11-21,2022,0.20186434530608746,3.6773178660137296
2022-11-22,2022,0.6977185242430248,1.283712230611589
2022-11-23,2022,0.8117517483924924,0.14696882782263554
2022-11-24,2022,0.6259440726456209,-1.5622294372294343
2022-11-25,2022,0.5748106813361262,-0.49450181378231095
2022-11-28,2022,0.7096081170595133,0.38277459371416356
2022-11-29,2022,0.3624662861224271,-1.2690997196396436
2022-11-30,2022,0.09255434458040156,-0.9421655896851622
2022-12-01,2022,0.4187949708316438,-1.8562160289885998
2022-12-02,2022,0.7090552274175996,-2.953306062249683
2022-12-05,2022,0.6875728461699331,-3.6541586063171816
2022-12-06,2022,1.792910204898026,-3.794246405700896
2022-12-07,2022,1.6427432434991212,-2.7040993136710156
2022-12-08,2022,0.6925571087407645,-0.756542962844875
2022-12-09,2022,-0.41606726602747746,-2.949930739869566
2022-12-12,2022,0.31651889127235766,-2.240944281609225
2022-12-13,2022,0.01734480020344824,-1.339465232982795
2022-12-14,2022,-0.1352152604907007,-3.841822168669473
2022-12-15,2022,-0.12330413587260972,-4.405485766719841
2022-12-16,2022,-0.33730560999759496,-2.6902891203870904
2022-12-19,2022,0.5557199134870051,-1.4494239717542379
2022-12-20,2022,1.1113941964639404,0.20536300911146999
2022-12-21,2022,1.7456266592316514,0.46823188894509205
2022-12-22,2022,1.57324003430258,-0.4818963452039582
2022-12-23,2022,1.8656634935495333,3.367379899843259
2022-12-26,2022,1.7081136851656986,3.6249582607928765
2022-12-27,2022,1.509200664580331,2.9522424997016516
2022-12-28,2022,1.810126778080851,3.9408456865470454
2022-12-29,2022,2.047796975324911,5.247489886418322
2022-12-30,2022,1.9339029737105424,5.583090306832306
2023-01-03,2023,-0.09574250760322106,4.9831553727049505
2023-01-04,2023,-0.2747770675285528,9.11809385504605
2023-01-05,2023,-0.0067342853019417715,6.741812664105096
2023-01-06,2023,-0.00643111090388037,7.282858403126902
2023-01-09,2023,1.2434324774579122,5.714059113854808
2023-01-10,2023,1.633815996891384,5.40229791879463
2023-01-11,2023,1.6603401754796931,4.347914508685258
2023-01-12,2023,1.7691623115699617,4.543078706783499
2023-01-13,2023,1.9128448711536206,5.356402028314644
2023-01-16,2023,1.8345189598928222,4.49989649635123
2023-01-17,2023,1.8383128768054942,4.377707522904073
2023-01-30,2023,1.3224105236503028,0.32567823816205266
2023-01-31,2023,1.2323215858312697,2.5501139847496246
2023-02-01,2023,1.2101274669719828,0.08274897812146076
2023-02-02,2023,1.1536362473118458,-0.2863708996893921
2023-02-03,2023,1.1740554913184869,-0.7880707520384278
2023-02-06,2023,1.0567875576311345,1.0291161723452902
2023-02-07,2023,1.2747547190297432,1.0524702761070648
2023-02-08,2023,1.3494986323406049,-1.276718079006689
2023-02-09,2023,1.3631201635182202,0.1070601351009115
2023-02-10,2023,1.338875105838813,-0.5316087805910752
2023-02-13,2023,1.2242013912252225,0.34874564791678164
2023-02-14,2023,1.2317898877916102,-0.35619196549486754
2023-02-15,2023,1.0704882174334156,1.137376084453412
2023-02-16,2023,1.25001630218796,1.3697951834346078
2023-02-17,2023,1.1674162865887017,2.443135202878599
2023-02-20,2023,1.272933727228184,1.7167130831452049
2023-02-21,2023,1.1872652720746721,1.334318576109994
2023-02-22,2023,0.683772241452517,0.696748184193674
2023-02-23,2023,0.6986328168835154,-0.35170386176219814
2023-02-24,2023,0.792196955080955,-0.924741627692327
2023-03-01,2023,0.08311064512073543,-1.3520539488117045
2023-03-02,2023,0.252059004639439,-2.4207114429901866
2023-03-03,2023,0.28982740782274613,-0.9960008764500206
2023-03-06,2023,0.36039659093828247,-2.179336962389722
2023-03-07,2023,0.7160922995800939,-2.1720418037960876
2023-03-08,2023,0.4057194920383395,-0.36502256893958807
2023-03-09,2023,0.4782829983738748,0.5915415080916198
2023-03-10,2023,0.003970122322177855,2.502222050469527
2023-03-13,2023,0.05626267217647365,1.734007091036327
2023-03-14,2023,0.08873532746242926,2.2203819947631542
2023-03-15,2023,0.3400028697886248,2.4836247911466325
2023-03-16,2023,0.634847109183144,4.127882836479846
2023-03-17,2023,0.8002369776663354,2.6862167507066603
2023-03-20,2023,0.6378630056255388,2.534375877514683
2023-03-21,2023,0.5976509987714256,2.0823865742307435
2023-03-22,2023,0.27074318752891824,0.73417907852944
2023-03-23,2023,0.4157515636678365,0.31473876304450865
2023-03-24,2023,1.1913344133059443,0.11479952496746826
2023-03-27,2023,1.1324940770135516,-0.16139923981273174
2023-03-28,2023,1.107204426889976,1.4517739728993728
2023-03-29,2023,1.0950035862301661,1.228870953013872
2023-03-30,2023,1.0567928294023972,0.12625059702462416
2023-03-31,2023,0.9757226613763178,-0.615009018115642
2023-04-06,2023,1.1805279054615525,-0.6530358736481556
2023-04-07,2023,1.0957010190839909,-1.4745050989802055
2023-04-10,2023,1.1423531540797867,-1.5702779700645597
2023-04-11,2023,1.0844906057444268,-3.413058286225612
2023-04-12,2023,1.0802428296969198,-3.504305851325895
2023-04-13,2023,0.8879327734713796,-2.4883009928654443
2023-04-14,2023,0.5684134363041189,-2.1987604076228684
2023-04-17,2023,0.2582761867172021,-2.0488550479060064
2023-04-18,2023,-0.986524168290876,-1.9914376310695259
2023-04-19,2023,-1.423205813956685,-1.0236854069663015
2023-04-20,2023,-0.9948003471083631,-0.5185414374770825
2023-04-21,2023,-1.1800223303901747,0.6189839255168472
2023-04-24,2023,-1.005566959469948,0.6452347783017398
2023-04-25,2023,-1.1607242300039307,1.763286454189239
2023-04-26,2023,-1.0471982505938024,0.9106560613165948
2023-04-27,2023,-1.000639098649397,0.589625013545092
2023-04-28,2023,-1.3485291381182551,-0.668392046307964
2023-05-02,2023,-1.3339859406188144,0.23931217256056847
2023-05-03,2023,-1.1161291378081244,2.390986928268468
2023-05-04,2023,-1.0114553655302752,3.1574671840594704
2023-05-05,2023,-0.9850182637494246,3.512399470884242
2023-05-08,2023,-0.8289877690844122,3.0658164522977316
2023-05-09,2023,-0.6522328867179358,2.9268742409888304
2023-05-10,2023,-0.6135391955397775,3.3088348114278743
2023-05-11,2023,-0.2395361326121138,5.01049331470147
2023-05-12,2023,0.04243529879913371,6.467982939371808
2023-05-15,2023,0.17612936005278318,7.50401452660896
2023-05-16,2023,0.23995926022890085,6.0536305578063
2023-05-17,2023,0.3476429621576026,4.104603432653331
2023-05-18,2023,0.12259989840705736,2.5510685708749703
2023-05-19,2023,0.036993793269896866,3.2889807182972186
2023-05-22,2023,-0.047209585304288926,3.297346437680493
2023-05-23,2023,0.08786568174954834,3.543544211370997
2023-05-24,2023,0.0800805463154334,4.722723480938562
2023-05-25,2023,0.22707926469151443,2.7110851951878123
2023-05-26,2023,0.20282626069250478,2.3105049666617417
2023-05-29,2023,0.6783644641247665,1.9179144401098691
2023-05-30,2023,0.8275606168516294,3.572575880991913
2023-05-31,2023,-0.29616775280062135,3.9760033198704914
2023-06-01,2023,-0.3221784175709369,4.980000181678879
2023-06-02,2023,-0.35206613301211886,3.483588527142367
2023-06-05,2023,-0.4826648707073889,3.351176199248207
2023-06-06,2023,-0.577695446572771,2.525107895041412
2023-06-07,2023,-0.6207335763851713,1.654131072986953
2023-06-08,2023,-0.2568829171827838,1.9454764609599051
2023-06-09,2023,-0.38891793182746076,0.00888288800455772
2023-06-12,2023,-0.34000870741493416,-0.1164232924436237
2023-06-13,2023,-0.32310129784898484,-1.5932297898539782
2023-06-14,2023,-0.3295890758098835,-1.871431604569862
2023-06-15,2023,-0.3769832660952511,-1.4466702586331204
2023-06-16,2023,-0.533124195697152,-0.8568498534609725
2023-06-19,2023,-0.29253986784347463,-1.262723913083752
2023-06-20,2023,-0.45295132826555157,-2.459948873750295
2023-06-21,2023,-0.630671676007754,-3.1285750825466363
2023-06-26,2023,-1.0141034053669278,-2.382521143966565
2023-06-27,2023,-0.9941534107705227,0.06519460678946487
2023-06-28,2023,-0.8591110805407416,0.155884369226289
2023-06-29,2023,-0.5872845898060016,0.7029742124741167
2023-06-30,2023,-0.6581487956157103,2.1765193425690166
2023-07-03,2023,-0.9542765759826451,1.4638671989323448
2023-07-04,2023,-1.2539594431421532,0.5083785617565617
2023-07-05,2023,-0.9288064912283751,0.35183212430736077
2023-07-06,2023,-1.1589310942696724,2.4025528914215943
2023-07-07,2023,-1.050240636686944,2.199264171538884
2023-07-10,2023,-0.7362184544310303,2.2867625864719576
2023-07-11,2023,-0.8290112304562008,1.7751440773398963
2023-07-12,2023,-0.8875377417055749,1.1821698228337008
2023-07-13,2023,-0.6533008659753168,1.0574747676040497
2023-07-14,2023,-0.9468067541129817,0.053345028353302126
2023-07-17,2023,-1.0808296599065828,-1.0895167901310066
2023-07-18,2023,-1.282830664040219,-0.08730020066276545
2023-07-19,2023,-1.0773812285757134,-1.3011467337834204
2023-07-20,2023,-1.1701663303408925,-1.8713198861163627
2023-07-21,2023,-1.3545334335982937,-0.20374969907285267
2023-07-24,2023,-1.1147167754676501,-0.9190065993057273
2023-07-25,2023,-1.0234435809467546,-1.9068091022153233
2023-07-26,2023,-0.9199794107323791,-3.075591913789022
2023-07-27,2023,-0.9013222506987499,-3.7152110392058346
2023-07-28,2023,-0.6787248511099284,-5.200217661206052
2023-07-31,2023,-1.03745507528873,-4.028070453759403
2023-08-01,2023,-0.6531285119885417,-4.45068137968857
2023-08-02,2023,-0.962341006284667,-2.232011521434285
2023-08-04,2023,-0.912212063419442,-2.745065211402742
2023-08-07,2023,-0.3683784994605087,-3.6156154389268114
2023-08-08,2023,-0.2951732136122197,-2.6038879971464146
2023-08-09,2023,-0.1200667356955255,-1.7428785829360804
2023-08-10,2023,0.09155600978364724,0.8185900557268644
2023-08-11,2023,0.2993212478528958,-0.7208493336345101
2023-08-14,2023,0.2053138763217553,0.7051506497023796
2023-08-15,2023,0.4409375468486415,1.0261443469382847
2023-08-16,2023,0.5246493474465674,1.6601425932614156
2023-08-17,2023,0.3653272878839464,0.7135219832581141
2023-08-18,2023,0.27432987765025135,1.609334052038558
2023-08-21,2023,0.2964479338014702,2.4918368231461097
2023-08-22,2023,0.08444917324830065,2.1535977553914565
2023-08-23,2023,-0.07581519685558238,0.9727994980967436
2023-08-24,2023,0.10767647886824319,-0.9047234878095112
2023-08-25,2023,-0.0770541079506953,0.5730033164295989
2023-08-28,2023,-0.0045727056083297414,-0.46222544196407034
2023-08-29,2023,-0.1829864828236587,-0.3064308981481356
2023-08-30,2023,0.15415777941231196,-0.8272218241583973
2023-08-31,2023,0.0956949628105834,1.0403071686512222
2023-09-01,2023,-0.23811709142192466,1.6580414227987506
2023-09-04,2023,-0.13836171222853194,-0.5446795027186146
2023-09-05,2023,-0.1621390582896002,-0.9248070911604067
2023-09-06,2023,0.06809583223233799,-1.2152470761421785
2023-09-07,2023,0.4942499011295351,-1.8200099403458903
2023-09-08,2023,0.578148770615654,-1.3968371177158434
2023-09-11,2023,0.12774854041643857,0.11732525200891519
2023-09-12,2023,0.1585475210044533,-1.789930554507979
2023-09-13,2023,0.0842169971085173,-1.6352551727797926
2023-09-14,2023,-0.03682498899743977,-2.7000944812929473
2023-09-15,2023,-0.14768233333248207,-2.148878429778034
2023-09-18,2023,0.03700836522873704,-1.4606329768885873
2023-09-19,2023,-0.1632775830784095,-2.181612279638767
2023-09-20,2023,0.11052309125808787,-0.49126838930131367
2023-09-21,2023,0.0051271067522864425,1.2496422370495974
2023-09-22,2023,0.2238751147645594,2.0040405078656454
2023-09-25,2023,0.13045475559750253,2.2713030391624756
2023-09-26,2023,0.34597883092648496,3.1119305827512322
2023-09-27,2023,0.08474828599644298,2.0960910734036498
2023-09-28,2023,0.22855543383659524,1.7660180484708743
2023-10-02,2023,0.23877873013520548,-0.703012747843712
2023-10-03,2023,0.1694001985808158,-0.00978465255975225
2023-10-04,2023,0.15816478235761383,1.0283051216158023
2023-10-05,2023,0.2546850699587657,-1.2286732565432779
2023-10-06,2023,0.11283395143917072,-1.276045560171346
2023-10-11,2023,0.13964598713012957,-1.878235583789134
2023-10-12,2023,0.1329802224639184,-4.470307995228784
2023-10-13,2023,-0.11825344097682407,-3.8609104565033747
2023-10-16,2023,0.08337831682389266,-3.0179723568721117
2023-10-17,2023,-0.011290872393082801,-3.8532556609413793
2023-10-18,2023,0.06570135708857355,-2.4472489661460317
2023-10-19,2023,0.26190957431399897,-0.339031881031282
2023-10-20,2023,0.370093531594605,0.40709895916968275
2023-10-23,2023,0.13745172732103972,2.4490258046095725
2023-10-24,2023,0.2668651803626844,2.3004017226495144
2023-10-25,2023,0.2436556678574624,2.3347549864324746
2023-10-26,2023,-0.26036518778786955,4.180172131688087
2023-10-27,2023,-0.18532572505826175,3.396797319550937
2023-10-30,2023,-0.34155733977505587,4.270115568853372
2023-10-31,2023,-0.38582998351694187,5.714796388036691
2023-11-01,2023,0.06981072997147778,6.797493041769331
2023-11-02,2023,-0.1492673203182144,4.7217927724363395
2023-11-03,2023,0.33485965312754506,4.2483333484778285
2023-11-06,2023,0.34756108487703075,3.3701595737013257
2023-11-07,2023,0.41673459985982503,4.3856888992774845
2023-11-08,2023,0.5704526384746045,3.4014442533613742
2023-11-09,2023,0.5655451167297414,3.2778661921155416
2023-11-10,2023,0.6308532038839403,3.6250192565099093
2023-11-13,2023,0.40830802224570234,1.770442815581874
2023-11-14,2023,0.2086584810569169,2.515649653487806
2023-11-15,2023,0.13004586411240426,1.4115424449377079
2023-11-16,2023,0.13485526681007415,1.5297143236515875
2023-11-17,2023,0.2202627769828382,1.3330272910316854
2023-11-20,2023,0.31408776409590855,1.2260559996327691
2023-11-21,2023,0.052055934032479365,-0.5092239057915782
2023-11-22,2023,-0.0008562217781972303,0.2915034205147826
2023-11-23,2023,-0.15652757101048306,-0.09141608194487283
2023-11-24,2023,0.15450096908432726,0.5586142987212828
2023-11-27,2023,0.1627068912915453,1.6392199059135137
2023-11-28,2023,0.3131315900552535,0.6307503784329427
2023-11-29,2023,0.2623830148938838,0.5663029862019275
2023-11-30,2023,-0.06019202860334558,1.2576682717816423
2023-12-01,2023,-0.0971494888129261,1.3505864947084945
2023-12-04,2023,-0.2539856427052925,1.323366327085873
2023-12-05,2023,-0.19680764433435222,1.4343251186951012
2023-12-06,2023,-0.11842715278545639,1.5810404176785253
2023-12-07,2023,-0.09060245851375612,1.5336766454035367
2023-12-08,2023,-0.030670869919983183,1.2231944450036947
2023-12-11,2023,0.17858075673792662,1.0707105269503359
2023-12-12,2023,0.09381206582110826,1.7254391388734858
2023-12-13,2023,0.23598715330616793,2.418980441274887
2023-12-14,2023,0.18557974121248327,1.457306956111415
2023-12-15,2023,0.11696072263956717,1.4537845983930042
2023-12-18,2023,-0.16787786108149674,1.142814735755593
2023-12-19,2023,0.13151724277386712,-0.09808523288129534
2023-12-20,2023,-0.08786880582925814,-0.48510932680093655
2023-12-21,2023,-0.07674134247678319,-0.14022095630693565
2023-12-22,2023,0.04828194448569099,-0.13621926471149015
2023-12-25,2023,0.15505338144796033,-0.39392576132472046
2023-12-26,2023,0.1349711838885047,-1.6116739044588768
2023-12-27,2023,0.2951397574860704,-1.9348852807199002
2023-12-28,2023,0.09277988873319062,-2.2196079701312543
2023-12-29,2023,0.11239972390944757,-2.141509502359351
2024-01-02,2024,0.019761802769767727,-2.8391218432419763
2024-01-03,2024,0.0942088384619825,-2.263870277362834
2024-01-04,2024,0.07171213383932203,-1.8339966893926696
2024-01-05,2024,0.3257901543234679,0.9268719811589055
2024-01-08,2024,0.21368318609563527,1.3796431502117512
2024-01-09,2024,0.2875470801972039,1.9337925544139267
2024-01-10,2024,0.3366333855078181,2.3486126752942926
2024-01-11,2024,0.34583501574806047,2.606393043843025
2024-01-12,2024,0.38091918162119853,2.7534099286066205
2024-01-15,2024,0.39932474554646813,3.2644661539811937
2024-01-16,2024,0.487187817576328,3.9647498367140654
2024-01-17,2024,-0.13096757968421677,4.240641564778502
2024-01-18,2024,0.023748927557935454,4.2972430009885265
2024-01-19,2024,-0.07410232772309777,2.1401440600129495
2024-01-22,2024,-0.10634908047322274,1.5771452307312472
2024-01-23,2024,0.04627954235985716,4.307679225089922
2024-01-24,2024,-0.004477958488263517,4.0916701490224305
2024-01-25,2024,0.22420641180190456,3.517154725256666
2024-01-26,2024,0.23560414433992993,4.212996588502493
2024-01-29,2024,0.17580027176215043,3.0722481640077737
2024-01-30,2024,0.25645201743161883,4.536549959716374
2024-01-31,2024,0.6734753709884823,5.587784160147025
2024-02-01,2024,0.8743946629423498,5.453773379615323
2024-02-02,2024,0.8965259752030075,4.399131115126131
2024-02-05,2024,0.6645149952440054,4.811541953584397
2024-02-15,2024,0.5804548745855599,1.5627069972651508
2024-02-16,2024,0.2573510234507267,3.7515484555751266
2024-02-19,2024,0.4084504345403904,4.03052189871107
2024-02-20,2024,0.5721570807856763,3.979542647745782
2024-02-21,2024,0.4179216274428823,5.446525571700178
2024-02-22,2024,0.6086864665398886,4.94643230335261
2024-02-23,2024,0.3550854165363807,4.430523489890259
2024-02-26,2024,0.34058986562722754,5.100788735516315
2024-02-27,2024,0.38484108999936784,5.696810454424184
2024-02-29,2024,0.3401738719153017,5.120270873743915
2024-03-01,2024,0.21306572032851814,3.942610687724346
2024-03-04,2024,0.5461449865886244,2.9760723863019978
2024-03-05,2024,0.24075020047496615,2.425759223228874
2024-03-06,2024,-0.07509661729249761,1.4615796855808716
2024-03-07,2024,-0.04120319545528611,2.567189613639398
2024-03-08,2024,0.3380877609810538,2.2395897564456924
2024-03-11,2024,0.2992139900117986,2.363216614755692
2024-03-12,2024,0.2813789209067651,1.0642469952873768
2024-03-13,2024,-0.008541275946289211,1.362921763844871
2024-03-14,2024,0.33320095846574327,1.046398019452388
2024-03-15,2024,0.2933596340223367,3.109107074812645
2024-03-18,2024,0.32860077301716606,1.7227494171233815
2024-03-19,2024,0.34849995857297605,3.0687609532058957
2024-03-20,2024,0.20813848294604081,2.7958826249908197
2024-03-21,2024,0.28985455246639563,1.082276478791866
2024-03-22,2024,0.25365520289976046,2.8067922226292508
2024-03-25,2024,0.3532823492026541,2.8292042739169743
2024-03-26,2024,0.29809865351029674,3.113955786627476
2024-03-27,2024,0.3304288697121073,2.6556772930061756
2024-03-28,2024,0.500461789406603,1.5050715879393772
2024-03-29,2024,0.02530188094797235,-1.9339770232748466
2024-04-01,2024,-0.09280115428941796,-0.04450525730714805
2024-04-02,2024,-0.03966365042148956,-0.8080005589602868
2024-04-03,2024,0.001336591343270338,-3.9851309889072484
2024-04-08,2024,0.20104515768160383,-4.929448468730557
2024-04-09,2024,0.38356153693314876,-5.755474557851925
2024-04-10,2024,0.43526205023901665,-3.0427870405465574
2024-04-11,2024,0.3687434783868456,-4.316438605671813
2024-04-12,2024,0.4970142477538646,-2.9708866991985716
2024-04-15,2024,0.2320653653832448,0.22371889757195618
2024-04-16,2024,-0.22904785353830462,2.4853833491776722
2024-04-17,2024,-0.2305478308941987,0.04506926864598082
2024-04-18,2024,-0.379137119666362,0.14343979666227025
2024-04-19,2024,-0.49282181291479804,5.101571557915352
2024-04-22,2024,-0.5333350581481582,6.399958374589532
2024-04-23,2024,-0.9196823796762843,5.618726810372632
2024-04-24,2024,-0.05826601271638223,2.1311123628658057
2024-04-25,2024,0.0891388504408252,4.287666776449317
2024-04-26,2024,0.3768452326353093,3.663923031772054
2024-04-29,2024,0.7674849756550634,2.392376480323488
2024-04-30,2024,0.4530917870541746,3.6800741300020645
2024-05-02,2024,0.2830184695436102,5.34960172956378
2024-05-03,2024,0.22675338709264126,4.565348700856653
2024-05-06,2024,0.4720287912568571,3.6461954723677525
2024-05-07,2024,0.4711687359682782,2.823827210166985
2024-05-08,2024,0.5297575750523076,4.112555680995311
2024-05-09,2024,0.3563146549989542,5.090568106155557
2024-05-10,2024,0.3785709819009046,4.135914903973381
2024-05-13,2024,0.3207440728311217,4.535780773632392
2024-05-14,2024,0.19314160213319329,4.157849217448906
2024-05-15,2024,-0.013929290206777037,2.4366807725463513
2024-05-16,2024,-0.12330280902303621,0.2826664714005611
2024-05-17,2024,-0.1544045376670238,-0.39631262268639
2024-05-20,2024,-0.20382699312096988,1.2464018977389024
2024-05-21,2024,-0.043826887697356716,0.5644460663707829
2024-05-22,2024,-0.0798717225475837,-0.3106464741045256
2024-05-23,2024,0.1123619957436697,1.3665206829317489
2024-05-24,2024,0.13743194582074963,1.358847113006334
2024-05-27,2024,0.1927808285450705,-0.05343112681890361
2024-05-28,2024,0.06585167983852333,0.8717468470945455
2024-05-29,2024,0.05002825023513611,2.9984535487593833
2024-05-30,2024,0.21774585605731364,5.337082859025832
2024-05-31,2024,-0.16959174733594945,6.244905361330888
2024-06-03,2024,-0.3291436410105396,5.6678441882623165
2024-06-04,2024,-0.3996630523952069,8.676092003322623
2024-06-05,2024,-0.1394734191788678,8.942195627808935
2024-06-06,2024,-0.09156424786888358,6.1667739593748605
2024-06-07,2024,0.07982312450277884,4.370497722155076
2024-06-11,2024,-0.2284490804394394,4.973586782745332
2024-06-12,2024,0.06623283624643686,4.2529443565592295
2024-06-13,2024,0.21959249126900113,2.6619708462336966
2024-06-14,2024,0.0709364539938544,2.3440860406172437
2024-06-17,2024,0.2769702178152508,2.498340855234127
2024-06-18,2024,0.4677014846347275,0.5358250030868872
2024-06-19,2024,0.27819000409324474,-0.1598911482088905
2024-06-20,2024,0.41283281699881413,0.497434429486332
2024-06-21,2024,0.1665321307443623,1.3038959050701848
2024-06-24,2024,0.24751258113905186,4.665836755984354
2024-06-25,2024,0.16216677404960395,4.476793770930798
2024-06-26,2024,0.30496651194901553,4.43904711813663
2024-06-27,2024,0.46103556907691756,6.478875821946928
2024-06-28,2024,0.4385070036454845,3.84104896395272
2024-07-01,2024,0.35591573286477596,3.559587606690262
2024-07-02,2024,0.3766539232357068,4.885973695954049
2024-07-03,2024,0.6346428001531257,2.578020518348745
2024-07-04,2024,0.40649288676785356,-0.5274092540215602
2024-07-05,2024,0.39719153197248536,-2.917782242676048
2024-07-08,2024,0.6005704395315729,-6.789303191411388
2024-07-09,2024,0.523096752688496,-4.302245013405814
2024-07-10,2024,0.6317585781055384,-7.86380517747266
2024-07-11,2024,0.6752100634579253,-9.124794024443583
2024-07-12,2024,0.536505814065203,-7.080172915169303
2024-07-15,2024,0.42091537596267947,-7.035406309046821
2024-07-16,2024,0.7982684693079811,-5.647105397493468
2024-07-17,2024,0.8419136994732763,-8.968221046688619
2024-07-18,2024,0.3966383628999635,-15.247108037405866
2024-07-19,2024,0.78761700668051,-10.35556025861789
2024-07-22,2024,0.4831182061349706,-4.320934681643851
2024-07-23,2024,0.7545678909963152,-8.75198497366194
2024-07-26,2024,1.5816611957114357,-2.939571530809637
2024-07-29,2024,1.6476825639486896,-1.765120695310396
2024-07-30,2024,1.6264827262052841,-1.9213834680926634
2024-07-31,2024,1.4385694389637482,-0.7752479239256926
2024-08-01,2024,1.0360576151027698,-3.298854788204275
2024-08-02,2024,1.2327905096543676,3.2869814295069633
2024-08-05,2024,1.4855533093829503,13.003709366402294
2024-08-06,2024,1.7474493558338047,9.404800346519337
2024-08-07,2024,1.785364525436799,4.426379930200497
2024-08-08,2024,1.6510605483609164,6.127090909962107
2024-08-09,2024,1.1374164588609101,3.209511388513664
2024-08-12,2024,1.7490562449159843,2.1441897079261363
2024-08-13,2024,1.245640329602304,1.7820693806410937
2024-08-14,2024,1.3218172236849035,1.5590234822776328
2024-08-15,2024,1.31798853109506,1.4006742126231542
2024-08-16,2024,1.2734883116499034,-0.3635008297787956
2024-08-19,2024,0.893671874605408,-0.7788169639570186
2024-08-20,2024,0.6989762383770847,-1.5020219268717883
2024-08-21,2024,0.972494048141121,-5.149499345486463
2024-08-22,2024,1.0165052547432432,-4.339371425036909
2024-08-23,2024,1.1404848564552554,-3.2622906799109175
2024-08-26,2024,1.2314660729148421,-4.926592122704376
2024-08-27,2024,1.0372226394612896,-5.052603110209597
2024-08-28,2024,1.112016913183725,-5.988468824791038
2024-08-29,2024,1.1137076933061674,-2.4709652573997154
2024-08-30,2024,0.8882685979031948,-2.283267222289831
2024-09-02,2024,0.7296271594331194,-1.7315865455968082
2024-09-03,2024,0.4580020247591688,-1.8711120345135224
2024-09-04,2024,0.4284761846344306,4.503632764812537
2024-09-05,2024,-0.19068259464737322,4.586196431799383
2024-09-06,2024,-0.20027971334404496,3.967028050602761
2024-09-09,2024,-0.38436899144046943,6.088314469430256
2024-09-10,2024,-0.10074697361563525,8.058837604110858
2024-09-11,2024,-0.02213756497144298,8.691027530787899
2024-09-12,2024,0.14637674148634636,5.401221525637023
2024-09-13,2024,0.10202911781576521,2.1364773790019553
2024-09-16,2024,0.019241256734195834,2.472805591558469
2024-09-18,2024,0.09156272983864938,2.8777831286175726
2024-09-19,2024,0.27810951070037404,2.9936001458987116
2024-09-20,2024,0.3005689219370799,2.0396291960710133
2024-09-23,2024,0.020136780433945352,1.6761997583185195
2024-09-24,2024,-0.09663258144846046,2.0946175470693884
2024-09-25,2024,0.19141147235696426,0.9388180092787968
2024-09-26,2024,0.18811731747369875,1.8952430157125333
2024-09-27,2024,-0.02195521742423758,0.8245705279678717
2024-09-30,2024,0.1409321107920279,3.7314608086376655
2024-10-01,2024,0.3015564709731719,4.898887424470955
2024-10-04,2024,0.1775590548698854,5.559055379368694
2024-10-07,2024,-0.37558231034577755,3.6686171074979956
2024-10-08,2024,-0.15106694318320152,3.1991399025004696
2024-10-09,2024,-0.2923389147764487,2.3541997292034766
2024-10-11,2024,-0.46693017569754713,1.9509956492198777
2024-10-14,2024,-0.4326567625792606,0.9696504374917536
2024-10-15,2024,-0.4250177473224376,-1.5689909514151612
2024-10-16,2024,-0.11316139210277346,-0.828082941274122
2024-10-17,2024,0.13333557906616517,-1.187481131126089
2024-10-18,2024,-0.46977700938438394,-2.221969603108409
2024-10-21,2024,-0.0070440405231374514,-1.850863097551525
2024-10-22,2024,0.3002597611067378,-1.351366854142877
2024-10-23,2024,0.3733384182682363,0.3173805944436614
2024-10-24,2024,0.3343676338247583,1.558131673487817
2024-10-25,2024,-0.3972163090523447,0.7760258175596224
2024-10-28,2024,0.6044108824720004,-0.9324051526700239
2024-10-29,2024,0.664129580082334,-0.28944557389476433
2024-10-30,2024,0.767289882663841,-0.46033313132136655
2024-11-01,2024,0.877057176915238,-0.1637834458878218
2024-11-04,2024,0.5472781450519362,-1.8238314263332667
2024-11-05,2024,-0.049716792773786954,-1.1165116400850161
2024-11-06,2024,-0.14573006065069177,-2.2785516712049314
2024-11-07,2024,-0.2570597266617862,-3.644609168680868
2024-11-08,2024,-0.21774399851944598,-2.7578034880862523
2024-11-11,2024,-0.0841925841764972,-2.470373537376691
2024-11-12,2024,-0.4698843689212323,-1.3184798211800186
2024-11-13,2024,-0.049297788360343237,-2.2985333043455847
2024-11-14,2024,-0.017874992690801738,-1.833471418924093
2024-11-15,2024,-0.2661921084821212,-2.1117480412456424
2024-11-18,2024,0.20109770752150738,0.8444311189211184
2024-11-19,2024,0.34316012405249025,0.7819229018591889
2024-11-20,2024,0.4754511450152573,2.4989465964045054
2024-11-21,2024,0.49909805591281786,3.157877002934062
2024-11-22,2024,0.3297028396201137,1.2615524058343652
2024-11-25,2024,0.3500379635418092,1.4156996771448327
2024-11-26,2024,0.4560223755038451,1.9680088329344425
2024-11-27,2024,0.29070367713582734,2.5469245723485967
2024-11-28,2024,0.45177968430420157,3.353977102009509
2024-11-29,2024,0.5224973663688249,3.404738910724303
2024-12-02,2024,-0.012557748815918767,1.3325017933379701
2024-12-03,2024,0.19265006067736037,-0.04103796076511124
2024-12-04,2024,0.3376625329860974,-0.37264575475817185
2024-12-05,2024,0.1752763439052624,-1.4427147396804285
2024-12-06,2024,0.1289804900945115,-2.944906000749359
2024-12-09,2024,-0.10015184270533821,-0.7249094991030436
2024-12-10,2024,-0.42519929523655026,-0.020929657324431084
2024-12-11,2024,-0.274257538151273,1.3818770212407294
2024-12-12,2024,-0.3958353537487692,0.8684068937987011
2024-12-13,2024,-0.2590734689898254,1.1085781008910445
2024-12-16,2024,-0.23910403825070667,0.6523465813653706
2024-12-17,2024,-0.25438920512197977,0.07424620981570929
2024-12-18,2024,-0.043840150496935765,-1.4528671693282202
2024-12-19,2024,-0.8827453961841354,-0.10443807301944164
2024-12-20,2024,-0.9491442503969829,4.608833753512287
2024-12-23,2024,-0.9824758427909179,2.366331465590754
2024-12-24,2024,-1.2385528590816772,1.241725864437404
2024-12-25,2024,-0.9111293190326368,-0.5986185262528698
2024-12-26,2024,-0.6879911242962142,-1.0112298650919116
2024-12-27,2024,-0.7150304715544666,-3.382715349240062
2024-12-30,2024,-0.7447548223927546,-1.6933014807979263
2024-12-31,2024,-1.1049889021514818,-2.2597253756224123
2025-01-02,2025,-0.5563464110789147,0.8454778062075841
2025-01-03,2025,-0.5072450799567939,1.046694866052933
2025-01-06,2025,-0.11073148447972772,-1.192854846607161
2025-01-07,2025,-0.08845812016864792,-1.4851633760047611
2025-01-08,2025,-0.643256133891855,0.5044573644238604
2025-01-09,2025,-0.7804078193009474,-1.6741814633859042
2025-01-10,2025,-0.7079212366064963,-0.946903031741031
2025-01-13,2025,-0.5029140418270487,2.9937749935188496
2025-01-14,2025,-0.27157020570321155,2.276914331032498
2025-01-15,2025,-0.19851639093325738,4.280339353583029
2025-01-16,2025,-0.28860922347615886,0.9860543493839469
2025-01-17,2025,-0.2856385588785164,1.0193934010941597
2025-01-20,2025,-0.3968585757568664,0.0985523591105375
2025-01-21,2025,-0.30646436734002486,0.426609258965982
2025-01-22,2025,0.06897507543306487,-1.5846695126673693
2025-02-03,2025,0.49281935149440004,3.57184559749828
2025-02-04,2025,-0.38089867439021985,3.8262329143334606
2025-02-05,2025,0.7515517789227052,1.910491425887173
2025-02-06,2025,0.08975902718013908,0.7327826527023795
2025-02-07,2025,0.5368224357066873,1.0732477307740185
2025-02-10,2025,0.9947384365548972,1.3468437743794803
2025-02-11,2025,1.0544764257810537,-0.4205002982802353
2025-02-12,2025,0.7148097476853611,0.4843332367242992
2025-02-13,2025,0.36155312736264394,-1.4796526920977882
2025-02-14,2025,0.06847040660068054,-1.7119452191351248
2025-02-17,2025,0.6400718842552127,-3.8648680958744297
2025-02-18,2025,0.7104985945892441,-3.3558958358598012
2025-02-19,2025,0.05747697349565618,-3.7648152353321973
2025-02-20,2025,-0.14172315326317983,-3.8803259271117385
2025-02-21,2025,0.05325733916591343,-5.35645431464059
2025-02-24,2025,0.05432614205569405,-6.340761059370747
2025-02-25,2025,-0.3528004655927708,-4.326084827954646
2025-02-26,2025,-0.09099542598992102,-6.156893159078813
2025-02-27,2025,-0.6161200892210912,-4.7070729504562925
2025-03-03,2025,-0.7001651134216897,-2.801955506728915
2025-03-04,2025,-0.5123240445858481,-1.4391809842774883
2025-03-05,2025,-0.574961949010787,-3.9833594935269945
2025-03-06,2025,-0.519050658990413,-1.4887237441686185
2025-03-07,2025,-0.3074824255302854,-1.6254822030583815
2025-03-10,2025,-0.14667623809413524,-1.5695607358248265
2025-03-11,2025,-0.557546615336469,0.9156774767353992
2025-03-12,2025,0.041881257350856266,-0.08111009966622618
2025-03-13,2025,0.6462913865023097,-0.04516958629759982
2025-03-14,2025,0.82084360794858,-1.6622321963032705
2025-03-17,2025,0.739329774180832,-6.4322699914054375
2025-03-18,2025,0.6814747923722414,-4.451843979369308
2025-03-19,2025,0.7551889879289425,-3.0172356873579
2025-03-20,2025,0.5579193630309276,-14.054044150177457
2025-03-21,2025,0.5927327710225484,-16.881143315127577
2025-03-24,2025,0.9105858526082514,-21.327890624717284
2025-03-25,2025,0.8744047945149767,-14.695515101339318
2025-03-26,2025,1.0974530422081012,-12.270819472702287
2025-03-27,2025,0.860870511190571,-11.109223132905965
2025-03-28,2025,0.9323048733074227,-8.078641329933179
2025-03-31,2025,0.8222763819912109,-5.933059204963309
2025-04-01,2025,1.7452771814132515,-9.123235387687211
2025-04-02,2025,2.1430064460535396,-8.935911076136893
2025-04-07,2025,2.3019784439270787,-0.6559260828759794
2025-04-08,2025,1.8918590666596953,1.8065054347384368
2025-04-09,2025,1.875671453468375,12.92209644107325
2025-04-10,2025,2.011773778742395,2.5198907580672447
2025-04-11,2025,2.08254914635864,1.7612988426818355
2025-04-14,2025,2.0422346324234253,2.671642471797142
2025-04-15,2025,1.9713096582529843,1.8882376431877512
2025-04-16,2025,1.7926403388300638,3.9399527429628156
2025-04-17,2025,1.883362470707997,7.492270692025804
2025-04-18,2025,1.5550459813916047,5.867276307383906
2025-04-21,2025,1.7415842455508173,7.413248055604993
2025-04-22,2025,1.9469811817216651,9.328047088796465
2025-04-23,2025,1.8583549226848235,4.604376770062246
2025-04-24,2025,1.7841882115036511,7.373294364491456
2025-04-25,2025,1.9229231135428253,6.324294648998907
2025-04-28,2025,1.8878845116125298,6.467522627319688
2025-04-29,2025,2.020616548020617,7.662078533537153
2025-04-30,2025,1.9640000307198648,7.3892650517444425
2025-05-02,2025,1.8317508644050782,5.080182262151922
2025-05-05,2025,1.6458817572342461,4.825600168314503
2025-05-06,2025,1.3454875914670057,4.889441342442646
2025-05-07,2025,0.9848800748082145,6.119877409718155
2025-05-08,2025,0.7536358407428358,5.4886727610814035
2025-05-09,2025,1.0328723820650363,3.52473626634231
2025-05-12,2025,0.7434872481986211,1.9263552353719016
2025-05-13,2025,0.7816814337571658,0.030004491297308533
2025-05-14,2025,0.9638804762749948,-1.951763013781005
2025-05-15,2025,0.9125505218923446,-1.7622898954222865
2025-05-16,2025,0.9200394759054825,-3.8499905464690287
2025-05-19,2025,0.8012283376268261,-1.844002670528444
2025-05-20,2025,0.7445849801389698,0.42766826953228865
2025-05-21,2025,0.24305080656122707,-0.5938384445725586
2025-05-22,2025,0.22007751988101462,-0.047529043475691424
2025-05-23,2025,0.16132714973226633,0.6375783752627928
2025-05-26,2025,0.2940304795979077,3.2761484303210686
2025-05-27,2025,0.27391185051745237,5.312763925172481
2025-05-28,2025,0.2970410051256874,4.354865594267543
2025-05-29,2025,-0.20381917590458648,3.3992589226740755
2025-06-02,2025,0.11671890842920893,4.985975619336758
2025-06-03,2025,0.19234019473147615,5.134016158523735
2025-06-04,2025,0.650191977482088,3.4167680863573135
2025-06-05,2025,0.7600158797798674,1.5182406180923813
2025-06-06,2025,0.40590862625248364,1.7777851644409814
2025-06-09,2025,0.4530983424877757,-0.2674126870271132
2025-06-10,2025,1.07025553678135,-0.2399948925777884
2025-06-11,2025,0.9569226134592423,-0.17574465623204638
2025-06-12,2025,0.6614308846876946,0.917631244329864
2025-06-13,2025,0.5377119201177246,2.297518002804333
2025-06-16,2025,0.7191212944938143,0.9347888199039422
2025-06-17,2025,0.7330004512502853,1.540321967045144
2025-06-18,2025,0.6338440521726436,0.9885613862134601
2025-06-19,2025,0.5774613941600836,3.2243506714840775
2025-06-20,2025,0.8022946380131886,2.2759952716488563
2025-06-23,2025,0.47816205948071316,3.2058685754936755
2025-06-24,2025,0.873701873866192,0.7819724941817485
2025-06-25,2025,0.7431283752432852,0.42976985467626516
2025-06-26,2025,0.529567196598093,0.8932374310542945
2025-06-27,2025,0.5487814158308508,0.7570832344260925
2025-06-30,2025,0.47434564962131376,1.6128220589305853
2025-07-01,2025,0.0737361422123484,1.2513235067208361
2025-07-02,2025,0.3336925971498577,2.0602593527961677
2025-07-03,2025,0.13198953563670973,1.7624731596088017
2025-07-04,2025,-0.3379724404740404,3.706087149351367
2025-07-07,2025,-0.08037419854734613,4.0655017317082764
2025-07-08,2025,0.1470946626119021,2.797792889541162
2025-07-09,2025,-0.23006335376176906,3.514270202747727
2025-07-10,2025,-0.07544900122176552,2.998600905555615
2025-07-11,2025,-0.7882330184590133,2.695921898920628
2025-07-14,2025,-0.8769804846251377,3.5286803387313714
2025-07-15,2025,-0.4830749978304472,1.600897532573664
2025-07-16,2025,-0.3142146119478233,1.8175663653446472
2025-07-17,2025,0.09950045805023165,1.857114178515551
2025-07-18,2025,0.24753629633641344,0.2191751061555891
2025-07-21,2025,-0.02239336356114814,0.1644347864832696
2025-07-22,2025,0.043027664903063215,2.926189059297246
2025-07-23,2025,0.034780909573696936,0.5518753856888159
2025-07-24,2025,0.20330153815746804,2.695504739722754
2025-07-25,2025,-0.24291861758386402,2.8114591527786947
2025-07-28,2025,0.40270007409948816,3.0859805116649097
2025-07-29,2025,0.4954932024761633,4.124040149093688
2025-07-30,2025,0.7329293054393129,3.871412667101981
2025-07-31,2025,0.8995118667070716,2.954569009604735
2025-08-01,2025,0.517197709801309,3.840937972329539
2025-08-04,2025,0.881518598822176,4.720402208141183
2025-08-05,2025,1.2437232838584154,2.928540666145696
2025-08-06,2025,0.6312701378148498,0.7594884882562436
2025-08-07,2025,0.8623856904671774,-0.1734727503221345
2025-08-08,2025,0.6352322308797413,-1.0690113674303392
2025-08-11,2025,0.6967434847039415,0.587847776097461
2025-08-12,2025,0.6054043659561554,0.6074087810596263
2025-08-13,2025,0.794458937503759,0.6150179605925787
2025-08-14,2025,0.5374219230686352,-0.006807464281433084
2025-08-15,2025,0.39847227729407214,-0.4166105049296376
2025-08-18,2025,0.46119647679363335,-1.6778910014165205
2025-08-19,2025,0.35764112597099673,-1.3826349395364201
2025-08-20,2025,-0.17318632077976986,2.009951983963054
2025-08-21,2025,0.14042425276590792,0.9086003623216987
2025-08-22,2025,-0.06009880849255741,3.072275544121128
2025-08-25,2025,0.38024368051959867,1.1121463683478217
2025-08-26,2025,-0.08591992356336678,2.263228705086595
2025-08-27,2025,0.27677054578102855,2.74344512008613
2025-08-28,2025,-0.3711275021762755,4.040443216725209
2025-08-29,2025,-0.5720916302673829,5.123323058131235
2025-09-01,2025,-0.9404072558384359,5.339998413076263
2025-09-02,2025,-0.6389220421614411,6.715554707999982
2025-09-03,2025,-0.7075047874080772,5.551590644099869
2025-09-04,2025,-0.6911349123097048,6.573696693734665
2025-09-05,2025,-0.6574188407017602,4.424611485479635
2025-09-08,2025,-0.6402204410600312,5.431210988708357
2025-09-09,2025,-0.06081363108091749,5.601206669997949
2025-09-10,2025,-0.04395006700666337,3.9858545707289306
2025-09-11,2025,-0.17651134868098461,3.204906782319439
2025-09-12,2025,-0.34074012759506933,0.41484393891337845
2025-09-15,2025,-0.533940536824629,1.827412849073018
2025-09-16,2025,-0.42373595709100736,1.3783650492164456
2025-09-17,2025,-0.31311321476999876,3.6957730975990755
2025-09-18,2025,-0.37131144760714896,3.848368760419363
2025-09-19,2025,-0.5810730245824804,6.3865680260313695
2025-09-22,2025,-0.48369471871173353,4.571300510807319
2025-09-23,2025,-0.21641055547770974,4.017735872203576
2025-09-24,2025,-0.48917087380089297,2.773972171335881
2025-09-25,2025,-0.5796358920885891,2.9561344689583047
2025-09-26,2025,-0.5619150839583364,6.627712241285488
2025-09-30,2025,-0.36371155849991305,7.07704021681963
2025-10-01,2025,-0.5315682687339762,5.078184083307069
2025-10-02,2025,-0.27019849001139373,4.967096172283458
2025-10-03,2025,-0.11934800399509357,3.7044496742655086
2025-10-07,2025,-0.47842580688812875,1.6057651142237006
2025-10-08,2025,-0.3982247905433428,1.731397947359703
2025-10-09,2025,-0.3754931349563194,2.533558079431786
2025-10-13,2025,-0.6162318930761479,3.809657168368674
2025-10-14,2025,-0.3501466045776007,5.60438022404981
2025-10-15,2025,-0.04627788687215727,3.7096009599750124
2025-10-16,2025,-0.07159043576454026,2.117631484812388
2025-10-17,2025,-0.34850692628897284,3.7806974266336724
2025-10-20,2025,-0.28199184961883905,1.5455080298302892
2025-10-21,2025,-0.06873056702390021,-0.12737632515518182
2025-10-22,2025,-0.4780821598074095,0.9061478372926812
2025-10-23,2025,-0.23278599733442898,0.43276505452150005
2025-10-27,2025,-0.04309582500675722,-0.4433865847337515
2025-10-28,2025,-0.43137834248162693,-0.5873532287790195
2025-10-29,2025,-0.18576564673209955,-1.228673597990304
2025-10-30,2025,-0.09316261696738039,-1.357382563977827
2025-10-31,2025,-0.120489498860968,-2.9605059265018108
2025-11-03,2025,-0.15288678248828286,-3.1314375821213547
2025-11-04,2025,-0.2877564102890341,-4.838572001695807
2025-11-05,2025,-0.7129801254334878,-4.101950206840133
2025-11-06,2025,-0.19546700095238395,-1.6956965101462607
2025-11-07,2025,0.0760528203487871,-4.399305496537076
2025-11-10,2025,0.30840191049724064,-4.898794417268181
2025-11-11,2025,0.2352346576843578,-3.1411969429493425
2025-11-12,2025,0.32347888967326865,-1.9234560736019368
2025-11-13,2025,0.46059298926446673,-1.2508439783310843
2025-11-14,2025,0.4431062894253534,0.835769687015242
2025-11-17,2025,0.2570327954189001,-0.3817496140787635
2025-11-18,2025,0.24938643741777913,3.0204304660018
2025-11-19,2025,0.5454192098511206,4.563260060526453
2025-11-20,2025,0.5205556994537399,1.346697119121898
2025-11-21,2025,1.279296798600139,5.848131298955095
2025-11-24,2025,0.6113254674548655,6.789630640229638
2025-11-25,2025,1.16988549140099,4.720652403726633
2025-11-26,2025,1.1318698372948497,3.6162226728358116
2025-11-27,2025,1.0892869374489809,1.7065070607265032
2025-11-28,2025,1.1179298219859868,2.0688122410093435
2025-12-01,2025,0.7692082508747449,1.9179278581755277
2025-12-02,2025,1.024929042328618,-0.10016590317828422
2025-12-03,2025,0.9012403798968736,-0.9638024483827667
2025-12-04,2025,0.8728437857027919,-1.1770881189939075
2025-12-05,2025,1.0914324396744672,-1.0169083256465372
2025-12-08,2025,1.0275146933427322,-0.5445915704545445
2025-12-09,2025,1.005452757300663,0.4537196710026947
2025-12-10,2025,1.1445318909092808,-0.10122979233280205
2025-12-11,2025,1.0255363012961278,1.8957171785653815
2025-12-12,2025,1.0076931178732573,2.173450476310035
2025-12-15,2025,1.1241235280224309,3.015006312139046
2025-12-16,2025,0.7424562454923901,5.181964697243591
2025-12-17,2025,0.5853538195418861,6.628987214247917
2025-12-18,2025,0.3706470993423326,9.598293028421988
2025-12-19,2025,0.7099816720127763,10.398301581255298
2025-12-22,2025,0.42683347945064576,8.120281467187507
2025-12-23,2025,0.48882003463713825,7.24141987045781
2025-12-24,2025,0.2742499027355771,6.756595768078233
2025-12-26,2025,0.5095030885330835,7.043243421177037
2025-12-29,2025,0.5766145901025879,6.5819903515649925
2025-12-30,2025,0.11890296997620367,7.784303063385289
2025-12-31,2025,0.48209469680882355,6.376900661519991
2026-01-02,2026,0.9470073293195831,7.015002822846217
2026-01-05,2026,0.9561225323037721,5.096322741972781
2026-01-06,2026,0.7086861764131365,3.8712663075650244
2026-01-07,2026,0.7370973005111364,2.6643255385903286
2026-01-08,2026,0.7700417061400758,4.563586628041993
2026-01-09,2026,0.9761740523996295,5.5219789652731555
2026-01-12,2026,0.9161379621943857,4.898144388985748
2026-01-13,2026,0.6884061051425135,5.24534620848125
2026-01-14,2026,0.917222076329077,6.017882616966452
2026-01-15,2026,1.1286900255629682,5.600965642321554
2026-01-16,2026,0.8647028222348523,2.085568648177105
2026-01-19,2026,0.9479696972937411,-0.048231170800616674
2026-01-20,2026,0.9628501408499519,1.3708127741853815
2026-01-21,2026,0.5711925029281988,3.3393959042282484
2026-01-22,2026,0.5804033299467395,0.1738482357506843
2026-01-23,2026,0.5770168513759114,-0.5587658405375673
2026-01-26,2026,0.31842388718086806,1.0606739162164258
2026-01-27,2026,0.536713070531873,2.336319911677487
2026-01-28,2026,0.8562970262593221,2.444501890328632
2026-01-29,2026,0.4485696707196432,3.801880178643713
2026-01-30,2026,0.6346669079530127,8.22445908541578
2026-02-02,2026,0.2749820685531007,11.981521646671855
2026-02-03,2026,0.7916548479068972,9.998738948718078
2026-02-04,2026,0.8066127627422128,8.687818231200485
2026-02-05,2026,0.3525112681385768,7.931695809632755
2026-02-06,2026,0.9290942991408222,3.2909499819399723
2026-02-09,2026,1.1054043002136766,3.9140097924308392
2026-02-10,2026,1.2964537605934119,1.5921460939250398
2026-02-11,2026,1.5161398602909357,-4.449511705004894
2026-02-23,2026,1.6642149001549178,-2.9650380212037586
2026-02-24,2026,1.3621945097363333,-1.6905364196004524
2026-02-25,2026,1.4608340681376424,-5.171000424419569
2026-02-26,2026,1.1538851701027604,-5.687417777299631
2026-03-02,2026,1.1399841140766291,-4.993803976567646
2026-03-03,2026,1.5140749864858687,-1.4190798472773158
2026-03-04,2026,1.2021785762069492,4.629155792095263
2026-03-05,2026,1.7962136848676082,0.049713508829341
2026-03-06,2026,2.0617916946323716,-0.16565702982839214
2026-03-09,2026,1.3917330974543778,1.9061725134707164
2026-03-10,2026,1.5891897399059123,-0.48709457226578934
2026-03-11,2026,1.28874214063851,-1.9788832740862405
2026-03-12,2026,1.318269155527775,-0.7272974159263312
2026-03-13,2026,1.4508512490379597,-0.8614588123706746
2026-03-16,2026,1.0530701744576516,-2.4723693567160976
2026-03-17,2026,1.4974823664400474,-6.24643691721708
2026-03-18,2026,1.3069372554319234,-3.4172009439691564
2026-03-19,2026,0.891906837142872,-3.316297453700956
2026-03-20,2026,0.9273591023309533,-0.9362661683740781
2026-03-23,2026,0.5345466934752883,6.230819772327911
2026-03-24,2026,0.7258486726245159,6.8959384574625915
2026-03-25,2026,0.8334211200119921,5.917382370523616
2026-03-26,2026,1.0489266147349263,6.358192336465529
2026-03-27,2026,0.49768578446194744,9.614258504091655
2026-03-30,2026,0.4755537822367885,12.928099252848257
2026-03-31,2026,0.8839913938338213,17.050820241093277
2026-04-01,2026,1.2062928134447075,10.940586866786317
2026-04-02,2026,1.0008093348812448,13.466511402434511
2026-04-07,2026,1.6031410383162856,13.166758050449868
2026-04-08,2026,1.712563109395455,8.967106599335262
2026-04-09,2026,1.8303847215859341,8.183864220238224
2026-04-10,2026,1.363687828292551,9.923165817894542
2026-04-13,2026,1.3942473333550123,11.730563728925691
2026-04-14,2026,1.4126281212223621,8.88692785895573
2026-04-15,2026,1.5662455745835058,7.029437826880458
2026-04-16,2026,1.4818070111254604,4.833052443686081
2026-04-17,2026,1.3348443964473002,10.598750038718263
2026-04-20,2026,1.3624583385334241,10.310102059590665
2026-04-21,2026,1.3292030073962606,9.396967592968085
2026-04-22,2026,0.8869792799888769,10.706108245660385
2026-04-23,2026,0.8518291913664109,10.313874235532294
2026-04-24,2026,1.280968999267626,7.340056097235204
2026-04-27,2026,1.072925496578075,5.759424766821408
2026-04-28,2026,1.079302314803027,4.687977980720981
2026-04-29,2026,1.0843738220747157,6.229089012428912
2026-04-30,2026,1.015956242059332,5.769135422203275
2026-05-04,2026,0.6021493336989622,0.4586153001807647
2026-05-05,2026,0.6041202815835213,-1.4563167521435938
2026-05-06,2026,0.5177901454248272,-2.7176987203093916
2026-05-07,2026,-0.05048254289239675,-1.3487217226779924
2026-05-08,2026,-0.06004047085960164,1.5960747948391418
2026-05-11,2026,0.27871793293289404,4.437275275508101
2026-05-12,2026,0.24992350370682423,3.883329928264434
2026-05-13,2026,0.4616967674793889,6.966368173633519
2026-05-14,2026,0.4808362894759973,4.514038333722548
2026-05-15,2026,0.595553304050289,8.647986173248267
2026-05-18,2026,0.7206293012481778,10.8728102588733
2026-05-19,2026,0.9499571750859348,13.395581791517031
2026-05-20,2026,0.9841275683232705,16.087476468498153
2026-05-21,2026,1.2577346491126147,10.416815230825804
2026-05-22,2026,0.9717701992266831,6.631428005650619
2026-05-25,2026,0.7543097257127106,-0.3244860738147448
2026-05-26,2026,0.6286228808298124,2.7089258517503767
2026-05-27,2026,0.7292760286907887,-2.330172990365331
2026-05-28,2026,0.723464530864026,-1.1159938803440461
2026-05-29,2026,0.729627145068595,-1.2605923062512847
2026-06-01,2026,0.41591129514044434,0.13031037381299182
2026-06-02,2026,0.5163871608272689,0.5528860242187461
2026-06-03,2026,0.7426509674656133,-1.2522180771240898
2026-06-04,2026,0.9278692082028307,1.7245704993228639
2026-06-05,2026,0.9478924988648366,5.925259158118279
2026-06-08,2026,1.0565230730976887,8.270436969775275
2026-06-09,2026,0.9575928186075086,2.995586120752214
2026-06-10,2026,1.1245066814532085,7.0090969366721545
2026-06-11,2026,1.012304067315323,3.2962173802406847
2026-06-12,2026,1.0975992672627217,1.8810913707882237
2026-06-15,2026,0.8565324617565293,1.6056571151523702
2026-06-16,2026,0.7486414056263986,2.640954795315076
2026-06-17,2026,0.7975240090958685,1.8893184638446137
2026-06-18,2026,0.8658660219953308,0.678830608713632
2026-06-22,2026,0.8070405908238987,-2.482368069212726
2026-06-23,2026,0.871539441368264,-3.4427125740302933
2026-06-24,2026,0.9371765727818211,-0.6715156938206235
2026-06-25,2026,0.9187993241757436,-1.947129904793532
2026-06-26,2026,0.5402355223992813,1.814512148499392
2026-06-29,2026,0.941495385322989,-0.5821124046942461
2026-06-30,2026,1.107278556196118,-1.071675333885025
2026-07-01,2026,1.1817367511256394,-2.964780825789737
2026-07-02,2026,0.953608358632464,-8.71315261628406
2026-07-03,2026,0.8666962770010308,-9.257936299262404
2026-07-06,2026,0.889095239338982,-4.990764962661398
2026-07-07,2026,0.6661539314357134,-1.436549659832842
2026-07-08,2026,0.7779578835219914,-1.9320244865955516
2026-07-09,2026,0.7613950239532639,-3.747733692341315
2026-07-13,2026,0.596267132868969,-3.8481930132135855
2026-07-14,2026,0.7778710957210929,-7.006557072910125
2026-07-15,2026,0.41645606358046966,-12.255566812377117
2026-07-16,2026,0.15140907171937812,-12.474920536951473
2026-07-17,2026,0.8525977625177689,1.05101160570098
2026-07-20,2026,0.9264866235827058,2.206635147009295
2026-07-21,2026,1.048723011336381,-1.9718593887306013
2026-07-22,2026,1.127888248172316,-0.4778054057285819
2026-07-23,2026,1.0300298665437002,-1.0124900754300725
2026-07-24,2026,0.9645588437997275,1.3081481915865556
2026-07-27,2026,0.6049269074496474,2.9668707039136155
2026-07-28,2026,0.9708978974295605,8.454509443468039
2026-07-29,2026,1.0932403614936288,13.683821696648124
2026-07-30,2026,1.14587953948067,15.245872492381052
2026-07-31,2026,1.5919761245795505,6.241362716620569
2026-08-03,2026,1.2915457172259701,5.69500910538574
2026-08-04,2026,1.2341141886120355,4.492597668024412
2026-08-05,2026,1.2299284062254336,0.24152910902097702
2026-08-06,2026,1.0150617571937257,1.20963945518473
2026-08-07,2026,0.9500491734866664,2.2574549624869267
2026-08-10,2026,0.9838241753774067,-0.3704531351410578
2026-08-11,2026,0.7634762691011254,0.10802132590082003
2026-08-12,2026,0.7656055597307615,0.6910442380355875
2026-08-13,2026,0.9075601413624744,-0.10051827972503702
2026-08-14,2026,0.7461622480013927,1.1360587771367614
2026-08-17,2026,0.7932487286153541,0.5914002294510778
2026-08-18,2026,0.7664716996526054,3.6197037741995564
2026-08-19,2026,0.8028751534881838,3.2320908063288023
2026-08-20,2026,0.891664367267311,2.056183171042525
2026-08-21,2026,1.0999676179655449,2.9339100735467527
2026-08-24,2026,0.8187001787048553,5.727920268654518
2026-08-25,2026,0.8852779247230504,4.286790233932392
2026-08-26,2026,0.8100853906013151,2.9471149587346313
2026-08-27,2026,0.3547569223700657,2.0995440587342484
2026-08-28,2026,-0.46771694135502895,-0.3164157392009037
2026-08-31,2026,-0.5605550401277796,-0.5765419923964621
2026-09-01,2026,-0.4717213600490776,-3.0612762179671793
2026-09-02,2026,-0.8078284853800766,-0.6841154890574463
2026-09-03,2026,-0.7130143889624619,0.9384255542040254
2026-09-04,2026,-0.716466516707667,1.352534299382202
