date,year,p_down,fwd7,state,composite_smooth
2014-01-02,2014,0.4475724352008701,-0.5380526534564778,多頭,9.8
2014-01-03,2014,0.5076166393601389,0.018721026286638853,多頭,2.0
2014-01-06,2014,0.5002732906616054,1.206351521939375,多頭,-7.5
2014-01-07,2014,0.5168542232244508,1.1725385618458262,多頭,-11.7
2014-01-08,2014,0.5207551075021265,0.4673907580753145,多頭,-14.3
2014-01-09,2014,0.4762992971046474,1.255243884679147,多頭,-19.3
2014-01-10,2014,0.46899209809495235,0.8271439206973374,多頭,-16.4
2014-01-13,2014,0.4474590110888159,0.6899208517195277,多頭,-6.5
2014-01-14,2014,0.5188234594785134,0.5493592758190724,多頭,-0.8
2014-01-15,2014,0.494515287867529,-0.04928771120190634,多頭,7.2
2014-01-16,2014,0.47940041966158586,-1.736392126900388,多頭,6.1
2014-01-17,2014,0.40867269752960633,-3.8566775244299745,多頭,3.2
2014-01-20,2014,0.5002519761029556,-3.6020163404302585,多頭,-0.9
2014-01-21,2014,0.41634811514575115,-2.471540366748437,多頭,-3.9
2014-01-22,2014,0.4116702766375247,-2.7054131450500063,多頭,-6.5
2014-01-23,2014,0.3894076255327354,-1.914346546288015,多頭,-3.9
2014-01-24,2014,0.41674609193720646,-1.0169440273728014,多頭,-1.9
2014-01-27,2014,0.4100777753230139,0.0606198826125004,多頭,-4.4
2014-02-05,2014,0.5184397968998812,3.0153137281474507,盤整,-10.7
2014-02-06,2014,0.486850608945591,2.5092016493783342,盤整,-13.4
2014-02-07,2014,0.4766815040938209,2.0135084383029023,盤整,-15.2
2014-02-10,2014,0.5217946056948278,2.205208562968086,盤整,-14.4
2014-02-11,2014,0.5487929704660537,1.1157028714581463,多頭,-10.9
2014-02-12,2014,0.5532989835308636,1.069103393660109,多頭,-3.4
2014-02-13,2014,0.5414181520624687,1.0972282910353348,多頭,-0.5
2014-02-14,2014,0.49341327260801504,0.7275349789985119,多頭,2.4
2014-02-17,2014,0.4791041735407397,0.9543931310926235,多頭,2.5
2014-02-18,2014,0.5423457628059024,0.9741439863117263,多頭,1.1
2014-02-19,2014,0.4929122749367757,0.2911270944070177,多頭,-2.4
2014-02-20,2014,0.4687336735766089,0.3509833869427714,多頭,-5.3
2014-02-21,2014,0.4808824138052394,0.3612009495620683,多頭,-4.7
2014-02-24,2014,0.47878917860260967,1.7893584686138109,多頭,-5.8
2014-02-25,2014,0.50127835002467,1.6131778227113314,多頭,-7.1
2014-02-26,2014,0.5086244249022425,0.748529798182962,多頭,-5.3
2014-02-27,2014,0.49404728175534096,0.7263084548091436,多頭,-5.4
2014-03-03,2014,0.4542849773531691,0.9619878214085498,多頭,-11.1
2014-03-04,2014,0.5584592471404729,2.2590343840814375,多頭,-12.1
2014-03-05,2014,0.5153147236839579,0.6336203351585024,多頭,-6.1
2014-03-06,2014,0.4254058740279373,-0.1571072977430088,多頭,5.3
2014-03-07,2014,0.43057034050896964,0.20633558106764038,多頭,8.2
2014-03-10,2014,0.45357124725092557,0.27950754970433866,多頭,2.7
2014-03-11,2014,0.4444984760747114,-1.2065734119482974,多頭,2.3
2014-03-12,2014,0.4743814642874703,-1.23849561241397,多頭,-4.2
2014-03-13,2014,0.4482992020689404,-1.627954031818346,多頭,-3.4
2014-03-14,2014,0.4628642945106757,0.01922273393319962,多頭,-6.0
2014-03-17,2014,0.49594024243807605,0.4272364685463437,多頭,-6.7
2014-03-18,2014,0.5423651430635718,0.5454687045490347,多頭,-5.7
2014-03-19,2014,0.5102664209628152,0.9802680488776083,多頭,-6.4
2014-03-20,2014,0.46074389038761804,2.930560999752263,多頭,-10.0
2014-03-21,2014,0.37755787194872276,3.4507885468050503,多頭,-6.6
2014-03-24,2014,0.3886132092206689,3.487004641282554,多頭,-4.1
2014-03-25,2014,0.41446264216671425,2.2929349890094874,多頭,-1.8
2014-03-26,2014,0.39497827499319776,1.5928316281859312,多頭,2.7
2014-03-27,2014,0.4037689313586884,1.2378738366457531,多頭,6.5
2014-03-28,2014,0.47121343372704433,1.7770529617169517,多頭,11.0
2014-03-31,2014,0.4642040725138449,1.1167010197439708,多頭,20.0
2014-04-01,2014,0.5020922510359334,0.3933214247476835,多頭,23.3
2014-04-02,2014,0.4797823539856145,-0.5393326558455813,多頭,25.9
2014-04-03,2014,0.458713349130063,0.316924939303842,多頭,21.8
2014-04-07,2014,0.48832700176963373,0.5337725484541034,多頭,16.3
2014-04-08,2014,0.4914768718433227,0.6290327117261629,多頭,10.2
2014-04-09,2014,0.45869211771072316,0.4041175423293186,多頭,7.4
2014-04-10,2014,0.576553066493416,0.03453247058033959,多頭,2.5
2014-04-11,2014,0.5832813595456359,0.748311920117195,多頭,-2.1
2014-04-14,2014,0.5037974419605921,1.1233519467294117,多頭,3.4
2014-04-15,2014,0.5549029347885475,0.3223161906129146,多頭,2.0
2014-04-16,2014,0.5194465408967064,-1.6775327158100373,多頭,2.5
2014-04-17,2014,0.4852067175589777,-1.5032155059838015,多頭,3.7
2014-04-18,2014,0.4919234864011166,-1.0544617505291787,多頭,7.9
2014-04-21,2014,0.46265527825713404,-1.78467890861439,多頭,12.0
2014-04-22,2014,0.4674280568123275,-1.1965846250185153,多頭,15.1
2014-04-23,2014,0.45818465287566595,-0.9656221111721375,多頭,16.2
2014-04-24,2014,0.452370562127816,-0.3695733585230676,多頭,15.2
2014-04-25,2014,0.4024836356365841,1.3574010840972983,多頭,6.9
2014-04-28,2014,0.3940347431880228,1.3756411959076953,多頭,5.1
2014-04-29,2014,0.4590931891194613,0.1981490310647649,多頭,4.9
2014-04-30,2014,0.42751038979095846,0.19530361351496328,多頭,4.0
2014-05-02,2014,0.47969940142056205,-0.5568762602454758,多頭,6.7
2014-05-05,2014,0.5844200085723609,0.0533232323573829,多頭,4.8
2014-05-06,2014,0.5363193016065699,-0.35613342773375134,多頭,7.8
2014-05-07,2014,0.5601944957175359,-0.053636365680809206,多頭,5.7
2014-05-08,2014,0.592921884758274,-0.3471094738492164,多頭,7.8
2014-05-09,2014,0.5489377695733157,-0.021373073751729255,多頭,1.1
2014-05-12,2014,0.5556435551334752,0.6108795825902069,多頭,-6.3
2014-05-13,2014,0.47697984591829573,1.720243049964032,多頭,-7.6
2014-05-14,2014,0.4849492787728307,1.4992405770712702,多頭,-7.4
2014-05-15,2014,0.5037003577004128,1.7506601431201751,多頭,-11.1
2014-05-16,2014,0.517224354063217,1.877042678982277,多頭,-3.2
2014-05-19,2014,0.5071217837944163,2.4922751941032883,多頭,-4.9
2014-05-20,2014,0.5376459380442407,2.4889201927588145,多頭,-5.0
2014-05-21,2014,0.5600912380310958,2.408935708305404,多頭,-8.6
2014-05-22,2014,0.5842368764462569,1.7150094262528004,多頭,-5.2
2014-05-23,2014,0.5338567958332205,1.2404226362144666,多頭,0.4
2014-05-26,2014,0.5194509182252306,1.157576481941347,多頭,2.4
2014-05-27,2014,0.5322799645970964,0.8742955775021821,多頭,-0.2
2014-05-28,2014,0.5071070859706948,0.44980601224990924,多頭,5.8
2014-05-29,2014,0.5006239507661646,1.2445932594137732,多頭,4.1
2014-05-30,2014,0.5103615037505481,1.6955875498985806,多頭,-4.6
2014-06-03,2014,0.5012841965173588,0.889903611129994,多頭,-0.5
2014-06-04,2014,0.5323444070726586,0.8380519212803694,多頭,-4.4
2014-06-05,2014,0.5276780490894053,0.6805809607995927,多頭,-6.9
2014-06-06,2014,0.4934084317906871,1.1619734499904943,多頭,-10.1
2014-06-09,2014,0.49728033181171066,1.278984233973679,多頭,-9.9
2014-06-10,2014,0.4408647713931277,1.024031783587076,多頭,-0.6
2014-06-11,2014,0.4753898442443414,0.47660837721295035,多頭,-6.8
2014-06-12,2014,0.47295588735792915,0.2574785570336857,多頭,-11.8
2014-06-13,2014,0.6047266458384215,0.5416255726431896,多頭,-14.6
2014-06-16,2014,0.6192223739422256,0.4262772834303874,多頭,-12.7
2014-06-17,2014,0.6128320383706056,0.8694240633725148,多頭,-11.8
2014-06-18,2014,0.5199709451490726,0.2898728761962621,多頭,-2.9
2014-06-19,2014,0.4655571012231189,0.8185205021890463,多頭,-1.0
2014-06-20,2014,0.46522997421450796,1.8129588873588842,多頭,-0.4
2014-06-23,2014,0.44232761870361603,2.780670434042909,多頭,0.7
2014-06-24,2014,0.48021399857427227,3.0285955311371016,多頭,-1.8
2014-06-25,2014,0.5407578360653683,2.8985648376569806,多頭,-2.9
2014-06-26,2014,0.531649243133017,2.13776722090262,多頭,-3.8
2014-06-27,2014,0.533933436926059,2.408446270104858,多頭,-5.7
2014-06-30,2014,0.502196767558724,1.031718064487963,多頭,-2.2
2014-07-01,2014,0.5861118370835888,1.3048193587744894,多頭,4.8
2014-07-02,2014,0.5764643343560867,0.11470791653314105,多頭,15.9
2014-07-03,2014,0.5167042160929927,-0.062249179371065555,多頭,17.5
2014-07-04,2014,0.47479157340035993,0.6216581405986465,多頭,12.7
2014-07-07,2014,0.4303009727825322,-0.37257620638223576,多頭,11.4
2014-07-08,2014,0.41350310629550036,-1.287800415067497,多頭,8.9
2014-07-09,2014,0.521571027813339,-0.9379366447558435,多頭,-1.8
2014-07-10,2014,0.5071518618504569,-1.297945033622172,多頭,1.5
2014-07-11,2014,0.48469712833883005,0.037068863839317956,多頭,2.4
2014-07-14,2014,0.5812131610636808,0.0760480236967398,多頭,-0.3
2014-07-15,2014,0.5617022498644639,-1.3572755003829928,多頭,2.5
2014-07-16,2014,0.5199194709498287,-0.6805676070905431,多頭,-0.8
2014-07-17,2014,0.48862553273014414,-0.17389012185063946,多頭,-6.6
2014-07-18,2014,0.5292359669209932,0.48984306938539834,多頭,-3.7
2014-07-21,2014,0.5251078853752287,-1.3252875499021655,多頭,-5.5
2014-07-22,2014,0.5431192845847729,-2.451217766249525,多頭,-3.1
2014-07-24,2014,0.5803150284944264,-2.0713636468595253,多頭,-2.2
2014-07-25,2014,0.5591707805775343,-3.1554280035892557,多頭,-1.8
2014-07-28,2014,0.5590567242658381,-2.9321095775240114,多頭,-3.3
2014-07-29,2014,0.5287982214828969,-2.773033727006724,多頭,-6.4
2014-07-30,2014,0.5316876254199251,-3.8219459681465784,多頭,-3.1
2014-07-31,2014,0.5044247783051865,-1.5343742116929793,多頭,-9.3
2014-08-01,2014,0.43568608637751527,-1.115738287661694,多頭,-8.8
2014-08-04,2014,0.5247917884596359,-1.0597854920425087,多頭,-4.6
2014-08-05,2014,0.5358119947525918,0.9754480694507572,盤整,-3.5
2014-08-06,2014,0.4890290527186433,0.687228851363253,盤整,-1.9
2014-08-07,2014,0.5451031164837599,0.10808810001488034,盤整,-1.2
2014-08-08,2014,0.6024024151248811,1.7369656040748804,盤整,-0.3
2014-08-11,2014,0.6292531631597812,1.2552178098335087,盤整,-1.5
2014-08-12,2014,0.5965035929273507,0.9850356647080671,盤整,4.0
2014-08-13,2014,0.5520140618054676,1.6117972422115656,盤整,9.0
2014-08-14,2014,0.5684958548560454,1.733471569051237,盤整,4.5
2014-08-15,2014,0.5543429708035457,2.032734465031849,盤整,4.0
2014-08-18,2014,0.5092192169500699,3.766199811624382,空頭,6.0
2014-08-19,2014,0.48337845889722253,2.5378146169640514,空頭,3.5
2014-08-20,2014,0.45084989746330545,1.595813976022975,空頭,4.5
2014-08-21,2014,0.46447815781292173,2.8063259046964495,空頭,1.2
2014-08-22,2014,0.4669152423487324,0.20916621357980336,盤整,10.6
2014-08-25,2014,0.4479549607330222,0.6360602388340686,盤整,14.1
2014-08-26,2014,0.45141662397135274,0.3718346682336282,盤整,16.5
2014-08-27,2014,0.46436560297573315,-0.8186101233555232,盤整,23.1
2014-08-28,2014,0.4723132707260117,-0.45999470373070395,盤整,21.6
2014-08-29,2014,0.49601281955711524,-0.8335920867037494,盤整,17.7
2014-09-01,2014,0.49083346997538824,-1.9984106060510376,盤整,16.3
2014-09-02,2014,0.4740549674948304,-1.8781410510100183,盤整,11.6
2014-09-03,2014,0.4937697818347031,-2.4643531721047496,盤整,7.3
2014-09-04,2014,0.4947374654536043,-3.1338789613623685,盤整,3.5
2014-09-05,2014,0.4959226691569528,-2.2616003078250957,盤整,3.0
2014-09-09,2014,0.476427231691146,-2.0958645520770536,盤整,4.5
2014-09-10,2014,0.5124923560387596,-1.2520290971733128,空頭,-1.1
2014-09-11,2014,0.49467251276894125,-2.019746968502467,空頭,-7.6
2014-09-12,2014,0.44503043999695147,-1.4992659798464425,空頭,-12.7
2014-09-15,2014,0.4406363974970726,-1.2907026447632974,空頭,-10.2
2014-09-16,2014,0.4078859477680741,-1.3336763965226428,盤整,-11.6
2014-09-17,2014,0.4351511626741562,-2.2332376671665655,空頭,-14.3
2014-09-18,2014,0.42738447243031763,-2.990896424500089,空頭,-14.7
2014-09-19,2014,0.41491654416650325,-2.960137222754311,空頭,-13.3
2014-09-22,2014,0.42846245300843144,-1.5806845363533273,空頭,-17.1
2014-09-23,2014,0.4565554428114278,-1.2076082290393808,空頭,-14.0
2014-09-24,2014,0.44550759382560995,0.08561860264726384,空頭,-14.1
2014-09-25,2014,0.4240962187201357,0.9271393838379272,空頭,-12.4
2014-09-26,2014,0.37794317805518174,0.5671971185184921,空頭,-10.7
2014-09-29,2014,0.3713427643534955,-0.06227150375637258,空頭,-9.3
2014-09-30,2014,0.3591453689002152,-0.0053530086138731114,空頭,-7.7
2014-10-01,2014,0.4234767184765843,-3.101912514209837,空頭,-5.2
2014-10-02,2014,0.4200791365513917,-2.30412949475165,空頭,-4.5
2014-10-03,2014,0.4621591858495946,-4.950100370293908,空頭,-2.6
2014-10-06,2014,0.48223720667678566,-5.073588751794899,空頭,-5.6
2014-10-07,2014,0.49962337472393703,-5.839410406810897,空頭,-5.7
2014-10-08,2014,0.5338979739069879,-3.2611293128669727,空頭,-5.9
2014-10-09,2014,0.5541100940591737,-3.4774113248959626,空頭,-7.4
2014-10-13,2014,0.5081118825182227,0.4297821587599726,空頭,-12.5
2014-10-14,2014,0.5283286190824436,-0.42561975459576296,空頭,-7.7
2014-10-15,2014,0.4790282698229902,-0.10975667522769017,空頭,-8.8
2014-10-16,2014,0.4570751782776409,-0.06845277048399545,空頭,-4.9
2014-10-17,2014,0.45412991009134257,3.0620659518282967,空頭,-6.1
2014-10-20,2014,0.48434462192815725,2.7765913975764,空頭,-4.0
2014-10-21,2014,0.35140238056874007,2.6971659133135484,空頭,4.5
2014-10-22,2014,0.4296680985762099,2.5824024469557783,空頭,11.3
2014-10-23,2014,0.44910976625789595,3.1358126781711793,空頭,19.1
2014-10-24,2014,0.4621021651762919,3.969114076897906,空頭,21.7
2014-10-27,2014,0.4724747710177614,3.880720185262021,空頭,21.1
2014-10-28,2014,0.4750765095412614,1.3389107031931413,空頭,16.2
2014-10-29,2014,0.4698173845104887,0.10040792121910336,空頭,19.9
2014-10-30,2014,0.4141395585360167,1.8216553199963625,空頭,19.1
2014-10-31,2014,0.4553903480308891,0.6616332915866163,空頭,19.6
2014-11-03,2014,0.48016497759935434,-0.9540403737537284,空頭,22.0
2014-11-04,2014,0.4956505103648817,-0.09466936917494895,空頭,22.6
2014-11-05,2014,0.5124906806450727,0.22627362595672995,空頭,15.4
2014-11-06,2014,0.5090271651642494,-0.07456962193315153,空頭,8.9
2014-11-07,2014,0.519808919008524,-0.6008334249637204,空頭,3.0
2014-11-10,2014,0.5029952603620146,-0.9584551568069699,空頭,8.4
2014-11-11,2014,0.46676298618389744,0.49512183782851604,空頭,4.9
2014-11-12,2014,0.452287079017854,1.9349811356718094,空頭,1.9
2014-11-13,2014,0.4609385579328791,1.5773878786326634,空頭,8.3
2014-11-14,2014,0.45783362180324544,1.4846018203516165,空頭,9.9
2014-11-17,2014,0.4249446189994711,2.6788558359099435,空頭,8.1
2014-11-18,2014,0.40544383780131643,3.4567962551373954,空頭,3.9
2014-11-19,2014,0.3863413041334923,2.498092207728453,空頭,10.7
2014-11-20,2014,0.40189258750422774,0.427806544206466,盤整,16.4
2014-11-21,2014,0.3945956772336263,-0.6240973741493461,盤整,14.8
2014-11-24,2014,0.39529191332973024,0.5802245698193431,盤整,11.2
2014-11-25,2014,0.455072654110052,1.194242363079523,盤整,13.2
2014-11-26,2014,0.42550978667935413,0.9227844895909998,盤整,11.3
2014-11-27,2014,0.3949697801341247,0.23981731114388616,多頭,10.7
2014-11-28,2014,0.505960384985785,-0.6340377592615742,多頭,11.5
2014-12-01,2014,0.44502248910932574,-0.9382838453953823,多頭,14.7
2014-12-02,2014,0.41389457596031554,-0.24040403816802947,多頭,4.4
2014-12-03,2014,0.4641727395536554,-1.6122703879781097,多頭,1.7
2014-12-04,2014,0.4607274266800615,-2.595958205376425,多頭,2.5
2014-12-05,2014,0.47092327790148447,-2.776929953283358,多頭,-5.2
2014-12-08,2014,0.465656386427045,-3.9068103869585036,多頭,-11.7
2014-12-09,2014,0.48158776191606656,-2.74151321626922,多頭,-10.8
2014-12-10,2014,0.45822800350397513,-0.36137535207524385,多頭,-13.6
2014-12-11,2014,0.40303454691873597,0.9090132440999543,多頭,-13.5
2014-12-12,2014,0.4927174522867814,0.7796325159266315,多頭,-13.1
2014-12-15,2014,0.4889946478616677,2.231896928762933,多頭,-12.1
2014-12-16,2014,0.4717708395471335,2.3214399429778654,盤整,-13.8
2014-12-17,2014,0.4607942427888042,4.368988124634687,盤整,-16.9
2014-12-18,2014,0.45441280328161504,3.827955439071129,盤整,-15.9
2014-12-19,2014,0.4034887866532057,3.1863921631375858,多頭,-10.0
2014-12-22,2014,0.4461110357073877,1.9068719076415608,多頭,-3.0
2014-12-23,2014,0.4799718136793965,2.303326881160217,多頭,1.6
2014-12-24,2014,0.4717238713533097,0.9571987485548883,多頭,7.4
2014-12-25,2014,0.4984572447519994,-1.2049745051153637,多頭,3.5
2014-12-26,2014,0.5400916079634946,-1.4540805528935552,多頭,0.8
2014-12-27,2014,0.5432622401186638,0.2118565927211602,多頭,-0.1
2014-12-29,2014,0.49452572536675643,-0.7613382323169327,多頭,6.0
2014-12-30,2014,0.48311253926101677,-0.9724408556789133,多頭,1.8
2014-12-31,2014,0.4959014709168468,-0.8107649297430242,多頭,-0.2
2015-01-05,2015,0.5647911724152948,-1.0122804236740834,多頭,1.4
2015-01-06,2015,0.5209259497685615,1.2902919209490271,多頭,-10.7
2015-01-07,2015,0.5381866511580313,0.6409628098400066,多頭,-10.6
2015-01-08,2015,0.546053078569314,-0.6924636529649808,多頭,-0.4
2015-01-09,2015,0.5191214670960805,0.39183643351803354,多頭,2.4
2015-01-12,2015,0.5198365356203803,1.5406992580325296,多頭,3.4
2015-01-13,2015,0.5348110033935125,1.4916917610866998,多頭,12.1
2015-01-14,2015,0.5184085140729126,3.1666962592440617,多頭,9.7
2015-01-15,2015,0.46687768231401616,3.4105502510068053,多頭,5.7
2015-01-16,2015,0.45670662985504995,4.194439003358386,多頭,3.0
2015-01-19,2015,0.38548539029370055,3.6718748296828307,多頭,4.6
2015-01-20,2015,0.3959120766231795,1.8938161568318845,多頭,5.4
2015-01-21,2015,0.43668846390653676,0.4528037889591108,多頭,10.0
2015-01-22,2015,0.3943019727428948,0.18656258438274342,多頭,14.6
2015-01-23,2015,0.4477435934255943,-0.2345068176970888,多頭,24.3
2015-01-26,2015,0.493826228270942,0.38247797190660293,多頭,19.6
2015-01-27,2015,0.4869930091138569,-0.10019335006024033,多頭,18.7
2015-01-28,2015,0.5350139494384978,-0.5755489479461473,多頭,18.8
2015-01-29,2015,0.5478523462456528,-0.05728288196543696,多頭,9.4
2015-01-30,2015,0.39301712919109716,0.33956746005889826,多頭,1.8
2015-02-02,2015,0.489760773382878,0.8014283598895888,多頭,0.4
2015-02-03,2015,0.44348134708221265,0.5035597376578549,多頭,6.0
2015-02-04,2015,0.46953322043200485,0.1638651575796235,多頭,6.6
2015-02-05,2015,0.42939980661651944,1.2333829195599444,多頭,8.4
2015-02-06,2015,0.4506548934014858,2.5735550719212297,多頭,8.7
2015-02-09,2015,0.4898165782826081,2.1291726370535446,多頭,12.3
2015-02-10,2015,0.4141293355315584,2.2106305289715467,多頭,15.1
2015-02-11,2015,0.4318501515340968,1.5170858424344402,多頭,17.2
2015-02-12,2015,0.43313073440552474,1.3207235231368797,多頭,18.4
2015-02-13,2015,0.43329292454281515,0.6881780910036328,多頭,14.4
2015-02-24,2015,0.42774522510066404,0.17031228418888933,多頭,18.2
2015-02-25,2015,0.4288940265213811,-1.4079018180243708,多頭,22.1
2015-02-26,2015,0.45369000855357255,-0.8893069080554095,多頭,22.7
2015-03-02,2015,0.5032027580689686,-0.8142596465500751,多頭,20.8
2015-03-03,2015,0.512066330407882,-0.10170970156478942,多頭,19.9
2015-03-04,2015,0.5054506754137776,-0.4404613307586014,多頭,17.3
2015-03-05,2015,0.5168480686805668,-0.856479720356973,多頭,12.7
2015-03-06,2015,0.5101045878295094,-1.1023484905818837,多頭,13.6
2015-03-09,2015,0.5154387297787417,0.9458348757395818,多頭,10.0
2015-03-10,2015,0.5017134439008955,2.0992960751971435,多頭,6.9
2015-03-11,2015,0.48764120406142714,2.3785122196577246,多頭,2.5
2015-03-12,2015,0.49367558531693756,1.6891413088786944,多頭,3.7
2015-03-13,2015,0.4939635376127597,1.589982618862451,多頭,2.2
2015-03-16,2015,0.4872310005963877,1.6285237640217387,多頭,-1.4
2015-03-17,2015,0.4795907756401063,0.8352691562607539,多頭,-6.8
2015-03-18,2015,0.5392435269599481,-1.5508477297706769,多頭,0.9
2015-03-19,2015,0.4633368741992926,-2.206695677090753,多頭,7.6
2015-03-20,2015,0.506741424800093,-1.6744122120805893,多頭,0.9
2015-03-23,2015,0.48248390332266144,-2.5663833803541536,多頭,-0.9
2015-03-24,2015,0.5055979741158738,-1.3496155845970748,多頭,-7.1
2015-03-25,2015,0.47037059173764073,-0.2682091017322419,多頭,-17.8
2015-03-26,2015,0.4287559499377542,-0.4901695789219951,多頭,-23.7
2015-03-27,2015,0.39787831984020344,0.67678761579677,多頭,-26.1
2015-03-30,2015,0.417869599891575,1.0064199574243204,多頭,-24.3
2015-03-31,2015,0.42210047833372055,0.8353465937303017,多頭,-24.5
2015-04-01,2015,0.4993041075210316,1.4152798901096553,多頭,-24.8
2015-04-02,2015,0.46296838592735795,-0.6276874104196528,多頭,-17.6
2015-04-07,2015,0.49938158795511906,0.15525985542270693,多頭,-9.9
2015-04-08,2015,0.5369513314637382,-0.010865057036313353,多頭,-10.7
2015-04-09,2015,0.4775687901569742,-0.15875769750126612,多頭,-7.3
2015-04-10,2015,0.46797013190078457,-0.8704783888039858,多頭,-0.8
2015-04-13,2015,0.511493532064081,-0.5536635728266237,多頭,-0.0
2015-04-14,2015,0.5422196581274621,1.610313807401198,多頭,0.6
2015-04-15,2015,0.49675314604297166,3.912134724519567,多頭,-6.8
2015-04-16,2015,0.4914526620852784,3.2748706361378055,多頭,-3.2
2015-04-17,2015,0.5063395030666957,4.032001069906466,多頭,-11.3
2015-04-20,2015,0.5151634832154741,3.1506827805314552,多頭,-11.6
2015-04-21,2015,0.4913272957543763,3.000530733229989,多頭,-12.5
2015-04-22,2015,0.4541230115988696,2.4138146260272553,多頭,-5.6
2015-04-23,2015,0.43573888576965114,0.2310795928344822,多頭,3.6
2015-04-24,2015,0.4614995977805135,-0.9591174666709668,多頭,12.8
2015-04-27,2015,0.47683510670070606,-2.697350478085092,多頭,19.7
2015-04-28,2015,0.5303392346570686,-2.6597822801032067,多頭,25.1
2015-04-29,2015,0.5140979396606576,-1.929300586675442,多頭,20.0
2015-04-30,2015,0.5352411700593567,-1.4187300471993458,多頭,15.9
2015-05-04,2015,0.5270228364098102,-1.2283342678140463,多頭,11.7
2015-05-05,2015,0.4956643290147914,-2.13133634687116,多頭,9.0
2015-05-06,2015,0.49859283744220473,-2.431402904809443,多頭,9.1
2015-05-07,2015,0.48433659725302175,-1.0099844292779103,多頭,9.9
2015-05-08,2015,0.4648669768103594,0.2555716054478019,多頭,13.1
2015-05-11,2015,0.45740396696411895,0.22341293001038043,多頭,6.6
2015-05-12,2015,0.4622822221995828,-1.0553956158264932,多頭,8.9
2015-05-13,2015,0.4414180819102966,-0.8773039383553005,多頭,13.9
2015-05-14,2015,0.433012871791262,0.3573052483500483,盤整,10.3
2015-05-15,2015,0.45134778455345376,0.9387774701758334,盤整,6.3
2015-05-18,2015,0.4749341662720831,0.9102549421721617,盤整,6.9
2015-05-19,2015,0.43626052527634185,-0.04044553900113268,多頭,10.5
2015-05-20,2015,0.4277608107491286,0.16272065633418098,多頭,7.2
2015-05-21,2015,0.43437961822628807,0.49203638125148164,盤整,0.9
2015-05-22,2015,0.4270616076142682,-0.25459600780178837,盤整,1.3
2015-05-25,2015,0.49946204004744016,-0.9191128824064254,盤整,-0.8
2015-05-26,2015,0.4908384358738984,-3.31747231733891,多頭,4.3
2015-05-27,2015,0.44948043022851747,-3.645830109536885,多頭,7.1
2015-05-28,2015,0.40577901514820097,-3.545924775863696,多頭,9.4
2015-05-29,2015,0.46849507498452414,-5.248905533100978,多頭,8.0
2015-06-01,2015,0.44328820765198823,-3.3991329452745744,盤整,1.5
2015-06-02,2015,0.43619261833073664,-3.24278727639985,盤整,-5.1
2015-06-03,2015,0.4351059648888206,-2.6640450707998364,空頭,-9.2
2015-06-04,2015,0.39844413350005814,-0.9536156634715409,空頭,-9.5
2015-06-05,2015,0.4326666032168903,-1.36347138637255,空頭,-4.2
2015-06-08,2015,0.3979673856606434,-1.9064026736603679,空頭,-1.3
2015-06-09,2015,0.40666698095099674,0.28829824616753985,空頭,3.0
2015-06-10,2015,0.38713948702150197,0.465343872667634,空頭,5.8
2015-06-11,2015,0.4019991609556802,0.9529706562436457,空頭,7.3
2015-06-12,2015,0.5004807274347808,1.0253786042251356,空頭,2.6
2015-06-15,2015,0.46998831842925154,2.3420321659531673,空頭,9.1
2015-06-16,2015,0.4824829814991508,2.7113422875614024,空頭,13.1
2015-06-17,2015,0.40211101773231556,0.5034913594702095,空頭,11.4
2015-06-18,2015,0.41921311124365285,1.1352332353767425,空頭,9.4
2015-06-22,2015,0.4311682774217428,0.3581762342682371,空頭,11.8
2015-06-23,2015,0.3956691534458842,-0.1267151804786204,空頭,4.4
2015-06-24,2015,0.3702328550587189,-0.41586368865133005,空頭,1.2
2015-06-25,2015,0.33945303928109155,-2.3255813953488524,空頭,11.5
2015-06-26,2015,0.3437869165923128,-2.2447390085357344,空頭,13.5
2015-06-29,2015,0.30755545610032237,-2.814932709693485,空頭,15.8
2015-06-30,2015,0.34799917439541944,-4.385810606434404,空頭,17.9
2015-07-01,2015,0.5079060392863182,-3.6405506851565184,空頭,20.5
2015-07-02,2015,0.540692301396729,-3.59815933913622,空頭,18.6
2015-07-03,2015,0.5722307919542895,-3.248798116737872,空頭,15.2
2015-07-06,2015,0.5892653444562269,-2.309322857920737,空頭,8.5
2015-07-07,2015,0.5376778797717866,-2.2073131707992077,空頭,6.8
2015-07-08,2015,0.5057537242474864,-0.012366158614374179,空頭,-2.8
2015-07-09,2015,0.4422565517767225,1.0301622255901588,空頭,-6.6
2015-07-13,2015,0.4659035485326083,-1.2754153235804533,空頭,-2.6
2015-07-14,2015,0.46865413438643255,-2.7720266850701614,空頭,-2.1
2015-07-15,2015,0.4721299461522929,-3.1625102162532337,空頭,0.2
2015-07-16,2015,0.5014528313249987,-5.369594380134934,空頭,7.4
2015-07-17,2015,0.4692996546133701,-5.123712411480019,空頭,9.4
2015-07-20,2015,0.4622550759573011,-4.585181058495824,空頭,9.8
2015-07-21,2015,0.41755594307465743,-3.935949082607515,空頭,12.1
2015-07-22,2015,0.42097775297959955,-2.8407727583616538,空頭,13.8
2015-07-23,2015,0.40789427787191207,-3.0338568919546227,空頭,14.1
2015-07-24,2015,0.4322610020557386,-2.9311599409662104,空頭,14.9
2015-07-27,2015,0.41134497089540456,-0.16840643801100397,空頭,17.8
2015-07-28,2015,0.40810995787154775,-1.5488512075166994,空頭,22.6
2015-07-29,2015,0.5110869491104781,-1.415195691471205,空頭,23.6
2015-07-30,2015,0.4567640861861141,-2.1343144360104427,空頭,21.2
2015-07-31,2015,0.4698548343366813,-3.129709855585594,空頭,19.1
2015-08-03,2015,0.5291260361682164,-2.827527066389357,空頭,18.7
2015-08-04,2015,0.5110542420705201,-2.339599053444663,空頭,21.5
2015-08-05,2015,0.5161457776238784,-2.7701067748970853,空頭,25.3
2015-08-06,2015,0.5169463169240277,-2.7947017359483795,空頭,19.1
2015-08-07,2015,0.541237077202019,-3.1397879011500485,空頭,20.2
2015-08-10,2015,0.5509216446438729,-5.2557979127986325,空頭,20.6
2015-08-11,2015,0.5162757001014249,-4.34028977358013,空頭,16.4
2015-08-12,2015,0.5469975076707129,-5.993447119412599,空頭,17.4
2015-08-13,2015,0.5239314251211887,-10.844901308269982,空頭,18.7
2015-08-14,2015,0.5573658534540815,-7.585207160435548,空頭,18.4
2015-08-17,2015,0.5065722092090393,-6.061177925882277,空頭,14.1
2015-08-18,2015,0.4693095131838886,-4.312834924338594,空頭,16.4
2015-08-19,2015,0.44816180347565127,-0.03315947463424784,空頭,17.2
2015-08-20,2015,0.45513092861369914,1.807141140325852,空頭,18.0
2015-08-21,2015,0.3682966715198968,2.9618899385122743,空頭,19.5
2015-08-24,2015,0.4023254904085,8.433486182820227,空頭,17.6
2015-08-25,2015,0.4014520480240707,5.4758951696535885,空頭,31.0
2015-08-26,2015,0.40429715529300025,3.693949522978812,空頭,33.5
2015-08-27,2015,0.4032173386967758,2.0705344077295296,空頭,33.9
2015-08-28,2015,0.45293500167859413,-0.22047141977110662,空頭,35.7
2015-08-31,2015,0.4700999690482835,1.3700439881980442,空頭,31.3
2015-09-01,2015,0.5218842671176798,3.1321249856564926,空頭,24.1
2015-09-02,2015,0.46210212309004295,3.366773321186911,空頭,25.7
2015-09-03,2015,0.4517636995193833,2.6104410229806474,空頭,24.2
2015-09-04,2015,0.4631506340276088,3.2421318401119947,空頭,14.9
2015-09-07,2015,0.4860932744137115,4.341418583219814,空頭,11.5
2015-09-08,2015,0.500052900334137,5.548959570080614,空頭,7.0
2015-09-09,2015,0.42047836029934355,2.114416453881529,空頭,18.7
2015-09-10,2015,0.35899029605148636,0.46391927127427124,空頭,15.1
2015-09-11,2015,0.3544387196165037,0.723589001447178,空頭,15.0
2015-09-14,2015,0.3485213231373912,-1.370723785975947,空頭,17.8
2015-09-15,2015,0.3557947178986229,-1.65726592889337,空頭,19.8
2015-09-16,2015,0.3665862417685162,-2.4112925387212103,空頭,16.4
2015-09-17,2015,0.32545426784003034,-3.1290036113906794,空頭,19.3
2015-09-18,2015,0.32450765998881687,-1.964042192636839,空頭,16.6
2015-09-21,2015,0.3895638345787741,-0.02419634430556039,空頭,9.2
2015-09-22,2015,0.38450957918912126,-0.16208617820873128,空頭,7.0
2015-09-23,2015,0.36040368014182295,2.4492824730088403,空頭,3.7
2015-09-24,2015,0.3622685869777042,4.581132818751454,空頭,-0.5
2015-09-25,2015,0.36173520191594194,3.856326891980788,空頭,-6.1
2015-09-30,2015,0.374127406784036,4.79731678816413,空頭,-4.0
2015-10-01,2015,0.38466942551527195,3.2784711557701574,空頭,1.2
2015-10-02,2015,0.43772673701307124,2.6186539964334843,空頭,3.8
2015-10-05,2015,0.4389588854523331,2.9831089656097154,空頭,5.0
2015-10-06,2015,0.4114845100572452,2.5118833466363233,盤整,11.2
2015-10-07,2015,0.4363081273568185,1.6040766406560047,盤整,20.9
2015-10-08,2015,0.4292643687521778,2.458453509133385,盤整,19.1
2015-10-12,2015,0.46294068577742153,0.41417261118861237,盤整,20.9
2015-10-13,2015,0.4812768649013307,0.4731603469686707,多頭,13.2
2015-10-14,2015,0.44703009556784473,1.7752985916120956,多頭,9.5
2015-10-15,2015,0.4534171365143777,1.6722625768468946,多頭,9.1
2015-10-16,2015,0.5029830857351241,1.1199367805739602,多頭,10.9
2015-10-19,2015,0.5099637841049935,0.3995829230145409,多頭,9.9
2015-10-20,2015,0.5136842195112138,-0.9535915688268504,多頭,3.7
2015-10-21,2015,0.4814122127250995,-0.6379199998141516,多頭,0.8
2015-10-22,2015,0.45065595418208115,0.07329998629257428,多頭,0.6
2015-10-23,2015,0.43551549585743177,0.4540104060384298,多頭,2.7
2015-10-26,2015,0.5085932931948487,1.2767913499272643,多頭,9.6
2015-10-27,2015,0.49122330979756246,1.7107749169091635,多頭,10.1
2015-10-28,2015,0.51101432697641,0.31825561765015387,多頭,10.8
2015-10-29,2015,0.49052167764741766,0.8330338767109868,多頭,6.7
2015-10-30,2015,0.5122735055819498,-0.20352313629036223,多頭,-0.5
2015-11-02,2015,0.5740328802474135,-2.3188082792692133,多頭,-2.2
2015-11-03,2015,0.5674058311962387,-3.2720507644157903,多頭,-1.2
2015-11-04,2015,0.5393199173558165,-5.955953582581952,多頭,9.7
2015-11-05,2015,0.5423152930694088,-6.26857306857036,多頭,12.7
2015-11-06,2015,0.5985938416629273,-3.1534801008101354,多頭,1.3
2015-11-09,2015,0.5763190112694773,-3.49448306504615,多頭,-6.4
2015-11-10,2015,0.5314697149738794,-0.6993170823132444,多頭,-13.4
2015-11-11,2015,0.5211995986468798,0.5994051106297027,多頭,-20.9
2015-11-12,2015,0.4960464849102225,0.6839034704185565,多頭,-21.9
2015-11-13,2015,0.45396844219921173,0.848070112251631,盤整,-21.8
2015-11-16,2015,0.4433594124135364,1.093738698555824,盤整,-17.4
2015-11-17,2015,0.44039563659694947,0.7777257815859029,多頭,-13.6
2015-11-18,2015,0.5115769564677137,0.6945651743846648,盤整,-12.4
2015-11-19,2015,0.5140120583163853,-1.8471901099419652,多頭,-8.9
2015-11-20,2015,0.5091304351058248,-0.025397350406675123,多頭,-6.4
2015-11-23,2015,0.4659332402358869,-0.33385460060595396,多頭,-6.5
2015-11-24,2015,0.47014340064649235,0.6657031906611044,盤整,-8.3
2015-11-25,2015,0.44351336103778316,0.14869790952443118,盤整,-9.4
2015-11-26,2015,0.489555020517016,-0.36099423682069975,多頭,-8.5
2015-11-27,2015,0.49640304425201975,-0.6494094113164262,盤整,-9.7
2015-11-30,2015,0.4193602296412653,-1.093549631577495,盤整,-17.3
2015-12-01,2015,0.5121890359434614,-2.9200193777840666,多頭,-14.5
2015-12-02,2015,0.5095134905481505,-4.038002222905379,多頭,-16.9
2015-12-03,2015,0.49972014691187816,-4.918366236758009,空頭,-15.2
2015-12-04,2015,0.44817944076656085,-3.872669254399541,空頭,-19.4
2015-12-07,2015,0.5063090994145578,-3.1890393848315823,空頭,-11.6
2015-12-08,2015,0.4932256004153845,-0.2899137809119545,空頭,-14.7
2015-12-09,2015,0.4392451542810775,0.3365890527144533,空頭,-12.6
2015-12-10,2015,0.43593963908060723,0.8032939922129056,空頭,-12.3
2015-12-11,2015,0.45411342142362904,2.1790586121793076,空頭,-8.7
2015-12-14,2015,0.44409326885301603,3.4270462279357705,空頭,-4.6
2015-12-15,2015,0.5026549681990231,3.1091182718450128,空頭,-4.1
2015-12-16,2015,0.49276889722990624,2.182375321638297,空頭,-3.5
2015-12-17,2015,0.47023696255964237,0.46660504563280636,空頭,0.3
2015-12-18,2015,0.4212642140324241,0.44312198146614357,空頭,2.7
2015-12-21,2015,0.4206001628871693,-0.026321604120660425,空頭,2.7
2015-12-22,2015,0.38939063168976534,0.5465021211324528,空頭,2.2
2015-12-23,2015,0.4089814527783,-2.4224058106954383,空頭,9.9
2015-12-24,2015,0.4409847715272675,-2.994224180597682,空頭,8.8
2015-12-25,2015,0.46342817900524047,-4.458657368879204,空頭,9.9
2015-12-28,2015,0.43044827685294235,-6.058869484799279,空頭,12.3
2015-12-29,2015,0.40766457101033743,-4.82209235451071,空頭,10.7
2015-12-30,2015,0.4295672315825973,-5.936842918892415,空頭,5.4
2015-12-31,2015,0.380087297089572,-6.831445204280129,空頭,0.3
2016-01-04,2016,0.43770635753203974,-3.569641593934636,空頭,-8.6
2016-01-05,2016,0.4197407532170053,-4.1142473600978775,空頭,-10.8
2016-01-06,2016,0.4284448342555608,-2.858183392800606,空頭,-11.5
2016-01-07,2016,0.433571992618168,-0.5206277078881216,空頭,-6.3
2016-01-08,2016,0.4055167665312432,-0.49518809927071583,空頭,5.0
2016-01-11,2016,0.3948672273504195,-1.146574016295987,空頭,10.5
2016-01-12,2016,0.41692968192935725,-1.3444123345068837,空頭,16.0
2016-01-13,2016,0.4009188060978784,-0.8745483800470466,空頭,21.5
2016-01-14,2016,0.38026322477023555,1.9536658194366785,空頭,25.1
2016-01-15,2016,0.3812790810917974,0.8587981721229321,空頭,26.6
2016-01-18,2016,0.3655792805827042,0.49480360201659135,空頭,26.4
2016-01-19,2016,0.3686364872741204,0.6393477685209703,空頭,22.0
2016-01-20,2016,0.36331801167673594,4.954851983083786,空頭,20.4
2016-01-21,2016,0.3630094198020872,6.278697444288306,空頭,22.8
2016-01-22,2016,0.4035210248105813,5.167234385999286,空頭,20.9
2016-01-25,2016,0.43310148020182593,3.0033632500015894,空頭,23.6
2016-01-26,2016,0.4837601034600749,2.9932287348936715,空頭,21.4
2016-01-27,2016,0.44077910409793564,2.7603145545827212,空頭,23.2
2016-01-28,2016,0.42980899808994566,3.883189333468251,空頭,26.6
2016-01-29,2016,0.30743344280102786,1.6539613395044839,空頭,33.6
2016-01-30,2016,0.39668876975511214,2.0804865681793405,空頭,31.0
2016-02-01,2016,0.40665039078088905,2.060571585492643,空頭,28.4
2016-02-02,2016,0.35516859018278074,2.403569443282949,空頭,24.4
2016-02-03,2016,0.35540979756492186,3.368969366240848,空頭,19.1
2016-02-15,2016,0.3141633421479426,2.6820768833113684,空頭,19.6
2016-02-16,2016,0.29925891816199435,1.8727312358516324,盤整,24.7
2016-02-17,2016,0.28047333078331327,2.397175639894078,盤整,22.8
2016-02-18,2016,0.33076022595103416,2.056846513451527,盤整,28.4
2016-02-19,2016,0.3696856704514746,2.630738110567621,盤整,24.9
2016-02-22,2016,0.3649773404522354,3.424053764525614,盤整,25.2
2016-02-23,2016,0.3796682959968852,3.706338846068924,盤整,22.8
2016-02-24,2016,0.32187796880836966,4.547825268083705,盤整,19.0
2016-02-25,2016,0.3196658024451441,3.5674754299019895,盤整,18.5
2016-02-26,2016,0.3492243514788743,2.650645095325732,盤整,20.5
2016-03-01,2016,0.3701017824576504,2.0624133099370834,多頭,24.0
2016-03-02,2016,0.4154872416995537,1.8971096845173063,多頭,28.4
2016-03-03,2016,0.4042031004198229,1.580507652880514,多頭,31.1
2016-03-04,2016,0.44697446153163367,-0.3744989038068747,多頭,32.4
2016-03-07,2016,0.44019333942996824,0.4571831099768442,多頭,28.3
2016-03-08,2016,0.41178208844781394,0.8105665656007455,多頭,23.8
2016-03-09,2016,0.40860373314673304,2.0453758407062095,多頭,18.9
2016-03-10,2016,0.45103326037820396,1.7550544413269087,多頭,18.6
2016-03-11,2016,0.37880240190451275,0.9136080972738991,多頭,16.9
2016-03-14,2016,0.483201104872043,0.20793561883423184,多頭,22.6
2016-03-15,2016,0.34522564942999,1.5352135247433951,多頭,19.0
2016-03-16,2016,0.45545806762099594,0.06701811903244703,多頭,22.3
2016-03-17,2016,0.5486476979927375,-0.5047775841658497,多頭,21.3
2016-03-18,2016,0.5595299162154079,-2.1946017971309795,多頭,21.5
2016-03-21,2016,0.5656026343304645,-0.8585337070364352,多頭,16.3
2016-03-22,2016,0.5592548307366851,-0.4649611640760942,多頭,15.6
2016-03-23,2016,0.5533686608400409,-1.238180306157033,多頭,10.8
2016-03-24,2016,0.5532412517442016,-2.631476614307049,多頭,6.5
2016-03-25,2016,0.5282776950461021,-2.4666368752563117,多頭,3.8
2016-03-28,2016,0.5356301243777584,-1.7139503708093473,多頭,1.6
2016-03-29,2016,0.512719567599343,-0.6354621780477743,多頭,-3.4
2016-03-30,2016,0.5248448712095944,-2.356175546867134,多頭,-0.6
2016-03-31,2016,0.532453354361343,-1.060626678849108,多頭,-4.1
2016-04-01,2016,0.5929731187592117,0.11735421683962688,多頭,-7.2
2016-04-06,2016,0.5833088532586297,2.1976201942842444,多頭,-8.3
2016-04-07,2016,0.5415670112320927,2.0701392774064464,多頭,-6.1
2016-04-08,2016,0.5778325023459248,1.0796698472165245,多頭,-5.1
2016-04-11,2016,0.5385432907841528,-0.5618627074284843,多頭,-6.2
2016-04-12,2016,0.49051426687960226,0.4392123950027971,多頭,-9.7
2016-04-13,2016,0.5898763100769531,-1.34453218185685,多頭,-6.5
2016-04-14,2016,0.5991196441547769,-1.2394277150481359,多頭,-6.5
2016-04-15,2016,0.6069144882976568,-1.3656859060340976,多頭,-1.9
2016-04-18,2016,0.6319545919054332,-1.1880900206669653,多頭,-3.8
2016-04-19,2016,0.5524125718315599,-1.8514614789453265,多頭,-3.4
2016-04-20,2016,0.5389552182812768,-1.604090913361711,多頭,-5.2
2016-04-21,2016,0.5204091574795002,-3.2038885938858397,多頭,-5.4
2016-04-22,2016,0.5286463072778014,-4.1036815745540745,多頭,-4.6
2016-04-25,2016,0.5421551060483009,-4.583027657973815,多頭,-3.0
2016-04-26,2016,0.548951218875046,-5.070633928290502,多頭,-3.1
2016-04-27,2016,0.5263329730886547,-5.03582251650988,多頭,0.1
2016-04-28,2016,0.512663952879909,-3.7477563380132195,盤整,-1.4
2016-04-29,2016,0.4859169894035241,-2.8926103200085818,盤整,-3.6
2016-05-03,2016,0.5565932670209734,-2.2433965266960287,盤整,-3.5
2016-05-04,2016,0.5663438091401127,-1.6099258808596306,盤整,-3.9
2016-05-05,2016,0.557397953407759,-1.2287033726903651,盤整,-3.7
2016-05-06,2016,0.561571616292486,-0.07303812835807166,空頭,-3.7
2016-05-09,2016,0.5596091102783434,0.342481335689504,空頭,0.9
2016-05-10,2016,0.5672408009456943,-0.739429323871521,空頭,7.4
2016-05-11,2016,0.595234528598683,-0.052854382488731755,空頭,11.3
2016-05-12,2016,0.5876742857092684,2.9154975610658607,空頭,12.5
2016-05-13,2016,0.6027690913284938,3.066544652202907,空頭,15.3
2016-05-16,2016,0.5785823191891618,4.073082453269872,空頭,18.5
2016-05-17,2016,0.5683375420605707,3.115786784071717,空頭,17.3
2016-05-18,2016,0.5609017081923039,3.724778422683239,空頭,17.1
2016-05-19,2016,0.49583245014829086,5.43343733556656,空頭,12.4
2016-05-20,2016,0.5063766990020125,4.9725380814289455,空頭,13.8
2016-05-23,2016,0.5383782819612577,3.028603477285463,空頭,16.4
2016-05-24,2016,0.5511739436089058,3.0763818780675356,空頭,17.2
2016-05-25,2016,0.5627089418354819,2.276744241442552,空頭,16.8
2016-05-26,2016,0.5684606400640231,2.352241807360378,空頭,17.1
2016-05-27,2016,0.5643868628028139,1.5773411109443858,空頭,19.0
2016-05-30,2016,0.56324202664,1.6873499713561557,盤整,22.1
2016-05-31,2016,0.5643735946364568,2.107528594977026,盤整,18.6
2016-06-01,2016,0.6037267584426292,-0.7088387327908396,盤整,16.9
2016-06-02,2016,0.590980883284935,0.2349223120095667,盤整,14.8
2016-06-03,2016,0.5874593427598578,0.2213718768049766,盤整,13.3
2016-06-04,2016,0.6103395627872942,-1.1340185786765433,盤整,10.3
2016-06-06,2016,0.6046514980024453,-0.33767161290247927,盤整,9.3
2016-06-07,2016,0.60200864655084,-0.6218965656286324,盤整,15.6
2016-06-08,2016,0.6140555830729997,-0.3514436382161312,盤整,19.6
2016-06-13,2016,0.5055416778822406,2.109013122904524,盤整,15.3
2016-06-14,2016,0.4734901770009309,1.1725582198010231,盤整,16.1
2016-06-15,2016,0.38485345170525304,-1.5033051100522221,盤整,12.4
2016-06-16,2016,0.3520322787317239,-0.4152274391521549,多頭,8.6
2016-06-17,2016,0.3544163286930956,-0.7302686249428092,多頭,6.4
2016-06-20,2016,0.4513894452492237,-0.4562991541771866,多頭,9.6
2016-06-21,2016,0.35981642628321486,-0.2103663275704326,多頭,11.9
2016-06-22,2016,0.39575488516828716,0.25228739423490687,多頭,15.7
2016-06-23,2016,0.3790840794970757,0.9669597127011764,多頭,15.0
2016-06-24,2016,0.34773239718287485,2.8203407105588107,多頭,11.0
2016-06-27,2016,0.3302537788584312,1.381744842987298,盤整,12.2
2016-06-28,2016,0.3340060224748337,1.59190924471313,多頭,12.9
2016-06-29,2016,0.3287667078866714,2.32817333134574,多頭,12.5
2016-06-30,2016,0.4050265298000422,2.017866332509466,多頭,16.4
2016-07-01,2016,0.6003700766279498,1.367666715494198,多頭,22.2
2016-07-04,2016,0.6252097967696001,1.207454300970956,多頭,23.4
2016-07-05,2016,0.5952713357115267,2.6821721257401565,多頭,18.3
2016-07-06,2016,0.6069684104942954,5.042824242777599,多頭,9.2
2016-07-07,2016,0.6043994880418344,4.559242024277554,多頭,4.8
2016-07-11,2016,0.6398086631304537,2.5176208420446544,多頭,10.1
2016-07-12,2016,0.6712466005153075,2.432856111999615,多頭,15.4
2016-07-13,2016,0.6604891822713799,1.7542829725381681,多頭,19.1
2016-07-14,2016,0.6751050622015531,1.4133195584208114,多頭,20.1
2016-07-15,2016,0.6562048899804647,0.8373324692592776,多頭,21.7
2016-07-18,2016,0.6637587794860837,0.6125523272659139,多頭,21.2
2016-07-19,2016,0.6720898676102516,0.46231987842657585,多頭,17.0
2016-07-20,2016,0.6723578531303409,-0.25833510959537564,多頭,11.2
2016-07-21,2016,0.6182050136837974,0.2666575388447612,多頭,13.3
2016-07-22,2016,0.6723172958757662,0.6170990354083195,多頭,6.5
2016-07-25,2016,0.6277262727851293,0.11165890207267548,多頭,4.2
2016-07-26,2016,0.6431707164304008,-0.0008864472192948725,多頭,6.5
2016-07-27,2016,0.6593198069351273,0.31698955909436055,多頭,16.9
2016-07-28,2016,0.6006649238443702,0.8110930917167636,多頭,15.2
2016-07-29,2016,0.6377023844807813,1.8996239040738327,多頭,11.9
2016-08-01,2016,0.6343801389900139,1.3182889884161053,多頭,11.0
2016-08-02,2016,0.6063762210792663,0.695464429536119,多頭,11.2
2016-08-03,2016,0.6859327440773875,1.6516861796258775,多頭,6.3
2016-08-04,2016,0.6703617925435296,1.37178923200858,多頭,3.3
2016-08-05,2016,0.6462648914721708,0.20061327831133458,多頭,4.7
2016-08-08,2016,0.6572978305896922,-0.3558368833235237,多頭,0.3
2016-08-09,2016,0.6788349864478829,-0.3558679989688729,多頭,-4.8
2016-08-10,2016,0.6246603899512101,-1.8058958177996187,多頭,-6.5
2016-08-11,2016,0.573553450663767,-1.6428251511471426,多頭,-10.2
2016-08-12,2016,0.5782041658336912,-1.3055181254569392,多頭,-11.9
2016-08-15,2016,0.6007579857096231,-1.4333481627062827,多頭,-13.2
2016-08-16,2016,0.5281898169263599,0.056089989857688316,多頭,-17.1
2016-08-17,2016,0.5783655250307482,0.15376684909569338,多頭,-19.2
2016-08-18,2016,0.5863720584503853,-0.1351603178953109,多頭,-18.8
2016-08-19,2016,0.4904814040829811,0.8444511842129909,多頭,-22.7
2016-08-22,2016,0.46527844070642266,0.9690697086667477,多頭,-25.3
2016-08-23,2016,0.49161048974161553,-0.32975562871155883,多頭,-26.8
2016-08-24,2016,0.4400137696827893,-0.3308056220321154,多頭,-28.8
2016-08-25,2016,0.4597606376154667,-0.2779889572342431,多頭,-22.8
2016-08-26,2016,0.49024074784313865,0.5489655837016549,多頭,-12.5
2016-08-29,2016,0.4883049370881629,1.6344371180779138,多頭,-9.1
2016-08-30,2016,0.4741223131671578,1.6720157707100336,多頭,-8.8
2016-08-31,2016,0.49437500928790923,1.0588994194412615,多頭,-6.6
2016-09-01,2016,0.4978974695291993,0.5837031934808445,多頭,-8.9
2016-09-02,2016,0.49400161586346397,-0.4505120972901344,多頭,-11.6
2016-09-05,2016,0.5121796821663223,-1.6424407571728805,多頭,-11.4
2016-09-06,2016,0.5026474315638139,-3.044593409824825,多頭,-6.6
2016-09-07,2016,0.5452672450283561,-1.1468754421340432,多頭,0.3
2016-09-08,2016,0.5811842314121236,-1.0937191308544092,多頭,1.0
2016-09-09,2016,0.5465245723140338,0.6941716640043394,多頭,0.2
2016-09-10,2016,0.35647206664485764,2.0054806382811874,多頭,-1.9
2016-09-12,2016,0.334863813802944,3.772859464449785,盤整,-4.6
2016-09-13,2016,0.38461181034774106,2.8374323189234163,盤整,-11.0
2016-09-14,2016,0.3328599298915174,4.140503016074493,盤整,-11.9
2016-09-19,2016,0.3919701716659902,0.1526295548505141,多頭,-0.1
2016-09-20,2016,0.3975536564637314,0.7926580349677748,多頭,2.9
2016-09-21,2016,0.43307287985854453,0.6422495530151284,多頭,9.0
2016-09-22,2016,0.5336958083489162,0.40085498405026954,多頭,14.8
2016-09-23,2016,0.5519141482036597,-0.003338855009693553,多頭,16.1
2016-09-26,2016,0.5356410241695577,0.775353145134261,多頭,12.7
2016-09-29,2016,0.5311620838828577,-0.550971318857929,多頭,14.6
2016-09-30,2016,0.4724407700166383,0.935435836737808,多頭,14.9
2016-10-03,2016,0.5718043832669665,-0.1627645058586591,多頭,15.1
2016-10-04,2016,0.576572025818495,-1.3200154611925141,多頭,11.4
2016-10-05,2016,0.5764263842627925,-1.035991147808324,多頭,11.6
2016-10-06,2016,0.5715627169218921,-0.6648851664797895,多頭,4.2
2016-10-07,2016,0.5935828760245045,0.19620518875307358,多頭,-2.6
2016-10-11,2016,0.5345532583381567,1.0566366805425664,多頭,-2.9
2016-10-12,2016,0.4601942778944782,0.5832955061279899,多頭,2.0
2016-10-13,2016,0.4479723011309128,1.1208167329596952,多頭,7.9
2016-10-14,2016,0.41121874365545363,2.4056291372664074,多頭,7.4
2016-10-17,2016,0.418969599738642,2.0273053610310177,多頭,5.3
2016-10-18,2016,0.44477606977341955,0.834582080068702,多頭,9.3
2016-10-19,2016,0.4386323433953465,0.24698432462766373,多頭,14.4
2016-10-20,2016,0.5381263151906992,-0.29107332214259873,多頭,19.6
2016-10-21,2016,0.5698051959376802,-0.3639364448985938,多頭,22.8
2016-10-24,2016,0.5757012362015217,-1.9679270581925312,多頭,26.0
2016-10-25,2016,0.5443449387787019,-3.3921997943669235,多頭,27.4
2016-10-26,2016,0.559749522477366,-3.1413388875537462,多頭,25.7
2016-10-27,2016,0.4931940530391509,-1.1797345032824036,多頭,21.4
2016-10-28,2016,0.43790202733602507,-0.9615425941127631,多頭,18.2
2016-10-31,2016,0.4888397494541289,-3.734289761596188,多頭,17.6
2016-11-01,2016,0.4743518531159479,-1.2997293129293541,多頭,12.8
2016-11-02,2016,0.4656639051204448,-1.9835781438750755,盤整,6.5
2016-11-03,2016,0.36370154806963984,-1.3992083615024242,盤整,0.4
2016-11-04,2016,0.3765434097816239,-1.5121055562600905,盤整,-1.1
2016-11-07,2016,0.35284182989464835,-2.4768657560958696,多頭,2.4
2016-11-08,2016,0.3818522331472457,-2.4103247868440536,多頭,2.2
2016-11-09,2016,0.3770971026683302,0.733406386975588,盤整,-0.2
2016-11-10,2016,0.4982725143948824,-1.2135906417924391,盤整,8.7
2016-11-11,2016,0.49729255059147615,1.9606464116028954,盤整,5.5
2016-11-14,2016,0.5097563534399192,2.6601718043935296,盤整,2.6
2016-11-15,2016,0.5149819300837442,2.4754143698991093,盤整,0.8
2016-11-16,2016,0.5200175483151913,2.196442399316245,盤整,2.1
2016-11-17,2016,0.5592962598147933,2.5233289532487158,空頭,-1.5
2016-11-18,2016,0.5173897656899769,2.03789854131351,空頭,1.9
2016-11-21,2016,0.5526103256759384,2.2076935243570572,空頭,4.1
2016-11-22,2016,0.5750271547555927,1.424881670442213,空頭,9.9
2016-11-23,2016,0.5710808602631183,0.12268160636637049,盤整,10.7
2016-11-24,2016,0.5639322272099889,0.09342107994767535,空頭,9.5
2016-11-25,2016,0.5620877564570002,1.001193352600227,空頭,8.3
2016-11-28,2016,0.5459070194545446,0.45162563542044953,盤整,9.6
2016-11-29,2016,0.6170586108889096,1.9960010356403934,盤整,15.3
2016-11-30,2016,0.5996731489904963,1.6445706011767536,盤整,14.7
2016-12-01,2016,0.615290994252448,0.9327977563628576,盤整,16.7
2016-12-02,2016,0.6284228230298907,2.0964166673014484,盤整,12.7
2016-12-05,2016,0.5862989571900542,2.269050483262136,空頭,7.4
2016-12-06,2016,0.5818110481828248,1.1845500428612876,盤整,1.1
2016-12-07,2016,0.5791999139068408,0.6788724822941683,盤整,-3.6
2016-12-08,2016,0.5343037907761121,-1.4562930760484982,盤整,1.5
2016-12-09,2016,0.5439447354796777,-1.5998628719385732,盤整,5.7
2016-12-12,2016,0.5499230019332665,-1.5580848647157142,盤整,2.5
2016-12-13,2016,0.5552481735834269,-2.807355251573729,盤整,3.7
2016-12-14,2016,0.5400910445486162,-3.0941920388706134,多頭,0.1
2016-12-15,2016,0.5335995559477519,-2.668810461147275,多頭,1.6
2016-12-16,2016,0.5281294123482171,-2.3321017543032063,多頭,1.0
2016-12-19,2016,0.5329610438169865,-0.4104198144452176,多頭,-5.6
2016-12-20,2016,0.5183342003879956,-0.9664146039831567,多頭,-10.9
2016-12-21,2016,0.5068116002000378,0.5349696770843071,盤整,-15.0
2016-12-22,2016,0.5088457959869613,1.6902535983550182,盤整,-20.0
2016-12-23,2016,0.4767934150085521,2.294616814853323,盤整,-22.1
2016-12-26,2016,0.4789113198850578,2.7177313309638906,盤整,-23.5
2016-12-27,2016,0.4838363692494901,2.8866198938004795,盤整,-22.1
2016-12-28,2016,0.4747951429478177,1.532592866302962,盤整,-21.9
2016-12-29,2016,0.49295608276342956,2.1473622568990214,盤整,-24.2
2016-12-30,2016,0.4762274163720477,0.996812017074622,多頭,-11.5
2017-01-03,2017,0.5802953306772828,1.4806618871375576,多頭,-0.8
2017-01-04,2017,0.5820836615726593,0.9892365208852061,多頭,0.0
2017-01-05,2017,0.5303539328054162,-0.703238036618381,多頭,4.7
2017-01-06,2017,0.5143386493471694,-0.18874930379353394,多頭,4.5
2017-01-09,2017,0.5491653865714309,-0.004816739131840997,多頭,1.9
2017-01-10,2017,0.5043280088270733,-0.33712527968989825,多頭,1.8
2017-01-11,2017,0.4970263551533363,-0.15279688927790636,多頭,0.5
2017-01-12,2017,0.47501209564776825,0.1473935673919069,多頭,2.0
2017-01-13,2017,0.5406892517334014,0.7369789195454057,多頭,-6.2
2017-01-16,2017,0.47518991169591873,1.4704600460810013,多頭,-7.5
2017-01-17,2017,0.48025209882137254,1.0800115024485413,多頭,-0.2
2017-01-18,2017,0.5137107079120724,2.0984867217514136,多頭,2.9
2017-01-19,2017,0.4492970434106539,2.5374217116757247,多頭,7.7
2017-01-20,2017,0.5481622280717022,2.2696341194196945,多頭,11.9
2017-01-23,2017,0.5881307631147692,1.7628302056971412,多頭,19.1
2017-01-24,2017,0.5567900069780449,2.3035684989865413,多頭,20.7
2017-02-02,2017,0.6372298003205144,2.983889014388641,多頭,21.4
2017-02-03,2017,0.673671551464459,2.783758973556316,多頭,18.3
2017-02-06,2017,0.635660593179438,2.744283136629133,多頭,19.6
2017-02-07,2017,0.6240796390884279,2.267922332373229,多頭,13.9
2017-02-08,2017,0.5981523262126033,2.2687239672019466,多頭,7.3
2017-02-09,2017,0.5689789843331926,1.978482155705108,多頭,8.1
2017-02-10,2017,0.5613327851683371,0.9064113002930974,多頭,12.0
2017-02-13,2017,0.5303917863322775,0.5520930309196981,多頭,13.2
2017-02-14,2017,0.5486229675277172,0.6173614383698345,多頭,13.0
2017-02-15,2017,0.5812405096154013,-0.31072189523009275,多頭,16.6
2017-02-16,2017,0.519883115035268,-0.21266470512985025,多頭,5.0
2017-02-17,2017,0.5516034989961489,-0.8707181324130842,多頭,-5.1
2017-02-18,2017,0.5821979531447147,-0.9010298652749826,多頭,-11.0
2017-02-20,2017,0.5466502303515105,-1.0764672107616113,多頭,-14.9
2017-02-21,2017,0.5506949353730998,-0.8326565225273086,多頭,-14.3
2017-02-22,2017,0.5807567882042002,-0.41630960099318104,多頭,-14.8
2017-02-23,2017,0.5829491808306708,-0.16234514003546918,多頭,-15.3
2017-02-24,2017,0.5301560553715792,-0.9421084316960981,多頭,-16.2
2017-03-01,2017,0.5309236338587899,-0.48466218353286905,多頭,-19.5
2017-03-02,2017,0.5174393298938051,0.05716172434429012,多頭,-20.0
2017-03-03,2017,0.5481261865935724,0.9950032182135304,多頭,-25.0
2017-03-06,2017,0.5927022553596137,0.5957059187431613,多頭,-26.4
2017-03-07,2017,0.6469947959776586,1.0244329728580803,多頭,-23.2
2017-03-08,2017,0.6426756106219206,1.5916419318292574,多頭,-21.1
2017-03-09,2017,0.6081968816943327,2.633505235225342,多頭,-26.9
2017-03-10,2017,0.5875320291513736,3.579185055084766,多頭,-26.7
2017-03-13,2017,0.5664779778831648,2.323523770436009,多頭,-22.4
2017-03-14,2017,0.4914547491896295,1.9142649840264259,多頭,-18.6
2017-03-15,2017,0.47733732873455026,1.6700700491052212,多頭,-19.3
2017-03-16,2017,0.5216793209758871,0.395818996668984,多頭,-12.5
2017-03-17,2017,0.5294652589056492,-0.3253709622563661,多頭,-1.7
2017-03-20,2017,0.5894819289688656,-0.5721796797528822,多頭,-0.1
2017-03-21,2017,0.5549020751260478,-1.2468300294109058,多頭,5.9
2017-03-22,2017,0.5128204115673206,-1.120062563868962,多頭,0.4
2017-03-23,2017,0.45080893893221596,0.1887069845751599,多頭,-3.3
2017-03-24,2017,0.4550863676122193,-0.05230748724122103,多頭,-4.3
2017-03-27,2017,0.4480009550859749,-0.034424209534089645,多頭,-5.7
2017-03-28,2017,0.4708906551642282,0.06166183193354602,多頭,-7.1
2017-03-29,2017,0.47922409071890504,-0.24177552314521567,多頭,-4.7
2017-03-30,2017,0.4654313526389423,-0.30939821184688965,多頭,-4.9
2017-03-31,2017,0.44282291902748366,0.2564332539708447,多頭,-5.7
2017-04-05,2017,0.4869182674576239,-2.176495656054378,多頭,-2.2
2017-04-06,2017,0.4861321938774196,-1.8327305057689536,多頭,-8.9
2017-04-07,2017,0.5073168340306798,-1.284363900066554,多頭,-14.1
2017-04-10,2017,0.515052095087384,-2.454834485871049,多頭,-17.1
2017-04-11,2017,0.4858572388943772,-2.0313412160993916,多頭,-18.3
2017-04-12,2017,0.43460343426022946,-1.0213207193552898,多頭,-14.0
2017-04-13,2017,0.42492443732991153,-1.2070129352586445,多頭,-14.5
2017-04-14,2017,0.4694953540930218,1.1176490532655459,多頭,-15.1
2017-04-17,2017,0.5136918315716514,1.441377464904714,多頭,-17.7
2017-04-18,2017,0.5077283557749744,1.1702590452426387,多頭,-13.7
2017-04-19,2017,0.5282982440316726,2.407276393836466,盤整,-18.3
2017-04-20,2017,0.4948112076123432,3.2034665290796127,盤整,-18.7
2017-04-21,2017,0.45010201031340397,2.4483890254707763,多頭,-16.5
2017-04-24,2017,0.4503732354112948,2.569369054172932,盤整,-8.7
2017-04-25,2017,0.4419626832032115,0.5916654727684767,多頭,-2.3
2017-04-26,2017,0.42838429674452455,0.8197677662850067,多頭,2.1
2017-04-27,2017,0.4821240080431921,0.556354468583109,多頭,0.9
2017-04-28,2017,0.45208042060608256,0.9756888168557465,多頭,0.6
2017-05-02,2017,0.4977261475169038,0.6056570237001901,多頭,6.3
2017-05-03,2017,0.5317987671451692,0.3163129700371581,多頭,8.7
2017-05-04,2017,0.5569417331607569,0.6940459326380211,多頭,7.3
2017-05-05,2017,0.5514329335923237,1.3287959320965603,多頭,5.7
2017-05-08,2017,0.5064914234260158,0.7690256358650505,多頭,9.0
2017-05-09,2017,0.536175177017496,0.5443004272107865,多頭,6.8
2017-05-10,2017,0.5498121495251189,-0.20765786010078502,多頭,9.9
2017-05-11,2017,0.5038949577510621,-0.04219375532420466,多頭,11.5
2017-05-12,2017,0.4690145488787424,0.2104774092253736,多頭,10.8
2017-05-15,2017,0.4893641284153315,0.07572119456162874,多頭,15.0
2017-05-16,2017,0.48221939229275657,0.7675828815061347,多頭,15.8
2017-05-17,2017,0.454838692770573,0.8815948598266177,多頭,15.1
2017-05-18,2017,0.4526487070374521,0.7148839705299448,多頭,18.0
2017-05-19,2017,0.48038317437235395,1.4053612823971884,多頭,22.1
2017-05-22,2017,0.48761454429817447,1.553125556402457,多頭,19.1
2017-05-23,2017,0.5072797369015573,1.5019224927656616,多頭,11.9
2017-05-24,2017,0.5395797647857837,1.8161327383761305,多頭,10.5
2017-05-25,2017,0.5148934719576629,0.9664153597619407,多頭,9.4
2017-05-26,2017,0.469681804519252,1.069496483352217,多頭,3.7
2017-05-31,2017,0.487901839689345,1.8430949174959688,多頭,-1.9
2017-06-01,2017,0.5237989885379852,1.1125738791484707,多頭,-0.8
2017-06-02,2017,0.5394582552160376,-0.41930435073820327,多頭,0.4
2017-06-03,2017,0.5432672740349354,-0.2953293660755141,多頭,-1.2
2017-06-05,2017,0.5522202726221843,-1.5095572043759442,多頭,0.2
2017-06-06,2017,0.5493603396939751,-1.1544965893213743,多頭,-1.4
2017-06-07,2017,0.5368837189721741,-0.5216459565582365,多頭,-2.5
2017-06-08,2017,0.5243485282756589,0.2427198707580125,多頭,-3.4
2017-06-09,2017,0.5246275224879959,1.2236694396376313,多頭,-8.6
2017-06-12,2017,0.5519052480170712,2.371522735994991,多頭,-15.2
2017-06-13,2017,0.48233517753869437,2.674822154095269,多頭,-18.3
2017-06-14,2017,0.4786894167463413,3.030441421460117,多頭,-22.0
2017-06-15,2017,0.4632304876958317,4.21882666640232,多頭,-22.2
2017-06-16,2017,0.46404427978608637,3.4984685031501206,多頭,-15.2
2017-06-19,2017,0.4858324761264553,1.3652859344818635,多頭,-6.7
2017-06-20,2017,0.5076858720451332,0.9413567392386746,多頭,-2.2
2017-06-21,2017,0.4849002991391802,0.438176105247301,多頭,-1.4
2017-06-22,2017,0.4692036255131038,0.13203116435525075,多頭,4.2
2017-06-23,2017,0.5257991419434885,-0.2883105119631524,多頭,1.8
2017-06-26,2017,0.47044136490371713,-1.0383337962099781,多頭,12.7
2017-06-27,2017,0.5170207110282317,-1.3685233912287265,多頭,10.9
2017-06-28,2017,0.537943716088074,-0.8979312933386496,多頭,-0.5
2017-06-29,2017,0.5475608303466591,-1.264099254916451,多頭,-4.9
2017-06-30,2017,0.48363450442684275,0.197208869204335,多頭,-9.8
2017-07-03,2017,0.5804173597667156,0.07577219938170732,多頭,-12.0
2017-07-04,2017,0.5306815723848363,1.0859334079386995,多頭,-14.7
2017-07-05,2017,0.5545933668577784,0.3759806781299613,多頭,-15.0
2017-07-06,2017,0.5148326479423369,0.8616731930325416,多頭,-12.9
2017-07-07,2017,0.4836695422292535,1.7869819612032378,多頭,-19.3
2017-07-10,2017,0.5434366024215256,2.100990193305874,多頭,-18.0
2017-07-11,2017,0.5020500011221537,0.8044686944641555,多頭,-3.7
2017-07-12,2017,0.48942049032085366,0.15373276983843276,多頭,2.9
2017-07-13,2017,0.4813920391053621,0.010802904356066456,多頭,7.9
2017-07-14,2017,0.49407783062079896,0.18422219264624395,多頭,3.5
2017-07-17,2017,0.447473498373607,-0.36748604356282577,多頭,2.9
2017-07-18,2017,0.5148341129270216,0.25865210862052734,多頭,-1.2
2017-07-19,2017,0.5202185442587555,-0.7904931420793737,多頭,-4.4
2017-07-20,2017,0.5519406230845236,-0.6860418158821213,多頭,-8.5
2017-07-21,2017,0.4996170266211191,0.005653127904414745,多頭,-13.4
2017-07-24,2017,0.561518180515359,0.5543298716791822,多頭,-16.1
2017-07-25,2017,0.5502187950764614,0.06432097408524129,多頭,-15.3
2017-07-26,2017,0.5287470431202042,0.8393231283670088,多頭,-20.7
2017-07-27,2017,0.5514920033622205,0.6757470473536697,多頭,-12.5
2017-07-28,2017,0.5418387966729894,1.3999740958740459,多頭,-18.4
2017-07-31,2017,0.5576994063038542,0.4128573661713819,多頭,-16.3
2017-08-01,2017,0.599637508670803,-1.0304398938805082,多頭,-14.0
2017-08-02,2017,0.5632995721354227,-1.803357077059542,多頭,-6.6
2017-08-03,2017,0.6031835107853974,-2.3362254390690063,多頭,-12.2
2017-08-04,2017,0.5978901994259898,-1.8597904547254296,多頭,-10.5
2017-08-07,2017,0.6027448678037484,-2.7316345570345346,多頭,-4.2
2017-08-08,2017,0.5620524406356101,-1.8885473229652283,多頭,-6.7
2017-08-09,2017,0.5448553646605744,-1.4235395467977252,多頭,-12.8
2017-08-10,2017,0.5191249315235567,-0.032430632329571996,多頭,-11.3
2017-08-11,2017,0.42514278385946025,0.6050590682864732,多頭,-6.4
2017-08-14,2017,0.3861748970298048,1.7753059084934408,盤整,-7.6
2017-08-15,2017,0.3908309850587658,1.724345272500849,盤整,-10.9
2017-08-16,2017,0.4134216210534998,2.187672187351497,盤整,-11.5
2017-08-17,2017,0.4129625804479119,1.5103135484604957,多頭,-6.0
2017-08-18,2017,0.4042661826215806,1.6978432043157188,盤整,-2.5
2017-08-21,2017,0.4026686982449352,2.35329093710388,盤整,2.9
2017-08-22,2017,0.39137865110315834,1.864017467164869,多頭,8.0
2017-08-23,2017,0.4507087972448362,1.806605482371637,多頭,3.1
2017-08-24,2017,0.42648091401847876,0.7713824821526716,多頭,6.3
2017-08-25,2017,0.46610849254089726,0.9731339706775977,多頭,11.7
2017-08-28,2017,0.47494112041471775,0.20786663094554125,多頭,9.5
2017-08-29,2017,0.5075626181989049,0.399559094065971,多頭,4.6
2017-08-30,2017,0.4778881529625867,0.3836547013075675,多頭,3.2
2017-08-31,2017,0.5081677336391628,-0.12866316889261764,多頭,-0.7
2017-09-01,2017,0.5197274424737073,0.14658106508653734,多頭,-4.3
2017-09-04,2017,0.5329701103569702,-0.34995700041723365,多頭,-8.5
2017-09-05,2017,0.5314086586873756,-0.6053020199965342,多頭,-12.9
2017-09-06,2017,0.5546340036457089,0.3085934018843606,多頭,-19.0
2017-09-07,2017,0.5238770623250236,0.8830470341632646,多頭,-22.6
2017-09-08,2017,0.5467705870508713,-0.3186631416736252,多頭,-23.3
2017-09-11,2017,0.540279507410705,-0.5012220776075993,多頭,-26.3
2017-09-12,2017,0.49159829972355407,-0.3007440847851428,多頭,-25.1
2017-09-13,2017,0.5124576110646797,-0.789907413736779,多頭,-27.2
2017-09-14,2017,0.5014539608184934,-2.0626195685441107,多頭,-22.2
2017-09-15,2017,0.4980322998578496,-3.0564978105763307,多頭,-19.1
2017-09-18,2017,0.4335064912773712,-2.867779641200685,多頭,-12.3
2017-09-19,2017,0.4284772327210612,-2.64453761012996,多頭,-14.6
2017-09-20,2017,0.434247217989337,-1.7989061874653545,多頭,-15.3
2017-09-21,2017,0.42534912357443166,-1.8386453957294324,多頭,-13.7
2017-09-22,2017,0.4320253500235574,0.14813850759065605,盤整,-19.8
2017-09-25,2017,0.4273465668714179,1.2912289120724063,盤整,-24.8
2017-09-26,2017,0.4377387337890756,2.5470360787051227,盤整,-22.8
2017-09-27,2017,0.4500912055421737,1.9960916770927373,盤整,-18.1
2017-09-28,2017,0.43799117577979035,3.3481442633140457,盤整,-16.7
2017-09-29,2017,0.49558428663263066,3.693148266108026,盤整,-12.2
2017-09-30,2017,0.48057997887381826,3.275731562393469,盤整,-7.8
2017-10-02,2017,0.5672760954083627,2.9531321069147465,盤整,-7.3
2017-10-03,2017,0.5306430023582808,2.4242192686269926,多頭,-10.6
2017-10-05,2017,0.5143836405319927,1.9205629823155324,多頭,-6.2
2017-10-06,2017,0.5167068736827376,2.15972755608429,多頭,-2.4
2017-10-11,2017,0.46537705660892426,0.8240619705126795,多頭,3.9
2017-10-12,2017,0.44057684887650195,0.2219122732330936,多頭,8.5
2017-10-13,2017,0.4511291171816418,0.18360532222314596,多頭,8.5
2017-10-16,2017,0.46265088447892727,-0.2194128386211136,多頭,9.9
2017-10-17,2017,0.4468696523635983,0.10827042426899691,多頭,9.6
2017-10-18,2017,0.45981681982676925,-0.10419503968179811,多頭,8.3
2017-10-19,2017,0.4739166417181938,-0.031783529997797544,多頭,9.8
2017-10-20,2017,0.4773823995831779,0.6050957788697353,多頭,12.5
2017-10-23,2017,0.47228481567551955,0.662772316517346,多頭,8.3
2017-10-24,2017,0.5032342718972661,0.41633391599604774,多頭,10.0
2017-10-25,2017,0.5072089656394452,0.4669519848714998,多頭,8.7
2017-10-26,2017,0.5114755346471007,0.47909780935950774,多頭,8.3
2017-10-27,2017,0.48530780417196817,1.2254052857800568,多頭,9.0
2017-10-30,2017,0.46406089036680076,0.5774914078165772,多頭,10.9
2017-10-31,2017,0.5190787237887728,-0.4681391169004345,多頭,11.0
2017-11-01,2017,0.5806153024501548,-0.6819132436824304,多頭,10.4
2017-11-02,2017,0.5826623441990042,-0.969457320797773,多頭,4.2
2017-11-03,2017,0.5893867625447549,-1.0516842780653568,多頭,1.0
2017-11-06,2017,0.6077457785287624,-1.4420291131530316,多頭,-0.5
2017-11-07,2017,0.6021585810130065,-1.986100066972063,多頭,1.3
2017-11-08,2017,0.6249798441642744,-1.084666868164219,多頭,-0.3
2017-11-09,2017,0.5825159847930141,-0.7327377977096483,多頭,-9.9
2017-11-10,2017,0.6122979283132608,0.43390880368072704,多頭,-13.8
2017-11-13,2017,0.5667606054337445,1.2979318452403188,多頭,-17.8
2017-11-14,2017,0.5012714664791026,1.5662691187011024,多頭,-15.8
2017-11-15,2017,0.45646621607681614,2.1018470178211235,多頭,-21.3
2017-11-16,2017,0.4246524166574507,1.1848425982396327,多頭,-13.7
2017-11-17,2017,0.4357658073294878,0.05073988659682893,多頭,-8.2
2017-11-20,2017,0.46732761227282715,0.45946617531915646,多頭,-9.9
2017-11-21,2017,0.4805641437746145,-2.029827705849385,多頭,0.5
2017-11-22,2017,0.4455624432094193,-2.0532977780734485,多頭,9.3
2017-11-23,2017,0.4821814770631613,-1.874417871919376,多頭,9.8
2017-11-24,2017,0.48581503018931826,-2.6463756980087627,多頭,3.5
2017-11-27,2017,0.4966767774583973,-3.320735973539035,多頭,-7.8
2017-11-28,2017,0.49746136321977924,-3.2811030468652858,多頭,-17.0
2017-11-29,2017,0.48530838860012065,-2.939548515664725,多頭,-26.7
2017-11-30,2017,0.4500871316732161,-0.8271435659877868,盤整,-36.1
2017-12-01,2017,0.4281323407339624,-1.481929404350979,盤整,-38.8
2017-12-04,2017,0.47155347142351944,-1.6938140719605754,多頭,-36.6
2017-12-05,2017,0.4672464284615036,-0.2729290185817024,盤整,-34.1
2017-12-06,2017,0.47796004066387815,0.9382408177088131,盤整,-33.2
2017-12-07,2017,0.4870208655508586,1.4558081685940971,盤整,-29.2
2017-12-08,2017,0.47566740984922484,0.6608569213991888,盤整,-26.7
2017-12-11,2017,0.4759844460481906,0.30010245304872285,盤整,-23.1
2017-12-12,2017,0.43975048981517617,0.43750622409817197,空頭,-19.5
2017-12-13,2017,0.4667406784804804,0.6357741125235128,空頭,-16.2
2017-12-14,2017,0.49005178888215417,-0.14727638330197523,空頭,-8.9
2017-12-15,2017,0.4916713125734938,-0.6627307595525544,空頭,-9.4
2017-12-18,2017,0.4687162494997136,-0.18893030232656205,空頭,-7.5
2017-12-19,2017,0.434435320683794,0.9582186114141633,空頭,-6.4
2017-12-20,2017,0.4574563874765626,1.316956890938381,空頭,-7.1
2017-12-21,2017,0.4497732765634789,2.1142209387575717,空頭,-8.2
2017-12-22,2017,0.451999681227197,2.5082398002518547,空頭,-5.9
2017-12-25,2017,0.48500716591131665,3.0994564974639927,空頭,-7.0
2017-12-26,2017,0.47627534335022165,4.393532471495143,空頭,-9.7
2017-12-27,2017,0.46071113357186944,4.091670663804625,空頭,-8.7
2017-12-28,2017,0.46535434571249323,3.285974919660406,空頭,-3.4
2017-12-29,2017,0.47849971540430253,1.7686035520527277,空頭,0.7
2018-01-02,2018,0.40301558456769576,0.9273877690876287,盤整,11.5
2018-01-03,2018,0.4406526960927155,0.7627594877411381,盤整,18.0
2018-01-04,2018,0.4907843424101997,0.9925677251413356,盤整,20.4
2018-01-05,2018,0.4903684475474779,0.9771319325722949,盤整,17.1
2018-01-08,2018,0.4913609742254561,0.8157936926001419,盤整,18.2
2018-01-09,2018,0.5151468652569677,1.4354702612669579,盤整,16.1
2018-01-10,2018,0.5256406740747879,2.9522421104431817,盤整,10.8
2018-01-11,2018,0.517975465451421,3.8982207314298023,盤整,9.9
2018-01-12,2018,0.47689600057248027,3.3916883193249703,盤整,15.4
2018-01-15,2018,0.49566062189412297,1.7875543864677157,多頭,18.4
2018-01-16,2018,0.4825205468570992,1.6369761453326026,多頭,17.5
2018-01-17,2018,0.48288130769564663,1.2930721139866375,多頭,19.6
2018-01-18,2018,0.4850573045630976,1.3569891171712811,多頭,22.3
2018-01-19,2018,0.48370863049257296,-0.6642542945156649,多頭,17.9
2018-01-22,2018,0.4987145480772943,-1.1367177553051722,多頭,12.6
2018-01-23,2018,0.49109594957739916,-0.8251941018971642,多頭,6.7
2018-01-24,2018,0.5113063934222888,-0.23251101131978036,多頭,-2.4
2018-01-25,2018,0.5168288252818695,-1.9675889646649014,多頭,-3.6
2018-01-26,2018,0.5257890104240628,-6.666307828942064,多頭,-4.0
2018-01-29,2018,0.5402861455444506,-5.972922371702949,多頭,-2.2
2018-01-30,2018,0.4803303081992178,-4.949633377208906,多頭,0.3
2018-01-31,2018,0.41162337778733776,-6.592703932621213,多頭,4.5
2018-02-01,2018,0.4702357235492576,-6.623149123003513,多頭,8.7
2018-02-02,2018,0.47196729830650674,-3.701073948678024,多頭,12.6
2018-02-05,2018,0.38548222407695,-2.5933082105744076,多頭,6.2
2018-02-06,2018,0.32609422062452553,3.75384467512494,盤整,11.8
2018-02-07,2018,0.3154933312115831,2.7025438940666557,盤整,13.9
2018-02-08,2018,0.28594535021757084,2.7254542898716982,盤整,11.0
2018-02-09,2018,0.2588590709195392,3.9919974931906355,盤整,20.7
2018-02-12,2018,0.2759443818432326,2.6588389506279952,盤整,20.6
2018-02-21,2018,0.3234323735656684,-0.6676970518291303,盤整,18.4
2018-02-22,2018,0.32688111364404965,1.1438346785614506,盤整,17.1
2018-02-23,2018,0.3117093776067946,-0.45606347647655365,多頭,15.4
2018-02-26,2018,0.31522059760935406,-0.12420755396016503,多頭,17.0
2018-02-27,2018,0.2895072432083569,0.4562908500509,多頭,23.5
2018-03-01,2018,0.3384014585011589,2.005509100399694,多頭,25.6
2018-03-02,2018,0.3631032819845415,3.7152148451557565,盤整,24.5
2018-03-05,2018,0.33706808538687544,3.7198507925471302,盤整,16.8
2018-03-06,2018,0.3249108986466475,2.1708328928798704,多頭,17.8
2018-03-07,2018,0.3744750475790319,2.62793476601908,盤整,14.6
2018-03-08,2018,0.39589305869392893,2.0664791688995043,盤整,9.6
2018-03-09,2018,0.3959441236817017,1.3439707238592113,盤整,8.9
2018-03-12,2018,0.3611434839486892,0.08152988974832187,盤整,14.7
2018-03-13,2018,0.3787071856481535,-0.8092375106235394,盤整,16.7
2018-03-14,2018,0.3841637942872294,-1.951933181142873,盤整,13.8
2018-03-15,2018,0.37619919181559885,-1.6191025053433283,盤整,12.1
2018-03-16,2018,0.4021816442995994,-0.3709749086391545,盤整,11.2
2018-03-19,2018,0.3937243249271216,-1.6406412658754976,盤整,7.1
2018-03-20,2018,0.3259880183647077,-1.497796716690103,多頭,2.6
2018-03-21,2018,0.3219592001963658,-0.9522235350424624,多頭,2.4
2018-03-22,2018,0.31424282648990565,-0.7845834575098354,多頭,-0.1
2018-03-23,2018,0.3077675532180707,0.6000001847860092,盤整,-4.3
2018-03-26,2018,0.3045437610950457,-0.17084792044316233,盤整,-8.2
2018-03-27,2018,0.3184019006387423,-0.8488375585589569,多頭,-7.5
2018-03-28,2018,0.2980120944338959,0.5661874198161998,盤整,-11.5
2018-03-29,2018,0.31703081350676116,1.181089294407478,盤整,-13.3
2018-03-30,2018,0.3254672122735542,0.4499267390535078,多頭,-14.8
2018-03-31,2018,0.3240278323789803,0.4203493020278337,多頭,-11.9
2018-04-02,2018,0.42457099342803206,0.6087284756898903,盤整,-11.3
2018-04-03,2018,0.4229624697173013,-0.10238847926309358,盤整,-9.5
2018-04-09,2018,0.34092927640597903,-0.418964284304546,盤整,-10.1
2018-04-10,2018,0.35076687790927086,0.4030317062590605,多頭,-7.5
2018-04-11,2018,0.3242186235238674,-1.7736435690840824,多頭,-6.0
2018-04-12,2018,0.37389098296033785,-2.3564871400026943,多頭,-6.1
2018-04-13,2018,0.39574658168471977,-3.5191634770856295,多頭,-0.7
2018-04-16,2018,0.40583666336863955,-3.601973609139586,多頭,1.6
2018-04-17,2018,0.3892261104259348,-2.9773968706205634,盤整,-4.4
2018-04-18,2018,0.3902479795185953,-2.7144449289216555,盤整,-1.3
2018-04-19,2018,0.3876442608877634,-2.856017835755731,盤整,10.1
2018-04-20,2018,0.43681674404026627,-1.4896032981488672,空頭,-1.4
2018-04-23,2018,0.40972156428704365,-1.7102718205724288,空頭,-4.5
2018-04-24,2018,0.42134602875137406,-0.47384091875797285,空頭,-4.9
2018-04-25,2018,0.3958010278759295,0.42556939082214473,空頭,-5.7
2018-04-26,2018,0.3929382482094241,1.933531517135778,空頭,-6.7
2018-04-27,2018,0.39557491638975867,1.420580796954174,空頭,-6.5
2018-04-30,2018,0.42291538985505256,0.9601346609269479,空頭,-1.8
2018-05-02,2018,0.5115914301781516,2.261741193222222,空頭,1.7
2018-05-03,2018,0.48946516323388156,4.1678000566853335,空頭,2.6
2018-05-04,2018,0.48968778245766326,3.2799683171927496,空頭,5.6
2018-05-07,2018,0.4960223616539907,2.7596650985251214,空頭,7.0
2018-05-08,2018,0.49290596279292187,1.3321947213549734,空頭,7.0
2018-05-09,2018,0.4840300244555575,1.1911224056019742,空頭,5.8
2018-05-10,2018,0.4390477858018486,1.9143678422633092,空頭,7.1
2018-05-11,2018,0.3975188931029785,0.7344152029011841,盤整,14.2
2018-05-14,2018,0.3709142060278381,-0.6045255875658073,盤整,11.6
2018-05-15,2018,0.3921459118885279,0.5719682235789003,盤整,6.5
2018-05-16,2018,0.3823787491565415,0.4104584783580112,盤整,5.7
2018-05-17,2018,0.33546216903829423,1.4211067020743373,盤整,2.7
2018-05-18,2018,0.38630523155512847,1.2305601412263556,盤整,-1.5
2018-05-21,2018,0.4236193556436626,-1.3225182834528004,盤整,-1.3
2018-05-22,2018,0.37063486946898855,-0.5829744403600845,盤整,-0.8
2018-05-23,2018,0.4215043026955141,0.5777968029189173,盤整,-0.7
2018-05-24,2018,0.42353320547485174,1.5778650864547883,盤整,-2.7
2018-05-25,2018,0.4155028543513076,1.442201365343676,盤整,-1.4
2018-05-28,2018,0.36247098809848,1.9481660063870976,盤整,3.1
2018-05-29,2018,0.4213666527275238,2.6233751545951645,盤整,0.0
2018-05-30,2018,0.3808603006966648,3.098093829040671,空頭,-9.2
2018-05-31,2018,0.38803165237735743,2.5220322649462723,盤整,-3.8
2018-06-01,2018,0.48352645537640615,1.7874561150343249,多頭,-1.5
2018-06-04,2018,0.4338020779933881,0.5734731536072735,多頭,4.7
2018-06-05,2018,0.4821455024643232,-0.7759382564677342,多頭,0.5
2018-06-06,2018,0.45697855762521,-1.0209046200486904,多頭,9.3
2018-06-07,2018,0.4858621565849243,-3.088941720176852,多頭,16.1
2018-06-08,2018,0.496014172421928,-2.052450517280624,多頭,8.8
2018-06-11,2018,0.4523426814120226,-1.8670347638357065,多頭,6.5
2018-06-12,2018,0.46390641783351694,-2.2029127511599578,多頭,2.2
2018-06-13,2018,0.44238834461610405,-3.4614045560765416,多頭,-4.4
2018-06-14,2018,0.4190136085121675,-2.4678635697540696,多頭,-18.3
2018-06-15,2018,0.43927001208968636,-3.485375834162341,多頭,-19.8
2018-06-19,2018,0.3952372421042729,-2.2918712898436278,多頭,-25.0
2018-06-20,2018,0.34965395577947517,-0.8284648554464757,多頭,-23.6
2018-06-21,2018,0.31542236807303137,-1.4909876273527134,多頭,-25.3
2018-06-22,2018,0.32835118340987574,-1.6841479437173956,多頭,-18.5
2018-06-25,2018,0.3535870346838023,-0.5988062812080863,盤整,-13.5
2018-06-26,2018,0.3470546813701869,-1.2135350678680434,盤整,-10.0
2018-06-27,2018,0.34789580075037707,-0.8640289766499221,盤整,-10.1
2018-06-28,2018,0.3292622738519895,0.6194693587928901,盤整,-7.9
2018-06-29,2018,0.33699634445308907,-0.7384023674645301,盤整,-3.2
2018-07-02,2018,0.48438950883257287,-0.9380271183547118,盤整,-4.0
2018-07-03,2018,0.4448748652013183,0.2114650252152961,盤整,-5.6
2018-07-04,2018,0.48986412442118177,1.33064474760467,盤整,-4.1
2018-07-05,2018,0.49019416156042783,1.9378409526744411,盤整,-2.4
2018-07-06,2018,0.4661357372333333,1.6064370598487754,盤整,-3.1
2018-07-09,2018,0.44993449160012294,1.1397090374505092,盤整,-1.5
2018-07-10,2018,0.445663614449029,0.7296718661248702,空頭,-0.3
2018-07-11,2018,0.44885694547909577,2.3908759520607337,空頭,-0.0
2018-07-12,2018,0.3589508165311731,1.9417267781546288,空頭,6.0
2018-07-13,2018,0.3629600249088772,1.2043768074856187,盤整,9.8
2018-07-16,2018,0.415719503836784,1.3713028486380896,空頭,5.9
2018-07-17,2018,0.3347843372288629,2.148809860664125,空頭,7.0
2018-07-18,2018,0.31323830424920424,2.151910175366112,盤整,13.1
2018-07-19,2018,0.3071947987399517,1.8288237237642058,空頭,11.9
2018-07-20,2018,0.35311651180965925,1.147079566524667,盤整,17.7
2018-07-23,2018,0.38422514320935486,1.381579608454997,盤整,14.4
2018-07-24,2018,0.332377046507086,-0.5967955661418056,盤整,14.1
2018-07-25,2018,0.3296831958542227,0.42532275376421236,盤整,13.5
2018-07-26,2018,0.3689305329305922,0.12251818927380143,盤整,13.8
2018-07-27,2018,0.44554868999037056,-0.8337110343470178,盤整,14.4
2018-07-30,2018,0.40919635313645514,0.37802917286744453,盤整,14.2
2018-07-31,2018,0.4059712145706226,-0.2662443895596778,盤整,11.4
2018-08-01,2018,0.4258037366347206,-1.0312548150003598,盤整,8.4
2018-08-02,2018,0.485449858507896,-1.654655129979865,盤整,4.7
2018-08-03,2018,0.5381955424460594,-1.7089779458303145,盤整,0.1
2018-08-06,2018,0.5395261781133556,-2.7879826924646967,多頭,-0.1
2018-08-07,2018,0.496784015477707,-2.727196579577995,多頭,2.6
2018-08-08,2018,0.4450156408948942,-3.469808807927599,多頭,5.3
2018-08-09,2018,0.4642094374064144,-2.9834776166636656,多頭,6.4
2018-08-10,2018,0.4660603768838005,-1.74331371635007,多頭,7.2
2018-08-13,2018,0.44553889129012025,0.5142842257640723,盤整,5.9
2018-08-14,2018,0.33885837222966336,0.3593789119410662,盤整,8.3
2018-08-15,2018,0.3940300879390486,0.8640679310425226,盤整,4.0
2018-08-16,2018,0.3687001704950408,2.0433549546513774,盤整,5.9
2018-08-17,2018,0.36376390120900115,2.792920373848551,盤整,4.4
2018-08-20,2018,0.3768858191148893,3.7435099377982173,盤整,2.8
2018-08-21,2018,0.3761423567256895,2.794147625136656,盤整,5.0
2018-08-22,2018,0.39996595709894256,2.4040650857999557,盤整,6.1
2018-08-23,2018,0.43813172623759133,0.9305789399556064,盤整,6.4
2018-08-24,2018,0.4406855547440783,1.961542553437523,空頭,6.1
2018-08-27,2018,0.3507103703198925,0.8523042575771411,盤整,11.5
2018-08-28,2018,0.3605631794979126,-0.5937458767647397,盤整,17.8
2018-08-29,2018,0.36225136666575974,-2.275583648735946,盤整,27.1
2018-08-30,2018,0.405685747204459,-3.3167323943662064,盤整,31.5
2018-08-31,2018,0.38934326498663396,-2.8167180950005255,多頭,27.2
2018-09-03,2018,0.49720560027848454,-2.2039871509327624,多頭,22.8
2018-09-04,2018,0.48579726100975973,-2.668903531136746,多頭,18.8
2018-09-05,2018,0.5031423251270617,-1.154965880348846,多頭,12.8
2018-09-06,2018,0.4791322714029704,-0.8759371309832065,多頭,7.0
2018-09-07,2018,0.4906971893671187,-0.8000376141215293,空頭,-2.8
2018-09-10,2018,0.4614691922185636,1.2257360756307234,盤整,-11.4
2018-09-11,2018,0.3923979230820876,0.7357495605591513,盤整,-17.8
2018-09-12,2018,0.44295409503653554,2.3300384142980635,盤整,-19.9
2018-09-13,2018,0.43257101984760904,2.345619512213326,盤整,-21.0
2018-09-14,2018,0.40858136098225806,0.9757879453154095,多頭,-7.2
2018-09-17,2018,0.4506810310778519,1.8984892797875297,盤整,-12.8
2018-09-18,2018,0.4193231039101987,2.2874088888599875,盤整,-7.7
2018-09-19,2018,0.39731733217974374,1.7917027024288767,盤整,0.3
2018-09-20,2018,0.44381267664261453,0.8144830636085176,盤整,-4.8
2018-09-21,2018,0.3451948370954058,-0.9885704234530057,多頭,3.0
2018-09-25,2018,0.3741182725220858,-2.367643241323092,多頭,7.1
2018-09-26,2018,0.4187306030437837,-4.164954315534897,多頭,4.0
2018-09-27,2018,0.37983638756188803,-5.240620290207076,多頭,9.8
2018-09-28,2018,0.40531866690861895,-4.901811137944135,多頭,2.7
2018-10-01,2018,0.4594348397365735,-11.27137660833528,盤整,5.7
2018-10-02,2018,0.5466270863524654,-8.002285791734698,盤整,-14.9
2018-10-03,2018,0.532266263102515,-8.862530536803403,空頭,-17.8
2018-10-04,2018,0.5144471644587996,-6.883255853440318,空頭,-32.4
2018-10-05,2018,0.5009171649055985,-5.115278707478865,空頭,-30.0
2018-10-08,2018,0.4844854620728988,-4.803016087521639,空頭,-28.4
2018-10-09,2018,0.47938954846611626,-5.231478871826523,空頭,-30.3
2018-10-11,2018,0.4553345092972266,1.7149511885956814,空頭,-17.7
2018-10-12,2018,0.3841863270552197,-2.693759885962399,空頭,1.5
2018-10-15,2018,0.39998007483501735,-1.431353220645759,空頭,-1.5
2018-10-16,2018,0.44294308294734464,-4.611816332869112,空頭,1.3
2018-10-17,2018,0.41230442497253106,-4.9098419302665235,空頭,5.5
2018-10-18,2018,0.40751991930934156,-4.394433041683865,空頭,7.1
2018-10-19,2018,0.3946307259671681,-3.9635013095734917,空頭,7.0
2018-10-22,2018,0.368390104757785,-1.7259391154048398,空頭,7.1
2018-10-23,2018,0.38672334544674836,0.711392094279395,空頭,3.4
2018-10-24,2018,0.4062959843780679,1.5081869787077151,空頭,2.0
2018-10-25,2018,0.3645282364111796,3.875938866417572,空頭,7.3
2018-10-26,2018,0.3669250469271023,3.538451162271139,空頭,10.6
2018-10-29,2018,0.36757250966577837,4.1195546177513975,空頭,11.4
2018-10-30,2018,0.3741282839870611,4.400537050275499,空頭,12.1
2018-10-31,2018,0.3653824874050443,0.28442797636840655,空頭,13.4
2018-11-01,2018,0.37865005057436396,-0.13743379713431203,空頭,11.7
2018-11-02,2018,0.3998329436225612,-1.3198285181883929,空頭,15.7
2018-11-05,2018,0.4291808728547741,-0.9902111365132416,空頭,9.2
2018-11-06,2018,0.4493956300244878,0.015369034956913552,空頭,4.3
2018-11-07,2018,0.40069048873317054,-1.1228912987530704,空頭,10.7
2018-11-08,2018,0.43362965995165637,-1.172613020609703,空頭,13.5
2018-11-09,2018,0.5582026935762696,-0.8750754068408972,空頭,1.5
2018-11-12,2018,0.42977329204776415,-0.9122986895814367,空頭,6.3
2018-11-13,2018,0.36976632157350053,-0.62531710829965,空頭,11.6
2018-11-14,2018,0.35866457869852364,-1.2722786635457117,空頭,9.6
2018-11-15,2018,0.3703144910807447,-0.6217905532612811,空頭,8.4
2018-11-16,2018,0.31871880037404055,-0.18852536824709443,空頭,8.7
2018-11-19,2018,0.3303003518791739,0.5658943358677337,空頭,13.9
2018-11-20,2018,0.36847344422383654,1.4508430324743804,空頭,5.8
2018-11-21,2018,0.3323604535810225,1.5039747390551028,空頭,9.6
2018-11-22,2018,0.310355781137241,4.355868574563737,空頭,5.6
2018-11-23,2018,0.3061526565907335,4.305648940241857,空頭,7.4
2018-11-26,2018,0.36057202738146915,1.5501732655017308,空頭,10.3
2018-11-27,2018,0.381010284523249,-0.9602581959417766,空頭,0.4
2018-11-28,2018,0.2981704405023004,-1.2487467511642203,空頭,15.7
2018-11-29,2018,0.27695999429817364,-2.405779860318691,空頭,14.4
2018-11-30,2018,0.3016360776044954,-1.8303949320542134,空頭,8.2
2018-12-03,2018,0.35194443392787134,-3.170488475389799,空頭,15.7
2018-12-04,2018,0.422448321795879,-2.2291774515695972,空頭,8.8
2018-12-05,2018,0.44664644119211944,-1.4377708803497868,空頭,1.9
2018-12-06,2018,0.43101779501947474,1.0615691522315673,空頭,-12.1
2018-12-07,2018,0.43005281580792654,-0.43090377097146915,空頭,-7.9
2018-12-10,2018,0.45898730855611475,1.406265224088199,空頭,-12.8
2018-12-11,2018,0.4542860289145697,-0.3350145873510457,空頭,-17.1
2018-12-12,2018,0.3830673410009794,-1.4239363517361214,空頭,-7.0
2018-12-13,2018,0.3378986709326595,-2.156457810110002,空頭,1.7
2018-12-14,2018,0.3404552455431662,-1.375668088101678,空頭,-8.4
2018-12-17,2018,0.2647685047575264,-2.6609369268855376,空頭,-2.6
2018-12-18,2018,0.28372845111859607,-2.4676864063744364,空頭,-1.2
2018-12-19,2018,0.2715560094656424,-1.4478887808807128,空頭,4.5
2018-12-20,2018,0.338907696027244,0.5466937894593071,空頭,-0.3
2018-12-21,2018,0.298000088791347,-1.2662413826244001,空頭,2.7
2018-12-22,2018,0.2956852053592117,-1.593794836494522,空頭,4.3
2018-12-24,2018,0.28401790108662944,-2.6680290880421675,空頭,6.0
2018-12-25,2018,0.2607995102940591,0.6634764655314429,空頭,5.4
2018-12-26,2018,0.2542153358081645,0.8926056468041565,空頭,11.2
2018-12-27,2018,0.25646990127194536,1.0034683184048987,空頭,22.9
2018-12-28,2018,0.2572862459659526,-0.06908313723796855,空頭,23.1
2019-01-02,2019,0.34164209379953775,2.148388028645165,空頭,9.0
2019-01-03,2019,0.3568243756353779,2.273392875578617,空頭,1.5
2019-01-04,2019,0.35730828812576015,4.5140372885294155,空頭,-7.8
2019-01-07,2019,0.29059381308798854,1.8092239033189905,空頭,3.6
2019-01-08,2019,0.34195700586509825,2.3584215149107024,空頭,-2.6
2019-01-09,2019,0.2878537830348612,1.0037675941718893,空頭,21.1
2019-01-10,2019,0.2988510873413253,1.7355763839809635,空頭,26.6
2019-01-11,2019,0.2756803645345581,1.3859458573272976,盤整,33.9
2019-01-14,2019,0.3059305874243383,1.4233299204179595,空頭,27.6
2019-01-15,2019,0.27746304635991215,0.7248593723868213,盤整,40.8
2019-01-16,2019,0.29744207258982813,2.107783744255576,盤整,35.5
2019-01-17,2019,0.29193138389591644,2.290086473289299,盤整,36.4
2019-01-18,2019,0.29519326639884413,0.9712222170259244,盤整,38.9
2019-01-21,2019,0.2983616288520694,0.4333933302323789,盤整,37.5
2019-01-22,2019,0.3182836457183929,1.1075671119573638,盤整,33.7
2019-01-23,2019,0.33760691784073293,2.5526080597985112,盤整,22.5
2019-01-24,2019,0.3101488080778939,2.161156288472754,盤整,22.6
2019-01-25,2019,0.28372579896459016,1.1976396268259304,盤整,37.7
2019-01-28,2019,0.28184807776260146,0.513815084492375,盤整,36.7
2019-01-29,2019,0.2852814720440876,2.1516192271328283,盤整,27.8
2019-01-30,2019,0.3084591180713579,2.215004440077073,多頭,28.0
2019-02-11,2019,0.3473693385241408,2.6809605917484935,多頭,35.4
2019-02-12,2019,0.38415236404696385,2.1964320729192854,多頭,35.8
2019-02-13,2019,0.35368285265674715,2.3025435604296263,多頭,25.3
2019-02-14,2019,0.3641468248760379,2.9925631950012965,多頭,30.0
2019-02-15,2019,0.3620168955854845,3.246668084150861,多頭,29.0
2019-02-18,2019,0.37662392883766715,2.403975050466811,多頭,30.5
2019-02-19,2019,0.40755133829332213,1.9465616522823304,多頭,31.3
2019-02-20,2019,0.396792543975082,0.3193003428584973,多頭,37.9
2019-02-21,2019,0.4869488496808255,0.36455148635643475,多頭,37.3
2019-02-22,2019,0.539458780083785,-0.10888392044111628,多頭,30.0
2019-02-25,2019,0.5070884444727044,-1.4356751513098454,多頭,34.5
2019-02-26,2019,0.4851369943629199,-1.359469953952963,多頭,31.1
2019-02-27,2019,0.489877855978422,-0.4412287025816308,多頭,23.0
2019-03-04,2019,0.5437090590613928,0.226476055761049,多頭,12.0
2019-03-05,2019,0.541400420199901,0.42104711574477705,多頭,10.7
2019-03-06,2019,0.5210697927618114,0.7925925568327274,多頭,12.4
2019-03-07,2019,0.5269203797181247,1.9494398584905648,多頭,5.8
2019-03-08,2019,0.5067683945504209,2.6418336710034795,多頭,0.3
2019-03-11,2019,0.4694696413778203,2.9392367818244836,多頭,4.3
2019-03-12,2019,0.4825092486316779,2.5738326051667926,多頭,7.9
2019-03-13,2019,0.5124170477574557,2.561860619358125,多頭,8.3
2019-03-14,2019,0.5561535476841081,1.2642228696496671,多頭,3.6
2019-03-15,2019,0.5384102701097857,1.1491257984297842,多頭,13.7
2019-03-18,2019,0.48035066485314,0.2853691249631307,多頭,19.8
2019-03-19,2019,0.5108846350568591,0.22773279352226172,多頭,23.2
2019-03-20,2019,0.4448829371227383,0.8480262634150915,多頭,19.3
2019-03-21,2019,0.4822789894540519,0.3117945624460994,多頭,25.2
2019-03-22,2019,0.4740148441832428,0.48152705076665026,多頭,20.4
2019-03-25,2019,0.4883742525678694,2.1460988522331137,多頭,17.4
2019-03-26,2019,0.45501893311941916,2.285873929843163,多頭,15.7
2019-03-27,2019,0.5114263181239775,2.929989471387784,多頭,9.2
2019-03-28,2019,0.45727717564874315,3.149884304297723,多頭,8.1
2019-03-29,2019,0.4785496047514225,1.5762557043296432,多頭,3.5
2019-04-01,2019,0.4778485843273592,1.5284755741766798,多頭,15.0
2019-04-02,2019,0.5088742371937682,1.7333470529358408,多頭,23.7
2019-04-03,2019,0.5631933135860858,2.087650102107741,多頭,22.3
2019-04-08,2019,0.5301606190102726,1.8211075896920281,多頭,26.2
2019-04-09,2019,0.5673423777518176,1.01754579969775,多頭,33.4
2019-04-10,2019,0.5555384344746991,0.9234330805455215,多頭,26.8
2019-04-11,2019,0.5333384165276432,1.6555075184317758,多頭,16.8
2019-04-12,2019,0.5443465346174183,2.0395546629894623,多頭,17.7
2019-04-15,2019,0.5237147937240302,1.397991834933232,多頭,13.1
2019-04-16,2019,0.5244920972786458,1.024995767694481,多頭,12.3
2019-04-17,2019,0.48892177505198814,-0.40728326874149845,多頭,19.9
2019-04-18,2019,0.48401362493432776,-0.20945044800138035,多頭,19.3
2019-04-19,2019,0.48687450029369134,-0.007020103022292723,多頭,19.4
2019-04-22,2019,0.5310932038188245,0.152716080056714,多頭,10.5
2019-04-23,2019,0.5333946349612955,0.6405047126345043,多頭,11.0
2019-04-24,2019,0.5689222022647716,-1.1835714622530191,多頭,0.4
2019-04-25,2019,0.5215157135962445,-0.4775422876739488,多頭,6.8
2019-04-26,2019,0.5871557338049618,-0.262589169383709,多頭,-4.5
2019-04-29,2019,0.5380655365461323,-1.8775836315003236,多頭,-7.6
2019-04-30,2019,0.5378961486910427,-2.3226319393347516,多頭,-3.3
2019-05-02,2019,0.5185750756078485,-4.054708578044042,多頭,0.2
2019-05-03,2019,0.5084168338134492,-5.200382109351764,多頭,7.8
2019-05-06,2019,0.516431594517851,-3.0871459615017693,多頭,-6.2
2019-05-07,2019,0.48028380704950874,-4.66481723178187,多頭,5.5
2019-05-08,2019,0.42142669831332114,-4.939713705325377,多頭,4.4
2019-05-09,2019,0.38896333594493715,-3.1234424013408257,多頭,-3.8
2019-05-10,2019,0.326978520548141,-2.319520507346684,多頭,2.1
2019-05-13,2019,0.3970757484121171,-0.957257283139612,盤整,-8.0
2019-05-14,2019,0.38457686526015716,-2.004705658673378,盤整,-7.7
2019-05-15,2019,0.3322129531500405,-2.200893689912875,盤整,-11.7
2019-05-16,2019,0.3169462545612172,-1.3411477849772147,盤整,-6.4
2019-05-17,2019,0.32455463616222496,-0.6914410575388885,盤整,-10.5
2019-05-20,2019,0.3166832986208897,-0.9292766874935632,盤整,2.0
2019-05-21,2019,0.33514956942440827,-0.7789192030197345,盤整,6.5
2019-05-22,2019,0.33297845794968317,0.39465555855189294,盤整,4.8
2019-05-23,2019,0.39199069703248535,1.8596538541010732,盤整,-3.1
2019-05-24,2019,0.3493535713994882,0.9763484336210881,盤整,2.1
2019-05-27,2019,0.36473389143966406,1.2336790808708864,盤整,-1.0
2019-05-28,2019,0.35345450480196605,0.9395567045598963,空頭,-1.8
2019-05-29,2019,0.3244963756960162,2.569361799611314,空頭,0.9
2019-05-30,2019,0.34716010097200933,2.1647906816822493,空頭,4.9
2019-05-31,2019,0.2823563137769573,1.116065262718724,空頭,5.3
2019-06-03,2019,0.2967804326215616,0.5803770832004007,空頭,8.0
2019-06-04,2019,0.3605051840418595,0.9161846828878994,空頭,3.2
2019-06-05,2019,0.3199118433180859,0.6587889829682281,空頭,5.6
2019-06-06,2019,0.4010419152313025,1.5134688544748753,空頭,-3.3
2019-06-10,2019,0.30160562756815185,1.9767244879321133,空頭,12.8
2019-06-11,2019,0.33297100687047176,1.6709465523352618,空頭,19.3
2019-06-12,2019,0.3525048797553019,1.772004755238954,空頭,22.3
2019-06-13,2019,0.36700290533098545,2.0683627796962645,空頭,11.9
2019-06-14,2019,0.33993161601216293,1.7297454457004369,空頭,16.8
2019-06-17,2019,0.3654740237701479,1.1586300417642192,空頭,13.2
2019-06-18,2019,0.36257340520080383,1.960491125929087,空頭,7.5
2019-06-19,2019,0.31035971856063094,-0.4130728125516292,盤整,27.6
2019-06-20,2019,0.36884141160435996,1.0241066072261384,盤整,32.3
2019-06-21,2019,0.35698168499682204,0.567857331283439,盤整,32.3
2019-06-24,2019,0.33403507982023556,-0.3310001901766779,盤整,27.6
2019-06-25,2019,0.33495520293532627,0.6461362583499053,盤整,27.8
2019-06-26,2019,0.35790997716087786,1.2502170841723448,空頭,17.6
2019-06-27,2019,0.30359978634991736,-0.21050872942945942,盤整,23.0
2019-06-28,2019,0.31290073748276415,-0.2613963691531662,盤整,21.9
2019-07-01,2019,0.38958160371500505,-0.8900955076701633,盤整,27.0
2019-07-02,2019,0.4100035183360783,-0.1997216781775113,盤整,25.8
2019-07-03,2019,0.408902143671049,0.750016055816527,盤整,17.6
2019-07-04,2019,0.4516950643869776,0.9329151161387994,盤整,11.9
2019-07-05,2019,0.4339875788262411,0.9301178501594176,多頭,8.0
2019-07-08,2019,0.5893126686841363,0.7186161198450058,多頭,-2.8
2019-07-09,2019,0.5084322181000351,0.9016349023337922,多頭,-11.1
2019-07-10,2019,0.5002431404527776,0.6918566316741037,多頭,-2.0
2019-07-11,2019,0.40611876362952415,0.9324548896934681,多頭,7.5
2019-07-12,2019,0.463874140061905,1.1354954339059642,多頭,5.2
2019-07-15,2019,0.3946660442066398,0.5454914893949558,多頭,8.9
2019-07-16,2019,0.46444744967566,0.508540747102959,多頭,1.0
2019-07-17,2019,0.4483262195599466,0.5864165607730731,多頭,-6.0
2019-07-18,2019,0.45819049003087386,0.8005163307183372,多頭,-3.8
2019-07-19,2019,0.36490250682185865,-0.38893829685676673,多頭,4.1
2019-07-22,2019,0.41818305464659505,-1.103016758143116,多頭,11.0
2019-07-23,2019,0.43067807562398136,-1.968620458452619,多頭,11.2
2019-07-24,2019,0.4167696270231541,-3.536288287233802,多頭,9.0
2019-07-25,2019,0.36016281292278113,-4.734307552682882,多頭,7.3
2019-07-26,2019,0.45353910562437383,-4.565102029199464,多頭,-2.0
2019-07-29,2019,0.4380932585439786,-4.5890353701589115,多頭,-9.1
2019-07-30,2019,0.4018353730164573,-3.1060207369655313,多頭,-18.3
2019-07-31,2019,0.44089063634043935,-3.247008216145686,多頭,-19.1
2019-08-01,2019,0.5343715408682365,-3.43923404850095,多頭,-23.0
2019-08-02,2019,0.4032844408335463,-1.1499624610391224,盤整,-28.1
2019-08-05,2019,0.3854141710207237,-0.9236900400157011,盤整,-26.2
2019-08-06,2019,0.36890782628295443,0.25147309940114493,盤整,-20.9
2019-08-07,2019,0.35457215966971767,0.9875623183884796,盤整,-19.1
2019-08-08,2019,0.3643906407807612,0.26690196474530303,盤整,-14.1
2019-08-12,2019,0.3499780713576982,0.5102956735635322,盤整,-12.5
2019-08-13,2019,0.3024802756518423,1.612713338081151,盤整,-7.7
2019-08-14,2019,0.2668712868939407,1.058523763081709,盤整,-1.2
2019-08-15,2019,0.27467116725953095,0.2657078975475402,盤整,3.4
2019-08-16,2019,0.29494008801778004,-0.32300504083624393,盤整,-2.1
2019-08-19,2019,0.28851183481888165,-0.5192229769991563,空頭,-4.0
2019-08-20,2019,0.2745802454353009,-0.5708719410786434,空頭,-0.8
2019-08-21,2019,0.3242436359524253,0.8764179444792797,空頭,-3.6
2019-08-22,2019,0.3387758607356641,0.9978366119709925,空頭,-11.5
2019-08-23,2019,0.3343340180877902,0.1907362895243958,空頭,-4.8
2019-08-26,2019,0.3941061794326272,2.9237331922040255,空頭,-13.4
2019-08-27,2019,0.346971436097224,3.5591779521585654,空頭,-9.3
2019-08-28,2019,0.3378731776838583,3.3193442007074525,空頭,-9.6
2019-08-29,2019,0.30481593329015133,3.2373932250920667,空頭,-2.2
2019-08-30,2019,0.2875061755778733,1.276411393805832,空頭,9.5
2019-09-02,2019,0.45260272638578386,1.4621738905579384,空頭,17.4
2019-09-03,2019,0.48493197983377295,2.5510005957449344,空頭,13.3
2019-09-04,2019,0.46824168901543367,2.259669653974594,空頭,20.9
2019-09-05,2019,0.4556794467080648,1.0929698343300487,盤整,26.2
2019-09-06,2019,0.5064990029673068,1.380344766173458,盤整,27.7
2019-09-09,2019,0.5002953572906926,0.8662048635607045,盤整,25.7
2019-09-10,2019,0.45125815923857165,1.6376871702260987,盤整,22.7
2019-09-11,2019,0.413178733097746,1.1924543689500355,盤整,21.1
2019-09-12,2019,0.43225773773516585,0.8354613924664411,盤整,21.6
2019-09-16,2019,0.43812580905065684,-0.22425865721916738,盤整,30.3
2019-09-17,2019,0.4922784728460014,-0.023081520989476356,盤整,25.4
2019-09-18,2019,0.44815633845196856,-0.9128547182154723,盤整,25.2
2019-09-19,2019,0.458001463510661,0.6695916363002041,盤整,17.7
2019-09-20,2019,0.4345095704450861,0.16642741010952644,盤整,23.1
2019-09-23,2019,0.4344585613327208,-0.39481565195411683,多頭,15.0
2019-09-24,2019,0.491353063149014,-0.21551546481456407,多頭,14.8
2019-09-25,2019,0.408271507614052,0.5643898253490764,多頭,10.4
2019-09-26,2019,0.39401406516079207,1.3366458210502419,多頭,15.0
2019-09-27,2019,0.4357045144972709,0.5566184781083061,多頭,17.3
2019-10-01,2019,0.48167772742705006,0.905389942239232,多頭,22.2
2019-10-02,2019,0.35518737221052543,1.49727618497828,多頭,17.8
2019-10-03,2019,0.3834022744588318,2.6381240742153977,多頭,15.5
2019-10-04,2019,0.3950019389511219,2.6839280075781513,多頭,15.8
2019-10-07,2019,0.38634146099388017,2.241963007061698,多頭,16.3
2019-10-08,2019,0.37917680193984576,1.5143442455554101,多頭,25.2
2019-10-09,2019,0.3988700825206008,3.501298443704126,多頭,4.2
2019-10-14,2019,0.38007232144543046,1.5606829343224549,多頭,18.6
2019-10-15,2019,0.4865216279182499,1.8749437534872904,多頭,17.8
2019-10-16,2019,0.46762496742185355,1.1940520459417625,多頭,15.5
2019-10-17,2019,0.4815937635845657,1.1454489544895585,多頭,15.0
2019-10-18,2019,0.47817191181724106,1.3743021157007762,多頭,13.4
2019-10-21,2019,0.5166408396550619,1.7536424314766874,多頭,8.0
2019-10-22,2019,0.45165886192944793,0.7759565265609281,多頭,8.0
2019-10-23,2019,0.5320773381025921,1.4222837503236274,多頭,3.9
2019-10-24,2019,0.44195349740996726,2.0910518774502895,多頭,12.1
2019-10-25,2019,0.4719223796947295,3.0799070831400543,多頭,9.6
2019-10-28,2019,0.4626430439544677,2.9876217629310364,多頭,11.4
2019-10-29,2019,0.5077873086149631,2.4059743053343574,多頭,11.6
2019-10-30,2019,0.5240459789087427,1.7509235273648782,多頭,11.6
2019-10-31,2019,0.5467051130290862,0.6036777063592735,多頭,8.7
2019-11-01,2019,0.5988270996146178,1.0600437035561905,多頭,11.7
2019-11-04,2019,0.5434212254748196,-0.7702790985432917,多頭,21.1
2019-11-05,2019,0.576515567598846,-1.6627404773089771,多頭,17.7
2019-11-06,2019,0.6466548586527611,-1.093874832983921,多頭,13.9
2019-11-07,2019,0.6550695677183862,-0.058415241036091636,多頭,5.8
2019-11-08,2019,0.5923647405719561,0.6637569368040497,多頭,7.0
2019-11-11,2019,0.6197835371881736,1.7845016486863097,多頭,-1.0
2019-11-12,2019,0.6116475785731522,0.3289824892776849,多頭,-6.4
2019-11-13,2019,0.5956315840790325,0.8630229084316765,多頭,-8.5
2019-11-14,2019,0.5423848450664929,0.9707940844091212,多頭,-5.5
2019-11-15,2019,0.5768081743195071,0.44440202679252305,多頭,-3.7
2019-11-18,2019,0.5382938956597823,0.41104227838801854,多頭,0.6
2019-11-19,2019,0.5520683246290083,-0.3373254177962304,多頭,2.7
2019-11-20,2019,0.5425053819531677,-1.2176731549625286,多頭,-2.5
2019-11-21,2019,0.5089409085218216,-0.4796565575990175,多頭,0.6
2019-11-22,2019,0.558962860491668,-0.304492167237258,多頭,1.1
2019-11-25,2019,0.5235224647929175,-0.4420676066765994,多頭,-2.4
2019-11-26,2019,0.5038698990663983,0.15401466032987088,多頭,-1.0
2019-11-27,2019,0.5187633145933973,-0.3247059873998204,多頭,0.3
2019-11-28,2019,0.504579403862449,0.37608417950121265,多頭,-8.9
2019-11-29,2019,0.4398807857917416,1.2034392932024573,多頭,-24.9
2019-12-02,2019,0.486725846714099,1.720793926364217,多頭,-17.4
2019-12-03,2019,0.46885989930657856,2.643523263941283,多頭,-7.6
2019-12-04,2019,0.4397017795861708,3.625047456793684,多頭,-13.0
2019-12-05,2019,0.4539433139460517,2.9765452169750795,多頭,-1.8
2019-12-06,2019,0.47479461000910445,4.197976853718122,多頭,4.8
2019-12-09,2019,0.49515251959147566,3.9592582651059915,多頭,13.2
2019-12-10,2019,0.49835126221422144,3.363135371659731,多頭,-0.0
2019-12-11,2019,0.43336197210522726,2.2076324891438626,多頭,11.3
2019-12-12,2019,0.4598428738563821,1.569815873380631,多頭,16.5
2019-12-13,2019,0.439475692766646,0.40787308230485486,多頭,13.6
2019-12-16,2019,0.5387827464922055,0.5725403420668851,多頭,6.6
2019-12-17,2019,0.45821468135797366,-0.7935845303922218,多頭,7.4
2019-12-18,2019,0.5602393739481638,-0.2545690021406588,多頭,-1.0
2019-12-19,2019,0.6084397009629819,0.2867982926890278,多頭,-8.8
2019-12-20,2019,0.5748777773383438,0.3182519056649902,多頭,-19.4
2019-12-23,2019,0.5387578107610903,0.6508775826115532,多頭,-18.7
2019-12-24,2019,0.5418778744894711,1.1192864621864196,多頭,-27.4
2019-12-25,2019,0.5345216765979636,-0.4561076537312525,多頭,-29.0
2019-12-26,2019,0.5413746473530077,-1.0056653564991636,多頭,-32.0
2019-12-27,2019,0.5295324158596576,-2.270090203190811,多頭,-19.5
2019-12-30,2019,0.5686426030905108,-0.6864470268481027,多頭,-15.9
2019-12-31,2019,0.5763705164167476,0.2293046509418195,多頭,-21.3
2020-01-02,2020,0.5038362953099059,0.106937906595439,多頭,-17.3
2020-01-03,2020,0.5089820280412285,0.5728946040726823,多頭,-18.4
2020-01-06,2020,0.47480877714597386,1.1588373478252034,多頭,-27.7
2020-01-07,2020,0.4438272908788002,1.5707489360555993,多頭,-35.4
2020-01-08,2020,0.4251759583682137,2.3118193126909325,多頭,-28.2
2020-01-09,2020,0.4222442656013851,1.2370276251124634,多頭,-20.4
2020-01-10,2020,0.425554487157308,-5.013950509994047,多頭,-18.2
2020-01-13,2020,0.4289690730709202,-5.104421377282387,多頭,-3.1
2020-01-14,2020,0.42203388226156147,-6.772601543045409,多頭,4.7
2020-01-15,2020,0.48449722941372525,-4.432395954971424,多頭,-0.8
2020-01-16,2020,0.4826866544556663,-4.088115204115706,多頭,-8.8
2020-01-17,2020,0.46745740604582586,-2.8172194380780002,多頭,-13.0
2020-01-20,2020,0.451754145887417,-4.174536728744227,多頭,-14.4
2020-01-30,2020,0.3356899177713509,1.333684710035432,盤整,-25.0
2020-01-31,2020,0.33211612209676333,1.4696696853441882,盤整,-18.7
2020-02-03,2020,0.32301443943155506,3.6924082248047663,盤整,-14.4
2020-02-04,2020,0.32120085833469636,2.041031782843783,盤整,-14.1
2020-02-05,2020,0.3388437141838416,2.091653259740678,盤整,-14.5
2020-02-06,2020,0.35073962191873276,0.11770533325163868,盤整,-12.4
2020-02-07,2020,0.36927813798964404,0.31146638927184167,盤整,-11.8
2020-02-10,2020,0.3710065731878581,1.5964133619374987,盤整,-11.5
2020-02-11,2020,0.34956453012548366,0.5234035548574933,盤整,-11.5
2020-02-12,2020,0.36814025870910116,-0.746038580997932,多頭,-9.1
2020-02-13,2020,0.36081228161395246,-2.178721109111603,多頭,-8.0
2020-02-14,2020,0.3606475260876417,-2.3313895918142924,多頭,-3.8
2020-02-17,2020,0.3668732785247232,-2.8043500621838136,盤整,-5.5
2020-02-18,2020,0.33521730923714593,-3.0630149592496436,空頭,-19.4
2020-02-19,2020,0.34126004490745177,-5.00372485721382,空頭,-21.5
2020-02-20,2020,0.3181765223335531,-3.3890571415656545,空頭,-28.4
2020-02-21,2020,0.34902210058301164,-2.515755560974986,空頭,-28.1
2020-02-24,2020,0.33751282534799565,-0.17382077127875428,空頭,-27.7
2020-02-25,2020,0.28601719951131416,-1.8926832480808398,空頭,-22.7
2020-02-26,2020,0.2867360974257356,-3.988063273049147,空頭,-27.2
2020-02-27,2020,0.29911125701632796,-2.556018905135149,空頭,-26.6
2020-03-02,2020,0.3103083459159435,-2.4771585055584078,空頭,-22.0
2020-03-03,2020,0.3170514314482768,-7.99278230747229,空頭,-14.4
2020-03-04,2020,0.4505842827641514,-11.09060027123464,空頭,-11.1
2020-03-05,2020,0.30872567429022835,-15.606409826640789,空頭,-3.7
2020-03-06,2020,0.3245657072920717,-16.624373664634895,空頭,-7.9
2020-03-09,2020,0.2929547124118953,-16.023207173855212,空頭,-1.6
2020-03-10,2020,0.28980660457938895,-21.104117402217838,空頭,-5.3
2020-03-11,2020,0.3406130311253227,-15.234974182444061,空頭,-2.8
2020-03-12,2020,0.3146376111011347,-14.702004927885525,空頭,5.2
2020-03-13,2020,0.3082751752244095,-8.325212980322583,空頭,10.5
2020-03-16,2020,0.3144268698466237,-0.75140695859236,空頭,10.7
2020-03-17,2020,0.32470255846016444,3.1434494784223777,空頭,12.8
2020-03-18,2020,0.22406037615379693,5.209536733606912,空頭,11.8
2020-03-19,2020,0.24895005841382528,10.921009890178235,空頭,21.3
2020-03-20,2020,0.23680267699554988,5.132828464959727,空頭,24.7
2020-03-23,2020,0.24923169333666922,8.701882895783243,空頭,29.4
2020-03-24,2020,0.2556962070886938,5.741350604483042,空頭,29.6
2020-03-25,2020,0.2630108799686065,3.6459213561782278,空頭,27.5
2020-03-26,2020,0.27071657655155124,4.119712089528305,空頭,27.4
2020-03-27,2020,0.2845685256728555,4.3356373699339645,空頭,27.7
2020-03-30,2020,0.2987614872621044,5.485059863356412,空頭,28.3
2020-03-31,2020,0.29148905499799344,4.029229320791172,空頭,29.3
2020-04-01,2020,0.3212755875103579,6.926072293744712,空頭,35.6
2020-04-06,2020,0.33878533449481024,6.400719440579938,空頭,28.2
2020-04-07,2020,0.3341644666544995,3.7922690091122924,空頭,26.9
2020-04-08,2020,0.3423301618790736,4.533379630223333,空頭,21.4
2020-04-09,2020,0.3343659361199876,4.6176513894557125,空頭,21.6
2020-04-10,2020,0.3384134017527701,1.28780293789581,空頭,25.4
2020-04-13,2020,0.35197413979216574,2.064713908598881,空頭,29.4
2020-04-14,2020,0.33685506100087015,0.3248833342688551,空頭,25.5
2020-04-15,2020,0.3404580689567032,-0.9557575658955653,空頭,17.4
2020-04-16,2020,0.3558278986386983,1.8484927926226247,空頭,15.2
2020-04-17,2020,0.4182568228411264,0.17948408234751412,空頭,21.3
2020-04-20,2020,0.3976034312696968,1.7522913161879483,空頭,20.1
2020-04-21,2020,0.3982927636598019,6.839922942492627,空頭,17.9
2020-04-22,2020,0.4282556449251157,4.004175503068574,空頭,9.9
2020-04-23,2020,0.39763487386700286,3.936715442323413,空頭,9.8
2020-04-24,2020,0.47443629915255336,4.132648327689381,空頭,6.5
2020-04-27,2020,0.41905753372817645,2.6085261377820412,空頭,7.2
2020-04-28,2020,0.39223950788879236,2.688002893728947,空頭,11.9
2020-04-29,2020,0.3971915988770688,2.2376074755250164,盤整,21.1
2020-04-30,2020,0.38712055808358375,-1.025005140036428,盤整,23.9
2020-05-04,2020,0.4770284715831388,2.0315321702013334,盤整,14.9
2020-05-05,2020,0.44354783252483465,0.05819236148685292,盤整,11.9
2020-05-06,2020,0.4328753573172691,0.37067354185345014,盤整,13.7
2020-05-07,2020,0.4366914708151981,-0.9441183740173331,盤整,6.6
2020-05-08,2020,0.4509970477145597,-0.3759143304266743,盤整,4.0
2020-05-11,2020,0.448627017453975,-0.9575729620475815,多頭,1.7
2020-05-12,2020,0.4952837597992758,1.184248865064208,多頭,0.8
2020-05-13,2020,0.4241780626284026,-1.162158184063844,多頭,5.8
2020-05-14,2020,0.4761641798659298,0.837593962644978,多頭,1.3
2020-05-15,2020,0.3809929907748226,1.6855418255520949,多頭,4.2
2020-05-18,2020,0.35788555958334045,2.552103942535533,多頭,-6.4
2020-05-19,2020,0.3739970900200268,0.7711473936599322,多頭,-6.7
2020-05-20,2020,0.4362738878023597,0.31500394213315186,多頭,-6.4
2020-05-21,2020,0.3502695922930695,0.6423329284876766,多頭,-8.9
2020-05-22,2020,0.3893868606816787,2.930123067388757,多頭,-13.3
2020-05-25,2020,0.4644824751396103,4.1300024468365,多頭,-12.9
2020-05-26,2020,0.45584963477509854,3.601095186870129,多頭,-9.9
2020-05-27,2020,0.4103709162382031,4.219285933474115,多頭,-11.3
2020-05-28,2020,0.361781579744774,6.086608510999891,多頭,-8.5
2020-05-29,2020,0.354286187707425,6.351122630266781,多頭,-5.2
2020-06-01,2020,0.2987700332131074,5.786973938128104,多頭,4.0
2020-06-02,2020,0.32158229208323635,3.665012270925505,多頭,6.2
2020-06-03,2020,0.2946592717779081,0.9697742788087771,多頭,15.2
2020-06-04,2020,0.3323440478973917,-0.7633480584522512,多頭,16.9
2020-06-05,2020,0.3643188023837035,0.28085091555307695,多頭,17.4
2020-06-08,2020,0.34247714022342457,-0.6522645370670155,多頭,16.6
2020-06-09,2020,0.35430761549990136,-0.7629041918483237,多頭,19.5
2020-06-10,2020,0.37561540186396336,-1.4530518354698208,多頭,17.8
2020-06-11,2020,0.4188774502025259,0.32212847516897014,多頭,21.0
2020-06-12,2020,0.46453393116859426,1.5959838809302518,多頭,8.9
2020-06-15,2020,0.4106257715778086,3.1346351490236346,多頭,6.5
2020-06-16,2020,0.43998355922069,0.2691189092084212,多頭,6.2
2020-06-17,2020,0.42746715526413437,0.7512187255897196,多頭,0.8
2020-06-18,2020,0.4015381465468687,1.3429647403564005,多頭,2.6
2020-06-19,2020,0.4399659052813393,2.210243241043597,多頭,-2.2
2020-06-22,2020,0.4354883339985903,2.9053143845162666,多頭,0.5
2020-06-23,2020,0.4477470740951487,4.343130939791751,多頭,0.7
2020-06-24,2020,0.39261225772346514,3.707334141177121,多頭,2.9
2020-06-29,2020,0.4322024051511425,5.436980512223388,多頭,-9.0
2020-06-30,2020,0.43489008019049386,4.917289377037215,多頭,-10.1
2020-07-01,2020,0.48794631356864826,3.1636906135129816,多頭,-3.6
2020-07-02,2020,0.4381609178487311,3.442737654953687,多頭,-1.3
2020-07-03,2020,0.3931399180079457,2.517809820339978,多頭,10.9
2020-07-06,2020,0.4049006875951123,0.711002170557995,多頭,7.7
2020-07-07,2020,0.449264222506179,0.5356004356249944,多頭,6.4
2020-07-08,2020,0.5187902423046387,0.09342499993836295,多頭,2.0
2020-07-09,2020,0.5072684519083028,-0.14885968559850138,多頭,-4.2
2020-07-10,2020,0.5228993786663242,2.6824464454913377,多頭,-5.8
2020-07-13,2020,0.5066994823687772,2.143133227859506,多頭,-17.5
2020-07-14,2020,0.5055491286017877,1.6711428690778352,多頭,-20.3
2020-07-15,2020,0.5185705687193123,0.8292325153550273,多頭,-24.2
2020-07-16,2020,0.4757965859007027,3.5414476703729436,多頭,-22.7
2020-07-17,2020,0.4834795007688742,3.326092881371512,多頭,-14.3
2020-07-20,2020,0.4938139187726277,3.0098057092916797,多頭,-12.9
2020-07-21,2020,0.4883125432994542,2.6244701574101414,多頭,-6.6
2020-07-22,2020,0.5155025405842635,1.5355235635883702,多頭,-1.7
2020-07-23,2020,0.5394259590563675,0.8055238684480104,多頭,-7.6
2020-07-24,2020,0.5033506713025244,3.2987539052213632,多頭,-8.1
2020-07-27,2020,0.4818465638656054,1.6999912617271518,多頭,-0.4
2020-07-28,2020,0.4930530154901643,2.596146894387985,多頭,-9.0
2020-07-29,2020,0.49952782190930406,2.2956756933474987,多頭,-16.2
2020-07-30,2020,0.4858967132745035,1.3446598736768012,多頭,-13.8
2020-07-31,2020,0.4939779613802419,0.9111079527509336,多頭,-18.2
2020-08-03,2020,0.5361798100063243,1.2572494431804193,多頭,-26.7
2020-08-04,2020,0.49244031004662087,0.4186493699409599,多頭,-16.1
2020-08-05,2020,0.5154734675022311,-0.053427899674274304,多頭,-11.5
2020-08-06,2020,0.5063835853413564,0.32996476555542387,多頭,-12.3
2020-08-07,2020,0.4966355005789116,0.3372861366589541,多頭,-13.1
2020-08-10,2020,0.5172670696897963,-0.8946796959826364,多頭,-15.2
2020-08-11,2020,0.4967127691556083,-3.2671658246082536,多頭,-21.2
2020-08-12,2020,0.46113570250946767,-0.4933565371122328,多頭,-25.8
2020-08-13,2020,0.4142322373330064,-0.9088679657732857,多頭,-24.9
2020-08-14,2020,0.4617075996818011,-0.29080627034900886,多頭,-25.8
2020-08-17,2020,0.45030272079938277,-0.9479697223935268,多頭,-15.9
2020-08-18,2020,0.4799253756208023,-0.5813330184413767,多頭,-21.4
2020-08-19,2020,0.4747574629735472,-0.3896345777015364,多頭,-23.2
2020-08-20,2020,0.48357213475812133,1.8508182718254496,多頭,-26.8
2020-08-21,2020,0.47922645524532737,0.7569893018946949,多頭,-17.2
2020-08-24,2020,0.49110332851251276,0.41408604165531493,多頭,-17.0
2020-08-25,2020,0.42963025179301007,-0.0021946583583232204,多頭,-13.3
2020-08-26,2020,0.4362693631800304,-1.5221350098065245,多頭,-11.1
2020-08-27,2020,0.4784291972817688,-1.5308685966035074,多頭,-8.0
2020-08-28,2020,0.48763464648150084,-0.5129292905486471,多頭,-17.4
2020-08-31,2020,0.4693540665466903,0.13604469699677324,多頭,-22.7
2020-09-01,2020,0.5046299527123502,-0.09076396017406729,多頭,-22.1
2020-09-02,2020,0.5188351199372209,-0.1854403716681663,多頭,-21.0
2020-09-03,2020,0.5492217714747045,0.2339713920004538,多頭,-15.0
2020-09-04,2020,0.5371849136040993,1.643462745144575,多頭,-13.5
2020-09-07,2020,0.5324655461397063,2.978716650530888,多頭,-9.5
2020-09-08,2020,0.5158516588850514,1.6518261847379367,多頭,-6.4
2020-09-09,2020,0.5309012050409014,2.117922874740863,多頭,-14.1
2020-09-10,2020,0.5091799032492114,0.814466090176702,多頭,-10.9
2020-09-11,2020,0.5246640582222158,-0.2401397922838222,多頭,-14.5
2020-09-14,2020,0.4893125606172134,-1.594798800733832,多頭,-9.5
2020-09-15,2020,0.4411150983158076,-4.525033766294428,多頭,-6.4
2020-09-16,2020,0.4248159798879021,-5.732170433914174,多頭,3.7
2020-09-17,2020,0.44343937798759947,-3.1848697324734276,多頭,-9.9
2020-09-18,2020,0.41208154400773367,-3.1679251173924117,多頭,-11.8
2020-09-21,2020,0.4858769458435754,-2.184504717423519,多頭,-18.6
2020-09-22,2020,0.3990741471140292,-0.7688895109805749,多頭,-27.8
2020-09-23,2020,0.43885541203020895,0.9563822922659782,多頭,-32.7
2020-09-24,2020,0.3762891782176641,3.929998907405041,盤整,-33.2
2020-09-25,2020,0.37611881813191334,5.3485229597863615,盤整,-24.0
2020-09-28,2020,0.3178186293940969,3.9569886606177107,盤整,-22.1
2020-09-29,2020,0.3377809668847649,3.8451265787757594,盤整,-18.8
2020-09-30,2020,0.3620400777256114,3.2255719058040144,盤整,-9.4
2020-10-05,2020,0.4279546179062591,2.2277156709923585,盤整,-6.2
2020-10-06,2020,0.45057358884898385,0.3631861198986508,多頭,1.7
2020-10-07,2020,0.43853608711303255,1.27071472113236,多頭,14.9
2020-10-08,2020,0.42674768858426554,-0.19259435144511894,多頭,18.8
2020-10-12,2020,0.4287833010494813,-0.6071360483362431,多頭,20.6
2020-10-13,2020,0.4242367372989785,-0.2324839559037284,多頭,20.7
2020-10-14,2020,0.4111517494647804,-0.15859980138257512,多頭,17.6
2020-10-15,2020,0.39311826794562527,0.6330771713354277,多頭,8.7
2020-10-16,2020,0.4173050877734509,0.9775402596159832,多頭,-2.7
2020-10-19,2020,0.43353119129350537,-0.8877206519196101,盤整,-5.3
2020-10-20,2020,0.4142983937242892,-1.5507250996511623,盤整,-8.4
2020-10-21,2020,0.41585827403584635,-2.5697256790075507,盤整,-5.8
2020-10-22,2020,0.3347699818555541,-2.5216322947303027,盤整,6.8
2020-10-23,2020,0.37549210825007817,-1.262208481085858,盤整,7.1
2020-10-26,2020,0.367192316397625,-0.31861417937677494,盤整,8.2
2020-10-27,2020,0.47221663802289926,0.34011624068641666,多頭,2.5
2020-10-28,2020,0.4488603062220968,1.4052173913043475,多頭,-0.3
2020-10-29,2020,0.4500067724494115,3.668666996764558,盤整,-14.7
2020-10-30,2020,0.4331161539168879,4.267220559940177,盤整,-14.2
2020-11-02,2020,0.5165528394736035,5.328119155195132,盤整,-15.8
2020-11-03,2020,0.4421338420058821,3.8141458745714063,多頭,-2.7
2020-11-04,2020,0.41489454769101214,3.1507083517901213,多頭,4.6
2020-11-05,2020,0.38730917159916095,4.900068117781853,多頭,15.8
2020-11-06,2020,0.3980508894526899,4.774953308775642,多頭,25.5
2020-11-09,2020,0.40771853178390965,4.919607510053359,多頭,27.2
2020-11-10,2020,0.34312454823037586,4.897750448717764,多頭,22.8
2020-11-11,2020,0.3384318509074368,3.4251507481041887,多頭,22.3
2020-11-12,2020,0.35251438334358676,4.9632500313876005,多頭,24.5
2020-11-13,2020,0.34942021861232153,4.021598197287335,多頭,18.3
2020-11-16,2020,0.376592783065275,1.3798874395561267,多頭,14.7
2020-11-17,2020,0.35178648563181136,1.8586758929773461,多頭,9.5
2020-11-18,2020,0.3517674182955612,0.6810282800986389,多頭,9.5
2020-11-19,2020,0.39132949283464225,0.0033521759629895342,多頭,4.7
2020-11-20,2020,0.3591479695819811,1.2337749445191282,多頭,4.6
2020-11-23,2020,0.37967956936206204,0.8007632218163696,多頭,5.0
2020-11-24,2020,0.37410151855825435,1.2309582078245063,多頭,3.5
2020-11-25,2020,0.4380633770278176,2.864945559410814,多頭,-4.5
2020-11-26,2020,0.48555297037578693,2.968005858875644,多頭,-7.3
2020-11-27,2020,0.4760376304142098,3.557415434673028,多頭,-4.1
2020-11-30,2020,0.4565839683913526,4.86231398779704,多頭,-13.3
2020-12-01,2020,0.4773498085169189,2.6201112369802715,多頭,-13.7
2020-12-02,2020,0.5002840226858436,1.948297036129465,多頭,-8.7
2020-12-03,2020,0.47872782241605183,1.6738820455473924,多頭,-8.8
2020-12-04,2020,0.46840559943391946,-0.45229273925805336,多頭,-10.6
2020-12-07,2020,0.4465637914403153,0.33570416508843515,多頭,-9.3
2020-12-08,2020,0.4508045590553557,-0.7065959165482805,多頭,-3.4
2020-12-09,2020,0.448557161987143,-0.9741392370053448,多頭,-5.2
2020-12-10,2020,0.43595033640885533,0.9507006917440552,多頭,-6.8
2020-12-11,2020,0.42946870979175567,-0.5906032174307629,多頭,-7.5
2020-12-14,2020,0.4321483647724751,0.08472280373372776,多頭,-8.0
2020-12-15,2020,0.41126678835556385,1.5052045275551373,多頭,-4.6
2020-12-16,2020,0.43187714822035417,0.18847268614126111,多頭,-6.6
2020-12-17,2020,0.4815589009557414,1.5719272063191125,多頭,-8.7
2020-12-18,2020,0.4410028916861757,1.5585306906124696,多頭,-6.9
2020-12-21,2020,0.4704555573435171,2.1045592062821195,多頭,-4.6
2020-12-22,2020,0.512278164182437,3.9151582864631607,多頭,-9.5
2020-12-23,2020,0.4948253412920933,4.773505616571372,多頭,-12.1
2020-12-24,2020,0.44520744924299116,5.040167279633168,多頭,-8.2
2020-12-25,2020,0.42671552604912577,4.547420981312378,多頭,-10.4
2020-12-28,2020,0.4217129446234251,5.0467891130816955,多頭,-14.5
2020-12-29,2020,0.42831500863990346,6.853901140474239,多頭,-15.4
2020-12-30,2020,0.42410338083929255,5.920600230124506,多頭,-6.2
2020-12-31,2020,0.447780125926458,5.214107828051251,多頭,-10.0
2021-01-04,2021,0.31257269857901376,5.824374263103738,多頭,-7.8
2021-01-05,2021,0.3692793705452851,4.714390571218852,多頭,-9.6
2021-01-06,2021,0.3447684743837133,4.226486722066758,多頭,-11.6
2021-01-07,2021,0.3969975361148931,2.6160115682923646,多頭,-7.8
2021-01-08,2021,0.3792406132457803,2.6734437191015203,多頭,-6.0
2021-01-11,2021,0.3912560670318085,1.5997634550982465,多頭,-10.9
2021-01-12,2021,0.35962865791424525,4.213164566761507,多頭,-8.9
2021-01-13,2021,0.32900319109050313,1.5792664289999259,多頭,-1.3
2021-01-14,2021,0.35015414493072466,1.5238244396356126,多頭,-10.4
2021-01-15,2021,0.3673588363107023,0.2718938243729818,多頭,-10.1
2021-01-18,2021,0.42501417545770526,0.5729566999743918,多頭,-13.1
2021-01-19,2021,0.4103435529380423,-2.906589693381223,多頭,-11.7
2021-01-20,2021,0.33876809289476817,-4.225372607423172,多頭,-8.2
2021-01-21,2021,0.3811395285585181,-4.603755036749934,多頭,-7.3
2021-01-22,2021,0.3622385791599097,-1.616702134898318,多頭,-11.0
2021-01-25,2021,0.36604753810290624,-1.0987963533155232,多頭,-8.6
2021-01-26,2021,0.33656787969389573,0.3025126366240194,多頭,-0.1
2021-01-27,2021,0.37686840598640775,0.6429342512952463,多頭,-1.7
2021-01-28,2021,0.3609392209470494,6.1391889402356625,多頭,-3.2
2021-01-29,2021,0.294324749916612,8.496324886992014,多頭,3.5
2021-02-01,2021,0.3637158767290031,6.04337807241877,多頭,3.0
2021-02-02,2021,0.3437934157523849,4.125050364687932,多頭,4.6
2021-02-03,2021,0.36130368726934303,4.261406147361169,多頭,0.9
2021-02-04,2021,0.3933030796172553,3.2236273272627125,多頭,0.7
2021-02-05,2021,0.3950307830577534,4.1119070520933665,多頭,-0.6
2021-02-17,2021,0.3764083780157999,-2.496533186980565,多頭,13.6
2021-02-18,2021,0.4227531949484854,-2.9080319595531257,多頭,4.8
2021-02-19,2021,0.41537988340889004,-0.7933846468290873,多頭,0.3
2021-02-22,2021,0.4091331568205453,-3.069744597249513,多頭,-1.2
2021-02-23,2021,0.413505730137692,-3.5769366432732985,多頭,-0.1
2021-02-24,2021,0.409014305220089,-2.4204735473118633,多頭,-7.3
2021-02-25,2021,0.378546715648297,-3.641401929713872,多頭,-7.2
2021-02-26,2021,0.3975543045171947,-0.2640750166104544,多頭,-18.9
2021-03-02,2021,0.36193386497600916,1.4590941927198342,多頭,-11.4
2021-03-03,2021,0.3897683363292264,0.2680158132414068,多頭,-9.3
2021-03-04,2021,0.41108088659965303,2.1558604361386458,多頭,-12.4
2021-03-05,2021,0.37626965126571194,2.8881952516614406,多頭,-12.8
2021-03-08,2021,0.2894490183170214,2.501310041459881,多頭,-6.1
2021-03-09,2021,0.31792426907607035,2.7423675762895394,多頭,-6.5
2021-03-10,2021,0.28883128689141324,0.9965641569992245,多頭,-1.9
2021-03-11,2021,0.3347707335927183,0.059704961074347196,多頭,-5.4
2021-03-12,2021,0.32958999168468633,-0.47732476662823986,多頭,-4.6
2021-03-15,2021,0.35844640750097734,-1.3367320375670788,多頭,-5.7
2021-03-16,2021,0.34249506382964895,-1.551017705950286,多頭,-2.7
2021-03-17,2021,0.35401509742518095,0.5553835698718812,多頭,-5.6
2021-03-18,2021,0.32759623762430234,1.1550334482657076,多頭,-4.9
2021-03-19,2021,0.3366684764877171,3.0158852636924083,多頭,-10.4
2021-03-22,2021,0.34119525084973024,1.494265937457162,多頭,-9.6
2021-03-23,2021,0.33219784980391687,2.4335515982294,多頭,-12.5
2021-03-24,2021,0.372912111856115,4.414575240205276,多頭,-21.4
2021-03-25,2021,0.3565349654489629,4.702449667312991,多頭,-18.6
2021-03-26,2021,0.3994276122429579,3.805743694912511,多頭,-12.9
2021-03-29,2021,0.3817436005351258,2.295039381596342,多頭,-9.6
2021-03-30,2021,0.3721387612743235,1.841146729971177,多頭,-7.1
2021-03-31,2021,0.3193494088784855,2.396548502750573,多頭,-7.1
2021-04-01,2021,0.3548374864695309,1.7783176676756662,多頭,-1.5
2021-04-06,2021,0.37757563749204115,2.0123214815885637,多頭,-0.1
2021-04-07,2021,0.3916151549457955,2.0424778297937207,多頭,-5.5
2021-04-08,2021,0.4322504985616692,1.9900227100323464,多頭,-7.4
2021-04-09,2021,0.4120325037748258,2.78727431307515,多頭,-14.8
2021-04-12,2021,0.48590381418775347,2.0309376797926326,多頭,-16.1
2021-04-13,2021,0.5612254300673063,1.6170071637827466,多頭,-18.8
2021-04-14,2021,0.5062285920583521,2.5750075447780407,多頭,-21.7
2021-04-15,2021,0.51622409088272,2.9019607383849344,多頭,-22.1
2021-04-16,2021,0.45132540911839386,2.5473211720393296,多頭,-25.0
2021-04-19,2021,0.4722201403886338,1.7624113146516684,多頭,-14.7
2021-04-20,2021,0.44358127878412645,1.4014766908317933,多頭,-18.3
2021-04-21,2021,0.44216608674828334,0.11765998473440842,多頭,-21.6
2021-04-22,2021,0.37386804936673496,-0.9544966154821699,多頭,-26.4
2021-04-23,2021,0.4276622722860825,-2.6405946265578573,多頭,-18.7
2021-04-26,2021,0.44553727352317535,-3.288871285415851,多頭,-14.9
2021-04-27,2021,0.49517587106926475,-1.76688887752261,多頭,-15.9
2021-04-28,2021,0.5266248017549217,-1.889394809628886,多頭,-17.5
2021-04-29,2021,0.5527755138010689,-5.598844629542543,多頭,-16.0
2021-05-03,2021,0.5767346348590395,-7.664343135518658,多頭,-26.5
2021-05-04,2021,0.5464945720331114,-7.462480320400989,多頭,-31.6
2021-05-05,2021,0.5352307845519814,-6.0340999225811265,多頭,-31.2
2021-05-06,2021,0.5204298724768727,-9.653026062764358,多頭,-27.6
2021-05-07,2021,0.510516268844388,-6.589644200173561,多頭,-23.8
2021-05-10,2021,0.5539498843379217,-6.399251317475862,多頭,-19.5
2021-05-11,2021,0.5449032973320924,-3.260964606802219,多頭,-12.9
2021-05-12,2021,0.47647053967763087,2.5133989461948003,盤整,-1.9
2021-05-13,2021,0.42650518944480165,4.264108078442397,盤整,3.5
2021-05-14,2021,0.38290202135439794,4.856104312289866,盤整,16.4
2021-05-17,2021,0.39844945840279006,8.400477012665842,盤整,20.0
2021-05-18,2021,0.3967576708647316,2.8219408174666505,盤整,19.7
2021-05-19,2021,0.44373888943521694,4.575810808632919,盤整,19.4
2021-05-20,2021,0.43084109494518436,6.3960040792003126,盤整,20.6
2021-05-21,2021,0.3621699623993321,5.277369853871239,盤整,16.0
2021-05-24,2021,0.4665142300547071,5.060199078361327,盤整,8.4
2021-05-25,2021,0.42568746100163224,3.9196368691351458,多頭,8.0
2021-05-26,2021,0.4488165766891824,3.026492322315555,多頭,10.1
2021-05-27,2021,0.4306339176471344,2.9051399231761144,盤整,8.7
2021-05-28,2021,0.44959539229799905,1.2171875055569048,盤整,13.9
2021-05-31,2021,0.442680111322166,-0.5988248479795732,盤整,11.3
2021-06-01,2021,0.4892072523467119,-0.018412364718645158,盤整,9.8
2021-06-02,2021,0.5184785819625712,0.2824345297185449,盤整,9.6
2021-06-03,2021,0.48409332572879454,0.7255528187144256,盤整,8.7
2021-06-04,2021,0.5463678682571479,0.9357098243991446,盤整,-4.2
2021-06-07,2021,0.48941123939078607,1.7952564723181075,盤整,-6.8
2021-06-08,2021,0.512029453888533,1.4191088069308133,盤整,-8.5
2021-06-09,2021,0.48729376625288534,0.5703097095286935,盤整,-10.0
2021-06-10,2021,0.49436094549663834,-0.4876095766590871,盤整,-10.6
2021-06-11,2021,0.4325583285436365,0.7156583894520008,盤整,-7.9
2021-06-15,2021,0.44182499063202796,0.21109543390271934,多頭,-11.8
2021-06-16,2021,0.4175887670009315,1.1274068544580462,多頭,-15.2
2021-06-17,2021,0.3776424801926417,1.1521159982312401,多頭,-19.8
2021-06-18,2021,0.3924121679985386,1.6147435060922977,多頭,-22.9
2021-06-21,2021,0.38681846150699795,4.058376672773445,多頭,-29.1
2021-06-22,2021,0.35848930655862005,3.73862042511075,多頭,-28.6
2021-06-23,2021,0.4305723588090073,2.1540419145270384,多頭,-28.5
2021-06-24,2021,0.47409564996495773,2.937564194770692,多頭,-25.1
2021-06-25,2021,0.5134953024313856,2.3429139821253386,多頭,-19.7
2021-06-28,2021,0.507869798405679,1.4764393322255431,多頭,-15.0
2021-06-29,2021,0.5070422665449337,1.5223156472341737,多頭,-12.7
2021-06-30,2021,0.5034847821269005,-0.5293019724636805,多頭,-5.5
2021-07-01,2021,0.540801563493063,0.5667288022879413,多頭,-10.3
2021-07-02,2021,0.5533156718719037,0.775656897315935,多頭,-15.6
2021-07-05,2021,0.5143179992888375,-0.41061803091969606,多頭,-13.8
2021-07-06,2021,0.5115873416886402,0.6761543387035163,多頭,-18.5
2021-07-07,2021,0.5351399741250019,0.24962620492541276,多頭,-18.5
2021-07-08,2021,0.5177532280157918,-0.4300885084537298,多頭,-18.0
2021-07-09,2021,0.4608649265894885,-0.7515791428577834,多頭,-22.0
2021-07-12,2021,0.4635633640443898,-1.995808991974446,多頭,-23.2
2021-07-13,2021,0.475547076637335,-1.5418948963217272,多頭,-17.4
2021-07-14,2021,0.4549102432855047,-1.528823389322398,多頭,-11.2
2021-07-15,2021,0.5024711012195704,-3.4968579126647636,多頭,-13.6
2021-07-16,2021,0.485951341331905,-3.4946703734231255,多頭,-18.6
2021-07-19,2021,0.46939659644260423,-3.6765462287617456,多頭,-28.1
2021-07-20,2021,0.465973172559042,-0.7184201488526831,多頭,-32.2
2021-07-21,2021,0.463893966466575,-1.2107368265498408,多頭,-30.9
2021-07-22,2021,0.42853835680378394,-0.3929473211577661,多頭,-26.2
2021-07-23,2021,0.4532742141994321,-0.10903139603435363,多頭,-24.9
2021-07-26,2021,0.441192270055915,1.2660053460326504,多頭,-22.8
2021-07-27,2021,0.4705961588064612,1.9296613118685801,多頭,-15.3
2021-07-28,2021,0.4742076322827417,2.2822000534571396,盤整,-10.4
2021-07-29,2021,0.49431760384201234,0.47314198109384975,多頭,-7.4
2021-07-30,2021,0.4738857382106844,0.44197940444390404,多頭,-9.4
2021-08-02,2021,0.533533713607572,-1.577418632393468,多頭,-5.6
2021-08-03,2021,0.525118242930642,-1.9017008321863815,多頭,-1.1
2021-08-04,2021,0.478791683809363,-3.6415343037206838,多頭,4.9
2021-08-05,2021,0.5697646508594534,-4.228511763823672,多頭,-4.5
2021-08-06,2021,0.5150532672537392,-4.934989056434103,多頭,-4.8
2021-08-09,2021,0.532893444002472,-3.7682261805017436,多頭,-1.9
2021-08-10,2021,0.5435745482231453,-5.473676432897479,多頭,-6.8
2021-08-11,2021,0.528942633496581,-5.138623965152744,盤整,-12.9
2021-08-12,2021,0.5207097678992268,-2.776432438208254,盤整,-7.0
2021-08-13,2021,0.5061301528345994,-0.9620712620516558,盤整,-9.0
2021-08-16,2021,0.4964564066012837,1.1097488132289612,盤整,1.0
2021-08-17,2021,0.46281618053572326,2.4343751050334372,空頭,7.9
2021-08-18,2021,0.418478786658285,2.280125066339722,空頭,9.8
2021-08-19,2021,0.33072550255442273,6.235695005923514,空頭,15.2
2021-08-20,2021,0.34887647003774236,7.027011480889045,空頭,20.1
2021-08-23,2021,0.3577811160938268,4.373175230440629,空頭,17.1
2021-08-24,2021,0.3486052916937538,2.979000197993531,空頭,16.0
2021-08-25,2021,0.3615788322535023,2.7634862658733494,空頭,15.6
2021-08-26,2021,0.3507051100983104,2.509761550973333,空頭,15.2
2021-08-27,2021,0.36069912682622646,1.2721725190049993,空頭,24.3
2021-08-30,2021,0.38376887692432926,-0.7244552358747547,盤整,23.3
2021-08-31,2021,0.3975786631471836,-1.0632185058109367,盤整,24.6
2021-09-01,2021,0.45794652602841135,0.003319219022079878,盤整,22.6
2021-09-02,2021,0.472409620380877,0.7306683233486044,空頭,26.0
2021-09-03,2021,0.46023089013553753,-0.468232999865259,盤整,19.6
2021-09-06,2021,0.45088651491108267,-0.807645481929431,盤整,25.4
2021-09-07,2021,0.4558441542062842,-0.8616163870635241,盤整,22.6
2021-09-08,2021,0.4508817410019102,0.036478409124462985,空頭,20.4
2021-09-09,2021,0.4671993828869486,-2.187371600056187,空頭,22.3
2021-09-10,2021,0.4095820511354737,-2.2681530933235994,盤整,18.9
2021-09-13,2021,0.3884391979736997,-1.066815848165037,盤整,16.5
2021-09-14,2021,0.38210207457971757,-0.6947559205960463,盤整,18.7
2021-09-15,2021,0.4110476221574463,-0.9943528869424956,空頭,17.0
2021-09-16,2021,0.4136043904047891,-2.4494898343046745,空頭,12.0
2021-09-17,2021,0.4048697868862957,-1.9796501549188217,空頭,13.3
2021-09-22,2021,0.37458171030950843,-2.096973735984431,空頭,9.6
2021-09-23,2021,0.3564199556774434,-3.9223642744970033,空頭,11.3
2021-09-24,2021,0.3581716413262182,-4.631698724058076,空頭,6.6
2021-09-27,2021,0.38998246645390255,-5.317212831174267,空頭,4.0
2021-09-28,2021,0.36725318250830213,-2.7214249795127654,空頭,1.1
2021-09-29,2021,0.3934710360128938,-1.2757290515951425,空頭,0.6
2021-09-30,2021,0.3291967721902715,-2.7867517539358344,空頭,3.2
2021-10-01,2021,0.38949197038276406,-1.3451299236190706,空頭,10.7
2021-10-04,2021,0.36492471569258866,-0.12841023015720543,空頭,20.3
2021-10-05,2021,0.3732626604869812,1.9466913718998224,空頭,20.5
2021-10-06,2021,0.37165285848791985,1.9050628432834227,空頭,23.7
2021-10-07,2021,0.3939361105398076,1.1176951344572528,空頭,16.6
2021-10-08,2021,0.38579171021828335,1.4866803321789135,空頭,13.0
2021-10-12,2021,0.4054348209616131,2.591715645660164,空頭,20.3
2021-10-13,2021,0.4054795130910779,3.3077460898862876,空頭,14.1
2021-10-14,2021,0.3587292066220814,3.0936189532369207,空頭,17.0
2021-10-15,2021,0.3669381030025633,1.5085342577016325,空頭,17.0
2021-10-18,2021,0.3935990872409322,2.209397406596403,空頭,17.8
2021-10-19,2021,0.3850149117513788,0.834049774358081,空頭,18.5
2021-10-20,2021,0.4188221150143011,0.5897149543280245,空頭,19.7
2021-10-21,2021,0.4510001103174817,1.058230819011352,空頭,16.3
2021-10-22,2021,0.4759325636330578,1.0493974091613678,空頭,9.3
2021-10-25,2021,0.47403845469602157,1.349098864465037,空頭,8.0
2021-10-26,2021,0.4519369126104956,0.2613544170187998,空頭,5.6
2021-10-27,2021,0.4939502607359533,1.3022305126636047,盤整,3.1
2021-10-28,2021,0.44051545183290736,2.1926893143437542,盤整,3.5
2021-10-29,2021,0.43291154619609784,3.2609444288446587,空頭,-3.9
2021-11-01,2021,0.42371729222919363,2.87909005263578,盤整,0.8
2021-11-02,2021,0.40645013652391776,2.265033865640209,盤整,-3.0
2021-11-03,2021,0.3805743833177271,2.3126170997117335,盤整,1.2
2021-11-04,2021,0.4446176389345672,3.2532030826413427,盤整,-6.6
2021-11-05,2021,0.4011910197267052,2.290757303331814,盤整,1.4
2021-11-08,2021,0.37655290940616143,2.002492061578054,盤整,15.0
2021-11-09,2021,0.3748360760488957,1.710300683641397,盤整,24.5
2021-11-10,2021,0.3067824192217445,1.4730361937737912,多頭,20.5
2021-11-11,2021,0.3192660700619623,2.0112854762521337,多頭,15.9
2021-11-12,2021,0.32233787787033086,0.8447819487582109,多頭,16.6
2021-11-15,2021,0.3616999178173995,0.045649231306632565,多頭,17.1
2021-11-16,2021,0.49230148422994235,-0.22008542298622702,多頭,15.6
2021-11-17,2021,0.47681095671711693,-2.2216230091803513,多頭,16.7
2021-11-18,2021,0.3940374853662882,-2.876909116284221,多頭,14.9
2021-11-19,2021,0.39572874690598653,-2.1918464770228074,多頭,7.5
2021-11-22,2021,0.3662179301305267,-1.2219479946123046,多頭,7.5
2021-11-23,2021,0.36281900006085666,0.33261406579374597,多頭,0.7
2021-11-24,2021,0.32082974988191165,0.3095929606428127,多頭,-2.3
2021-11-25,2021,0.3515351774964423,0.19270212906965511,多頭,-7.8
2021-11-26,2021,0.33582481902827,2.4613990474046554,多頭,-12.0
2021-11-29,2021,0.2792162170953957,2.9104765730094684,多頭,-1.8
2021-11-30,2021,0.25736612496406935,2.7907200925420206,多頭,-6.3
2021-12-01,2021,0.3010594487714156,1.3662580269862445,多頭,-2.2
2021-12-02,2021,0.3178187604155366,0.24101714651945105,多頭,-0.1
2021-12-03,2021,0.23604131836755843,-0.5524621492512427,多頭,3.9
2021-12-06,2021,0.3186529650481445,-0.1589194158142626,多頭,3.5
2021-12-07,2021,0.3231084970201981,-0.06281985871711138,多頭,1.4
2021-12-08,2021,0.2907975098561135,-0.11120195688525403,多頭,4.3
2021-12-09,2021,0.32370134171796183,-1.367692077534366,多頭,6.1
2021-12-10,2021,0.357003626020404,-0.20750286375267324,多頭,1.0
2021-12-13,2021,0.3452721165140563,0.33335959837008655,多頭,1.5
2021-12-14,2021,0.3331553421380012,1.9733092718659861,多頭,-3.1
2021-12-15,2021,0.3393256681037583,1.707464850142415,多頭,-4.9
2021-12-16,2021,0.3393859448969538,1.4798372179060104,多頭,-3.7
2021-12-17,2021,0.28062307747701276,2.1570136628081604,多頭,5.6
2021-12-20,2021,0.32708666408538334,3.2778674194682056,多頭,-2.4
2021-12-21,2021,0.26460729509570163,2.414770251955245,多頭,6.5
2021-12-22,2021,0.2624106075615526,2.488832843528521,多頭,10.6
2021-12-23,2021,0.29609213775264565,3.2300717793728673,多頭,17.2
2021-12-24,2021,0.296044164857758,2.9970537211524206,多頭,16.0
2021-12-27,2021,0.2909548097165208,1.767306002457758,多頭,16.0
2021-12-28,2021,0.29529451751008357,-0.14865242863998374,多頭,15.9
2021-12-29,2021,0.33815399597807116,-0.048771719855233986,多頭,12.7
2021-12-30,2021,0.37291961001423435,0.38075969710476,多頭,2.2
2022-01-03,2022,0.3248008691227879,0.574094538138259,多頭,4.1
2022-01-04,2022,0.35428075804203313,-0.48266388144452277,多頭,10.1
2022-01-05,2022,0.40945077355973253,-0.522325453676642,多頭,9.6
2022-01-06,2022,0.3888394709785147,0.8575821323263622,多頭,4.9
2022-01-07,2022,0.37654229508602916,1.149602416322515,多頭,-4.2
2022-01-10,2022,0.3798494738684905,-0.0653530986250761,多頭,0.9
2022-01-11,2022,0.42854404185883704,-0.38237749894604045,多頭,-7.0
2022-01-12,2022,0.40911072814937655,-2.5909640062257266,多頭,-6.4
2022-01-13,2022,0.47970855457049694,-2.429309001010471,多頭,3.5
2022-01-14,2022,0.3762307145961956,-3.815668142667672,多頭,10.5
2022-01-17,2022,0.4099269344769546,-4.593898984315603,多頭,11.0
2022-01-18,2022,0.41027890025538705,-2.6026953028080446,多頭,16.8
2022-01-19,2022,0.49203574314847237,-1.431356864862121,多頭,18.0
2022-01-20,2022,0.4616802758791354,-0.36512777276449526,多頭,16.5
2022-01-21,2022,0.39042882183611494,2.4512131759342637,多頭,4.2
2022-01-24,2022,0.3980253835566184,1.7894228930504186,多頭,0.1
2022-01-25,2022,0.3420029372380159,1.6753177200086844,盤整,-10.8
2022-01-26,2022,0.34017612732032265,1.5695582311139322,盤整,-4.7
2022-02-07,2022,0.4143951013241193,1.8500807249040685,多頭,-1.7
2022-02-08,2022,0.3581238166333637,1.6809561763631908,多頭,-0.3
2022-02-09,2022,0.35130135330631834,0.4439789860597454,多頭,10.3
2022-02-10,2022,0.35311295849175905,-0.6356182909305952,多頭,21.5
2022-02-11,2022,0.3059458113655794,-1.8658244743306351,多頭,30.6
2022-02-14,2022,0.2958986528245836,0.32259731398565084,多頭,23.6
2022-02-15,2022,0.3279598745557048,-1.9901057330709349,多頭,24.7
2022-02-16,2022,0.32143466063281767,-3.1774179481961706,多頭,28.0
2022-02-17,2022,0.41038144944954824,-2.027088053416326,多頭,26.5
2022-02-18,2022,0.3983255511180056,-2.0005649299185246,多頭,24.7
2022-02-21,2022,0.3148988178739657,-1.575557212939227,多頭,22.8
2022-02-22,2022,0.28908505235190696,-1.2953767232873448,盤整,11.1
2022-02-23,2022,0.32216557930795303,-4.857405377683433,多頭,13.8
2022-02-24,2022,0.3375815434439742,-4.372376673458533,盤整,7.7
2022-02-25,2022,0.2582952426240482,-3.6075997412217675,盤整,11.3
2022-03-01,2022,0.2407252870268483,-2.598298716354952,盤整,22.1
2022-03-02,2022,0.2627947790914485,-3.374040162081071,盤整,13.4
2022-03-03,2022,0.2673341772864367,-3.7434204656972114,空頭,11.3
2022-03-04,2022,0.23350207389401048,-4.5694420325971485,空頭,10.1
2022-03-07,2022,0.2973018849461707,-1.384622459570528,空頭,8.7
2022-03-08,2022,0.29108688643315483,3.7025898575058447,空頭,18.5
2022-03-09,2022,0.28874534336605134,2.5927162281609073,空頭,26.2
2022-03-10,2022,0.26327230105942595,0.7294128444577108,空頭,30.4
2022-03-11,2022,0.33127166225294136,1.708511104134769,空頭,21.8
2022-03-14,2022,0.3255958326151872,2.7129057222829767,空頭,18.9
2022-03-15,2022,0.3180536912571057,4.566922248887217,空頭,13.1
2022-03-16,2022,0.24788243366401658,4.3452416440044495,空頭,15.3
2022-03-17,2022,0.25020859817323593,0.41144598130924415,空頭,11.4
2022-03-18,2022,0.284682231946365,0.5278257063836334,空頭,-0.5
2022-03-21,2022,0.27388589434208377,1.0261748620187694,空頭,5.0
2022-03-22,2022,0.2889757705657615,0.7617437873404631,空頭,13.8
2022-03-23,2022,0.32693594557428124,-0.5965698081986881,空頭,19.8
2022-03-24,2022,0.3020282506170032,-0.9975671024336941,空頭,19.8
2022-03-25,2022,0.3172090549153078,-2.819038352204417,空頭,15.3
2022-03-28,2022,0.3628995035678691,-1.3440060821882982,空頭,13.6
2022-03-29,2022,0.3660668552152524,-2.850872944145033,空頭,10.6
2022-03-30,2022,0.3497910915719328,-4.225627601383508,空頭,12.2
2022-03-31,2022,0.4175305930799623,-2.214489300289879,空頭,12.1
2022-04-01,2022,0.49666397419848474,-2.15561578364184,空頭,17.6
2022-04-06,2022,0.5045862410321295,-2.958025395919528,空頭,17.5
2022-04-07,2022,0.5418656225989482,-1.62853498794725,空頭,9.5
2022-04-08,2022,0.5431996599162254,-1.684395419259055,空頭,12.8
2022-04-11,2022,0.5264741650047132,0.5895578286956527,空頭,11.7
2022-04-12,2022,0.496858910658936,0.8065489135072879,空頭,11.5
2022-04-13,2022,0.5091330349448032,-1.5984602624605215,空頭,12.2
2022-04-14,2022,0.48148981410508274,-3.622652668933901,空頭,12.9
2022-04-15,2022,0.5180139652028036,-2.1135391415522453,空頭,6.9
2022-04-18,2022,0.5073952877998517,-3.5240226121628138,空頭,8.1
2022-04-19,2022,0.48919931223117885,-3.3778996551602436,空頭,9.0
2022-04-20,2022,0.4951383564494741,-3.246276141648907,空頭,4.4
2022-04-21,2022,0.5279299162338656,-3.6726520103106286,空頭,2.8
2022-04-22,2022,0.5128875488261244,-2.697548148056772,空頭,8.5
2022-04-25,2022,0.5250852209465124,0.4525627372765406,空頭,5.8
2022-04-26,2022,0.48770384427294866,-1.4214057371706112,空頭,5.3
2022-04-27,2022,0.4581025385236586,-1.5605995086899305,空頭,10.4
2022-04-28,2022,0.4866805457019098,-2.178401376909478,空頭,13.0
2022-04-29,2022,0.45739131670544353,-3.531362364680235,空頭,20.7
2022-05-03,2022,0.4889109079326577,-5.3471443550782265,空頭,15.0
2022-05-04,2022,0.4778026875211161,-4.426521339407685,空頭,16.5
2022-05-05,2022,0.49118030677332947,-4.762064479651551,空頭,18.6
2022-05-06,2022,0.5212627357659134,-2.145939225509197,空頭,21.6
2022-05-09,2022,0.489428990243762,1.5449014637745062,空頭,22.7
2022-05-10,2022,0.42694251262445937,-0.25763150849537064,空頭,19.3
2022-05-11,2022,0.4228567287781842,0.8659117532213934,空頭,24.3
2022-05-12,2022,0.45404846172956104,3.4561123106831904,空頭,29.2
2022-05-13,2022,0.39922361704368126,0.8279783281772701,空頭,31.4
2022-05-16,2022,0.41919871199479636,1.2765831668871908,空頭,31.3
2022-05-17,2022,0.365196160210896,-0.5434697986869796,空頭,29.2
2022-05-18,2022,0.4649268268600018,-0.18801167832331878,空頭,33.5
2022-05-19,2022,0.45657627470386497,3.68469543679526,空頭,31.6
2022-05-20,2022,0.4858020280222501,4.10607717011926,空頭,37.1
2022-05-23,2022,0.4870807573263555,3.210366659424957,空頭,33.7
2022-05-24,2022,0.4405280321843247,3.689261151755585,空頭,30.0
2022-05-25,2022,0.39755429060551783,3.1167974724339187,空頭,26.8
2022-05-26,2022,0.4341772258356536,3.4069496638138297,空頭,23.4
2022-05-27,2022,0.4392315543345946,2.4854575924830646,空頭,29.4
2022-05-30,2022,0.4539708270381121,0.06453702510804682,空頭,31.9
2022-05-31,2022,0.4681559494025239,-2.0683886083638803,空頭,35.9
2022-06-01,2022,0.4250333240063199,-3.6228290222121817,空頭,32.9
2022-06-02,2022,0.445835437512449,-3.0520940252782403,空頭,33.1
2022-06-06,2022,0.38792448086757314,-3.6535677551915002,空頭,27.8
2022-06-07,2022,0.5104588495042857,-4.083297401785757,空頭,19.1
2022-06-08,2022,0.49318093599127827,-6.174076258014893,空頭,22.4
2022-06-09,2022,0.538112604324862,-7.54307414444323,空頭,18.3
2022-06-10,2022,0.5198281135269862,-4.4439530209986255,空頭,12.5
2022-06-13,2022,0.4638125448194457,-4.500223384012669,空頭,4.1
2022-06-14,2022,0.3892210424770074,-5.427244464357717,空頭,-0.8
2022-06-15,2022,0.2761306019595736,-4.349766395299781,空頭,-4.7
2022-06-16,2022,0.2642677557836238,-1.834756964152795,空頭,-3.8
2022-06-17,2022,0.3035070465741355,-1.2872364502603983,空頭,-7.3
2022-06-20,2022,0.2770716232596011,-0.8293433318713905,空頭,1.0
2022-06-21,2022,0.2858192593425749,-5.740547180175781,空頭,-0.0
2022-06-22,2022,0.28653049791315527,-6.5460409506279404,空頭,9.3
2022-06-23,2022,0.28364223733414307,-6.321508865056636,空頭,11.3
2022-06-24,2022,0.2768195868080495,-6.2347255366809184,空頭,13.5
2022-06-27,2022,0.2934649762613618,-10.049517590997182,空頭,13.6
2022-06-28,2022,0.3126226645827861,-7.148029264400336,空頭,11.5
2022-06-29,2022,0.3185622953714511,-5.089195433372273,空頭,8.1
2022-06-30,2022,0.351676152348177,-3.272688764735354,空頭,12.4
2022-07-01,2022,0.3633389590411685,-2.73623238523385,空頭,19.9
2022-07-04,2022,0.36635257250370173,0.7569778843164565,空頭,25.5
2022-07-05,2022,0.3564427434184376,0.622473726758277,空頭,26.7
2022-07-06,2022,0.32557478250447336,4.040682105979698,空頭,32.6
2022-07-07,2022,0.2750120583446914,2.6741265336102105,空頭,38.4
2022-07-08,2022,0.27015720830627926,1.5869855432564917,空頭,40.8
2022-07-11,2022,0.2824896546458578,2.738322781654512,空頭,42.5
2022-07-12,2022,0.28238501548283274,7.075527826003425,空頭,41.7
2022-07-13,2022,0.2541217821997879,4.360865303797357,空頭,38.9
2022-07-14,2022,0.27252507478581184,3.447791047835924,空頭,31.1
2022-07-15,2022,0.2546678901845807,1.7604748113826174,空頭,25.7
2022-07-18,2022,0.2361492729898637,1.3719764885554264,空頭,24.3
2022-07-19,2022,0.27994674869241476,1.3462564515777764,空頭,26.7
2022-07-20,2022,0.2893329975480055,1.811213027430525,空頭,31.0
2022-07-21,2022,0.3559600382346535,0.2944897808899505,空頭,31.2
2022-07-22,2022,0.3634651465563039,-1.3520980162361584,空頭,32.5
2022-07-25,2022,0.3494292428523686,-1.0665940026766907,空頭,34.7
2022-07-26,2022,0.38867557418820986,-0.7062980607532521,空頭,30.9
2022-07-27,2022,0.4055275191471364,0.7670094138761296,空頭,28.9
2022-07-28,2022,0.41714793091877206,0.8629523432201358,空頭,27.0
2022-07-29,2022,0.4322522557222085,0.3347317712517395,空頭,31.8
2022-08-01,2022,0.44433323726574353,-0.2848143300255179,空頭,31.4
2022-08-02,2022,0.42714276606575197,3.055624683415137,空頭,32.6
2022-08-03,2022,0.42943672707717157,3.4645009616282474,空頭,33.5
2022-08-04,2022,0.35029245930111613,4.864238005196508,空頭,33.1
2022-08-05,2022,0.3902621147881383,2.55738878055658,空頭,34.4
2022-08-08,2022,0.4240330210255324,2.9629018116016814,空頭,24.2
2022-08-09,2022,0.48975705568651395,2.3021498603348123,空頭,32.4
2022-08-10,2022,0.4760798345524523,3.1445168424702574,空頭,20.7
2022-08-11,2022,0.41744721437730226,0.3111624341600949,空頭,33.6
2022-08-12,2022,0.4406931494673386,-1.2628712071512949,空頭,27.0
2022-08-15,2022,0.36472495736593624,-2.2582350403928086,盤整,30.7
2022-08-16,2022,0.3711579635897554,-1.430102778301967,盤整,31.3
2022-08-17,2022,0.37935332185902915,-1.2092115004736392,盤整,33.8
2022-08-18,2022,0.36585414301394004,-3.056292362808799,盤整,26.6
2022-08-19,2022,0.3379434491507859,-2.9538354107203957,盤整,28.7
2022-08-22,2022,0.2881673398886525,-0.9819522811859938,空頭,17.1
2022-08-23,2022,0.287075485206517,-1.9477486918624831,空頭,6.5
2022-08-24,2022,0.2485519252382781,-2.6288738810778756,空頭,7.4
2022-08-25,2022,0.2729348299771412,-3.545648564082726,盤整,9.0
2022-08-26,2022,0.37182061581449966,-3.9352185170737353,盤整,9.7
2022-08-29,2022,0.2925954195390802,-3.4579487464651115,盤整,12.4
2022-08-30,2022,0.2730933803022773,-2.4757199422481335,盤整,17.8
2022-08-31,2022,0.3500815828004703,-1.9079271621098792,多頭,20.2
2022-09-01,2022,0.31636637032767423,0.6252592579581107,盤整,7.2
2022-09-02,2022,0.38445892204228455,-0.10038819494802009,盤整,0.8
2022-09-05,2022,0.37868481190572956,0.06097768925934499,盤整,2.6
2022-09-06,2022,0.4028444278194976,-0.7865260403891794,盤整,0.5
2022-09-07,2022,0.35314080828662364,0.10846596646092443,盤整,-4.2
2022-09-08,2022,0.3817557984056138,-0.23396432386916244,盤整,1.4
2022-09-12,2022,0.24459846508395997,-2.5859315222155344,盤整,9.3
2022-09-13,2022,0.24668372149333262,-4.094019165579576,盤整,14.2
2022-09-14,2022,0.2572767366019354,-3.6834396325360896,盤整,8.7
2022-09-15,2022,0.23495439183782948,-6.079397193191028,盤整,11.2
2022-09-16,2022,0.2110396552682133,-5.048634231027016,盤整,8.6
2022-09-19,2022,0.22025461867824841,-6.652095429816828,空頭,6.6
2022-09-20,2022,0.1949780368187905,-6.976555573120347,空頭,12.1
2022-09-21,2022,0.2296927868153082,-6.932223741240618,空頭,3.2
2022-09-22,2022,0.24987010163488937,-6.889572918584519,空頭,0.4
2022-09-23,2022,0.25140670308293867,-3.837975745092559,空頭,-3.2
2022-09-26,2022,0.22384417357316294,0.16867237278626046,空頭,2.0
2022-09-27,2022,0.2026473592323515,0.47343560487436154,空頭,10.9
2022-09-28,2022,0.20783576161937897,1.7541123728006758,空頭,18.1
2022-09-29,2022,0.20574331194627224,-3.164044432425561,空頭,20.5
2022-09-30,2022,0.21910355060460981,-2.5575474242024665,空頭,22.8
2022-10-03,2022,0.2744289637726818,-3.6821979357135937,空頭,22.8
2022-10-04,2022,0.255683992151463,-3.3027609431577454,空頭,23.5
2022-10-05,2022,0.24721923769028376,-6.052851045145324,空頭,35.5
2022-10-06,2022,0.2860047556087607,-5.523806781576502,空頭,31.6
2022-10-07,2022,0.287232960039013,-5.294885230779112,空頭,32.4
2022-10-11,2022,0.2679150194772028,-1.2202779941752007,空頭,29.9
2022-10-12,2022,0.256032465272381,-2.003174011026465,空頭,25.7
2022-10-13,2022,0.23211244262904457,0.3610254841059035,空頭,31.8
2022-10-14,2022,0.1784930872267004,-3.519163444575457,空頭,28.1
2022-10-17,2022,0.1915401322345399,-1.8278504247631333,空頭,20.5
2022-10-18,2022,0.20624148402192732,-1.5109701722251456,空頭,20.8
2022-10-19,2022,0.19832332013551207,-1.4513638227107495,空頭,18.0
2022-10-20,2022,0.1933251946059975,0.02819381898795381,空頭,15.6
2022-10-21,2022,0.22600574550155178,1.700652146779813,空頭,18.9
2022-10-24,2022,0.2610111008931247,1.8915017367997722,空頭,18.1
2022-10-25,2022,0.24116418181449553,2.5302144618873035,空頭,22.9
2022-10-26,2022,0.23504741572768234,2.338430597727248,空頭,29.4
2022-10-27,2022,0.24557055311151857,2.3004138052678202,空頭,24.5
2022-10-28,2022,0.22662010379882838,4.37380067279618,空頭,18.0
2022-10-31,2022,0.2418918774639694,5.3210293635012285,空頭,23.4
2022-11-01,2022,0.3168635661349794,3.5786030906919564,空頭,16.2
2022-11-02,2022,0.2856985325786831,6.92655133483,空頭,21.6
2022-11-03,2022,0.3123277402368677,9.150200976391055,空頭,16.2
2022-11-04,2022,0.2855693260052598,11.66526314011751,空頭,14.5
2022-11-07,2022,0.37333632946709955,9.933808388404785,空頭,17.4
2022-11-08,2022,0.4212284093453298,8.89639909617792,空頭,18.7
2022-11-09,2022,0.3170637052809836,6.350847324656628,空頭,32.6
2022-11-10,2022,0.3611996919034707,7.002716280502619,空頭,20.3
2022-11-11,2022,0.2775999272707385,3.816796072977735,盤整,38.1
2022-11-14,2022,0.2686923015031507,3.0592102942525345,盤整,37.7
2022-11-15,2022,0.33646296345783594,1.6340226490429544,盤整,34.6
2022-11-16,2022,0.3243085369019133,1.6588993179637246,盤整,42.7
2022-11-17,2022,0.37985761683207564,0.1488796530911607,盤整,42.8
2022-11-18,2022,0.48420433199344914,1.4108937682824951,盤整,43.9
2022-11-21,2022,0.49073537767419506,2.9770114862980313,盤整,37.3
2022-11-22,2022,0.4717602167467386,3.2360990771685083,盤整,29.7
2022-11-23,2022,0.4218531878790725,2.478960936548069,盤整,24.0
2022-11-24,2022,0.4061518680442665,1.330762987012979,盤整,18.2
2022-11-25,2022,0.42480591197604695,-0.3358254654901027,多頭,13.5
2022-11-28,2022,0.43813976136672306,0.502443176314693,多頭,16.4
2022-11-29,2022,0.45167700512387,-1.0646079713711454,多頭,24.3
2022-11-30,2022,0.4700449944575202,-1.170196679335056,多頭,30.8
2022-12-01,2022,0.4436866979082839,-2.66579185761483,多頭,21.7
2022-12-02,2022,0.4019236665684742,-2.990645715491891,多頭,16.8
2022-12-05,2022,0.413472271192768,-1.6112688692280885,多頭,22.7
2022-12-06,2022,0.3049375271511595,0.035644258083444846,多頭,20.6
2022-12-07,2022,0.3136458325804924,-0.6935060194764087,多頭,21.7
2022-12-08,2022,0.35803957977243894,-0.8226459901161665,多頭,16.3
2022-12-09,2022,0.4404970731567076,-3.640831991992066,多頭,19.2
2022-12-12,2022,0.39466064921787575,-2.5881106634758178,多頭,13.9
2022-12-13,2022,0.43032025728507917,-0.5509896054247787,多頭,3.2
2022-12-14,2022,0.45735458753861125,-3.173339955059118,多頭,1.8
2022-12-15,2022,0.42112729032856694,-3.047346534881934,多頭,2.9
2022-12-16,2022,0.46557760057717107,-1.3774258270784046,多頭,-1.1
2022-12-19,2022,0.36980971493937714,-1.8029115962231779,多頭,5.1
2022-12-20,2022,0.26869529241911533,-0.5999281582325544,多頭,7.3
2022-12-21,2022,0.26975728223684753,-0.6794104423087699,多頭,9.2
2022-12-22,2022,0.28656627301664245,-1.5150654922058804,多頭,11.2
2022-12-23,2022,0.254236662361783,-0.5080008380262124,多頭,12.7
2022-12-26,2022,0.2637166391169951,0.1114445580824297,多頭,17.0
2022-12-27,2022,0.3074318194158512,0.3134328045710566,多頭,19.3
2022-12-28,2022,0.27037887069517297,4.085979778594662,多頭,19.4
2022-12-29,2022,0.25560388588500316,5.097188360399896,多頭,18.4
2022-12-30,2022,0.27037288291466305,4.34123254930614,多頭,19.0
2023-01-03,2023,0.4356853933391068,3.5680238918119223,多頭,18.2
2023-01-04,2023,0.46053404555869476,4.401678130984088,多頭,15.4
2023-01-05,2023,0.4177325608246633,4.377021267669168,多頭,20.3
2023-01-06,2023,0.4091102666615236,3.893249585691283,多頭,22.5
2023-01-09,2023,0.33151574943685047,5.027111192153577,多頭,31.2
2023-01-10,2023,0.29615909674414026,3.122618719499348,多頭,28.7
2023-01-11,2023,0.29083231469377113,4.533048976913423,多頭,22.4
2023-01-12,2023,0.2716570238876898,5.861669169216732,多頭,22.4
2023-01-13,2023,0.2550756873939,5.251775314976337,多頭,33.7
2023-01-16,2023,0.2658841172451966,3.12058476546877,多頭,31.0
2023-01-17,2023,0.26996142409408785,3.133879285578911,多頭,26.4
2023-01-30,2023,0.28792306960966013,0.802578060155601,多頭,30.3
2023-01-31,2023,0.2870109380404383,2.1847732096533123,多頭,15.8
2023-02-01,2023,0.29991116873897244,1.0798871345442551,多頭,17.8
2023-02-02,2023,0.2863834459044444,-0.3262550688803434,多頭,25.1
2023-02-03,2023,0.2908591085747328,0.33212285597454816,多頭,29.8
2023-02-06,2023,0.30188910458701873,0.2603161733847337,多頭,24.0
2023-02-07,2023,0.2765540288757905,0.9713062409948403,多頭,23.2
2023-02-08,2023,0.25539575186386426,-0.8865955486462185,多頭,35.1
2023-02-09,2023,0.28931238548989163,-0.3043841445863116,多頭,30.3
2023-02-10,2023,0.29772936328170035,-0.15173241203209065,多頭,24.3
2023-02-13,2023,0.3528153629527376,-0.8074352752266423,多頭,25.2
2023-02-14,2023,0.31701941406875844,-0.2495771178601891,多頭,29.9
2023-02-15,2023,0.35421008041903246,0.4594084452101965,多頭,15.2
2023-02-16,2023,0.31739907823974667,0.30860744027523257,多頭,28.5
2023-02-17,2023,0.3650298472232086,0.7688779498310705,多頭,26.8
2023-02-20,2023,0.3372976571661057,0.36775226139669215,多頭,26.6
2023-02-21,2023,0.3410200716029096,1.2883762770674156,多頭,24.9
2023-02-22,2023,0.3564605593761737,2.847957392191458,多頭,24.4
2023-02-23,2023,0.3475210207748853,1.2986530613029013,多頭,25.4
2023-02-24,2023,0.3095900309439657,1.721321044725177,多頭,11.3
2023-03-01,2023,0.409510527008824,-0.46344229473492815,多頭,9.8
2023-03-02,2023,0.39439297054463773,-0.24508421203790487,多頭,10.4
2023-03-03,2023,0.36862985728661324,-1.5888859987109538,多頭,11.2
2023-03-06,2023,0.3931671463587847,-2.3847480668962695,多頭,12.3
2023-03-07,2023,0.35684609336788353,-4.015477468944473,多頭,19.2
2023-03-08,2023,0.38076200694030876,-2.3089858517404083,多頭,10.7
2023-03-09,2023,0.31994055013053774,-2.22368626297188,多頭,8.7
2023-03-10,2023,0.3923964022589784,-0.08211925648259344,多頭,-1.9
2023-03-13,2023,0.36956836741643245,1.2851137721241468,多頭,7.3
2023-03-14,2023,0.37136784055460825,3.2781004686069926,多頭,0.3
2023-03-15,2023,0.34864234312358844,3.425552669391374,多頭,4.2
2023-03-16,2023,0.30023685415493906,4.0022679014422025,多頭,2.5
2023-03-17,2023,0.320840305022558,1.6082355742847998,多頭,16.4
2023-03-20,2023,0.29223230236307496,2.2684220527017906,多頭,12.8
2023-03-21,2023,0.3010597351002732,2.1657336053553466,多頭,12.3
2023-03-22,2023,0.3638833830244762,0.6827211896099472,多頭,22.7
2023-03-23,2023,0.3182343940747208,-0.3352254640237806,多頭,25.5
2023-03-24,2023,0.27113348169345175,-0.4913696142560098,多頭,21.9
2023-03-27,2023,0.30796444964549635,0.2896974222235782,多頭,3.2
2023-03-28,2023,0.3561738324883045,1.3527387227191268,多頭,-0.8
2023-03-29,2023,0.3441891078255919,1.0349555097858065,多頭,1.2
2023-03-30,2023,0.3259690710061954,-0.28183978856022307,多頭,5.5
2023-03-31,2023,0.3463417605479441,0.38675175163189746,多頭,-1.2
2023-04-06,2023,0.38568163626043994,0.9663033489197392,多頭,4.1
2023-04-07,2023,0.3652526018721726,0.20800050516212032,多頭,4.8
2023-04-10,2023,0.34999348261488944,-0.6657777033125756,多頭,7.1
2023-04-11,2023,0.345701609675113,-1.2967296473267331,多頭,10.3
2023-04-12,2023,0.3384457285507786,-2.071051411004976,多頭,8.9
2023-04-13,2023,0.3789802371086165,-1.1255469871102042,多頭,5.7
2023-04-14,2023,0.38521259043001377,-3.5073445816956483,多頭,15.6
2023-04-17,2023,0.46743221559560055,-3.6891543547644456,多頭,12.6
2023-04-18,2023,0.44913312564928,-2.885735098402975,多頭,4.1
2023-04-19,2023,0.5478933565902795,-1.2129632154273096,多頭,-6.9
2023-04-20,2023,0.4956462944439811,-0.45226744896712523,多頭,-2.5
2023-04-21,2023,0.5313104625573543,-0.3177596088954737,多頭,-3.5
2023-04-24,2023,0.5446296002736345,-0.11416233705150436,多頭,0.5
2023-04-25,2023,0.5229584029130065,1.6612093244757986,盤整,-16.7
2023-04-26,2023,0.4775445421539411,2.113481755333302,盤整,-16.8
2023-04-27,2023,0.4692220603741455,2.0517808466280707,盤整,-11.0
2023-04-28,2023,0.5327739738267858,0.40168994773794875,盤整,-2.4
2023-05-02,2023,0.5389040311225745,-0.779203503601833,多頭,1.8
2023-05-03,2023,0.519926762167474,-0.32822384287432005,盤整,3.1
2023-05-04,2023,0.5177939265175119,-0.8583493016542487,盤整,10.3
2023-05-05,2023,0.4372266154007116,0.3060910388856586,盤整,11.1
2023-05-08,2023,0.5005303850208637,1.4377463841366511,多頭,12.2
2023-05-09,2023,0.5547855925465198,2.379114555847317,多頭,16.0
2023-05-10,2023,0.5552930418565821,3.408567833798748,盤整,0.0
2023-05-11,2023,0.4707192180200387,4.294331031851217,盤整,-5.9
2023-05-12,2023,0.45357531828857045,4.423003981329288,空頭,-7.9
2023-05-15,2023,0.44908182165527977,4.421762772979743,空頭,-1.4
2023-05-16,2023,0.40844941060793677,3.9434984273218454,盤整,12.3
2023-05-17,2023,0.37160437915513933,3.64049885433797,盤整,26.8
2023-05-18,2023,0.39654246543625693,3.3189913227523737,盤整,34.5
2023-05-19,2023,0.4589732634205399,2.768607201766704,盤整,36.4
2023-05-22,2023,0.4763793998713755,2.4601242576891558,盤整,32.5
2023-05-23,2023,0.38142427046309735,2.005308860929955,多頭,27.7
2023-05-24,2023,0.36861313843055976,3.38869457378157,多頭,22.5
2023-05-25,2023,0.36245671086558995,2.592867665111709,多頭,28.5
2023-05-26,2023,0.3019776305916795,1.5547362776847207,多頭,36.6
2023-05-29,2023,0.31245806114884445,1.7202142303276657,多頭,34.8
2023-05-30,2023,0.2897246906120795,0.6674591553498255,多頭,33.0
2023-05-31,2023,0.4397952498968774,1.8543985871249058,多頭,29.3
2023-06-01,2023,0.4553166213071266,2.6810960082118696,多頭,26.7
2023-06-02,2023,0.4450410973300499,3.0507736020604526,多頭,28.9
2023-06-05,2023,0.4860130918529296,3.1332806443294725,多頭,25.8
2023-06-06,2023,0.5340322952706492,3.4204249459778957,多頭,25.0
2023-06-07,2023,0.5393107774852771,2.1653445594262744,多頭,28.5
2023-06-08,2023,0.5552586629515828,3.232221942679714,多頭,24.7
2023-06-09,2023,0.5044116573129165,1.7677539321584224,多頭,28.2
2023-06-12,2023,0.5274446742001874,1.456942549764495,多頭,30.9
2023-06-13,2023,0.42450126999298066,-0.9140016031039644,多頭,37.2
2023-06-14,2023,0.46855213836505466,-2.031773729648312,多頭,29.1
2023-06-15,2023,0.46956497892548626,-2.303723453964168,多頭,29.2
2023-06-16,2023,0.5279340043064771,-2.00481117664445,多頭,19.6
2023-06-19,2023,0.5073288452073406,-2.0783163218050182,多頭,14.1
2023-06-20,2023,0.49759268339215595,-0.5860374014178715,多頭,7.8
2023-06-21,2023,0.4712655217695402,-0.3582639631679374,多頭,5.0
2023-06-26,2023,0.4976825593089682,-0.016472011648827056,多頭,-2.4
2023-06-27,2023,0.5492003466089876,-0.7444975396585951,多頭,-13.2
2023-06-28,2023,0.5426352530469778,-1.6026566475531245,多頭,-22.7
2023-06-29,2023,0.5176384186997375,-1.7087408439231955,多頭,-28.0
2023-06-30,2023,0.5539749954991838,-0.09831196639303874,多頭,-27.9
2023-07-03,2023,0.559604310288927,-0.715105184907705,多頭,-23.6
2023-07-04,2023,0.6011312969571312,-0.46304804276586786,多頭,-19.1
2023-07-05,2023,0.5741425440789681,1.3325180005429038,多頭,-26.7
2023-07-06,2023,0.5255084292892426,3.4131618996824598,多頭,-30.4
2023-07-07,2023,0.4953795353377853,3.382698609775092,多頭,-28.9
2023-07-10,2023,0.45800519867019657,2.7841564181398937,多頭,-25.5
2023-07-11,2023,0.46706215627942116,1.5739476688141352,多頭,-20.0
2023-07-12,2023,0.48343315421709115,0.40484541060239465,多頭,-22.4
2023-07-13,2023,0.49149867058123975,-0.16288229570844415,多頭,-14.2
2023-07-14,2023,0.45762177556235584,-0.49075111767091784,多頭,-6.3
2023-07-17,2023,0.49641823687661174,-0.9907530103627105,多頭,-5.0
2023-07-18,2023,0.4770244704081872,0.08074107654381102,多頭,-11.3
2023-07-19,2023,0.4681630409536089,1.0311139465916996,多頭,-14.8
2023-07-20,2023,0.4790614702948691,-0.1133709566446317,多頭,-11.9
2023-07-21,2023,0.49712987599685815,1.0696565613862008,多頭,-27.4
2023-07-24,2023,0.45522089863024284,-0.8211999687676386,多頭,-23.1
2023-07-25,2023,0.45123173780055303,-2.06530770299711,多頭,-19.4
2023-07-26,2023,0.43143824520412755,-0.9704268887781753,多頭,-28.0
2023-07-27,2023,0.46864123781508427,-2.1154959279240826,多頭,-27.7
2023-07-28,2023,0.41287848401542543,-2.4402458114385572,多頭,-21.7
2023-07-31,2023,0.4644663775133006,-2.978811263409542,多頭,-24.9
2023-08-01,2023,0.4984203602691088,-3.5532714765172724,多頭,-17.8
2023-08-02,2023,0.5071061257936155,-2.960092294596872,多頭,-26.0
2023-08-04,2023,0.4920611806505503,-2.308759131021254,多頭,-24.1
2023-08-07,2023,0.47516646503674753,-3.2314662273476236,多頭,-18.2
2023-08-08,2023,0.46317082295017764,-2.1355010081726244,多頭,-19.6
2023-08-09,2023,0.5103963323029251,-2.9022093611855593,多頭,-14.7
2023-08-10,2023,0.49202798383163515,-1.5221795403584149,盤整,-18.3
2023-08-11,2023,0.42885843499625614,-0.9857089074617797,盤整,-11.1
2023-08-14,2023,0.3752912140131566,1.1177491786459104,盤整,-17.8
2023-08-15,2023,0.3633806359479042,1.9208376886987288,盤整,-11.6
2023-08-16,2023,0.37239785342415155,0.21159156990002703,盤整,-11.3
2023-08-17,2023,0.38977990065055773,-0.04480324714561945,盤整,-5.5
2023-08-18,2023,0.3999211989668174,1.479368866104136,空頭,-8.3
2023-08-21,2023,0.4008992857012199,2.065318844622799,空頭,-10.7
2023-08-22,2023,0.39271086461078986,1.197862706317987,空頭,-9.4
2023-08-23,2023,0.42636077572779973,0.4104506874023306,空頭,-7.5
2023-08-24,2023,0.352328975176444,0.1122183881933303,空頭,-2.2
2023-08-25,2023,0.4469062367763996,1.8810696547296946,空頭,-16.4
2023-08-28,2023,0.38759420169258896,1.3864946096917796,空頭,-13.1
2023-08-29,2023,0.43562771544962775,-0.027130022588317537,空頭,-8.3
2023-08-30,2023,0.3610386614742425,-0.8600571058779316,空頭,-10.3
2023-08-31,2023,0.45935358737666787,-1.2116978498314501,空頭,-14.2
2023-09-01,2023,0.4717391104507154,-0.43394569160357666,空頭,-8.5
2023-09-04,2023,0.47107331879062153,-1.2399275984249836,空頭,-3.8
2023-09-05,2023,0.49392006168931923,0.09498791360686987,空頭,-8.8
2023-09-06,2023,0.4100331732840508,1.0918762874772225,空頭,-7.0
2023-09-07,2023,0.40546450465609957,0.4759572396646483,空頭,-7.5
2023-09-08,2023,0.3979433308476323,0.3637785186070053,空頭,-9.9
2023-09-11,2023,0.4258060460595187,0.6194870671425434,空頭,-17.1
2023-09-12,2023,0.4091383062016235,-1.5449494983017176,空頭,-9.7
2023-09-13,2023,0.4055108931679795,-1.4294838045509684,空頭,-8.2
2023-09-14,2023,0.45078669470059224,-2.1141081751307245,空頭,2.2
2023-09-15,2023,0.4088683766285362,-3.810962997283829,盤整,3.9
2023-09-18,2023,0.4103867992469271,-2.322879537005107,空頭,-6.3
2023-09-19,2023,0.43275006728740834,-1.6985727612837453,空頭,-13.6
2023-09-20,2023,0.41326910377225745,0.13643992198248966,空頭,-16.6
2023-09-21,2023,0.36680386205802434,0.8437383363149475,空頭,-26.2
2023-09-22,2023,0.4018393349843488,-0.43500925082964326,空頭,-25.0
2023-09-25,2023,0.42672499062762637,0.007840882360632406,空頭,-19.0
2023-09-26,2023,0.36804630477343786,1.502205384960864,空頭,-20.0
2023-09-27,2023,0.4147171592748748,2.217424998589834,空頭,-22.3
2023-09-28,2023,0.38597441038216135,2.8872294655534425,空頭,-19.2
2023-10-02,2023,0.39654118732925037,1.3604866974164187,空頭,-13.1
2023-10-03,2023,0.38914398720230736,1.2027221997357618,空頭,-18.8
2023-10-04,2023,0.4470414403633569,2.26855146257261,空頭,-20.4
2023-10-05,2023,0.42604759441177975,-0.07664013536313741,空頭,-13.1
2023-10-06,2023,0.4680635423197055,-0.41063958446954096,空頭,-13.5
2023-10-11,2023,0.4462698082972537,-1.3874135303259316,空頭,-8.4
2023-10-12,2023,0.4499863867476244,-3.4146741543250814,盤整,1.3
2023-10-13,2023,0.482691362510301,-2.8172681538048083,盤整,0.6
2023-10-16,2023,0.4413239306164651,-1.7616248624809816,空頭,-2.6
2023-10-17,2023,0.39049990145059843,-3.4178055646520433,空頭,-2.5
2023-10-18,2023,0.38514692663926464,-1.8630355619001615,空頭,-19.4
2023-10-19,2023,0.3937178205264962,-1.8419435558718833,空頭,-20.9
2023-10-20,2023,0.38356169856404987,-2.672936465069664,空頭,-21.2
2023-10-23,2023,0.4300983880189587,-1.3094288724143754,空頭,-26.8
2023-10-24,2023,0.4102407584764486,0.5345878786689795,空頭,-25.8
2023-10-25,2023,0.4181496848491145,0.9093526516774864,空頭,-19.3
2023-10-26,2023,0.4427628705437474,3.581120510845648,空頭,-24.4
2023-10-27,2023,0.4630162847264579,3.4109284327293876,空頭,-17.8
2023-10-30,2023,0.47062558599420934,3.6604440459501397,空頭,-18.3
2023-10-31,2023,0.4884099380713661,4.65200574704383,空頭,-18.4
2023-11-01,2023,0.46415355527900165,4.016008918506397,空頭,-16.2
2023-11-02,2023,0.46624543948184993,2.697696827763707,空頭,-0.4
2023-11-03,2023,0.35100976629109387,2.471944825580863,盤整,8.0
2023-11-06,2023,0.36431911274907847,2.8795100832704534,盤整,17.4
2023-11-07,2023,0.3639042548034108,2.9141831410942176,盤整,19.6
2023-11-08,2023,0.34263536553833013,2.7962771260445107,盤整,13.2
2023-11-09,2023,0.3506117003462935,2.7757656466007585,盤整,8.6
2023-11-10,2023,0.31975339817399845,4.399955163052449,盤整,8.1
2023-11-13,2023,0.30158113193284697,2.7968518862730996,盤整,3.8
2023-11-14,2023,0.35358892701900163,2.2395749276855614,盤整,5.1
2023-11-15,2023,0.3600721234459788,0.9261605321569943,盤整,9.9
2023-11-16,2023,0.388805428379865,-0.19660850331778557,盤整,10.8
2023-11-17,2023,0.35624871484774384,0.76878600960546,盤整,6.9
2023-11-20,2023,0.35507720178199637,0.9301895880821309,多頭,3.3
2023-11-21,2023,0.3899015943609939,0.09846871106464761,多頭,8.9
2023-11-22,2023,0.3958320580495583,0.739965777521534,多頭,0.4
2023-11-23,2023,0.40429245524525736,0.7339306313260519,多頭,0.2
2023-11-24,2023,0.4071560363661434,0.23479501278964587,多頭,-3.5
2023-11-27,2023,0.43386398788257957,1.3029966004217908,多頭,-2.5
2023-11-28,2023,0.45199568847184474,-0.3604699776544318,多頭,-0.7
2023-11-29,2023,0.4846880681128737,0.07731472099921088,多頭,-2.3
2023-11-30,2023,0.4948570786698009,-0.0889648585940428,多頭,-3.9
2023-12-01,2023,0.5282029958974085,0.07041950643267292,多頭,-3.1
2023-12-04,2023,0.5046297302826701,0.2723649196279654,多頭,-10.2
2023-12-05,2023,0.545816871940066,1.8761531185635505,多頭,-12.9
2023-12-06,2023,0.5301716164756257,1.803784635660266,多頭,-18.3
2023-12-07,2023,0.5377439511701463,2.1604005847648544,多頭,-22.3
2023-12-08,2023,0.5037114222819928,1.1076858649826438,多頭,-15.8
2023-12-11,2023,0.4528154613738902,1.2450095703723907,多頭,-15.4
2023-12-12,2023,0.43776766867471706,0.5335623986068239,多頭,-14.5
2023-12-13,2023,0.431174165250892,0.7310121455635921,多頭,-13.7
2023-12-14,2023,0.41869121341376336,-0.27343623871374234,多頭,-8.6
2023-12-15,2023,0.4677752441514108,0.4405373582582639,多頭,-7.1
2023-12-18,2023,0.5065443385275656,1.356614508359666,多頭,-12.9
2023-12-19,2023,0.4741473638243322,1.8992350603503017,多頭,-19.2
2023-12-20,2023,0.44413906877513226,1.6762497731809045,多頭,-12.5
2023-12-21,2023,0.5180177598221005,1.76712605179965,多頭,-21.0
2023-12-22,2023,0.47883419676658423,-0.21208606420660692,多頭,-17.6
2023-12-25,2023,0.5004201697599865,-0.31349333478747354,多頭,-15.3
2023-12-26,2023,0.48706987020227627,-1.310238495064986,多頭,-6.0
2023-12-27,2023,0.41672628686275937,-1.7820752871475332,多頭,-7.5
2023-12-28,2023,0.457549804905069,-2.0930890874951036,多頭,-7.5
2023-12-29,2023,0.4859630579236954,-2.594305555633014,多頭,-10.5
2024-01-02,2024,0.4704859137314911,-1.7275912748911049,多頭,-12.4
2024-01-03,2024,0.45097853758848083,-0.2647028841110455,多頭,-19.0
2024-01-04,2024,0.4308912320281781,-0.016125677720080223,多頭,-14.1
2024-01-05,2024,0.3711881702510217,-0.9833245239206923,多頭,-13.0
2024-01-08,2024,0.40241050832689973,-2.338120694305812,多頭,-13.1
2024-01-09,2024,0.38098326517248593,-1.7547271276707965,多頭,-13.1
2024-01-10,2024,0.43357331540147764,1.2360848134307156,多頭,-14.9
2024-01-11,2024,0.42988480285853037,1.5376180086769553,多頭,-15.8
2024-01-12,2024,0.4601705434341,2.065685557388486,多頭,-15.9
2024-01-15,2024,0.46476366274552383,1.8750406056482039,多頭,-17.8
2024-01-16,2024,0.4742878341833919,3.780220869816864,多頭,-20.8
2024-01-17,2024,0.4742759943791718,4.8552044978990905,盤整,-17.5
2024-01-18,2024,0.4560705355496097,5.176752212558888,盤整,-14.7
2024-01-19,2024,0.3670581065369819,1.9970568141200573,多頭,3.7
2024-01-22,2024,0.36155636895829824,0.4179600451302612,多頭,1.0
2024-01-23,2024,0.38133230936054935,0.5232008118787546,多頭,11.0
2024-01-24,2024,0.3392218974493248,1.029882248824232,多頭,8.3
2024-01-25,2024,0.39472734867151427,0.5190911100717566,多頭,14.1
2024-01-26,2024,0.41121486729632073,3.609552193022192,多頭,10.2
2024-01-29,2024,0.44930221828268024,2.6911145536636205,多頭,7.6
2024-01-30,2024,0.3891409950950918,3.333420203242299,多頭,3.1
2024-01-31,2024,0.4116222755367921,4.827396537421813,多頭,-0.4
2024-02-01,2024,0.36211356693507996,3.941427339881609,多頭,0.3
2024-02-02,2024,0.37807115301394195,4.39010560949018,多頭,-0.5
2024-02-05,2024,0.39027070953589976,4.382830084101119,多頭,-0.3
2024-02-15,2024,0.3609212239909583,1.6277125189800623,多頭,8.1
2024-02-16,2024,0.3889685853142863,1.3282994531701453,多頭,2.5
2024-02-19,2024,0.43784587679104386,1.7759902982431797,多頭,6.9
2024-02-20,2024,0.4426872903094031,0.9746090792165152,多頭,13.6
2024-02-21,2024,0.4247791701162293,3.367902974409831,多頭,14.1
2024-02-22,2024,0.42931913761006585,2.8332161092422314,多頭,17.4
2024-02-23,2024,0.4383673256368413,3.2307367335497217,多頭,17.2
2024-02-26,2024,0.4904869477371586,3.9342834750805578,多頭,18.1
2024-02-27,2024,0.46304394262689214,4.937359482476511,多頭,10.7
2024-02-29,2024,0.4552683891798347,4.003370104662007,多頭,14.4
2024-03-01,2024,0.4430160462735498,5.168058817285437,多頭,5.6
2024-03-04,2024,0.40799650107878593,3.228127390857738,多頭,18.8
2024-03-05,2024,0.4351633554286355,2.842122420683646,多頭,19.9
2024-03-06,2024,0.4228305678947727,0.9387444261248268,多頭,22.6
2024-03-07,2024,0.40358942788335456,0.9461487839654836,多頭,25.6
2024-03-08,2024,0.3674761811682617,0.36329965853472146,多頭,23.6
2024-03-11,2024,0.4115307925715377,0.29590268314838575,多頭,13.8
2024-03-12,2024,0.394913040713173,1.4288045675147076,多頭,11.5
2024-03-13,2024,0.4153438434145655,1.5049795493993434,多頭,9.6
2024-03-14,2024,0.4204428926272625,1.2756094918627614,多頭,7.7
2024-03-15,2024,0.43866339697616363,2.255760193064904,多頭,-5.4
2024-03-18,2024,0.4261545350499508,1.611028252225255,多頭,-5.8
2024-03-19,2024,0.377121234992546,1.4571540801321392,多頭,-7.0
2024-03-20,2024,0.41621393301783727,2.577782046000765,多頭,-1.3
2024-03-21,2024,0.40024919068846376,0.11505468810724118,多頭,8.9
2024-03-22,2024,0.3985868768342404,1.1772539935130943,多頭,-4.9
2024-03-25,2024,0.4235763227528371,0.7198306280874922,多頭,-4.7
2024-03-26,2024,0.39114508591343145,1.4468990867259945,多頭,-6.7
2024-03-27,2024,0.39842883321087513,2.950873559166989,多頭,-0.8
2024-03-28,2024,0.4141160925193416,3.062459825627717,多頭,-8.3
2024-03-29,2024,0.4747968815795905,2.2605687761925175,多頭,4.4
2024-04-01,2024,0.5044543487410856,2.5429315019584786,多頭,3.6
2024-04-02,2024,0.5007373996063051,-0.08208507825199218,多頭,13.2
2024-04-03,2024,0.5109690039398462,-2.142042325544802,多頭,-1.9
2024-04-08,2024,0.4417327173946271,-1.0009452582808054,多頭,-3.0
2024-04-09,2024,0.43515910372582123,-2.3802425443109843,多頭,4.3
2024-04-10,2024,0.43027301073459795,-5.954719645455276,多頭,-4.8
2024-04-11,2024,0.4323123817608673,-6.466466408586236,多頭,-16.5
2024-04-12,2024,0.4207855849810299,-5.4844653672232235,多頭,-19.5
2024-04-15,2024,0.43250534018576625,-1.555176415187065,多頭,-26.4
2024-04-16,2024,0.46663844463163723,-0.223797053154573,多頭,-29.1
2024-04-17,2024,0.42299434931113133,-0.4592019226916211,多頭,-29.1
2024-04-18,2024,0.4238756976917413,0.9571847969578107,多頭,-27.6
2024-04-19,2024,0.4481337196679962,4.452679145721428,多頭,-31.1
2024-04-22,2024,0.47132640220816696,4.179129390115599,多頭,-23.3
2024-04-23,2024,0.43392873175409263,3.7299329363119416,多頭,-16.5
2024-04-24,2024,0.4562160201601727,1.9450380344669727,多頭,-13.4
2024-04-25,2024,0.47066653745178577,4.009131095580387,多頭,-19.6
2024-04-26,2024,0.41707542371793166,2.882630708664946,多頭,-8.0
2024-04-29,2024,0.3791305597221923,0.31836225672732255,多頭,-1.6
2024-04-30,2024,0.4327145165040932,1.5308433758567608,多頭,-2.8
2024-05-02,2024,0.5046517749888519,3.1414112243626446,多頭,-8.9
2024-05-03,2024,0.5076274831777872,3.224395877684172,多頭,-7.6
2024-05-06,2024,0.5003548381259755,3.0399579794877063,多頭,-3.6
2024-05-07,2024,0.5311959093597698,3.15069627322786,多頭,-2.0
2024-05-08,2024,0.5253353027400534,2.695392528976348,多頭,-1.6
2024-05-09,2024,0.5494869312301702,3.4573607895035163,多頭,-2.9
2024-05-10,2024,0.491045940323826,2.5492012106907103,多頭,-4.9
2024-05-13,2024,0.5743849928146286,3.3278821116987656,多頭,-4.5
2024-05-14,2024,0.5508068168315241,2.961900518682836,多頭,3.3
2024-05-15,2024,0.5056536149338667,1.977234821993079,多頭,16.9
2024-05-16,2024,0.48873201494889235,2.3446484412037893,多頭,13.9
2024-05-17,2024,0.5348353579675018,2.8221221941183927,多頭,9.4
2024-05-20,2024,0.5360739556634349,1.8375178582929363,多頭,10.2
2024-05-21,2024,0.5031044305320487,0.6014573793071021,多頭,10.3
2024-05-22,2024,0.5068461631112646,-1.7521017936759975,多頭,10.2
2024-05-23,2024,0.4617630939977408,-0.32706342216544115,多頭,1.9
2024-05-24,2024,0.4696689097339138,-0.9678493360178897,多頭,2.3
2024-05-27,2024,0.4552659772219524,-1.4625452387362348,多頭,0.4
2024-05-28,2024,0.4621723517005522,0.20262224013549712,多頭,-6.8
2024-05-29,2024,0.4385239983714258,0.9042354298903765,多頭,-19.3
2024-05-30,2024,0.4709746609818787,2.0016401054460564,多頭,-21.4
2024-05-31,2024,0.46927762877966706,4.131155716715873,多頭,-25.8
2024-06-03,2024,0.5243564154042023,3.5997986698092177,多頭,-27.6
2024-06-04,2024,0.5071964912161494,5.375850672999771,多頭,-27.6
2024-06-05,2024,0.4907985349008312,4.708660229891892,多頭,-22.0
2024-06-06,2024,0.4504032952031494,3.9023955950636235,多頭,-8.6
2024-06-07,2024,0.4807722794328265,6.1814279008783,多頭,-10.0
2024-06-11,2024,0.4922234740734771,7.406255105056325,多頭,-17.5
2024-06-12,2024,0.47924969525403316,5.46252521660886,多頭,-12.0
2024-06-13,2024,0.4769931561547989,2.248382487661371,多頭,-7.4
2024-06-14,2024,0.47204438765514595,1.6496539392625298,多頭,-7.5
2024-06-17,2024,0.46792250855210804,2.1788249121086567,多頭,-10.1
2024-06-18,2024,0.35707821999685685,0.6527538478641848,多頭,-6.0
2024-06-19,2024,0.389098401834333,-0.7638669271342824,多頭,1.2
2024-06-20,2024,0.41460598359261924,-1.4847838811249958,多頭,-2.2
2024-06-21,2024,0.4023403984012415,-1.6084536491238532,多頭,-9.3
2024-06-24,2024,0.3661056433361619,1.5724323542432916,多頭,-12.2
2024-06-25,2024,0.40205804913254034,2.826371952752149,多頭,-13.7
2024-06-26,2024,0.37684389271816393,2.4792608244162295,多頭,-19.3
2024-06-27,2024,0.3942565007535149,4.244175538440187,多頭,-20.1
2024-06-28,2024,0.42878135440859655,3.76789067503176,多頭,-20.7
2024-07-01,2024,0.4115311185132118,4.113481451798617,多頭,-19.3
2024-07-02,2024,0.3689638429150041,6.602716770610373,多頭,-22.5
2024-07-03,2024,0.36358104265062235,3.212869776713112,多頭,-18.4
2024-07-04,2024,0.35087355393003206,1.5169711761447546,多頭,-13.2
2024-07-05,2024,0.37566325170513803,1.87064426557495,多頭,-13.9
2024-07-08,2024,0.38396165739231014,-0.45367836285474805,多頭,-12.5
2024-07-09,2024,0.3817134064490572,-2.0987795856750258,多頭,-16.8
2024-07-10,2024,0.3627012585152135,-4.739518508706608,多頭,-17.7
2024-07-11,2024,0.3560473013862972,-8.745540698391919,多頭,-19.4
2024-07-12,2024,0.3698232981966342,-4.369666173710418,多頭,-28.2
2024-07-15,2024,0.40842238870479725,-7.371009943315066,多頭,-23.5
2024-07-16,2024,0.383934340374002,-7.637375115898692,多頭,-20.2
2024-07-17,2024,0.34388472262035397,-6.505097640621593,多頭,-19.4
2024-07-18,2024,0.3568854665313698,-5.12477952618271,多頭,-25.5
2024-07-19,2024,0.3225784532037624,-0.9932984276710299,多頭,-14.2
2024-07-22,2024,0.34515833068959845,-2.780699456665081,多頭,-14.0
2024-07-23,2024,0.3003365387277243,-13.295650896473566,多頭,-5.1
2024-07-26,2024,0.29558220369403865,-7.315767606528434,盤整,-11.1
2024-07-29,2024,0.31020097808846664,-3.921633206990116,盤整,-5.1
2024-07-30,2024,0.3383117029042241,-6.090245626602753,盤整,-7.3
2024-07-31,2024,0.35173052118490233,-3.2899611925574335,盤整,-6.5
2024-08-01,2024,0.3571993277687104,-3.8372765777025974,多頭,-11.4
2024-08-02,2024,0.332497569819397,0.7324121491314672,盤整,-15.6
2024-08-05,2024,0.35178072492301526,11.075504465762487,盤整,-4.7
2024-08-06,2024,0.32246728263857694,6.800393346282263,盤整,13.9
2024-08-07,2024,0.3029115782592389,4.949688381650774,盤整,17.1
2024-08-08,2024,0.33218470151734636,7.376725554741004,盤整,14.4
2024-08-09,2024,0.32266168894191777,4.472029437794012,盤整,14.0
2024-08-12,2024,0.27351668786201266,2.1339477873318025,空頭,11.4
2024-08-13,2024,0.40384689579889005,1.6161258399830958,空頭,3.2
2024-08-14,2024,0.3112621345948419,0.5938099399607211,空頭,3.5
2024-08-15,2024,0.3460074279027409,1.5754616200742033,空頭,2.5
2024-08-16,2024,0.34154512335155685,-0.7352793126236934,空頭,3.3
2024-08-19,2024,0.40338946443327306,-0.17389845347737243,空頭,5.5
2024-08-20,2024,0.3998877530607766,-1.013192682720221,空頭,2.7
2024-08-21,2024,0.37632877450192553,0.13580425121269002,空頭,-3.8
2024-08-22,2024,0.3308136431469261,0.3895013867549535,空頭,5.2
2024-08-23,2024,0.3864188058626569,-0.29713806043402125,空頭,-1.7
2024-08-26,2024,0.32913250571819075,-5.159009933399639,空頭,-7.9
2024-08-27,2024,0.371938781243767,-4.495334685598385,空頭,-11.3
2024-08-28,2024,0.3724309726564032,-4.181682614639004,空頭,-12.3
2024-08-29,2024,0.3369958971361177,-4.762711215506821,空頭,-13.5
2024-08-30,2024,0.4009917170902293,-5.406884919182553,空頭,-15.5
2024-09-02,2024,0.40528763602821344,-5.415311826796366,空頭,-14.5
2024-09-03,2024,0.38259051541617045,-1.986944719428252,空頭,-9.0
2024-09-04,2024,0.5067963613424933,3.161749890365173,空頭,-7.1
2024-09-05,2024,0.5046563482782839,3.126199103159344,空頭,-1.9
2024-09-06,2024,0.4826021063203932,1.1366822500757046,空頭,-5.4
2024-09-09,2024,0.4673472395062461,4.248161691678765,空頭,-5.7
2024-09-10,2024,0.4365601830297283,5.200037219759879,空頭,-4.0
2024-09-11,2024,0.4281556883790224,5.965146688222145,空頭,-3.2
2024-09-12,2024,0.4162973437376259,3.5954417928024673,空頭,-8.6
2024-09-13,2024,0.4305586863996371,4.60462369569361,空頭,-14.1
2024-09-16,2024,0.4229871043525336,4.616596369441206,空頭,-12.2
2024-09-18,2024,0.46186872147097946,5.276804478468411,空頭,-11.4
2024-09-19,2024,0.4141448313532834,0.8249900533918497,空頭,-8.3
2024-09-20,2024,0.38873809792091724,1.0423106741963561,空頭,-7.2
2024-09-23,2024,0.5072670993083321,0.07709038106789023,空頭,-9.9
2024-09-24,2024,0.5028599249596264,1.2071266747444964,盤整,-4.4
2024-09-25,2024,0.4896696447291699,-0.6599272458878036,盤整,-5.9
2024-09-26,2024,0.5071932089512841,-0.8737550204931943,盤整,-8.1
2024-09-27,2024,0.4864866471952952,0.3454879968662894,盤整,-6.8
2024-09-30,2024,0.5040553010283597,3.3780226722352813,空頭,-14.6
2024-10-01,2024,0.5082547525451112,4.026950848109401,盤整,-17.4
2024-10-04,2024,0.53813049378284,3.1757127272874053,盤整,-18.6
2024-10-07,2024,0.4777576611282302,1.547314487881546,盤整,-20.6
2024-10-08,2024,0.5324027116284232,3.873622983814795,盤整,-19.2
2024-10-09,2024,0.46748199710020916,3.898878506982628,盤整,-14.5
2024-10-11,2024,0.45482165165675104,2.7674437289207265,多頭,-11.1
2024-10-14,2024,0.498032916956074,1.564593961599603,多頭,-4.4
2024-10-15,2024,0.3989715302584281,-0.42727043230219586,多頭,2.4
2024-10-16,2024,0.4437453014339899,1.466560746217671,多頭,7.5
2024-10-17,2024,0.40400014322608735,0.625622455955277,多頭,6.0
2024-10-18,2024,0.455172419513981,-2.3871654730413527,多頭,15.5
2024-10-21,2024,0.33764626577038304,-3.0672149509844426,多頭,8.3
2024-10-22,2024,0.3562020249131377,-3.209416611466198,多頭,6.7
2024-10-23,2024,0.32976840004975094,-1.5829175016156105,多頭,-0.6
2024-10-24,2024,0.3571031097657462,-0.36964504072865,多頭,-3.7
2024-10-25,2024,0.3445356897470276,-0.561364887176663,多頭,-7.7
2024-10-28,2024,0.3212554274672511,0.9084807486140045,多頭,-12.4
2024-10-29,2024,0.3380147826599298,2.7361242993397594,多頭,-19.5
2024-10-30,2024,0.32887146529864886,3.1077854361201807,多頭,-19.1
2024-11-01,2024,0.372567620811105,0.8853788046398359,多頭,-16.4
2024-11-04,2024,0.3756195471965106,-0.4579064409531042,多頭,-15.5
2024-11-05,2024,0.5124659867925182,-1.6939176752807317,多頭,-15.3
2024-11-06,2024,0.44356693807382486,-2.044201369835874,多頭,-16.2
2024-11-07,2024,0.41956708637311885,-3.6835688428549562,多頭,-11.5
2024-11-08,2024,0.4657856787440065,-2.993518268107731,多頭,-4.8
2024-11-11,2024,0.435859262763294,-3.575405318568403,多頭,-11.4
2024-11-12,2024,0.4961084678304001,-1.8541217669483245,多頭,-15.8
2024-11-13,2024,0.4699566205912391,0.19286770080615412,多頭,-16.6
2024-11-14,2024,0.47653141182588776,1.0256927244888692,多頭,-20.2
2024-11-15,2024,0.49979748480683633,-0.2814520834533485,多頭,-19.5
2024-11-18,2024,0.4680968209041573,-0.9392128459621785,多頭,-21.2
2024-11-19,2024,0.44649104660674477,-2.40669094219389,多頭,-15.8
2024-11-20,2024,0.43980593371893334,-1.8769977204169952,多頭,-17.2
2024-11-21,2024,0.4576101730897667,0.8036563771576688,多頭,-17.3
2024-11-22,2024,0.43211109854059304,0.5376278361461928,多頭,-8.1
2024-11-25,2024,0.4079649824297446,1.3376113423306357,多頭,-12.7
2024-11-26,2024,0.45166553191790715,2.597937453370469,多頭,-17.9
2024-11-27,2024,0.4482188436612845,3.8437360923188058,盤整,-17.7
2024-11-28,2024,0.42353930335394585,4.369498046988851,盤整,-17.8
2024-11-29,2024,0.41737902438785196,3.874587310499722,盤整,-13.5
2024-12-02,2024,0.47243605079774004,0.73316846205711,多頭,-6.1
2024-12-03,2024,0.46382137315205607,0.08398668372455731,多頭,-3.9
2024-12-04,2024,0.4860615226457276,-1.009876015519895,多頭,0.0
2024-12-05,2024,0.5125585958889779,-0.9800609766055679,多頭,0.2
2024-12-06,2024,0.5036677907035789,-0.7556502381941055,多頭,-1.0
2024-12-09,2024,0.5196613968902402,-0.4493570945183878,多頭,-11.0
2024-12-10,2024,0.6087787374019085,-0.8338565747664561,多頭,-8.0
2024-12-11,2024,0.563411335784166,-1.717544336858401,多頭,-16.6
2024-12-12,2024,0.5795291350679267,0.2505336966520444,盤整,-18.1
2024-12-13,2024,0.6021655678299263,0.4333532576210386,盤整,-19.0
2024-12-16,2024,0.5469977389688042,0.7822516590783701,盤整,-15.5
2024-12-17,2024,0.510500330273902,0.9945690352901826,盤整,-14.8
2024-12-18,2024,0.3940329520691817,0.46187372861714593,盤整,1.0
2024-12-19,2024,0.47632391511432176,1.1248351121237565,盤整,-4.7
2024-12-20,2024,0.4962886521867368,2.331604491287287,空頭,-10.8
2024-12-23,2024,0.5116926822054442,-1.1793353167818932,盤整,-2.5
2024-12-24,2024,0.5527289519852916,-0.9166859859586318,盤整,-5.2
2024-12-25,2024,0.597208703300746,1.4107586822295959,多頭,-7.4
2024-12-26,2024,0.5752379732625073,1.7392826754833113,多頭,-7.6
2024-12-27,2024,0.5424798137227513,0.5656118317488579,多頭,-0.8
2024-12-30,2024,0.5061160874319711,-0.4703279833722873,多頭,-8.3
2024-12-31,2024,0.5864804668251603,-0.10088951209240582,多頭,-18.8
2025-01-02,2025,0.5145028025331518,-1.505470816036747,盤整,-27.1
2025-01-03,2025,0.5154111656259381,-0.4835801870937573,盤整,-23.3
2025-01-06,2025,0.4176838006474539,-4.387433003039353,多頭,-1.8
2025-01-07,2025,0.41512345678559076,-2.6475111061689316,多頭,8.4
2025-01-08,2025,0.44315168205636474,-1.1075590424025283,多頭,-2.3
2025-01-09,2025,0.46026831088120457,0.8045100044928422,多頭,-10.8
2025-01-10,2025,0.4661702782333193,1.2521803974124612,盤整,-17.4
2025-01-13,2025,0.4723144767600965,4.611636346496151,盤整,-25.1
2025-01-14,2025,0.46590476433186795,-0.4509701055202542,盤整,-23.0
2025-01-15,2025,0.49501047155880434,1.2409297623716453,盤整,-18.9
2025-01-16,2025,0.4654915461609683,0.5927444397635817,多頭,-9.0
2025-01-17,2025,0.4993686618539338,0.7280085432571415,多頭,1.2
2025-01-20,2025,0.44098616563259363,0.9088048989934983,多頭,5.8
2025-01-21,2025,0.46262826602586166,-0.20545055560061698,多頭,9.5
2025-01-22,2025,0.3941605199939546,-0.6008821950393206,多頭,13.5
2025-02-03,2025,0.39143302284167475,2.621932600152199,盤整,-3.4
2025-02-04,2025,0.4482917272982373,2.6561861124613673,盤整,0.7
2025-02-05,2025,0.3400016717052655,-0.03872792788748303,多頭,7.7
2025-02-06,2025,0.37293361491666344,0.8094233293018949,多頭,11.6
2025-02-07,2025,0.3792710968552609,0.8000589481252263,多頭,13.5
2025-02-10,2025,0.4024533570478125,1.5135811155446488,多頭,14.7
2025-02-11,2025,0.3467377204352063,0.4422245077307041,多頭,19.5
2025-02-12,2025,0.36454335476474353,1.8913899891583208,多頭,18.6
2025-02-13,2025,0.3743737703241141,0.7089922352743194,多頭,12.8
2025-02-14,2025,0.4228551323234517,0.574924382175479,多頭,-1.3
2025-02-17,2025,0.39511683484746807,-0.4372625272651032,多頭,12.9
2025-02-18,2025,0.42266385136419593,-2.589905987929575,多頭,15.0
2025-02-19,2025,0.4579569125999587,-3.5918790310827675,多頭,17.5
2025-02-20,2025,0.5251426578182088,-3.791725456903383,多頭,7.2
2025-02-21,2025,0.4372949393120491,-3.617113178327236,多頭,9.5
2025-02-24,2025,0.4275891732353395,-3.6064876719211436,多頭,-4.4
2025-02-25,2025,0.46626029313353207,-3.047575939245173,多頭,-16.4
2025-02-26,2025,0.4243909674968096,-4.031184635862317,多頭,-15.2
2025-02-27,2025,0.46376614898653,-4.260106414819997,盤整,-22.7
2025-03-03,2025,0.43438594782333795,-2.100038450975006,盤整,-28.1
2025-03-04,2025,0.43051072480358804,-2.8110075373237398,盤整,-20.6
2025-03-05,2025,0.5032474937115087,-3.951792374048513,盤整,-16.9
2025-03-06,2025,0.46328640498037166,-2.6272890277665883,盤整,-17.2
2025-03-07,2025,0.5032856189610174,-1.3483303338446495,盤整,-16.5
2025-03-10,2025,0.47218465120830605,-2.218783880957198,盤整,-13.3
2025-03-11,2025,0.484280141328009,1.38719927289499,盤整,-15.2
2025-03-12,2025,0.4855708810295626,-0.3108846432143264,空頭,-11.8
2025-03-13,2025,0.3830807370134256,0.6600587933163649,空頭,-6.8
2025-03-14,2025,0.4012806842289803,1.3890172318435257,空頭,-5.0
2025-03-17,2025,0.36030679453828646,0.6404555797533629,空頭,-1.2
2025-03-18,2025,0.36807055535788463,-1.436398797216376,空頭,0.3
2025-03-19,2025,0.36747535595302,-1.6299019663646663,空頭,3.3
2025-03-20,2025,0.35103885512563054,-7.513699174966004,空頭,6.6
2025-03-21,2025,0.33719929125959885,-4.182654857693469,空頭,-0.4
2025-03-24,2025,0.33111790760171533,-3.6569103219666,空頭,0.9
2025-03-25,2025,0.31253113862791965,-13.652467383432732,空頭,4.6
2025-03-26,2025,0.2911140076474973,-17.072284323339904,空頭,4.2
2025-03-27,2025,0.3760744010229941,-20.77282186029731,空頭,-3.7
2025-03-28,2025,0.38355767949919434,-12.04866571093035,空頭,-5.7
2025-03-31,2025,0.3824174974379153,-5.639426166535411,空頭,9.8
2025-04-01,2025,0.38660432494555685,-8.303881031025595,空頭,17.5
2025-04-02,2025,0.3425815846173064,-6.76371077019583,空頭,23.4
2025-04-07,2025,0.30908048738692523,1.2252792820430347,空頭,31.4
2025-04-08,2025,0.3324800098603461,4.760467931928303,空頭,26.2
2025-04-09,2025,0.3304936446290938,11.518500715281267,空頭,25.3
2025-04-10,2025,0.29819481845908646,0.5587885913864499,空頭,33.6
2025-04-11,2025,0.2975103038572145,-3.765418917832508,空頭,35.5
2025-04-14,2025,0.3071358200455139,0.6459766238970932,空頭,33.1
2025-04-15,2025,0.2981217905173015,-1.9078774095853013,空頭,35.6
2025-04-16,2025,0.3462186402348433,2.0789500719128773,空頭,29.1
2025-04-17,2025,0.35235727227051716,3.597340673353422,空頭,28.6
2025-04-18,2025,0.37565097856596424,4.31863214442052,空頭,22.9
2025-04-21,2025,0.36352291025619626,5.9081868712773655,空頭,23.4
2025-04-22,2025,0.35762768633289765,10.611208278637797,空頭,22.9
2025-04-23,2025,0.31448617173898114,4.551370375688557,空頭,24.0
2025-04-24,2025,0.32547326680624,5.3585408964921255,空頭,23.2
2025-04-25,2025,0.3154342145755433,3.3903746490794306,空頭,31.8
2025-04-28,2025,0.31032262666679644,2.5405789339441487,空頭,31.8
2025-04-29,2025,0.2759361250068535,3.3728190551599146,空頭,32.3
2025-04-30,2025,0.28452545462736023,4.42060130377866,空頭,31.1
2025-05-02,2025,0.30583446274135884,2.609723855137003,空頭,29.7
2025-05-05,2025,0.31122611378341825,6.087179704465817,空頭,23.8
2025-05-06,2025,0.3370819370537609,5.8845399143090615,空頭,19.8
2025-05-07,2025,0.360231601335275,6.313487121157912,空頭,21.3
2025-05-08,2025,0.4182770430186606,4.772481672946061,空頭,21.6
2025-05-09,2025,0.32745980947760944,2.9212949150467793,空頭,16.2
2025-05-12,2025,0.3803748332296082,3.191598113352212,空頭,10.3
2025-05-13,2025,0.346371143221695,1.5978329256160606,空頭,13.6
2025-05-14,2025,0.3206244215643409,-0.5996914088914673,盤整,18.5
2025-05-15,2025,0.32516344332200653,-0.8912920928199175,盤整,15.2
2025-05-16,2025,0.323722944106197,-2.321723115462626,盤整,16.2
2025-05-19,2025,0.3314453598117978,-0.7717492658137592,盤整,12.4
2025-05-20,2025,0.35588940204979813,-0.8302970868292903,盤整,11.7
2025-05-21,2025,0.42250783124994884,-3.674570294960866,盤整,13.2
2025-05-22,2025,0.3976162531249699,-2.510410244862249,盤整,10.0
2025-05-23,2025,0.4035181905267273,-0.15772040213853922,盤整,9.1
2025-05-26,2025,0.3903352269220511,0.6401205020112322,多頭,9.2
2025-05-27,2025,0.41609749069396973,1.519084162661799,多頭,4.6
2025-05-28,2025,0.3805207195303666,2.025356639191833,多頭,2.6
2025-05-29,2025,0.3667566160278629,4.1918181690424605,多頭,-3.5
2025-06-02,2025,0.4186818550584241,6.986669815466673,多頭,-8.3
2025-06-03,2025,0.37996357098232647,5.494835264754516,多頭,1.4
2025-06-04,2025,0.38026075213916555,2.1040711737253304,多頭,12.1
2025-06-05,2025,0.3835739944810692,1.7323177587599714,多頭,13.4
2025-06-06,2025,0.3823413927288798,2.5434589712409528,多頭,10.2
2025-06-09,2025,0.4154757194154933,2.5995064774264165,多頭,6.8
2025-06-10,2025,0.3284540645964505,-1.072918343288909,多頭,15.7
2025-06-11,2025,0.3336145119971491,-1.8885541230345915,多頭,17.7
2025-06-12,2025,0.36805938330080035,-2.4937387326351312,多頭,4.8
2025-06-13,2025,0.3850418648722095,0.5246693350911213,多頭,-4.1
2025-06-16,2025,0.4006971235246624,1.7265837940308115,多頭,-4.5
2025-06-17,2025,0.3512885660350662,1.263979751111921,多頭,-3.4
2025-06-18,2025,0.41721801994307883,0.9990280331694468,多頭,-4.8
2025-06-19,2025,0.4049700058494515,1.147635603426722,多頭,-10.8
2025-06-20,2025,0.37871118717399044,2.3042093393099927,多頭,-10.5
2025-06-23,2025,0.39448596967383975,3.8915848595758806,多頭,-12.8
2025-06-24,2025,0.3297217355828481,2.3625024561985564,多頭,-10.9
2025-06-25,2025,0.2900033784934589,0.5211182397625302,多頭,-5.1
2025-06-26,2025,0.36654941546918246,-0.28285185089679254,多頭,-5.7
2025-06-27,2025,0.37285890889904955,-0.9646112856996125,多頭,-6.3
2025-06-30,2025,0.37573215611062266,1.2176031473731586,多頭,-2.0
2025-07-01,2025,0.35636303563011196,0.6186562571495857,多頭,2.8
2025-07-02,2025,0.38215193815359105,0.7675258905452731,多頭,-3.9
2025-07-03,2025,0.3793306943054676,-0.4314715336655617,多頭,0.1
2025-07-04,2025,0.48867772962523376,1.279254906308891,多頭,-7.7
2025-07-07,2025,0.4927567755962525,2.738364026123641,多頭,-8.4
2025-07-08,2025,0.47586700330083803,3.3583799855739116,多頭,-12.7
2025-07-09,2025,0.46812762110123485,3.8004155899961978,多頭,-13.8
2025-07-10,2025,0.4638110144585049,2.852434093838485,多頭,-7.7
2025-07-11,2025,0.5411630717473833,1.0412275839819074,多頭,-4.3
2025-07-14,2025,0.5350989899408265,3.1116556864766887,多頭,-5.0
2025-07-15,2025,0.46813964309960177,2.355015821551465,多頭,5.3
2025-07-16,2025,0.4429766271746134,1.3951368968315503,多頭,12.1
2025-07-17,2025,0.47457119213076304,1.2966571598665322,多頭,12.1
2025-07-18,2025,0.4764803136402603,-0.7766710444666702,多頭,17.5
2025-07-21,2025,0.529155408489148,0.5190963712952801,多頭,14.3
2025-07-22,2025,0.4957602703362231,2.4125714723211233,多頭,12.4
2025-07-23,2025,0.4784346089648068,0.49621183369379374,多頭,6.2
2025-07-24,2025,0.44533572271765465,0.022289981102718848,多頭,4.2
2025-07-25,2025,0.48392677514126137,1.2677845506707142,多頭,5.2
2025-07-28,2025,0.45388689541610117,0.14684162374887233,多頭,7.9
2025-07-29,2025,0.40794823902780813,3.4577475958471604,多頭,9.8
2025-07-30,2025,0.38817983251168864,2.3849061364639823,多頭,16.6
2025-07-31,2025,0.3925281483221211,2.518761797802438,多頭,23.1
2025-08-01,2025,0.37533932906827516,3.089392593275342,多頭,7.1
2025-08-04,2025,0.37468835622977326,4.23919989529038,多頭,6.2
2025-08-05,2025,0.38281052885003275,2.440809802291488,多頭,14.2
2025-08-06,2025,0.42247199071820896,3.7834536596017543,多頭,9.6
2025-08-07,2025,0.3769789193798826,1.994478367356467,多頭,15.6
2025-08-08,2025,0.39312913670779076,1.3831081300481385,多頭,9.9
2025-08-11,2025,0.43320784964401665,-2.113318555654542,多頭,15.2
2025-08-12,2025,0.47821851780993796,-0.8122654021216702,多頭,11.1
2025-08-13,2025,0.4089169989442622,-2.4848153591995326,多頭,15.0
2025-08-14,2025,0.45553612921098346,0.16205890725760064,多頭,3.7
2025-08-15,2025,0.432524300457909,-0.1207340366426557,多頭,1.4
2025-08-18,2025,0.4271901780699768,0.15268036133535556,多頭,9.3
2025-08-19,2025,0.5135241866370597,-0.48062906769047453,多頭,1.8
2025-08-20,2025,0.5025394695634208,2.57205791722821,多頭,-13.6
2025-08-21,2025,0.5037808934616818,0.45738838742632737,多頭,-5.3
2025-08-22,2025,0.5099060192111027,1.0617110333198898,多頭,-1.4
2025-08-25,2025,0.45542312915465777,-0.7294032552112362,多頭,2.3
2025-08-26,2025,0.516024415814136,-0.5153239443573598,多頭,-0.3
2025-08-27,2025,0.4548535567802931,-0.10326306387872242,多頭,5.6
2025-08-28,2025,0.4842734841691634,1.282902405261499,多頭,1.9
2025-08-29,2025,0.4852677813385631,2.567067358282693,多頭,1.4
2025-09-01,2025,0.541276008552847,4.6563333835997645,多頭,-6.2
2025-09-02,2025,0.5316923704741969,4.992051390735974,多頭,-2.8
2025-09-03,2025,0.5362415657532273,5.702584615129269,多頭,-5.4
2025-09-04,2025,0.5495720724151456,4.868971478317685,多頭,3.0
2025-09-05,2025,0.5380203704122963,4.633923096456427,多頭,8.9
2025-09-08,2025,0.5752946744861261,3.6291856809158363,多頭,9.1
2025-09-09,2025,0.5146282815554379,3.678026069414897,多頭,15.6
2025-09-10,2025,0.48014077566504626,1.531323297842735,多頭,20.0
2025-09-11,2025,0.4695913725978649,2.6368085610121605,多頭,18.0
2025-09-12,2025,0.47049251332328457,3.0333304023138385,多頭,13.9
2025-09-15,2025,0.5214716509967986,3.310978043282442,多頭,11.4
2025-09-16,2025,0.47653505860423684,1.538101978802664,多頭,13.6
2025-09-17,2025,0.47186392601460075,0.5584896759800673,多頭,10.2
2025-09-18,2025,0.5500774738377068,0.19860795921979868,多頭,13.8
2025-09-19,2025,0.49853888435402904,1.5815706786632688,多頭,12.2
2025-09-22,2025,0.4816213802956521,1.9234098127554944,多頭,13.6
2025-09-23,2025,0.47868294176437837,1.9571103695341652,多頭,15.5
2025-09-24,2025,0.4686056560008141,3.8753691777561494,多頭,4.6
2025-09-25,2025,0.4891895491728266,3.995680885034303,多頭,4.0
2025-09-26,2025,0.45985321427037806,6.730173821124974,多頭,-3.7
2025-09-30,2025,0.4542918907263199,4.271328175165956,多頭,4.5
2025-10-01,2025,0.5014856259623857,3.1183574126223856,多頭,8.8
2025-10-02,2025,0.4759923307320443,3.4017239111257425,多頭,18.0
2025-10-03,2025,0.4770460390340846,3.3138074500785653,多頭,27.8
2025-10-07,2025,0.47479328493861955,0.33228048706541724,多頭,29.7
2025-10-08,2025,0.4932900426781641,2.309183377870272,多頭,18.4
2025-10-09,2025,0.5072038676935067,1.6500304740472593,多頭,21.8
2025-10-13,2025,0.5031597478856786,2.694642805408831,多頭,3.8
2025-10-14,2025,0.4566428092111144,2.7585782186864805,多頭,5.5
2025-10-15,2025,0.4172525023152523,2.632085470918999,多頭,14.7
2025-10-16,2025,0.4014754676341134,1.0895595212217168,多頭,15.6
2025-10-17,2025,0.4348748795744884,3.634739401744258,多頭,9.8
2025-10-20,2025,0.428902261687589,2.1629817004308105,多頭,12.4
2025-10-21,2025,0.44398964258388157,1.7329666144309641,多頭,15.0
2025-10-22,2025,0.4679633965811084,2.479953097608556,多頭,6.7
2025-10-23,2025,0.4446216604042803,2.1222376949803667,多頭,4.6
2025-10-27,2025,0.45300358139356095,-0.9879747642588699,多頭,12.7
2025-10-28,2025,0.4316175282035766,-0.17768007639599182,多頭,3.8
2025-10-29,2025,0.42391905310644695,-2.2736734813608495,多頭,11.1
2025-10-30,2025,0.40404519194104954,-1.4777536250072054,多頭,11.4
2025-10-31,2025,0.4200787306868211,-1.588192687017298,多頭,11.9
2025-11-03,2025,0.4334407868383258,-1.3675864023442674,多頭,2.1
2025-11-04,2025,0.5069426650880271,-0.7575606688727254,多頭,-1.0
2025-11-05,2025,0.5287471187295891,-1.1529361339189692,多頭,-6.9
2025-11-06,2025,0.47957850452044476,-1.6206054241212575,多頭,-1.5
2025-11-07,2025,0.5346135910523128,-3.237773408299982,多頭,-5.1
2025-11-10,2025,0.4540456284028025,-4.626525547094296,多頭,-1.1
2025-11-11,2025,0.42405078275337243,-1.290590769463329,多頭,-4.8
2025-11-12,2025,0.46723647222101683,-5.41076011849535,多頭,2.8
2025-11-13,2025,0.46004527332691625,-5.014843984065109,多頭,-1.3
2025-11-14,2025,0.46333281501765144,-1.7714389999087587,多頭,-8.9
2025-11-17,2025,0.49304243181727897,-0.1376091136071289,多頭,-7.3
2025-11-18,2025,0.45694895551295955,2.984027579484616,多頭,-15.2
2025-11-19,2025,0.43622553153449883,3.9366263207239127,多頭,-6.6
2025-11-20,2025,0.3989230000306327,-0.30565485175576557,多頭,3.5
2025-11-21,2025,0.4106652657414652,4.272111077233398,盤整,-4.5
2025-11-24,2025,0.4008904967573841,4.86261820750189,盤整,4.1
2025-11-25,2025,0.38312627357972173,3.2830500104599647,多頭,6.0
2025-11-26,2025,0.37912511425216844,2.0844932092986657,多頭,6.5
2025-11-27,2025,0.3745974728626711,2.7191536201125466,多頭,5.0
2025-11-28,2025,0.3871981220461234,2.0129962268084833,多頭,9.4
2025-12-01,2025,0.4412478330633471,3.8701612469658198,多頭,6.5
2025-12-02,2025,0.44255712105227946,1.6705684569190415,多頭,11.8
2025-12-03,2025,0.42152199528636247,1.4571273959235853,多頭,10.6
2025-12-04,2025,0.43480224807040946,0.25626256713715545,多頭,7.7
2025-12-05,2025,0.42947886694496945,-1.5876192644336928,多頭,14.5
2025-12-08,2025,0.4431944992826935,-2.7509046494849865,多頭,15.8
2025-12-09,2025,0.3969398122158719,-2.5337264837169027,多頭,7.8
2025-12-10,2025,0.4192409476085535,-2.4801475173349408,多頭,15.8
2025-12-11,2025,0.4038740259229332,0.44564179876716015,多頭,9.5
2025-12-12,2025,0.382510532226542,0.39878686517706985,多頭,12.6
2025-12-15,2025,0.43337749048650276,1.8123267211972438,多頭,-1.9
2025-12-16,2025,0.40755254016142733,3.701828762093884,多頭,-8.7
2025-12-17,2025,0.43849881709544497,4.671070151428669,多頭,-3.1
2025-12-18,2025,0.4170988306357426,4.509160118870592,多頭,-0.5
2025-12-19,2025,0.38488500138606807,4.575512657805092,多頭,8.1
2025-12-22,2025,0.39872502113962,4.2635358747039165,多頭,11.4
2025-12-23,2025,0.38714076084333515,6.338891583219919,多頭,13.2
2025-12-24,2025,0.40852804662560277,7.769355540219602,多頭,12.5
2025-12-26,2025,0.3957002736196006,6.581624470076708,多頭,15.2
2025-12-29,2025,0.4301844415520277,5.378730056586245,多頭,17.7
2025-12-30,2025,0.46325649587997536,5.5102338687287755,多頭,9.7
2025-12-31,2025,0.444641968066222,5.5369153005842,多頭,13.1
2026-01-02,2026,0.3668181061728826,4.624936243198841,多頭,18.4
2026-01-05,2026,0.3701980611123166,2.779401721439334,多頭,15.5
2026-01-06,2026,0.35434008535853,0.7662143555629664,多頭,10.5
2026-01-07,2026,0.39197696520889097,3.1976834923199693,多頭,-0.2
2026-01-08,2026,0.3868277626004232,4.211847282081527,多頭,1.2
2026-01-09,2026,0.35980228609149734,4.856654041604602,多頭,-1.9
2026-01-12,2026,0.35527628642833153,2.2215904648400286,多頭,-4.6
2026-01-13,2026,0.36627211233520207,3.3831131571011586,多頭,-8.1
2026-01-14,2026,0.3493856199397037,3.2956410393972124,多頭,-4.7
2026-01-15,2026,0.3079004717596216,4.069835751225703,多頭,-2.9
2026-01-16,2026,0.36334867719737624,2.894803032280846,多頭,5.0
2026-01-19,2026,0.3621977079320452,3.6806451725054368,多頭,5.2
2026-01-20,2026,0.3391831947437713,2.4442073187050717,多頭,7.3
2026-01-21,2026,0.3676341378676125,2.615919865251559,多頭,6.6
2026-01-22,2026,0.3535964112925043,-0.38445691562549733,多頭,12.7
2026-01-23,2026,0.40122689507609577,0.7316613013590434,多頭,14.8
2026-01-26,2026,0.4482253919315113,0.7026146033060954,多頭,8.1
2026-01-27,2026,0.4453976056507843,-1.5986486754097973,多頭,12.4
2026-01-28,2026,0.4561067414105945,-3.1121375498341375,多頭,16.0
2026-01-29,2026,0.46812520217189457,-0.4046253611738604,多頭,6.5
2026-01-30,2026,0.37825307304114314,3.1475420061596093,多頭,3.3
2026-02-02,2026,0.4291058701132478,6.266374020009469,多頭,7.3
2026-02-03,2026,0.33360643617968916,4.901016792481894,多頭,10.2
2026-02-04,2026,0.3003152751454247,7.466782864315391,多頭,14.0
2026-02-05,2026,0.40188920966840785,11.35740805320038,多頭,9.8
2026-02-06,2026,0.3666790497859741,11.426168520702307,多頭,15.7
2026-02-09,2026,0.3267524749758757,8.302735844456732,多頭,20.8
2026-02-10,2026,0.3122468910153472,3.7815775238812854,多頭,26.5
2026-02-11,2026,0.28604020001328995,-2.311601213008152,多頭,23.1
2026-02-23,2026,0.27290417533099176,-0.29703972906376386,多頭,17.5
2026-02-24,2026,0.31246237102402147,-3.1736425825095727,多頭,22.3
2026-02-25,2026,0.26087721344095555,-9.326076502263147,多頭,14.3
2026-02-26,2026,0.2671634710382204,-7.461973898254626,多頭,12.4
2026-03-02,2026,0.30475149489124653,-2.7949778729730923,多頭,2.3
2026-03-03,2026,0.28284300827117936,-2.161162929933158,多頭,-3.3
2026-03-04,2026,0.32357388126226133,1.7406624898564926,多頭,-5.3
2026-03-05,2026,0.2742136095498152,-0.9812923968028908,多頭,-0.3
2026-03-06,2026,0.2720687414353693,0.705456086601175,多頭,3.6
2026-03-09,2026,0.345885460035236,6.9701984589426225,多頭,-1.1
2026-03-10,2026,0.29948082350250405,2.8006030781887015,多頭,10.1
2026-03-11,2026,0.311687990138504,-1.671767672044988,多頭,11.8
2026-03-12,2026,0.3658111495004787,-2.5590006033019086,多頭,-0.2
2026-03-13,2026,0.35415727552777493,-2.3594983521115886,多頭,-2.7
2026-03-16,2026,0.2950327309846989,0.28972024001792107,多頭,-2.8
2026-03-17,2026,0.27466361089192365,-1.4745879975422982,多頭,5.2
2026-03-18,2026,0.29712070508894095,-3.5983729167261225,多頭,6.4
2026-03-19,2026,0.3229369674932444,-3.477385359552243,多頭,-10.7
2026-03-20,2026,0.32432646192516995,-5.4283821668810965,多頭,-8.9
2026-03-23,2026,0.3671009798258751,1.3822904729161811,多頭,-8.3
2026-03-24,2026,0.32670656184716285,-0.12207073172526561,多頭,0.9
2026-03-25,2026,0.3444144137130453,-0.6258838826751045,多頭,-2.4
2026-03-26,2026,0.3222520902732876,4.2707307840211595,多頭,-4.0
2026-03-27,2026,0.39827659786508823,5.28068024881172,多頭,-8.9
2026-03-30,2026,0.42155668308913335,8.91707894911644,多頭,-5.3
2026-03-31,2026,0.40278918404962233,11.771588995867033,盤整,-5.0
2026-04-01,2026,0.33423684291439876,9.40864185547956,多頭,6.3
2026-04-02,2026,0.3781627472583114,12.739946021835035,多頭,-1.4
2026-04-07,2026,0.3127796954314047,11.743066920013412,多頭,6.1
2026-04-08,2026,0.2970728691413455,5.877096939189408,多頭,19.4
2026-04-09,2026,0.29184983113817886,6.017126222994307,多頭,17.8
2026-04-10,2026,0.3278070815527244,6.175646559938874,多頭,12.7
2026-04-13,2026,0.3235162174163884,6.828440639428446,多頭,9.0
2026-04-14,2026,0.3007076390096748,3.906836323000906,多頭,12.1
2026-04-15,2026,0.3197278450679777,6.018875806257484,多頭,15.6
2026-04-16,2026,0.3100282611209842,6.691286927024165,多頭,14.1
2026-04-17,2026,0.33074686902140815,7.383341203781968,多頭,5.1
2026-04-20,2026,0.34880248535038444,6.344091258374185,多頭,6.4
2026-04-21,2026,0.342483161151075,3.5142032558872938,多頭,9.9
2026-04-22,2026,0.353235871152681,7.462471425060202,多頭,10.5
2026-04-23,2026,0.3410553034204069,8.100779150531023,多頭,5.1
2026-04-24,2026,0.3390990585211537,5.66738757435965,多頭,15.9
2026-04-27,2026,0.3314224167133374,5.848932632583836,多頭,11.0
2026-04-28,2026,0.35746010537908546,5.2685193689648635,多頭,4.9
2026-04-29,2026,0.36182902560358654,6.326561247726015,多頭,2.1
2026-04-30,2026,0.3496583225485429,7.634079806035099,多頭,4.4
2026-05-04,2026,0.43731754486382607,1.6444114920130426,多頭,2.6
2026-05-05,2026,0.4185900872462316,2.4098040461337344,多頭,-1.5
2026-05-06,2026,0.41461305467509774,0.08145585012706569,多頭,1.1
2026-05-07,2026,0.4354256600864222,-2.484774804465517,多頭,3.5
2026-05-08,2026,0.4598096657811288,-3.433280597943378,多頭,-0.4
2026-05-11,2026,0.40035131603239726,-4.233638334091882,多頭,1.5
2026-05-12,2026,0.35231877900829645,-1.2652297275881241,多頭,4.1
2026-05-13,2026,0.41580862257697293,2.159470205078007,多頭,0.3
2026-05-14,2026,0.4102660571337286,4.5331034028513795,多頭,4.9
2026-05-15,2026,0.3789931426755955,5.715023379762552,多頭,3.1
2026-05-18,2026,0.3849668531781738,8.22898075947709,多頭,6.5
2026-05-19,2026,0.42571176793906035,8.614391435987457,多頭,-1.8
2026-05-20,2026,0.4436798390330371,11.774171543711498,多頭,0.2
2026-05-21,2026,0.3889354899501708,9.596015877892716,多頭,-0.8
2026-05-22,2026,0.4400702492621014,7.7821101888735145,多頭,-0.7
2026-05-25,2026,0.4280825500327355,6.449303919861427,多頭,-1.3
2026-05-26,2026,0.42776005687928614,4.94444963937124,多頭,-2.5
2026-05-27,2026,0.4141457728460799,1.8395817139964965,多頭,-3.4
2026-05-28,2026,0.428208919922063,-0.3063036306353184,多頭,-10.1
2026-05-29,2026,0.45885684076804834,-0.06371143948955549,多頭,-8.4
2026-06-01,2026,0.4612185737981463,-4.6591693353310815,多頭,-10.1
2026-06-02,2026,0.45321636637913915,-5.285320840936391,多頭,-9.5
2026-06-03,2026,0.45274470513562565,-4.929318567102814,多頭,-5.9
2026-06-04,2026,0.46487576845821704,-0.6140227587085656,多頭,-10.0
2026-06-05,2026,0.4810607830775682,1.6379733815181208,多頭,-14.9
2026-06-08,2026,0.42405782900904826,5.458524719569646,多頭,-15.2
2026-06-09,2026,0.368564697355696,3.9386691791687634,多頭,-10.7
2026-06-10,2026,0.3884140613671205,10.447457683582439,多頭,-15.3
2026-06-11,2026,0.4019757773217555,9.156985973868515,多頭,-12.5
2026-06-12,2026,0.34941815905675966,4.244058734353295,多頭,-8.3
2026-06-15,2026,0.33565353019858296,1.890587900211016,多頭,-7.8
2026-06-16,2026,0.3950889392037591,-2.7012702036425473,多頭,-6.5
2026-06-17,2026,0.4053220090017714,-1.9126850938991913,多頭,-2.5
2026-06-18,2026,0.37009920293057413,-0.7302023880237152,多頭,-2.9
2026-06-22,2026,0.3774958991199846,-1.513399974152485,多頭,-5.7
2026-06-23,2026,0.3862533508384659,-0.7568685357845384,多頭,-16.0
2026-06-24,2026,0.3890768449123801,1.6007002058918252,多頭,-27.5
2026-06-25,2026,0.41189264801664416,0.6510178518075449,多頭,-24.4
2026-06-26,2026,0.40369259528720647,2.0357060165449914,多頭,-21.5
2026-06-29,2026,0.40723963238247585,1.6322480716623788,多頭,-19.9
2026-06-30,2026,0.3111001393872891,-1.6721621318690594,多頭,-22.3
2026-07-01,2026,0.3219287931024183,-3.484698416533405,多頭,-18.7
2026-07-02,2026,0.3836865595912416,-4.291894431304377,多頭,-19.9
2026-07-03,2026,0.42603200834111143,-2.4562094303153925,多頭,-15.6
2026-07-06,2026,0.4383510702573334,-2.0006061466535496,多頭,-16.8
2026-07-07,2026,0.4554717423558907,-6.173911494750017,多頭,-18.4
2026-07-08,2026,0.4933023511004563,-7.182141411685439,多頭,-17.8
2026-07-09,2026,0.4597132607542204,-2.4732656724421154,多頭,-13.5
2026-07-13,2026,0.4429389792286119,-1.2224187823321464,多頭,-16.6
2026-07-14,2026,0.41141768073149015,0.2522690467489097,多頭,-16.5
2026-07-15,2026,0.38650722725804826,-4.331977036083989,多頭,-11.7
2026-07-16,2026,0.404867118345396,-4.363377255179069,多頭,-20.4
2026-07-17,2026,0.4058763001486424,-2.5026440506692116,盤整,-22.0
2026-07-20,2026,0.3814480135858652,-5.678532474905584,盤整,-3.7
2026-07-21,2026,0.3858741361279673,-9.720305284282926,多頭,0.6
2026-07-22,2026,0.33150624095583925,-3.8059125797699433,多頭,-4.2
2026-07-23,2026,0.39375179120258236,-3.2650469411812044,多頭,-3.8
2026-07-24,2026,0.3565078044808205,-0.6738771691752743,盤整,0.5
2026-07-27,2026,0.38593677229129975,2.240009497139739,盤整,-5.9
2026-07-28,2026,0.4046656557635256,6.714217313216997,盤整,-10.3
2026-07-29,2026,0.3742134093911772,10.456582777169764,盤整,-9.0
2026-07-30,2026,0.3909231797568795,12.50950960727013,盤整,-5.9
2026-07-31,2026,0.3236188128683943,4.640495364653097,盤整,-6.5
2026-08-03,2026,0.3683091980663601,4.913197473586761,空頭,-11.6
2026-08-04,2026,0.3557112637155991,6.136484084882476,空頭,-4.0
2026-08-05,2026,0.33399378915638384,2.688560822745667,盤整,5.5
2026-08-06,2026,0.3393433613484327,3.2898165854669426,盤整,4.6
2026-08-07,2026,0.35355582125254886,2.4482707082793764,空頭,3.4
2026-08-10,2026,0.35205954608761797,-0.46609343324856,盤整,2.9
2026-08-11,2026,0.3555136568775021,-0.41439941561216553,盤整,-0.7
2026-08-12,2026,0.3543303839946184,-0.6454140081071036,盤整,-0.4
2026-08-13,2026,0.3480249730547762,-2.736026742295128,盤整,2.9
2026-08-14,2026,0.3436968219767855,-1.400427539143978,盤整,3.2
2026-08-17,2026,0.36459108218187264,-0.05375374504411612,盤整,1.7
2026-08-18,2026,0.36151410684457735,1.4711088471348166,盤整,-0.7
2026-08-19,2026,0.3680111638768606,3.604927173583694,空頭,-4.0
2026-08-20,2026,0.3773170582737114,2.6588705947913516,盤整,-3.9
2026-08-21,2026,0.3679259185398527,3.813061520700489,盤整,-3.4
2026-08-24,2026,0.37613726698725036,3.1329922130935106,空頭,-6.5
2026-08-25,2026,0.3951055156712962,1.5235958100893843,盤整,-12.1
2026-08-26,2026,0.39776353604357445,1.5676825806597794,盤整,-6.2
2026-08-27,2026,0.4853232577551695,2.9386482544292214,多頭,-4.3
2026-08-28,2026,0.46986528890054996,1.6712837608147346,多頭,-7.9
2026-08-31,2026,0.4769227470002452,2.286852349535984,多頭,-13.3
2026-09-01,2026,0.4849548781464998,-0.017529764389745406,多頭,-2.6
2026-09-02,2026,0.4198018842084843,0.043604726726376164,多頭,-16.1
2026-09-03,2026,0.40740204578038125,0.010598011324591816,多頭,-13.4
2026-09-04,2026,0.44986635931036173,-2.2333292446391706,多頭,-12.3
2026-09-07,2026,0.47459595940969646,-3.1216700576656375,多頭,-2.3
2026-09-08,2026,0.4274984667690445,-1.7360502256835497,多頭,-8.7
2026-09-09,2026,0.48620933864828375,-0.0055316111442715865,多頭,-4.3
